t(s),Total solute volume 1,Total retention volume 1,Total 1 volume 1,Total 2 volume 1,Total 3 volume 1,Total 4 volume 1,Total 5 volume 1,Total 6 volume 1
0,5.092688738313051e+16,7.528823866352133e+16,2951661998355005.5,2965126037401479.5,30544509398819.055,107618370677859.6,443063486273313.06,1.786333687828381e+16
