t(s),Total solute volume 1,Total retention volume 1,Total 1 volume 1,Total 2 volume 1,Total 3 volume 1,Total 4 volume 1,Total 5 volume 1,Total 6 volume 1
0,1.6043878280498112e+17,2.1649006328326406e+17,1.1560640218829554e+16,2.4329176620616796e+16,8568833054158.098,24773028069151.035,173430655928559.5,1.9954691121784424e+16
