t(s),Total solute volume 1,Total retention volume 1,Total 1 volume 1,Total 2 volume 1,Total 3 volume 1,Total 4 volume 1,Total 5 volume 1,Total 6 volume 1
0,9.391538505657402e+16,2.6847169887844042e+17,1.1560640218829556e+16,1.4241472081799574e+16,83549106610454.72,372590730064928.3,2099075718499912.8,1.4619898596606038e+17
