t(s),Total solute volume 1,Total retention volume 1,Total 1 volume 1,Total 2 volume 1,Total 3 volume 1,Total 4 volume 1,Total 5 volume 1,Total 6 volume 1
0,1.3361787230712443e+17,1.7001129766025232e+17,7687035129498279.0,1.522028754057002e+16,7924066264368.442,21352723927694.047,136106255774871.39,1.3320719637093322e+16
