t(s),Total solute volume 1,Total retention volume 1,Total 1 volume 1,Total 2 volume 1,Total 3 volume 1,Total 4 volume 1,Total 5 volume 1,Total 6 volume 1
0,7.82153398870977e+16,1.9432913500353107e+17,7687035129498279.0,8909437720794750.0,77235660262173.69,320996069207037.44,1646636273250053.0,9.747245426342162e+16
