t(s),Total solute volume 1,Total retention volume 1,Total 1 volume 1,Total 2 volume 1,Total 3 volume 1,Total 4 volume 1,Total 5 volume 1,Total 6 volume 1
0,6.561971943550011e+17,3.421406132000793e+18,2.6766928604882394e+17,9.008356262596815e+17,233547281513571.9,1159360376209720.5,1.6368497515882066e+16,1.578942620163684e+18
