t(s),Total solute volume 1,Total retention volume 1,Total 1 volume 1,Total 2 volume 1,Total 3 volume 1,Total 4 volume 1,Total 5 volume 1,Total 6 volume 1
0,3.841154308419529e+17,1.836038842844158e+19,2.6766928604882394e+17,5.273223096638238e+17,2278077172168822.5,1.7454302553026536e+16,2.0000572302690698e+17,1.696154329913485e+19
