t(s),Total solute volume 1,Total retention volume 1,Total 1 volume 1,Total 2 volume 1,Total 3 volume 1,Total 4 volume 1,Total 5 volume 1,Total 6 volume 1
0,3.004256454956098e+17,1.4138186788830233e+19,1.5471077007747866e+17,2.808180725040099e+17,1510934957646821.5,1.0536130165140716e+16,1.0724571852973674e+17,1.3282939517100579e+19
