t(s),Total solute volume 1,Total retention volume 1,Total 1 volume 1,Total 2 volume 1,Total 3 volume 1,Total 4 volume 1,Total 5 volume 1,Total 6 volume 1
0,5.132271443883372e+17,2.5894106184353976e+18,1.5471077007747862e+17,4.797289871713226e+17,154919740202205.2,700136210959148.8,8826930697998250.0,1.432061730149093e+18
