t(s),Total solute volume 1,Total retention volume 1,Total 1 volume 1,Total 2 volume 1,Total 3 volume 1,Total 4 volume 1,Total 5 volume 1,Total 6 volume 1
0,8.516285748348854e+19,8.21693792334635e+22,3.579686312483719e+22,4.628721412782856e+22,3.9711072542911544e+16,3.5787944808713576e+16,2.385910806220941e+16,3.976518939790053e+16
