t(s),Total solute volume 1,Total retention volume 1,Total 1 volume 1,Total 2 volume 1,Total 3 volume 1,Total 4 volume 1,Total 5 volume 1,Total 6 volume 1
0,1.454865482009603e+20,8.391695840691444e+22,3.579686312483719e+22,4.797460062369274e+22,2384010434193285.5,1391765716397595.8,1153190780080404.5,3181216068575942.5
