t(s),Total solute volume 1,Total retention volume 1,Total 1 volume 1,Total 2 volume 1,Total 3 volume 1,Total 4 volume 1,Total 5 volume 1,Total 6 volume 1
0,4.584145573095851e+17,2.38468106708741e+18,3.971127163555371e+17,8.29827887724081e+17,125246280433967.38,1026684374464376.2,1.2727329304124142e+16,6.854466457391812e+17
