t(s),Total solute volume 1,Total retention volume 1,Total 1 volume 1,Total 2 volume 1,Total 3 volume 1,Total 4 volume 1,Total 5 volume 1,Total 6 volume 1
0,7.831248687372006e+17,2.6582497762550323e+18,3.971127163555371e+17,1.417606166617462e+18,12836489480719.398,68142968584755.87,1032370682607581.1,5.929267440415976e+16
