t(s),Total solute volume 1,Total retention volume 1,Total 1 volume 1,Total 2 volume 1,Total 3 volume 1,Total 4 volume 1,Total 5 volume 1,Total 6 volume 1
0,5.5346593079818586e+17,2.1960995770270634e+19,6.045923551720415e+17,1.3452732373157307e+18,5339518048926204.0,4.700557963956368e+16,6.257418829737096e+17,1.8779577266322493e+19
