t(s),Total solute volume 1,Total retention volume 1,Total 1 volume 1,Total 2 volume 1,Total 3 volume 1,Total 4 volume 1,Total 5 volume 1,Total 6 volume 1
0,1.827745988668061e+17,2.8013326548199276e+18,5.1059153534519e+16,7.853065002362187e+16,449904308660361.3,2591997789852281.5,2.053222692760044e+16,2.4653941233688745e+18
