t(s),Total solute volume 1,Total retention volume 1,Total 1 volume 1,Total 2 volume 1,Total 3 volume 1,Total 4 volume 1,Total 5 volume 1,Total 6 volume 1
0,3.122399397307938e+17,8.238957737982225e+17,5.1059153534519e+16,1.3415637957682182e+17,46135453018645.15,172297324056219.2,1695301229769095.2,3.245265669492443e+17
