t(s),Total solute volume 1,Total retention volume 1,Total 1 volume 1,Total 2 volume 1,Total 3 volume 1,Total 4 volume 1,Total 5 volume 1,Total 6 volume 1
0,7.801667161565198e+18,5.848644058831001e+20,6.696388307350977e+19,5.094009276905077e+20,5.153534280216742e+16,1.3639584821973285e+17,1.3536325748685306e+17,3.7463350900937286e+17
