t(s),Total solute volume 1,Total retention volume 1,Total 1 volume 1,Total 2 volume 1,Total 3 volume 1,Total 4 volume 1,Total 5 volume 1,Total 6 volume 1
0,4.566829557989454e+18,3.8212249944874575e+20,6.696388307350977e+19,2.9943637271575534e+20,5.441432140099948e+17,3.1344992414546724e+18,2.794046372932911e+18,4.682725273094901e+18
