t(s),Total solute volume 1,Total retention volume 1,Total 1 volume 1,Total 2 volume 1,Total 3 volume 1,Total 4 volume 1,Total 5 volume 1,Total 6 volume 1
0,1.9607015664959024e+17,2.938364740075648e+17,1.8083672627208548e+16,4.068797579280357e+16,11660326860094.646,36413653672762.89,282509800532242.25,3.866408515690057e+16
