t(s),Total solute volume 1,Total retention volume 1,Total 1 volume 1,Total 2 volume 1,Total 3 volume 1,Total 4 volume 1,Total 5 volume 1,Total 6 volume 1
0,1.4611483665945994e+17,1.782584508997989e+17,9383807851828778.0,1.9141956437258628e+16,1814143988516.4832,5059495404968.673,33762781581645.234,3577213530277260.5
