t(s),Total solute volume 1,Total retention volume 1,Total 1 volume 1,Total 2 volume 1,Total 3 volume 1,Total 4 volume 1,Total 5 volume 1,Total 6 volume 1
0,1.772257703331625e+18,3.9518809683775865e+19,8.108748995498784e+18,2.6581741941542703e+19,1.5266943023060796e+16,1.8907977011352662e+17,9.44489676123733e+17,1.9072246541423982e+18
