t(s),Total solute volume 1,Total retention volume 1,Total 1 volume 1,Total 2 volume 1,Total 3 volume 1,Total 4 volume 1,Total 5 volume 1,Total 6 volume 1
0,3.027606909858182e+18,5.674496640315747e+19,8.108748995498786e+18,4.539357696078196e+19,1556071229661642.8,1.1652960146712108e+16,4.922148731574115e+16,1.5260301832627738e+17
