t(s),Total solute volume 1,Total retention volume 1,Total 1 volume 1,Total 2 volume 1,Total 3 volume 1,Total 4 volume 1,Total 5 volume 1,Total 6 volume 1
0,8.591862577826981e+17,4.094323004435552e+18,4.883330109832728e+17,1.7979335094057503e+18,252588218203937.9,1388484337251170.8,2.1683349241729308e+16,9.255458044666529e+17
