t(s),Total solute volume 1,Total retention volume 1,Total 1 volume 1,Total 2 volume 1,Total 3 volume 1,Total 4 volume 1,Total 5 volume 1,Total 6 volume 1
0,5.0293829723865024e+17,1.3305846569239691e+19,4.883330109832728e+17,1.0524643962722106e+18,2464313920420438.0,2.092375450061229e+16,2.6922844870014934e+17,1.096949434762439e+19
