t(s),Total solute volume 1,Total retention volume 1,Total 1 volume 1,Total 2 volume 1,Total 3 volume 1,Total 4 volume 1,Total 5 volume 1,Total 6 volume 1
0,4.1904446013324595e+17,4.11263251673402e+18,3.250257609819086e+17,6.591645730832125e+17,409969215516735.5,3247564667770509.0,3.871986578819117e+16,2.667020322864182e+18
