t(s),Total solute volume 1,Total retention volume 1,Total 1 volume 1,Total 2 volume 1,Total 3 volume 1,Total 4 volume 1,Total 5 volume 1,Total 6 volume 1
0,7.158676193942945e+17,2.4087621608311834e+18,3.250257609819086e+17,1.1260624170802307e+18,42019907235824.97,215608639822469.47,3156799809577614.5,2.3839193501810928e+17
