t(s),Total solute volume 1,Total retention volume 1,Total 1 volume 1,Total 2 volume 1
0,4.718423901827473e+18,1.6787473088993313e+20,2.1816306119850037e+19,1.413400008682567e+20
