t(s),Total solute volume 1,Total retention volume 1,Total 1 volume 1,Total 2 volume 1
0,2.7620042352160896e+18,1.0740989778527365e+20,2.1816306119850037e+19,8.283158743020675e+19
