t(s),Total solute volume 1,Total retention volume 1,Total 1 volume 1,Total 2 volume 1,Total 3 volume 1,Total 4 volume 1,Total 5 volume 1,Total 6 volume 1
0,3.5302772118780864e+17,1.77680226642561e+19,2.2173507663096877e+17,4.247125719959892e+17,2026540037231561.0,1.5033443152000272e+16,1.6553586592573978e+17,1.6585951445326363e+19
