t(s),Total solute volume 1,Total retention volume 1,Total 1 volume 1,Total 2 volume 1,Total 3 volume 1,Total 4 volume 1,Total 5 volume 1,Total 6 volume 1
0,6.030890236958341e+17,3.1829395865006423e+18,2.2173507663096877e+17,7.255463282409612e+17,207770111612414.94,998740335176097.0,1.3582056666516424e+16,1.6177805908195745e+18
