t(s),Total solute volume 1,Total retention volume 1,Total 1 volume 1,Total 2 volume 1,Total 3 volume 1,Total 4 volume 1,Total 5 volume 1,Total 6 volume 1
0,6.030890236958341e+17,2.845172059046707e+18,2.2173507663096877e+17,7.255463282409612e+17,164783857276977.28,792107111838785.8,1.0772015391226342e+16,1.2830727241185984e+18
