t(s),Total solute volume 1,Total retention volume 1,Total 1 volume 1,Total 2 volume 1,Total 3 volume 1,Total 4 volume 1,Total 5 volume 1,Total 6 volume 1
0,3.5302772118780864e+17,1.42993108690717e+19,2.2173507663096877e+17,4.247125719959892e+17,1607358330153932.0,1.1924090722923128e+16,1.3129660480480646e+17,1.3155007445399065e+19
