t(s),Total solute volume 1,Total retention volume 1,Total 1 volume 1,Total 2 volume 1,Total 3 volume 1,Total 4 volume 1,Total 5 volume 1,Total 6 volume 1
0,1.827745988668061e+17,2.445875803392825e+18,5.1059153534519e+16,7.853065002362187e+16,385658510335375.9,2221914367573076.2,1.7600417037566348e+16,2.1133034110523812e+18
