t(s),Total solute volume 1,Total retention volume 1,Total 1 volume 1,Total 2 volume 1,Total 3 volume 1,Total 4 volume 1,Total 5 volume 1,Total 6 volume 1
0,3.122399397307938e+17,7.772626923041531e+17,5.1059153534519e+16,1.3415637957682182e+17,39544844534848.2,147683959863856.4,1453121018301673.2,2.7816686963931626e+17
