t(s),Total solute volume 1,Total retention volume 1,Total 1 volume 1,Total 2 volume 1,Total 3 volume 1,Total 4 volume 1,Total 5 volume 1,Total 6 volume 1
0,1.355755053821572e+18,3.891368429693685e+19,4.460907519859345e+18,1.337749223333267e+19,5.057918258844581e+16,6.017258779513687e+17,5.218810276241315e+18,1.3848414153142129e+19
