t(s),Total solute volume 1,Total retention volume 1,Total 1 volume 1,Total 2 volume 1,Total 3 volume 1,Total 4 volume 1,Total 5 volume 1,Total 6 volume 1
0,2.3160815502785014e+18,3.1076728984944947e+19,4.460907519859345e+18,2.284893514595476e+19,5171712244135665.0,3.866268178985228e+16,2.983926897163078e+17,1.1085776851019232e+18
