t(s),Total solute volume 1,Total retention volume 1,Total 1 volume 1,Total 2 volume 1,Total 3 volume 1,Total 4 volume 1,Total 5 volume 1,Total 6 volume 1
0,5.0293829723865024e+17,1.4713450718059373e+19,4.883330109832728e+17,1.0524643962722106e+18,2772307440104929.0,2.353870523076864e+16,3.0287631061721005e+17,1.2340527690277163e+19
