t(s),Total solute volume 1,Total retention volume 1,Total 1 volume 1,Total 2 volume 1,Total 3 volume 1,Total 4 volume 1,Total 5 volume 1,Total 6 volume 1
0,8.591862577826981e+17,4.2129306328559437e+18,4.883330109832728e+17,1.7979335094057503e+18,284161448641427.5,1562043497701578.5,2.439374480390239e+16,1.041237904933984e+18
