t(s),Total solute volume 1,Total retention volume 1,Total 1 volume 1,Total 2 volume 1,Total 3 volume 1,Total 4 volume 1,Total 5 volume 1,Total 6 volume 1
0,1.1300816793349946e+17,1.3207959373235638e+17,5290051337496820.0,9905407456456888.0,3066427476392.309,7747377474533.661,45318862707032.68,3819834337245449.5
