t(s),Total solute volume 1,Total retention volume 1,Total 1 volume 1,Total 2 volume 1,Total 3 volume 1,Total 4 volume 1,Total 5 volume 1,Total 6 volume 1
0,7.523525865105635e+17,1.5643777484124099e+19,1.1991975012111887e+18,2.955764414391274e+18,6432464046652342.0,6.346270974089443e+16,8.909420587422319e+17,9.775625749481282e+18
