t(s),Total solute volume 1,Total retention volume 1,Total 1 volume 1,Total 2 volume 1,Total 3 volume 1,Total 4 volume 1,Total 5 volume 1,Total 6 volume 1
0,1.2852690019555497e+18,8.393972331707231e+18,1.1991975012111887e+18,5.049221861376426e+18,659091607538982.4,4195729339231364.5,6.655931349045664e+16,7.888698327267899e+17
