t(s),Total solute volume 1,Total retention volume 1,Total 1 volume 1,Total 2 volume 1,Total 3 volume 1,Total 4 volume 1,Total 5 volume 1,Total 6 volume 1
0,1.4611483665945994e+17,1.8368506970687846e+17,9383807851828778.0,1.9141956437258628e+16,4535284187446.122,12648559541878.596,84405675773412.2,8942879238829151.0
