t(s),Total solute volume 1,Total retention volume 1,Total 1 volume 1,Total 2 volume 1,Total 3 volume 1,Total 4 volume 1,Total 5 volume 1,Total 6 volume 1
0,8.553063609334184e+16,1.7286434794706643e+17,9383807851828778.0,1.1205049428947024e+16,44228491547969.95,190282856630913.12,1021781743694733.1,6.548856148107422e+16
