t(s),Total solute volume 1,Total retention volume 1,Total 1 volume 1,Total 2 volume 1,Total 3 volume 1,Total 4 volume 1,Total 5 volume 1,Total 6 volume 1
0,1.1999214403838232e+20,1.1035020135437474e+23,6.1524972335763196e+22,4.870349495676083e+22,4.97515531884146e+17,4.479823346223603e+17,2.986570985525699e+17,4.977628473269768e+17
