t(s),Total solute volume 1,Total retention volume 1,Total 1 volume 1,Total 2 volume 1,Total 3 volume 1,Total 4 volume 1,Total 5 volume 1,Total 6 volume 1
0,2.0498657939890205e+20,1.1119350561587758e+23,6.1524972335763196e+22,4.946344516545733e+22,2.985721342670107e+16,1.7421698435333778e+16,1.4435175094456438e+16,3.982117142966052e+16
