t(s),Total solute volume 1,Total retention volume 1,Total 1 volume 1,Total 2 volume 1,Total 3 volume 1,Total 4 volume 1,Total 5 volume 1,Total 6 volume 1
0,2.641240568788231e+18,4.08445096672396e+19,5.979897840391367e+18,3.199484310387922e+19,1152398973216297.5,8707133319868793.0,5.042997411182127e+16,1.6823864777582275e+17
