t(s),Total solute volume 1,Total retention volume 1,Total 1 volume 1,Total 2 volume 1,Total 3 volume 1,Total 4 volume 1,Total 5 volume 1,Total 6 volume 1
0,1.5460920402662884e+18,2.9440243762974716e+19,5.979897840391367e+18,1.873360234042119e+19,1.1285402675907692e+16,1.378154182389675e+17,9.292034984848134e+17,2.1023472224961523e+18
