t(s),Total solute volume 1,Total retention volume 1,Total 1 volume 1,Total 2 volume 1,Total 3 volume 1,Total 4 volume 1,Total 5 volume 1,Total 6 volume 1
0,3.434508319345575e+19,1.7657124435898237e+22,1.8076337742290045e+21,1.581487631351659e+22,7.618758883831011e+16,4.687746048416411e+16,3.8896916179871176e+16,1.0730299369412035e+17
