t(s),Total solute volume 1,Total retention volume 1,Total 1 volume 1,Total 2 volume 1,Total 3 volume 1,Total 4 volume 1,Total 5 volume 1,Total 6 volume 1
0,2.0104438942510703e+19,1.2468824848234212e+22,1.8076337742290045e+21,1.0636512866415753e+22,1.2235787698377e+18,1.2041702203146458e+18,8.047452749595542e+17,1.341274381837622e+18
