t(s),Total solute volume 1,Total retention volume 1,Total 1 volume 1,Total 2 volume 1,Total 3 volume 1,Total 4 volume 1,Total 5 volume 1,Total 6 volume 1
0,9.402531052744658e+17,4.285311484012599e+22,1.9718743661304888e+18,5.234982861726286e+18,4.2001959977309905e+19,4.0043312970040744e+20,5.635383422543873e+21,3.6767149217571246e+22
