t(s),Total solute volume 1,Total retention volume 1,Total 1 volume 1,Total 2 volume 1,Total 3 volume 1,Total 4 volume 1,Total 5 volume 1,Total 6 volume 1
0,1.6062657215105326e+18,1.2984312872374444e+19,1.9718743661304888e+18,8.94244010427008e+18,637152484911490.0,4365926544960089.5,5.996488695336178e+16,3.9876471448018086e+17
