t(s),Total solute volume 1,Total retention volume 1,Total 1 volume 1,Total 2 volume 1,Total 3 volume 1,Total 4 volume 1,Total 5 volume 1,Total 6 volume 1
0,9.402531052744658e+17,1.4065336254528082e+19,1.9718743661304886e+18,5.234982861726286e+18,6221287065957192.0,6.63986763818342e+16,8.762720060308e+17,4.969333951918264e+18
