t(s),Total solute volume 1,Total retention volume 1,Total 1 volume 1,Total 2 volume 1,Total 3 volume 1,Total 4 volume 1,Total 5 volume 1,Total 6 volume 1
0,2.6900722401125917e+19,1.0973123653329354e+22,1.0530177027067483e+21,9.893021029121827e+21,5.0117906045608904e+16,3.251263911317832e+16,2.7026004728546188e+16,7.454254978048952e+16
