t(s),Total solute volume 1,Total retention volume 1,Total 1 volume 1,Total 2 volume 1,Total 3 volume 1,Total 4 volume 1,Total 5 volume 1,Total 6 volume 1
0,1.5746764332366418e+19,7.374027188275943e+21,1.0530177027067483e+21,6.302159391947708e+21,7.781254688551697e+17,8.341112205105761e+17,5.591417685957919e+17,9.3195083109967e+17
