t(s),Total solute volume 1,Total retention volume 1,Total 1 volume 1,Total 2 volume 1,Total 3 volume 1,Total 4 volume 1,Total 5 volume 1,Total 6 volume 1
0,3.563921568279588e+17,1.3314653081885857e+18,6.858169948084933e+16,1.8831811750643e+17,86334991427179.86,339235014643531.9,3569271168711314.0,7.141784931985647e+17
