t(s),Total solute volume 1,Total retention volume 1,Total 1 volume 1,Total 2 volume 1,Total 3 volume 1,Total 4 volume 1,Total 5 volume 1,Total 6 volume 1
0,2.0861979911880643e+17,6.020440019782886e+18,6.858169948084933e+16,1.1023516579767e+17,841825216488269.6,5102661879556873.0,4.323772925041322e+16,5.583821139039079e+18
