t(s),Total solute volume 1,Total retention volume 1,Total 1 volume 1,Total 2 volume 1
0,6.1674638455494386e+19,6.1411005497166036e+22,1.9619344514481308e+22,4.172998634422912e+22
