t(s),Total solute volume 1,Total retention volume 1,Total 1 volume 1,Total 2 volume 1
0,1.0536084069480294e+20,6.471818381448432e+22,1.961934451448445e+22,4.499347845930511e+22
