t(s),Total solute volume 1,Total retention volume 1,Total 1 volume 1,Total 2 volume 1,Total 3 volume 1,Total 4 volume 1,Total 5 volume 1,Total 6 volume 1
0,5.539824915009872e+18,2.498212229754343e+20,3.120606282469643e+19,2.1299199081623975e+20,2809720917259499.5,1.3280441259718456e+16,1.7735346849045842e+16,4.951891046113384e+16
