t(s),Total solute volume 1,Total retention volume 1,Total 1 volume 1,Total 2 volume 1,Total 3 volume 1,Total 4 volume 1,Total 5 volume 1,Total 6 volume 1
0,3.242824340493574e+18,1.6062434944966928e+20,3.120606282469643e+19,1.2489632049785533e+20,2.8299448299615256e+16,2.680219570225193e+17,3.638418165925345e+17,6.189785647102504e+17
