t(s),Total solute volume 1,Total retention volume 1,Total 1 volume 1,Total 2 volume 1,Total 3 volume 1,Total 4 volume 1,Total 5 volume 1,Total 6 volume 1
0,1.0575407049402066e+18,2.6262286136322277e+19,2.563088576888768e+18,7.076244436375885e+18,2.182615275107371e+16,2.4212760422728714e+17,2.9294125999538396e+18,1.2372046061185194e+19
