t(s),Total solute volume 1,Total retention volume 1,Total 1 volume 1,Total 2 volume 1,Total 3 volume 1,Total 4 volume 1,Total 5 volume 1,Total 6 volume 1
0,1.806632037606207e+18,1.765599479012367e+19,2.563088576888768e+18,1.2087386361672243e+19,2234673850101719.2,1.5845428955970582e+16,1.8923595521920598e+17,9.91571755931212e+17
