t(s),Total solute volume 1,Total retention volume 1,Total 1 volume 1,Total 2 volume 1,Total 3 volume 1,Total 4 volume 1,Total 5 volume 1,Total 6 volume 1
0,3.122399397307938e+17,5.6740868085772243e+17,5.1059153534519e+16,1.3415637957682182e+17,9886402971986.531,36921596627918.945,363286643024747.25,6.954311337296644e+16
