t(s),Total solute volume 1,Total retention volume 1,Total 1 volume 1,Total 2 volume 1,Total 3 volume 1,Total 4 volume 1,Total 5 volume 1,Total 6 volume 1
0,1.827745988668061e+17,8.458660848855438e+17,5.1059153534519e+16,7.853065002362187e+16,96444165130248.14,555705928857831.6,4401640973570180.0,5.2844789139304096e+17
