t(s),Total solute volume 1,Total retention volume 1,Total 1 volume 1,Total 2 volume 1,Total 3 volume 1,Total 4 volume 1,Total 5 volume 1,Total 6 volume 1
0,4.751131107528108e+17,2.5733954217816627e+18,1.3024520054842829e+17,3.9361074833054605e+17,164053383762230.22,719816222301544.1,8741262592472808.0,1.5648012299513472e+18
