t(s),Total solute volume 1,Total retention volume 1,Total 1 volume 1,Total 2 volume 1,Total 3 volume 1,Total 4 volume 1,Total 5 volume 1,Total 6 volume 1
0,2.781149916601816e+17,1.4609077673428652e+19,1.3024520054842829e+17,2.3040703518610144e+17,1599823136060741.8,1.0830017473003908e+16,1.0609324661300443e+17,1.3851787358811871e+19
