t(s),Total solute volume 1,Total retention volume 1,Total 1 volume 1,Total 2 volume 1,Total 3 volume 1,Total 4 volume 1,Total 5 volume 1,Total 6 volume 1
0,2.1328894422529733e+19,6.631420396813822e+21,6.290856345856501e+20,5.980718300898714e+21,7.288434732119723e+16,5.1903216987343e+16,4.330610754366666e+16,1.194732351309002e+17
