t(s),Total solute volume 1,Total retention volume 1,Total 1 volume 1,Total 2 volume 1,Total 3 volume 1,Total 4 volume 1,Total 5 volume 1,Total 6 volume 1
0,5.132271443883372e+17,1.612753144717241e+18,1.5471077007747866e+17,4.797289871713226e+17,49974902409951.46,225853424068022.3,2847437929399927.0,4.6196297682422336e+17
