t(s),Total solute volume 1,Total retention volume 1,Total 1 volume 1,Total 2 volume 1,Total 3 volume 1,Total 4 volume 1,Total 5 volume 1,Total 6 volume 1
0,3.004256454956098e+17,5.060075392862132e+18,1.5471077007747866e+17,2.8081807250400986e+17,487520426614032.0,3399888647153001.0,3.4605269069817612e+16,4.285628226641453e+18
