t(s),Total solute volume 1,Total retention volume 1,Total 1 volume 1,Total 2 volume 1,Total 3 volume 1,Total 4 volume 1,Total 5 volume 1,Total 6 volume 1
0,6.357639040862142e+16,1.1572361091609008e+17,4841705944743442.0,5237103708245424.0,47101095701318.5,180751387518439.3,833766333981375.1,4.100679203727819e+16
