t(s),Total solute volume 1,Total retention volume 1,Total 1 volume 1,Total 2 volume 1,Total 3 volume 1,Total 4 volume 1,Total 5 volume 1,Total 6 volume 1
0,1.0860966694806053e+17,1.2809094666614843e+17,4841705944743442.0,8946718178722158.0,4832942379206.321,12025539436456.432,68926738714971.82,5607070374091381.0
