t(s),Total solute volume 1,Total retention volume 1,Total 1 volume 1,Total 2 volume 1,Total 3 volume 1,Total 4 volume 1,Total 5 volume 1,Total 6 volume 1
0,4.0983010737537254e+17,1.280554731577181e+18,9.36616297076456e+16,2.6944503277455203e+17,54434829216156.414,225677391698180.56,2547207686923473.5,5.047906418117711e+17
