t(s),Total solute volume 1,Total retention volume 1,Total 1 volume 1,Total 2 volume 1,Total 3 volume 1,Total 4 volume 1,Total 5 volume 1,Total 6 volume 1
0,2.399005506587524e+17,4.67179091098556e+18,9.36616297076456e+16,1.5772427002204848e+17,530954427667010.5,3396236739524687.0,3.0887812605872056e+16,4.1456894568240394e+18
