t(s),Total solute volume 1,Total retention volume 1,Total 1 volume 1,Total 2 volume 1,Total 3 volume 1,Total 4 volume 1,Total 5 volume 1,Total 6 volume 1
0,5.88665732355986e+16,7.921956272312826e+16,4077840541915392.0,4299130609532137.0,15363920961880.37,57252304825723.99,253839055298875.22,1.164956305499537e+16
