t(s),Total solute volume 1,Total retention volume 1,Total 1 volume 1,Total 2 volume 1,Total 3 volume 1,Total 4 volume 1,Total 5 volume 1,Total 6 volume 1
0,1.0056372927748115e+17,1.1360457819245858e+17,4077840541915392.0,7344347682422831.0,1575479519025.4578,3805805425907.4067,20969635592446.58,1592309770100317.5
