t(s),Total solute volume 1,Total retention volume 1,Total 1 volume 1,Total 2 volume 1,Total 3 volume 1,Total 4 volume 1,Total 5 volume 1,Total 6 volume 1
0,1.6839348350405472e+17,2.407220770348727e+17,1.2878448802488326e+16,2.7543198044355056e+16,12451888306457.062,36675464933886.25,263203437653195.28,3.159461589308005e+16
