t(s),Total solute volume 1,Total retention volume 1,Total 1 volume 1,Total 2 volume 1,Total 3 volume 1,Total 4 volume 1,Total 5 volume 1,Total 6 volume 1
0,3.8340070142403466e+18,2.4283298102932816e+20,4.533611706929847e+19,1.916287548066981e+20,6.66070498033014e+16,5.0927504727542784e+17,5.431340128960508e+17,9.150860291156812e+17
