t(s),Total solute volume 1,Total retention volume 1,Total 1 volume 1,Total 2 volume 1,Total 3 volume 1,Total 4 volume 1,Total 5 volume 1,Total 6 volume 1
0,1.827745988668061e+17,5.791255658097038e+17,5.1059153534519e+16,7.853065002362187e+16,48224544907144.25,277871918222199.84,2200948598481187.8,2.642341183231408e+17
