t(s),Total solute volume 1,Total retention volume 1,Total 1 volume 1,Total 2 volume 1,Total 3 volume 1,Total 4 volume 1,Total 5 volume 1,Total 6 volume 1
0,3.122399397307938e+17,5.324321937818412e+17,5.1059153534519e+16,1.3415637957682182e+17,4943217472878.051,18460848870091.39,181643853894073.3,3.4771673019469036e+16
