t(s),Total solute volume 1,Total retention volume 1,Total 1 volume 1,Total 2 volume 1,Total 3 volume 1,Total 4 volume 1,Total 5 volume 1,Total 6 volume 1
0,8.553063609334184e+16,2.0844333087101898e+17,9383807851828778.0,1.1205049428947024e+16,67801126195470.055,291675714731521.5,1566313446759203.5,1.0039804720921624e+17
