t(s),Total solute volume 1,Total retention volume 1,Total 1 volume 1,Total 2 volume 1,Total 3 volume 1,Total 4 volume 1,Total 5 volume 1,Total 6 volume 1
0,1.4611483665945994e+17,1.8850857359942422e+17,9383807851828778.0,1.9141956437258628e+16,6953999133436.535,19394214040511.496,129420294122775.92,1.3712204143580042e+16
