t(s),Total solute volume 1,Total retention volume 1,Total 1 volume 1,Total 2 volume 1,Total 3 volume 1,Total 4 volume 1,Total 5 volume 1,Total 6 volume 1
0,2.641240568788231e+18,4.149200261165932e+19,5.979897840391367e+18,3.199484310387922e+19,4417511842522117.0,3.337723207818693e+16,1.9331420456086854e+17,6.449121501188627e+17
