t(s),Total solute volume 1,Total retention volume 1,Total 1 volume 1,Total 2 volume 1,Total 3 volume 1,Total 4 volume 1,Total 5 volume 1,Total 6 volume 1
0,1.5460920402662884e+18,3.845140680484575e+19,5.979897840391367e+18,1.873360234042119e+19,4.325799604805538e+16,5.282481575744816e+17,3.5616919809013473e+18,8.058616449243012e+18
