t(s),Total solute volume 1,Total retention volume 1,Total 1 volume 1,Total 2 volume 1,Total 3 volume 1,Total 4 volume 1,Total 5 volume 1,Total 6 volume 1
0,4.0452254584778307e+18,1.1529585684010028e+20,1.547610356973599e+19,9.533228108352348e+19,6809161248123696.0,4.521227053673232e+16,1.0081276940657154e+17,2.89412527171885e+17
