t(s),Total solute volume 1,Total retention volume 1,Total 1 volume 1,Total 2 volume 1,Total 3 volume 1,Total 4 volume 1,Total 5 volume 1,Total 6 volume 1
0,2.3679368537431424e+18,8.020489920991183e+19,1.5476103569735987e+19,5.584790903245229e+19,6.730385182735811e+16,7.987701192774587e+17,2.0294514907885903e+18,3.617424292086761e+18
