t(s),Total solute volume 1,Total retention volume 1,Total 1 volume 1,Total 2 volume 1,Total 3 volume 1,Total 4 volume 1,Total 5 volume 1,Total 6 volume 1
0,4.718423901827473e+18,1.6894220835257804e+20,2.1816306119850037e+19,1.413400008682567e+20,2.4254025126871844e+16,1.4034663886463968e+17,2.3631291999865683e+17,6.665638786544174e+17
