t(s),Total solute volume 1,Total retention volume 1,Total 1 volume 1,Total 2 volume 1,Total 3 volume 1,Total 4 volume 1,Total 5 volume 1,Total 6 volume 1
0,2.7620042352160896e+18,1.234352733468707e+20,2.1816306119850037e+19,8.283158743020675e+19,2.414623753829284e+17,2.6388626496582216e+18,4.813658191262854e+18,8.331392345293573e+18
