t(s),Total solute volume 1,Total retention volume 1,Total 1 volume 1,Total 2 volume 1,Total 3 volume 1,Total 4 volume 1,Total 5 volume 1,Total 6 volume 1
0,3.818076622203744e+17,1.351259767865281e+18,7.99733013773092e+16,2.2469880913100803e+17,74872238826545.25,302081242350219.7,3290645407047441.5,6.61112396248368e+17
