t(s),Total solute volume 1,Total retention volume 1,Total 1 volume 1,Total 2 volume 1,Total 3 volume 1,Total 4 volume 1,Total 5 volume 1,Total 6 volume 1
0,2.2349716812900077e+17,5.761848601162891e+18,7.99733013773092e+16,1.3153125251363435e+17,730177850212534.9,4544916646455947.0,3.9880842222425256e+16,5.281690942423825e+18
