t(s),Total solute volume 1,Total retention volume 1,Total 1 volume 1,Total 2 volume 1,Total 3 volume 1,Total 4 volume 1,Total 5 volume 1,Total 6 volume 1
0,2.2349716812900077e+17,6.18743510057722e+17,7.99733013773092e+16,1.3153125251363435e+17,25188937324802.25,156807666669067.5,1375848430464345.2,1.821839430033196e+17
