t(s),Total solute volume 1,Total retention volume 1,Total 1 volume 1,Total 2 volume 1,Total 3 volume 1,Total 4 volume 1,Total 5 volume 1,Total 6 volume 1
0,3.818076622203744e+17,7.094038402128927e+17,7.99733013773092e+16,2.2469880913100803e+17,2581868819310.5103,10416825105067.926,113473219012117.38,2.279759557126223e+16
