t(s),Total solute volume 1,Total retention volume 1,Total 1 volume 1,Total 2 volume 1,Total 3 volume 1,Total 4 volume 1,Total 5 volume 1,Total 6 volume 1
0,6.1151907207788056e+16,9.008613106242429e+16,4439458008290587.5,4740171994361016.0,23693424522738.582,89589135045765.9,405058465665677.56,1.9236252826750828e+16
