t(s),Total solute volume 1,Total retention volume 1,Total 1 volume 1,Total 2 volume 1,Total 3 volume 1,Total 4 volume 1,Total 5 volume 1,Total 6 volume 1
0,1.0446784147997133e+17,1.1967645355912277e+17,4439458008290587.5,8097793286123659.0,2430016737294.393,5956699912694.552,33468129769473.344,2629505938317337.5
