t(s),Total solute volume 1,Total retention volume 1,Total 1 volume 1,Total 2 volume 1,Total 3 volume 1,Total 4 volume 1,Total 5 volume 1,Total 6 volume 1
0,1.5746764332366418e+19,7.371145526092999e+21,1.0530177027067483e+21,6.302159391947637e+21,5.558089693396237e+16,5.958009794381825e+16,3.993911230828968e+16,6.656699901052915e+16
