t(s),Total solute volume 1,Total retention volume 1,Total 1 volume 1,Total 2 volume 1,Total 3 volume 1,Total 4 volume 1,Total 5 volume 1,Total 6 volume 1
0,2.6900722401125917e+19,1.0972952612276267e+22,1.0530177027067483e+21,9.893021029122315e+21,3579852497172224.5,2322332500606850.5,1930430002280497.5,5325431000651674.0
