t(s),Total solute volume 1,Total retention volume 1,Total 1 volume 1,Total 2 volume 1,Total 3 volume 1,Total 4 volume 1,Total 5 volume 1,Total 6 volume 1
0,3.5302772118780864e+17,4.4694728881998346e+18,2.2173507663096877e+17,4.247125719959892e+17,419386602692579.75,3111382913236136.5,3.4258340536497104e+16,3.4322084083326454e+18
