t(s),Total solute volume 1,Total retention volume 1,Total 1 volume 1,Total 2 volume 1,Total 3 volume 1,Total 4 volume 1,Total 5 volume 1,Total 6 volume 1
0,6.030890236958341e+17,1.888148759633184e+18,2.2173507663096877e+17,7.255463282409612e+17,42987584960068.54,206638639520412.56,2810120104366727.0,3.347185847365846e+17
