t(s),Total solute volume 1,Total retention volume 1,Total 1 volume 1,Total 2 volume 1,Total 3 volume 1,Total 4 volume 1,Total 5 volume 1,Total 6 volume 1
0,5.132271443883372e+17,1.2871935370532503e+18,1.5471077007747862e+17,4.797289871713226e+17,14992549991392.234,67756330569442.75,854235471903000.0,1.3858965106364227e+17
