t(s),Total solute volume 1,Total retention volume 1,Total 1 volume 1,Total 2 volume 1,Total 3 volume 1,Total 4 volume 1,Total 5 volume 1,Total 6 volume 1
0,5.599791014061281e+17,1.8509843133524734e+19,6.205788698891987e+17,1.3862391755847913e+18,4502254560692005.0,3.981047512810492e+16,5.319522997715297e+17,1.53667809571843e+19
