t(s),Total solute volume 1,Total retention volume 1,Total 1 volume 1,Total 2 volume 1,Total 3 volume 1,Total 4 volume 1,Total 5 volume 1,Total 6 volume 1
0,9.566309649021271e+17,5.261849366316863e+18,6.205788698891987e+17,2.368112616809924e+18,461468797718063.1,2640452576933665.5,4.233758353376335e+16,1.271087409807214e+18
