t(s),Total solute volume 1,Total retention volume 1,Total 1 volume 1,Total 2 volume 1,Total 3 volume 1,Total 4 volume 1,Total 5 volume 1,Total 6 volume 1
0,8.553063609334184e+16,2.306737441720278e+17,9383807851828776.0,1.1205049428947024e+16,82528412664068.22,355014022328285.1,1906498038453543.5,1.2221021032446432e+17
