t(s),Total solute volume 1,Total retention volume 1,Total 1 volume 1,Total 2 volume 1,Total 3 volume 1,Total 4 volume 1,Total 5 volume 1,Total 6 volume 1
0,1.4611483665945994e+17,1.915231883699608e+17,9383807851828782.0,1.9141956437258628e+16,8465659489210.847,23610161937251.043,157553815217385.16,1.669295778476973e+16
