t(s),Total solute volume 1,Total retention volume 1,Total 1 volume 1,Total 2 volume 1,Total 3 volume 1,Total 4 volume 1,Total 5 volume 1,Total 6 volume 1
0,1.0860966694806053e+17,1.2478551947583216e+17,4841705944743442.0,8946718178722158.0,2026801527430.5857,5043144622814.812,28905843923536.234,2351452614231784.5
