t(s),Total solute volume 1,Total retention volume 1,Total 1 volume 1,Total 2 volume 1,Total 3 volume 1,Total 4 volume 1,Total 5 volume 1,Total 6 volume 1
0,6.357639040862142e+16,9.130558798463766e+16,4841705944743442.0,5237103708245424.0,19764955145935.617,75865004357583.34,349903901586938.56,1.7204854061937538e+16
