t(s),Total solute volume 1,Total retention volume 1,Total 1 volume 1,Total 2 volume 1,Total 3 volume 1,Total 4 volume 1,Total 5 volume 1,Total 6 volume 1
0,6.549761982660554e+18,3.784532150266953e+20,4.533611706929847e+19,3.264895769282699e+20,3895527211922099.0,1.4117091720163624e+16,1.5821790707817126e+16,4.3924636827529896e+16
