t(s),Total solute volume 1,Total retention volume 1,Total 1 volume 1,Total 2 volume 1,Total 3 volume 1,Total 4 volume 1,Total 5 volume 1,Total 6 volume 1
0,3.8340070142403466e+18,2.42019344891132e+20,4.533611706929847e+19,1.916287548066981e+20,3.99643838654486e+16,3.055666012305919e+17,3.2588183913408e+17,5.490531766643136e+17
