t(s),Total solute volume 1,Total retention volume 1,Total 1 volume 1,Total 2 volume 1,Total 3 volume 1,Total 4 volume 1,Total 5 volume 1,Total 6 volume 1
0,4.566829557989454e+18,3.8481501553008325e+20,6.696388307350977e+19,2.9943637271575534e+20,6.754800909317879e+17,3.891040660062602e+18,3.4684243149904404e+18,5.812985116845094e+18
