t(s),Total solute volume 1,Total retention volume 1,Total 1 volume 1,Total 2 volume 1,Total 3 volume 1,Total 4 volume 1,Total 5 volume 1,Total 6 volume 1
0,7.801667161565198e+18,5.850328705750315e+20,6.696388307350977e+19,5.094009276905077e+20,6.397486009664076e+16,1.693188759537975e+17,1.680370324573158e+17,4.6506188094139424e+17
