t(s),Total solute volume 1,Total retention volume 1,Total 1 volume 1,Total 2 volume 1,Total 3 volume 1,Total 4 volume 1,Total 5 volume 1,Total 6 volume 1
0,1.7152588772477386e+17,2.9363731182176123e+18,4.431341940307482e+16,6.672760546581345e+16,529742186289643.9,2978134607068188.5,2.2839255217453416e+16,2.6274590736131333e+18
