t(s),Total solute volume 1,Total retention volume 1,Total 1 volume 1,Total 2 volume 1,Total 3 volume 1,Total 4 volume 1,Total 5 volume 1,Total 6 volume 1
0,2.9302339152982e+17,8.026121306884886e+17,4.431341940307482e+16,1.1399288614301397e+17,54332683172751.31,198017433651828.66,1886415001936079.8,3.491436684938217e+17
