t(s),Total solute volume 1,Total retention volume 1,Total 1 volume 1,Total 2 volume 1,Total 3 volume 1,Total 4 volume 1,Total 5 volume 1,Total 6 volume 1
0,9.367034766423861e+18,9.200157772526344e+20,1.00671705467033e+20,8.092422388220401e+20,7.799164689607098e+16,1.4745863711423277e+17,1.3535565683899757e+17,3.739922562852769e+17
