t(s),Total solute volume 1,Total retention volume 1,Total 1 volume 1,Total 2 volume 1,Total 3 volume 1,Total 4 volume 1,Total 5 volume 1,Total 6 volume 1
0,5.483142302296937e+18,5.948967055944499e+20,1.0067170546703298e+20,4.768663777774811e+20,8.600076449187827e+17,3.543579180346891e+18,2.7971247731012716e+18,4.674768449268559e+18
