t(s),Total solute volume 1,Total retention volume 1,Total 1 volume 1,Total 2 volume 1,Total 3 volume 1,Total 4 volume 1,Total 5 volume 1,Total 6 volume 1
0,5.467373305480017e+16,7.431386355172128e+16,3458157710870755.0,3557120067332162.0,18451004445045.688,66824490267442.73,285275767294711.0,1.2254301456710146e+16
