t(s),Total solute volume 1,Total retention volume 1,Total 1 volume 1,Total 2 volume 1,Total 3 volume 1,Total 4 volume 1,Total 5 volume 1,Total 6 volume 1
0,9.340096063528438e+16,1.0464109614106946e+17,3458157710870755.0,6076746478966877.0,1892443736196.7803,4443402127503.546,23572447039003.445,1675323023045678.0
