t(s),Total solute volume 1,Total retention volume 1,Total 1 volume 1,Total 2 volume 1,Total 3 volume 1,Total 4 volume 1,Total 5 volume 1,Total 6 volume 1
0,5.67102642256257e+16,7.554458915207398e+16,3752113566455123.5,3906825519925697.5,15312785373023.783,56247616379613.27,244660103953180.47,1.0859165334362022e+16
