t(s),Total solute volume 1,Total retention volume 1,Total 1 volume 1,Total 2 volume 1,Total 3 volume 1,Total 4 volume 1,Total 5 volume 1,Total 6 volume 1
0,9.688003471877627e+16,1.088162036688354e+17,3752113566455123.5,6674159898032270.0,1570312038784.1265,3739268085755.7466,20212513842657.87,1484373391603889.5
