t(s),Total solute volume 1,Total retention volume 1,Total 1 volume 1,Total 2 volume 1,Total 3 volume 1,Total 4 volume 1,Total 5 volume 1,Total 6 volume 1
0,1.7152588772477386e+17,1.5399724003582313e+18,4.431341940307482e+16,6.672760546581345e+16,251019880256867.88,1411366483975194.2,1.082298694927157e+16,1.2449201144510577e+18
