t(s),Total solute volume 1,Total retention volume 1,Total 1 volume 1,Total 2 volume 1,Total 3 volume 1,Total 4 volume 1,Total 5 volume 1,Total 6 volume 1
0,2.9302339152982e+17,6.177305202642413e+17,4.431341940307482e+16,1.1399288614301397e+17,25737114839753.035,93799523849555.58,893583272691271.5,1.6538770327694605e+17
