t(s),Total solute volume 1,Total retention volume 1,Total 1 volume 1,Total 2 volume 1,Total 3 volume 1,Total 4 volume 1,Total 5 volume 1,Total 6 volume 1
0,2.0426316755341617e+18,6.602916418458504e+19,1.1130180818752053e+19,3.82466985051091e+19,1.0436889751858832e+17,1.2851459557357645e+18,4.60462043623825e+18,8.615517895696636e+18
