t(s),Total solute volume 1,Total retention volume 1,Total 1 volume 1,Total 2 volume 1,Total 3 volume 1,Total 4 volume 1,Total 5 volume 1,Total 6 volume 1
0,3.489495779037574e+18,8.093232302854983e+19,1.1130180818752053e+19,6.530313094388771e+19,1.0607713166426606e+16,7.641852877056771e+16,2.3315184192852016e+17,6.893374030066509e+17
