t(s),Total solute volume 1,Total retention volume 1,Total 1 volume 1,Total 2 volume 1,Total 3 volume 1,Total 4 volume 1,Total 5 volume 1,Total 6 volume 1
0,6.561971943550011e+17,2.475217964990791e+18,2.6766928604882394e+17,9.008356262596815e+17,95149856844912.22,472336058884948.1,6668708389314845.0,6.432796640222478e+17
