t(s),Total solute volume 1,Total retention volume 1,Total 1 volume 1,Total 2 volume 1,Total 3 volume 1,Total 4 volume 1,Total 5 volume 1,Total 6 volume 1
0,3.841154308419529e+17,8.179738599834902e+18,2.6766928604882394e+17,5.273223096638238e+17,928254027117971.8,7112532234075260.0,8.149867706981245e+16,6.9110921099493e+18
