t(s),Total solute volume 1,Total retention volume 1,Total 1 volume 1,Total 2 volume 1,Total 3 volume 1,Total 4 volume 1,Total 5 volume 1,Total 6 volume 1
0,4.751131107528108e+17,2.4119204580697974e+18,1.3024520054842829e+17,3.9361074833054605e+17,147227865749076.56,645990663931045.0,7844745537841868.0,1.4043134343704934e+18
