t(s),Total solute volume 1,Total retention volume 1,Total 1 volume 1,Total 2 volume 1,Total 3 volume 1,Total 4 volume 1,Total 5 volume 1,Total 6 volume 1
0,2.781149916601816e+17,1.3176703869109582e+19,1.3024520054842829e+17,2.3040703518610144e+17,1435811060922713.5,9719900652291306.0,9.521735722352928e+16,1.2431563572778121e+19
