t(s),Total solute volume 1,Total retention volume 1,Total 1 volume 1,Total 2 volume 1,Total 3 volume 1,Total 4 volume 1,Total 5 volume 1,Total 6 volume 1
0,1.0536084069480294e+20,6.471827063080547e+22,1.961934451448198e+22,4.49934784566537e+22,2.5497964812301252e+16,1.4904025328611542e+16,1.2349472113069686e+16,3.4067513014150996e+16
