t(s),Total solute volume 1,Total retention volume 1,Total 1 volume 1,Total 2 volume 1,Total 3 volume 1,Total 4 volume 1,Total 5 volume 1,Total 6 volume 1
0,6.1674638455494386e+19,6.1412494424520505e+22,1.961934451448198e+22,4.172998634441791e+22,4.2434468408476806e+17,3.832348301210679e+17,2.5550505321212502e+17,4.258425985115301e+17
