t(s),Total solute volume 1,Total retention volume 1,Total 1 volume 1,Total 2 volume 1,Total 3 volume 1,Total 4 volume 1,Total 5 volume 1,Total 6 volume 1
0,2.0426316755341617e+18,6.748999413876224e+19,1.1130180818752053e+19,3.82466985051091e+19,1.1480474594085395e+17,1.4136434219487173e+18,5.065030106581321e+18,9.477004864895533e+18
