t(s),Total solute volume 1,Total retention volume 1,Total 1 volume 1,Total 2 volume 1,Total 3 volume 1,Total 4 volume 1,Total 5 volume 1,Total 6 volume 1
0,3.489495779037574e+18,8.103327388017187e+19,1.1130180818752053e+19,6.530313094388768e+19,1.1668477779411638e+16,8.406034075382414e+16,2.5646689256088214e+17,7.582706274000099e+17
