t(s),Total solute volume 1,Total retention volume 1,Total 1 volume 1,Total 2 volume 1,Total 3 volume 1,Total 4 volume 1,Total 5 volume 1,Total 6 volume 1
0,1.3965732313027035e+17,1.7927525919412352e+17,8483748054658170.0,1.7047137375161364e+16,7652944038282.519,20975726732976.832,136767924929057.5,1.3921654038333026e+16
