t(s),Total solute volume 1,Total retention volume 1,Total 1 volume 1,Total 2 volume 1,Total 3 volume 1,Total 4 volume 1,Total 5 volume 1,Total 6 volume 1
0,8.175062817381762e+16,2.0415573302468077e+17,8483748054658170.0,9978813516605722.0,74603674888361.11,315390293322978.8,1654920036386005.5,1.0189762927500262e+17
