t(s),Total solute volume 1,Total retention volume 1,Total 1 volume 1,Total 2 volume 1,Total 3 volume 1,Total 4 volume 1,Total 5 volume 1,Total 6 volume 1
0,4.920172616987362e+16,6.293352241037778e+16,2733248773475387.0,2714355750467661.0,14579314353992.215,50702602144933.195,205058891867520.78,8013850908194275.0
