t(s),Total solute volume 1,Total retention volume 1,Total 1 volume 1,Total 2 volume 1,Total 3 volume 1,Total 4 volume 1,Total 5 volume 1,Total 6 volume 1
0,1.0536084069480294e+20,6.471834723574376e+22,1.961934451448198e+22,4.49934784566537e+22,4.7996157035584056e+16,2.805462996190308e+16,2.3246059876870036e+16,6.412706670323611e+16
