t(s),Total solute volume 1,Total retention volume 1,Total 1 volume 1,Total 2 volume 1,Total 3 volume 1,Total 4 volume 1,Total 5 volume 1,Total 6 volume 1
0,6.1674638455494386e+19,6.141380817225522e+22,1.961934451448198e+22,4.172998634441791e+22,7.987633048988823e+17,7.213793979583804e+17,4.809485198438637e+17,8.015836773909132e+17
