t(s),Total solute volume 1,Total retention volume 1,Total 1 volume 1,Total 2 volume 1,Total 3 volume 1,Total 4 volume 1,Total 5 volume 1,Total 6 volume 1
0,7.523525865105635e+17,1.1854641033937916e+19,1.1991975012111887e+18,2.955764414391274e+18,4162336974317373.0,4.106614072325932e+16,5.765162926353093e+17,6.325581761491986e+18
