t(s),Total solute volume 1,Total retention volume 1,Total 1 volume 1,Total 2 volume 1,Total 3 volume 1,Total 4 volume 1,Total 5 volume 1,Total 6 volume 1
0,1.2852690019555497e+18,8.090344035013168e+18,1.1991975012111887e+18,5.049221861376426e+18,426472041904492.56,2714889089934975.5,4.306788275961343e+16,5.1044642657849683e+17
