t(s),Total solute volume 1,Total retention volume 1,Total 1 volume 1,Total 2 volume 1,Total 3 volume 1,Total 4 volume 1,Total 5 volume 1,Total 6 volume 1
0,1.5460920402662884e+18,3.3680916878806704e+19,5.979897840391367e+18,1.873360234042119e+19,2.633182874615866e+16,3.2155662516036275e+17,2.1680685180520369e+18,4.905367685769299e+18
