t(s),Total solute volume 1,Total retention volume 1,Total 1 volume 1,Total 2 volume 1,Total 3 volume 1,Total 4 volume 1,Total 5 volume 1,Total 6 volume 1
0,2.641240568788231e+18,4.114921286805967e+19,5.979897840391367e+18,3.199484310387922e+19,2688925909007183.5,2.031661224099898e+16,1.176697401684427e+17,3.9255607668225715e+17
