t(s),Total solute volume 1,Total retention volume 1,Total 1 volume 1,Total 2 volume 1,Total 3 volume 1,Total 4 volume 1,Total 5 volume 1,Total 6 volume 1
0,2.0498657939890205e+20,1.111934834050453e+23,6.1524972335763196e+22,4.946344516545733e+22,2.3325949682856748e+16,1.3610702739226048e+16,1.1277481284436558e+16,3.1110292515612508e+16
