t(s),Total solute volume 1,Total retention volume 1,Total 1 volume 1,Total 2 volume 1,Total 3 volume 1,Total 4 volume 1,Total 5 volume 1,Total 6 volume 1
0,3.242824340493574e+18,1.7469382172226614e+20,3.120606282469643e+19,1.2489632049785533e+20,3.3956904180154195e+17,3.2159555568732375e+18,4.3657450902599793e+18,7.427344370286847e+18
