t(s),Total solute volume 1,Total retention volume 1,Total 1 volume 1,Total 2 volume 1,Total 3 volume 1,Total 4 volume 1,Total 5 volume 1,Total 6 volume 1
0,5.539824915009872e+18,2.5073800766822187e+20,3.120606282469643e+19,2.1299199081623975e+20,3.3716497958088652e+16,1.593646825593467e+17,2.1282328686963776e+17,5.942246448877972e+17
