t(s),Total solute volume 1,Total retention volume 1,Total 1 volume 1,Total 2 volume 1,Total 3 volume 1,Total 4 volume 1,Total 5 volume 1,Total 6 volume 1
0,1.4340238840712154e+18,1.1055174434973274e+19,1.531053857194819e+18,6.685981104100381e+18,1435189547135378.5,9483197617171974.0,1.4277548840994254e+17,1.250421714032566e+18
