t(s),Total solute volume 1,Total retention volume 1,Total 1 volume 1,Total 2 volume 1,Total 3 volume 1,Total 4 volume 1,Total 5 volume 1,Total 6 volume 1
0,8.394286150660815e+17,2.3976686836319326e+19,1.531053857194819e+18,3.913959566691929e+18,1.4008499935027432e+16,1.4373887039136595e+17,1.9863805712492012e+18,1.5548116855790926e+19
