t(s),Total solute volume 1,Total retention volume 1,Total 1 volume 1,Total 2 volume 1,Total 3 volume 1,Total 4 volume 1,Total 5 volume 1,Total 6 volume 1
0,1.4314015651477992e+17,8.371076457647155e+17,2.9598370758294e+16,4.196129288420449e+16,167595243120831.12,878976009481535.4,6144911249694575.0,6.15216343105144e+17
