t(s),Total solute volume 1,Total retention volume 1,Total 1 volume 1,Total 2 volume 1,Total 3 volume 1,Total 4 volume 1,Total 5 volume 1,Total 6 volume 1
0,6.561971943550011e+17,1.9429784138512256e+18,2.6766928604882394e+17,9.008356262596815e+17,17300072602771.021,85879698028529.03,1212498699044111.5,1.1696062871804811e+17
