t(s),Total solute volume 1,Total retention volume 1,Total 1 volume 1,Total 2 volume 1,Total 3 volume 1,Total 4 volume 1,Total 5 volume 1,Total 6 volume 1
0,7.49048861694545e+16,1.1079641761773942e+17,6980090150537523.0,7974287186130816.0,17544608975614.557,71731528415020.92,359844613693555.06,2.048803336053131e+16
