t(s),Total solute volume 1,Total retention volume 1,Total 1 volume 1,Total 2 volume 1,Total 3 volume 1,Total 4 volume 1,Total 5 volume 1,Total 6 volume 1
0,1.2796251387281995e+17,1.514004989966769e+17,6980090150537523.0,1.3622739088267018e+16,1798755899123.1006,4767062292965.726,29719949682860.348,2798870117178674.5
