t(s),Total solute volume 1,Total retention volume 1,Total 1 volume 1,Total 2 volume 1,Total 3 volume 1,Total 4 volume 1,Total 5 volume 1,Total 6 volume 1
0,2.0408582906428972e+18,2.2350347155648676e+19,3.3640731614648397e+18,1.6521366587680283e+19,1085181901255646.5,7929685449192674.0,7.811269538164446e+16,3.3692155312859296e+17
