t(s),Total solute volume 1,Total retention volume 1,Total 1 volume 1,Total 2 volume 1,Total 3 volume 1,Total 4 volume 1,Total 5 volume 1,Total 6 volume 1
0,1.194648755498281e+18,1.9857773491110425e+19,3.364073161464839e+18,9.67235389752105e+18,1.060555903832373e+16,1.2207207396822829e+17,1.286731594622888e+18,4.2072884489966884e+18
