t(s),Total solute volume 1,Total retention volume 1,Total 1 volume 1,Total 2 volume 1,Total 3 volume 1,Total 4 volume 1,Total 5 volume 1,Total 6 volume 1
0,1.2104370031327629e+17,5.960226807551197e+17,2.036220404915564e+16,2.7298126560537492e+16,153648763886322.66,755465485574126.6,4847093154941113.0,4.21562442427745e+17
