t(s),Total solute volume 1,Total retention volume 1,Total 1 volume 1,Total 2 volume 1,Total 3 volume 1,Total 4 volume 1,Total 5 volume 1,Total 6 volume 1
0,2.067829880351787e+17,3.3155275411155674e+17,2.0362204049155636e+16,4.663428171230368e+16,15757059401531.873,50224229081294.56,400415543647139.1,5.730688348278806e+16
