t(s),Total solute volume 1,Total retention volume 1,Total 1 volume 1,Total 2 volume 1,Total 3 volume 1,Total 4 volume 1,Total 5 volume 1,Total 6 volume 1
0,4.1904446013324595e+17,1.2917105752134324e+19,3.250257609819086e+17,6.591645730832125e+17,1742156328543194.0,1.3799897584123418e+16,1.645365142924704e+17,1.133379238973083e+19
