t(s),Total solute volume 1,Total retention volume 1,Total 1 volume 1,Total 2 volume 1,Total 3 volume 1,Total 4 volume 1,Total 5 volume 1,Total 6 volume 1
0,1.6043878280498112e+17,2.243788787902405e+17,1.1560640218829554e+16,2.4329176620616796e+16,11921668380784.723,34466365572864.258,241291408404117.6,2.7762599703456136e+16
