t(s),Total solute volume 1,Total retention volume 1,Total 1 volume 1,Total 2 volume 1,Total 3 volume 1,Total 4 volume 1,Total 5 volume 1,Total 6 volume 1
0,9.391538505657402e+16,3.266410264420525e+17,1.1560640218829556e+16,1.4241472081799574e+16,116213576912643.31,518216415869269.0,2919632464256529.0,2.0336946662780867e+17
