t(s),Total solute volume 1,Total retention volume 1,Total 1 volume 1,Total 2 volume 1,Total 3 volume 1,Total 4 volume 1,Total 5 volume 1,Total 6 volume 1
0,1.3361787230712443e+17,1.5989688607607725e+17,7687035129498278.0,1.522028754057002e+16,1981110673770.8125,5338395714984.547,34028028829329.684,3330343563667121.0
