t(s),Total solute volume 1,Total retention volume 1,Total 1 volume 1,Total 2 volume 1,Total 3 volume 1,Total 4 volume 1,Total 5 volume 1,Total 6 volume 1
0,7.82153398870977e+16,1.1970536866488397e+17,7687035129498278.0,8909437720794750.0,19323394806223.953,80329405502440.77,412010977213697.25,2.438189214997078e+16
