t(s),Total solute volume 1,Total retention volume 1,Total 1 volume 1,Total 2 volume 1,Total 3 volume 1,Total 4 volume 1,Total 5 volume 1,Total 6 volume 1
0,5.831083637207589e+19,3.810657846724918e+22,5.744900751039818e+21,3.230313354759354e+22,6.806210967744546e+16,4.01623294831057e+16,3.328553032429805e+16,9.182227414784245e+16
