t(s),Total solute volume 1,Total retention volume 1,Total 1 volume 1,Total 2 volume 1,Total 3 volume 1,Total 4 volume 1,Total 5 volume 1,Total 6 volume 1
0,3.4133172510483444e+19,3.150348091972175e+22,5.744900751039818e+21,2.57204529767919e+22,1.1250450696409196e+18,1.0325489863583713e+18,6.886564435186636e+17,1.1477688798185164e+18
