t(s),Total solute volume 1,Total retention volume 1,Total 1 volume 1,Total 2 volume 1,Total 3 volume 1,Total 4 volume 1,Total 5 volume 1,Total 6 volume 1
0,9.391538505657402e+16,2.1028053121172102e+17,1.1560640218829556e+16,1.4241472081799574e+16,50868522159623.75,226869082127328.78,1278057525677839.8,8.900723872455339e+16
