t(s),Total solute volume 1,Total retention volume 1,Total 1 volume 1,Total 2 volume 1,Total 3 volume 1,Total 4 volume 1,Total 5 volume 1,Total 6 volume 1
0,1.6043878280498112e+17,2.0860099304137642e+17,1.1560640218829554e+16,2.4329176620616796e+16,5215892934494.576,15079434020901.916,105567981300315.69,1.2146530088693636e+16
