t(s),Total solute volume 1,Total retention volume 1,Total 1 volume 1,Total 2 volume 1,Total 3 volume 1,Total 4 volume 1,Total 5 volume 1,Total 6 volume 1
0,6.8888290702006904e+16,1.3910899368096597e+17,5790815030907821.0,6433524569071775.0,56347019484677.49,223015053401336.78,1071917433085664.1,5.664508387300809e+16
