t(s),Total solute volume 1,Total retention volume 1,Total 1 volume 1,Total 2 volume 1,Total 3 volume 1,Total 4 volume 1,Total 5 volume 1,Total 6 volume 1
0,4.408003339419685e+17,2.001566130453927e+18,1.1018915844204802e+17,3.247827274525352e+17,117422500024523.67,500614697980304.1,5858976546729842.0,1.1193168968726492e+18
