t(s),Total solute volume 1,Total retention volume 1,Total 1 volume 1,Total 2 volume 1,Total 3 volume 1,Total 4 volume 1,Total 5 volume 1,Total 6 volume 1
0,2.5802946377090512e+17,1.0149290516613622e+19,1.1018915844204802e+17,1.9011722470774906e+17,1145136969830975.2,7532218604442012.0,7.106727633252625e+16,9.511210037786126e+18
