t(s),Total solute volume 1,Total retention volume 1,Total 1 volume 1,Total 2 volume 1,Total 3 volume 1,Total 4 volume 1,Total 5 volume 1,Total 6 volume 1
0,1.3517038836082043e+17,8.318831798582836e+17,2.6047523684028044e+16,3.622882322688759e+16,188413686963357.47,966591024912517.4,6562297934914768.0,6.267191419397603e+17
