t(s),Total solute volume 1,Total retention volume 1,Total 1 volume 1,Total 2 volume 1,Total 3 volume 1,Total 4 volume 1,Total 5 volume 1,Total 6 volume 1
0,2.3091608011640064e+17,4.04343908908914e+17,2.6047523684028044e+16,6.18908749437171e+16,19321136162163.883,64254603336173.99,542039288899830.4,8.486381513637043e+16
