t(s),Total solute volume 1,Total retention volume 1,Total 1 volume 1,Total 2 volume 1,Total 3 volume 1,Total 4 volume 1,Total 5 volume 1,Total 6 volume 1
0,1.1477277462414928e+17,3.295938824610347e+17,1.8083672627208548e+16,2.3817359628092044e+16,68238298949103.66,328751124996412.56,2052461607893649.0,1.7047062454974544e+17
