t(s),Total solute volume 1,Total retention volume 1,Total 1 volume 1,Total 2 volume 1,Total 3 volume 1,Total 4 volume 1,Total 5 volume 1,Total 6 volume 1
0,3.027606909858182e+18,5.746174092702835e+19,8.108748995498786e+18,4.539357696078196e+19,6742946739298019.0,5.049597934430376e+16,2.13292292148944e+17,6.612768426567642e+17
