t(s),Total solute volume 1,Total retention volume 1,Total 1 volume 1,Total 2 volume 1,Total 3 volume 1,Total 4 volume 1,Total 5 volume 1,Total 6 volume 1
0,2.3160815502785014e+18,2.966622471185261e+19,4.460907519859345e+18,2.284893514595476e+19,143659964711204.1,1073971557151652.0,8288753342975211.0,3.0794110895000132e+16
