t(s),Total solute volume 1,Total retention volume 1,Total 1 volume 1,Total 2 volume 1,Total 3 volume 1,Total 4 volume 1,Total 5 volume 1,Total 6 volume 1
0,1.355755053821572e+18,1.974198750033021e+19,4.460907519859345e+18,1.337749223333267e+19,1405176690913253.0,1.6717776781836024e+16,1.4499040641755088e+17,3.8471933342630765e+17
