t(s),Total solute volume 1,Total retention volume 1,Total 1 volume 1,Total 2 volume 1,Total 3 volume 1,Total 4 volume 1,Total 5 volume 1,Total 6 volume 1
0,4.920172616987362e+16,6.731546255570935e+16,2733248773475387.0,2714355750467661.0,22289044552938.098,77504610454200.58,313479520105754.6,1.2252858686779524e+16
