t(s),Total solute volume 1,Total retention volume 1,Total 1 volume 1,Total 2 volume 1,Total 3 volume 1,Total 4 volume 1,Total 5 volume 1,Total 6 volume 1
0,8.405294887353384e+16,9.313230831455099e+16,2733248773475387.0,4637024230775944.0,2287049774555.1284,5156506470875.203,25915469965134.137,1675727410555250.5
