t(s),Total solute volume 1,Total retention volume 1,Total 1 volume 1,Total 2 volume 1,Total 3 volume 1,Total 4 volume 1,Total 5 volume 1,Total 6 volume 1
0,1.806632037606207e+18,1.7433980041251807e+19,2.563088576888768e+18,1.2087386361672243e+19,1820848152458565.5,1.291110703095665e+16,1.541924741590645e+17,8.079486357421222e+17
