t(s),Total solute volume 1,Total retention volume 1,Total 1 volume 1,Total 2 volume 1,Total 3 volume 1,Total 4 volume 1,Total 5 volume 1,Total 6 volume 1
0,1.0575407049402066e+18,2.338005911448926e+19,2.563088576888768e+18,7.076244436375885e+18,1.7784703313484358e+16,1.9729554184196912e+17,2.3869946840308874e+18,1.0081110467098038e+19
