t(s),Total solute volume 1,Total retention volume 1,Total 1 volume 1,Total 2 volume 1,Total 3 volume 1,Total 4 volume 1,Total 5 volume 1,Total 6 volume 1
0,9.455042984468884e+17,4.135682711332217e+18,6.045923551720419e+17,2.298131816040415e+18,97735034942128.22,556800789474954.6,8907220888800067.0,2.7789248495964224e+17
