t(s),Total solute volume 1,Total retention volume 1,Total 1 volume 1,Total 2 volume 1,Total 3 volume 1,Total 4 volume 1,Total 5 volume 1,Total 6 volume 1
0,5.5346593079818586e+17,5.97838695408434e+18,6.045923551720415e+17,1.3452732373157307e+18,953654237432037.5,8395839530517779.0,1.1176218263888331e+17,3.353943754391556e+18
