t(s),Total solute volume 1,Total retention volume 1,Total 1 volume 1,Total 2 volume 1,Total 3 volume 1,Total 4 volume 1,Total 5 volume 1,Total 6 volume 1
0,3.242824340493574e+18,1.6531439666960607e+20,3.120606282469643e+19,1.2489632049785533e+20,1.3206093701493011e+17,1.25072921371592e+18,1.697882235811461e+18,2.8885166200192077e+18
