t(s),Total solute volume 1,Total retention volume 1,Total 1 volume 1,Total 2 volume 1,Total 3 volume 1,Total 4 volume 1,Total 5 volume 1,Total 6 volume 1
0,5.539824915009872e+18,2.5012681861526746e+20,3.120606282469643e+19,2.1299199081623975e+20,1.3112011107462208e+16,6.197531313939891e+16,8.276483847472638e+16,2.3108789659877446e+17
