t(s),Total solute volume 1,Total retention volume 1,Total 1 volume 1,Total 2 volume 1,Total 3 volume 1,Total 4 volume 1,Total 5 volume 1,Total 6 volume 1
0,1.5302805924424387e+17,2.096491271476325e+17,1.0403170291897824e+16,2.15508874098567e+16,11397389981423.38,32356795197572.836,221098467720011.38,2.4402157548735548e+16
