t(s),Total solute volume 1,Total retention volume 1,Total 1 volume 1,Total 2 volume 1,Total 3 volume 1,Total 4 volume 1,Total 5 volume 1,Total 6 volume 1
0,8.957740053321614e+16,2.945489190514014e+17,1.0403170291897828e+16,1.2615155834536546e+16,111093808265796.86,486443622279337.3,2675027430858006.5,1.7868062753034822e+17
