t(s),Total solute volume 1,Total retention volume 1,Total 1 volume 1,Total 2 volume 1,Total 3 volume 1,Total 4 volume 1,Total 5 volume 1,Total 6 volume 1
0,2.3679368537431424e+18,8.113528243044172e+19,1.5476103569735987e+19,5.584790903245229e+19,7.691826935311813e+16,9.128735018691532e+17,2.3193587483366477e+18,4.134182454951183e+18
