t(s),Total solute volume 1,Total retention volume 1,Total 1 volume 1,Total 2 volume 1,Total 3 volume 1,Total 4 volume 1,Total 5 volume 1,Total 6 volume 1
0,4.0452254584778307e+18,1.1535903482587524e+20,1.5476103569735983e+19,9.533228108352348e+19,7781895887975222.0,5.167115125208648e+16,1.1521455765471109e+17,3.307571093434961e+17
