t(s),Total solute volume 1,Total retention volume 1,Total 1 volume 1,Total 2 volume 1,Total 3 volume 1,Total 4 volume 1,Total 5 volume 1,Total 6 volume 1
0,1.2782504508104443e+17,3.591324742037446e+17,2.2995109404381096e+16,3.1393140520667656e+16,57866698478480.57,290584690060239.1,1917051805611571.5,1.746536760034995e+17
