t(s),Total solute volume 1,Total retention volume 1,Total 1 volume 1,Total 2 volume 1,Total 3 volume 1,Total 4 volume 1,Total 5 volume 1,Total 6 volume 1
0,1.612352649698545e+17,1.1925906824935895e+18,3.860071170759496e+16,5.693890508297374e+16,206486578268713.78,1133687090853487.5,8423085350439151.0,9.260525417135876e+17
