t(s),Total solute volume 1,Total retention volume 1,Total 1 volume 1,Total 2 volume 1,Total 3 volume 1,Total 4 volume 1,Total 5 volume 1,Total 6 volume 1
0,2.7544357765683786e+17,5.3599201453992723e+17,3.860071170759496e+16,9.727055195100429e+16,21171046491612.707,75345046610068.53,695497749357665.6,1.238851593820362e+17
