t(s),Total solute volume 1,Total retention volume 1,Total 1 volume 1,Total 2 volume 1,Total 3 volume 1,Total 4 volume 1,Total 5 volume 1,Total 6 volume 1
0,2.0408582906428972e+18,2.336805524196637e+19,3.3640731614648397e+18,1.6521366587680283e+19,3689593567924508.5,2.696077647883296e+16,2.6558154023652355e+17,1.1455252918951553e+18
