t(s),Total solute volume 1,Total retention volume 1,Total 1 volume 1,Total 2 volume 1,Total 3 volume 1,Total 4 volume 1,Total 5 volume 1,Total 6 volume 1
0,1.194648755498281e+18,3.3360104757817303e+19,3.364073161464839e+18,9.67235389752105e+18,3.60550594776695e+16,4.149859879140899e+17,4.374356142357194e+18,1.4303631753584067e+19
