t(s),Total solute volume 1,Total retention volume 1,Total 1 volume 1,Total 2 volume 1,Total 3 volume 1,Total 4 volume 1,Total 5 volume 1,Total 6 volume 1
0,2.0498657939890205e+20,1.1119340725359733e+23,6.1524972335763196e+22,4.946344516545733e+22,933038219531001.5,544428224305741.44,451099353122751.25,1244412021016401.5
