t(s),Total solute volume 1,Total retention volume 1,Total 1 volume 1,Total 2 volume 1,Total 3 volume 1,Total 4 volume 1,Total 5 volume 1,Total 6 volume 1
0,1.1999214403838232e+20,1.103485138717813e+23,6.1524972335763196e+22,4.870349495676083e+22,1.5547439288076354e+16,1.399954288821204e+16,9333088335509872.0,1.5555148509232356e+16
