t(s),Total solute volume 1,Total retention volume 1,Total 1 volume 1,Total 2 volume 1,Total 3 volume 1,Total 4 volume 1,Total 5 volume 1,Total 6 volume 1
0,8.70000992795148e+16,9.803577237456302e+16,2951661998355005.5,5065423436879563.0,3799835581424.472,8681675506411.501,44410021464194.13,2961696127260977.5
