t(s),Total solute volume 1,Total retention volume 1,Total 1 volume 1,Total 2 volume 1,Total 3 volume 1,Total 4 volume 1,Total 5 volume 1,Total 6 volume 1
0,5.092688738313051e+16,7.584654613353109e+16,2951661998355005.5,2965126037401479.5,31468765304061.633,110873251335916.6,456467576283666.5,1.840406112172053e+16
