t(s),Total solute volume 1,Total retention volume 1,Total 1 volume 1,Total 2 volume 1,Total 3 volume 1,Total 4 volume 1,Total 5 volume 1,Total 6 volume 1
0,8.70000992795148e+16,9.758302697739285e+16,2951661998355005.5,5065423436879563.0,3229912391483.773,7379525069503.431,37749070575698.74,2517483754606976.5
