t(s),Total solute volume 1,Total retention volume 1,Total 1 volume 1,Total 2 volume 1,Total 3 volume 1,Total 4 volume 1,Total 5 volume 1,Total 6 volume 1
0,6.1151907207788056e+16,1.075007682580513e+17,4439458008290587.5,4740171994361016.0,44574480465543.04,168512607068250.3,761977659346234.8,3.619416630073111e+16
