t(s),Total solute volume 1,Total retention volume 1,Total 1 volume 1,Total 2 volume 1,Total 3 volume 1,Total 4 volume 1,Total 5 volume 1,Total 6 volume 1
0,1.0446784147997133e+17,1.2203335278178834e+17,4439458008290587.5,8097793286123659.0,4573987188789.491,11212275408687.062,62996810926289.16,4949476933878912.0
