t(s),Total solute volume 1,Total retention volume 1,Total 1 volume 1,Total 2 volume 1,Total 3 volume 1,Total 4 volume 1,Total 5 volume 1,Total 6 volume 1
0,7.831248687372006e+17,4.0475691332889426e+18,3.971127163555371e+17,1.417606166617462e+18,308071792715679.1,1635413468554832.8,2.477660813554277e+16,1.4230052881819144e+18
