t(s),Total solute volume 1,Total retention volume 1,Total 1 volume 1,Total 2 volume 1,Total 3 volume 1,Total 4 volume 1,Total 5 volume 1,Total 6 volume 1
0,4.584145573095851e+17,1.846658536446018e+19,3.971127163555371e+17,8.29827887724081e+17,3005301576431939.5,2.4633754546961396e+16,3.053853379446178e+17,1.644820580900302e+19
