t(s),Total solute volume 1,Total retention volume 1,Total 1 volume 1,Total 2 volume 1,Total 3 volume 1,Total 4 volume 1,Total 5 volume 1,Total 6 volume 1
0,1.806632037606207e+18,1.7389577009712427e+19,2.563088576888768e+18,1.2087386361672243e+19,1738082860579083.5,1.2324241731202302e+16,1.471837662554496e+17,7.712239426980065e+17
