t(s),Total solute volume 1,Total retention volume 1,Total 1 volume 1,Total 2 volume 1,Total 3 volume 1,Total 4 volume 1,Total 5 volume 1,Total 6 volume 1
0,1.2796251387281995e+17,1.5990539278126035e+17,6980090150537523.0,1.3622739088267018e+16,7194671068575.324,19067458048751.477,118874520115887.95,1.1194913020403872e+16
