t(s),Total solute volume 1,Total retention volume 1,Total 1 volume 1,Total 2 volume 1,Total 3 volume 1,Total 4 volume 1,Total 5 volume 1,Total 6 volume 1
0,1.0860966694806053e+17,1.2331635017932018e+17,4841705944743442.0,8946718178722158.0,779553367046.7993,1939701176460.8884,11117817335633.111,904422035914479.2
