t(s),Total solute volume 1,Total retention volume 1,Total 1 volume 1,Total 2 volume 1,Total 3 volume 1,Total 4 volume 1,Total 5 volume 1,Total 6 volume 1
0,6.357639040862142e+16,8.044531552915475e+16,4841705944743442.0,5237103708245424.0,7604110080987.321,29190150142409.492,134622908190299.72,6618698299131245.0
