t(s),Total solute volume 1,Total retention volume 1,Total 1 volume 1,Total 2 volume 1,Total 3 volume 1,Total 4 volume 1,Total 5 volume 1,Total 6 volume 1
0,1.806632037606207e+18,1.6812335090535813e+19,2.563088576888768e+18,1.2087386361672243e+19,662129444810931.0,4694965086796448.0,5.607020885385875e+16,2.938008109831593e+17
