t(s),Total solute volume 1,Total retention volume 1,Total 1 volume 1,Total 2 volume 1,Total 3 volume 1,Total 4 volume 1,Total 5 volume 1,Total 6 volume 1
0,1.0575407049402066e+18,1.5309202628943634e+19,2.563088576888768e+18,7.076244436375885e+18,6467603414061875.0,7.17503330897622e+16,8.680651710164579e+17,3.6660458032184673e+18
