t(s),Total solute volume 1,Total retention volume 1,Total 1 volume 1,Total 2 volume 1,Total 3 volume 1,Total 4 volume 1,Total 5 volume 1,Total 6 volume 1
0,7.180129369195402e+16,1.405186356011144e+17,6351323389472384.0,7154332371437873.0,49855217450056.9,200505032099214.9,984364025147334.0,5.397696187355211e+16
