t(s),Total solute volume 1,Total retention volume 1,Total 1 volume 1,Total 2 volume 1,Total 3 volume 1,Total 4 volume 1,Total 5 volume 1,Total 6 volume 1
0,1.2266054339042045e+17,1.4871114267793408e+17,6351323389472384.0,1.22219832432844e+16,5114133434896.578,13334750837313.99,81350283108870.44,7377493487376771.0
