t(s),Total solute volume 1,Total retention volume 1,Total 1 volume 1,Total 2 volume 1,Total 3 volume 1,Total 4 volume 1,Total 5 volume 1,Total 6 volume 1
0,6.549761982660554e+18,3.785828133125442e+20,4.533611706929847e+19,3.264895769282699e+20,1.0388066227711858e+16,3.764555847315542e+16,4.219141856043518e+16,1.1713228905543902e+17
