t(s),Total solute volume 1,Total retention volume 1,Total 1 volume 1,Total 2 volume 1,Total 3 volume 1,Total 4 volume 1,Total 5 volume 1,Total 6 volume 1
0,1.1999214403838232e+20,1.1034856830698314e+23,6.1524972335763196e+22,4.870349495676083e+22,3.109487348472748e+16,2.799907965178664e+16,1.8666173186758776e+16,3.111029317778804e+16
