t(s),Total solute volume 1,Total retention volume 1,Total 1 volume 1,Total 2 volume 1,Total 3 volume 1,Total 4 volume 1,Total 5 volume 1,Total 6 volume 1
0,1.1999214403838232e+20,3.691748395498068e+23,6.1524972335763196e+22,4.870349495676083e+22,7.410232559201412e+22,5.286511752632968e+22,4.010199262880809e+22,9.175694436609336e+22
