t(s),Total solute volume 1,Total retention volume 1,Total 1 volume 1,Total 2 volume 1,Total 3 volume 1,Total 4 volume 1,Total 5 volume 1,Total 6 volume 1
0,2.0498657939890205e+20,1.1119341042657572e+23,6.1524972335763196e+22,4.946344516545733e+22,1866076419710593.0,1088856439050096.9,902198697766728.6,2488824015333455.5
