t(s),Total solute volume 1,Total retention volume 1,Total 1 volume 1,Total 2 volume 1,Total 3 volume 1,Total 4 volume 1,Total 5 volume 1,Total 6 volume 1
0,5.88665732355986e+16,6.924013249772186e+16,4077840541915392.0,4299130609532136.5,2561634283864.709,9546933301464.678,42324982015187.625,1942154561074224.2
