t(s),Total solute volume 1,Total retention volume 1,Total 1 volume 1,Total 2 volume 1,Total 3 volume 1,Total 4 volume 1,Total 5 volume 1,Total 6 volume 1
0,1.0056372927748115e+17,1.1225570104004651e+17,4077840541915392.0,7344347682422831.0,262586289997.45886,634313934548.1086,3495016103517.272,265391621899396.3
