t(s),Total solute volume 1,Total retention volume 1,Total 1 volume 1,Total 2 volume 1,Total 3 volume 1,Total 4 volume 1,Total 5 volume 1,Total 6 volume 1
0,1.2782504508104443e+17,5.360044134240842e+17,2.2995109404381096e+16,3.1393140520667656e+16,115713046317845.84,581032872495078.4,3833335070886162.0,3.492610374282977e+17
