t(s),Total solute volume 1,Total retention volume 1,Total 1 volume 1,Total 2 volume 1,Total 3 volume 1,Total 4 volume 1,Total 5 volume 1,Total 6 volume 1
0,2.1836778534678442e+17,3.427528917348617e+17,2.2995109404381096e+16,5.36299248106901e+16,11864466402900.764,38617911307497.42,316594009061054.3,4.739299578623569e+16
