t(s),Total solute volume 1,Total retention volume 1,Total 1 volume 1,Total 2 volume 1,Total 3 volume 1,Total 4 volume 1,Total 5 volume 1,Total 6 volume 1
0,6.1674638455494386e+19,6.1411618586693315e+22,1.961934451448198e+22,4.172998634441791e+22,1.7473062476345645e+17,1.578031329837557e+17,1.0520827933738998e+17,1.753473009293507e+17
