t(s),Total solute volume 1,Total retention volume 1,Total 1 volume 1,Total 2 volume 1,Total 3 volume 1,Total 4 volume 1,Total 5 volume 1,Total 6 volume 1
0,1.0536084069480294e+20,6.471821956082576e+22,1.961934451448198e+22,4.49934784566537e+22,1.0499163734871132e+16,6136952473720839.0,5085077522024179.0,1.4027801899804028e+16
