t(s),Total solute volume 1,Total retention volume 1,Total 1 volume 1,Total 2 volume 1,Total 3 volume 1,Total 4 volume 1,Total 5 volume 1,Total 6 volume 1
0,1.710368165630296e+19,3.9812030015538573e+21,3.850111262848305e+20,3.578457514507153e+21,1.419357567051329e+17,1.1748547094528829e+17,9.87635279043772e+16,2.7249434998482486e+17
