t(s),Total solute volume 1,Total retention volume 1,Total 1 volume 1,Total 2 volume 1,Total 3 volume 1,Total 4 volume 1,Total 5 volume 1,Total 6 volume 1
0,1.001191121344553e+19,2.563421685231974e+21,3.850111262848306e+20,2.1580146193043675e+21,1.9446943786124232e+18,2.99016500647515e+18,2.043073884541001e+18,3.406095159726476e+18
