t(s),Total solute volume 1,Total retention volume 1,Total 1 volume 1,Total 2 volume 1,Total 3 volume 1,Total 4 volume 1,Total 5 volume 1,Total 6 volume 1
0,1.1768416328259624e+17,1.387723597590204e+17,5790815030907821.0,1.0990603481902652e+16,3170490342826.5137,8136177775414.847,48592917177974.7,4246878378317939.0
