t(s),Total solute volume 1,Total retention volume 1,Total 1 volume 1,Total 2 volume 1,Total 3 volume 1,Total 4 volume 1,Total 5 volume 1,Total 6 volume 1
0,6.8888290702006904e+16,1.1292871967686837e+17,5790815030907821.0,6433524569071775.0,30914776769825.184,122376808443941.78,588146591509135.4,3.107465119815866e+16
