t(s),Total solute volume 1,Total retention volume 1,Total 1 volume 1,Total 2 volume 1,Total 3 volume 1,Total 4 volume 1,Total 5 volume 1,Total 6 volume 1
0,5.88665732355986e+16,1.0513873146144603e+17,4077840541915392.0,4299130609532137.0,48604032058896.1,181058213399287.25,802912551062984.8,3.686261227787907e+16
