t(s),Total solute volume 1,Total retention volume 1,Total 1 volume 1,Total 2 volume 1,Total 3 volume 1,Total 4 volume 1,Total 5 volume 1,Total 6 volume 1
0,1.0056372927748115e+17,1.1711134261675197e+17,4077840541915392.0,7344347682422831.0,4988703818496.781,12051073536268.014,66400050540541.95,5041985287036373.0
