t(s),Total solute volume 1,Total retention volume 1,Total 1 volume 1,Total 2 volume 1,Total 3 volume 1,Total 4 volume 1,Total 5 volume 1,Total 6 volume 1
0,1.0056372927748115e+17,1.12525481875638e+17,4077840541915392.0,7344347682422831.0,525170031881.5152,1268622656918.4807,6990001471250.212,530780579658894.7
