t(s),Total solute volume 1,Total retention volume 1,Total 1 volume 1,Total 2 volume 1,Total 3 volume 1,Total 4 volume 1,Total 5 volume 1,Total 6 volume 1
0,5.88665732355986e+16,7.123648653121518e+16,4077840541915392.0,4299130609532136.5,5122876131438.427,19091912804688.76,84642572329997.44,3884084782903381.5
