t(s),Total solute volume 1,Total retention volume 1,Total 1 volume 1,Total 2 volume 1,Total 3 volume 1,Total 4 volume 1,Total 5 volume 1,Total 6 volume 1
0,1.0536084069480294e+20,6.471822977482299e+22,1.961934451448198e+22,4.49934784566537e+22,1.3498924351119522e+16,7890367243058277.0,6537956616138166.0,1.803574467659073e+16
