t(s),Total solute volume 1,Total retention volume 1,Total 1 volume 1,Total 2 volume 1,Total 3 volume 1,Total 4 volume 1,Total 5 volume 1,Total 6 volume 1
0,6.1674638455494386e+19,6.141179375464342e+22,1.961934451448198e+22,4.172998634441791e+22,2.2465354193685434e+17,2.0288959946797526e+17,1.3526770639786768e+17,2.2544644012588835e+17
