t(s),Total solute volume 1,Total retention volume 1,Total 1 volume 1,Total 2 volume 1,Total 3 volume 1,Total 4 volume 1,Total 5 volume 1,Total 6 volume 1
0,3.841154308419529e+17,1.0725132920104139e+19,2.6766928604882397e+17,5.273223096638238e+17,1265750310722229.0,9698389298784152.0,1.111294916798842e+17,9.423932262260163e+18
