t(s),Total solute volume 1,Total retention volume 1,Total 1 volume 1,Total 2 volume 1,Total 3 volume 1,Total 4 volume 1,Total 5 volume 1,Total 6 volume 1
0,6.561971943550011e+17,2.7117668642472576e+18,2.6766928604882394e+17,9.008356262596815e+17,129749476021330.69,644093243778824.8,9093672376234902.0,8.77197242487721e+17
