t(s),Total solute volume 1,Total retention volume 1,Total 1 volume 1,Total 2 volume 1,Total 3 volume 1,Total 4 volume 1,Total 5 volume 1,Total 6 volume 1
0,1.2796251387281995e+17,1.5848797025848512e+17,6980090150537523.0,1.3622739088267018e+16,6295388593225.467,16684141160788.836,104015974871019.73,9795631642236750.0
