t(s),Total solute volume 1,Total retention volume 1,Total 1 volume 1,Total 2 volume 1,Total 3 volume 1,Total 4 volume 1,Total 5 volume 1,Total 6 volume 1
0,7.49048861694545e+16,1.6310328873413366e+17,6980090150537523.0,7974287186130815.0,61366576906817.836,250844367746426.38,1258531412870678.2,7.167328287048627e+16
