t(s),Total solute volume 1,Total retention volume 1,Total 1 volume 1,Total 2 volume 1,Total 3 volume 1,Total 4 volume 1,Total 5 volume 1,Total 6 volume 1
0,1.4314015651477992e+17,5.951011095485606e+17,2.9598370758294e+16,4.196129288420449e+16,102433849135430.03,537253829982828.2,3755831014838503.0,3.760057706973261e+17
