t(s),Total solute volume 1,Total retention volume 1,Total 1 volume 1,Total 2 volume 1,Total 3 volume 1,Total 4 volume 1,Total 5 volume 1,Total 6 volume 1
0,2.445311007127456e+17,3.9692688230766675e+17,2.9598370758294e+16,7.168383321791445e+16,10501627069636.28,35702053402415.55,310126850669260.7,5.07572470875708e+16
