t(s),Total solute volume 1,Total retention volume 1,Total 1 volume 1,Total 2 volume 1,Total 3 volume 1,Total 4 volume 1,Total 5 volume 1,Total 6 volume 1
0,7.49048861694545e+16,1.448017331051864e+17,6980090150537523.0,7974287186130815.0,46035311390105.92,188189939295271.75,944141186726103.0,5.376410316164971e+16
