t(s),Total solute volume 1,Total retention volume 1,Total 1 volume 1,Total 2 volume 1,Total 3 volume 1,Total 4 volume 1,Total 5 volume 1,Total 6 volume 1
0,1.2796251387281995e+17,1.5600742331209984e+17,6980090150537523.0,1.3622739088267018e+16,4721608919725.945,12513257294143.875,78012991496448.0,7346832342766277.0
