t(s),Total solute volume 1,Total retention volume 1,Total 1 volume 1,Total 2 volume 1,Total 3 volume 1,Total 4 volume 1,Total 5 volume 1,Total 6 volume 1
0,8.957740053321614e+16,2.785049651268248e+17,1.040317029189783e+16,1.2615155834536546e+16,101300024177857.4,443572481137335.75,2439231935477555.0,1.6292513402638125e+17
