t(s),Total solute volume 1,Total retention volume 1,Total 1 volume 1,Total 2 volume 1,Total 3 volume 1,Total 4 volume 1,Total 5 volume 1,Total 6 volume 1
0,1.5302805924424387e+17,2.074727514426026e+17,1.0403170291897824e+16,2.15508874098567e+16,10391793918925.918,29501918466891.664,201590763804984.44,2.2249150020413532e+16
