t(s),Total solute volume 1,Total retention volume 1,Total 1 volume 1,Total 2 volume 1,Total 3 volume 1,Total 4 volume 1,Total 5 volume 1,Total 6 volume 1
0,7.180129369195402e+16,1.5155257855598627e+17,6351323389472384.0,7154332371437873.0,59816331336415.375,240552706570555.53,1181013359090892.2,6.476424670612292e+16
