t(s),Total solute volume 1,Total retention volume 1,Total 1 volume 1,Total 2 volume 1,Total 3 volume 1,Total 4 volume 1,Total 5 volume 1,Total 6 volume 1
0,1.2266054339042045e+17,1.50206503712413e+17,6351323389472384.0,1.22219832432844e+16,6136895551845.966,16001558438878.934,97619408904461.03,8852895826341351.0
