t(s),Total solute volume 1,Total retention volume 1,Total 1 volume 1,Total 2 volume 1,Total 3 volume 1,Total 4 volume 1,Total 5 volume 1,Total 6 volume 1
0,6.1674638455494386e+19,6.141363300651465e+22,1.961934451448198e+22,4.172998634441791e+22,7.488409932489368e+17,6.762936620439575e+17,4.508895084219975e+17,7.51484996352642e+17
