t(s),Total solute volume 1,Total retention volume 1,Total 1 volume 1,Total 2 volume 1,Total 3 volume 1,Total 4 volume 1,Total 5 volume 1,Total 6 volume 1
0,1.0536084069480294e+20,6.471833702175399e+22,1.961934451448198e+22,4.49934784566537e+22,4.49963987237177e+16,2.6301216333131092e+16,2.1793181794208684e+16,6.011912711147375e+16
