t(s),Total solute volume 1,Total retention volume 1,Total 1 volume 1,Total 2 volume 1
0,7.158676193942945e+17,2.1669557974564513e+18,3.250257609819086e+17,1.1260624170802307e+18
