t(s),Total solute volume 1,Total retention volume 1,Total 1 volume 1,Total 2 volume 1
0,4.1904446013324595e+17,1.4032347941983624e+18,3.250257609819086e+17,6.591645730832125e+17
