t(s),Total solute volume 1,Total retention volume 1,Total 1 volume 1,Total 2 volume 1,Total 3 volume 1,Total 4 volume 1,Total 5 volume 1,Total 6 volume 1
0,2.0861979911880643e+17,3.854509969845078e+18,6.858169948084933e+16,1.1023516579767e+17,518166563596327.9,3141073458361007.5,2.6614875515722044e+16,3.436799189910077e+18
