t(s),Total solute volume 1,Total retention volume 1,Total 1 volume 1,Total 2 volume 1,Total 3 volume 1,Total 4 volume 1,Total 5 volume 1,Total 6 volume 1
0,3.563921568279588e+17,1.0552515152577587e+18,6.8581699480849336e+16,1.8831811750643e+17,53130006994190.07,208762609244520.6,2196503845352825.5,4.3950114498091757e+17
