t(s),Total solute volume 1,Total retention volume 1,Total 1 volume 1,Total 2 volume 1,Total 3 volume 1,Total 4 volume 1,Total 5 volume 1,Total 6 volume 1
0,2.6900722401125917e+19,1.0973307872327663e+22,1.0530177027067483e+21,9.893021029122248e+21,1.0023574981497136e+17,6.502524403428362e+16,5.405198077904019e+16,1.4910512289477613e+17
