t(s),Total solute volume 1,Total retention volume 1,Total 1 volume 1,Total 2 volume 1,Total 3 volume 1,Total 4 volume 1,Total 5 volume 1,Total 6 volume 1
0,1.5746764332366418e+19,7.377130454143635e+21,1.0530177027067483e+21,6.302159391947708e+21,1.5562356710614625e+18,1.6682005784453632e+18,1.1182710311553788e+18,1.8638878760733437e+18
