t(s),Total solute volume 1,Total retention volume 1,Total 1 volume 1,Total 2 volume 1,Total 3 volume 1,Total 4 volume 1,Total 5 volume 1,Total 6 volume 1
0,3.122399397307938e+17,8.588703121001636e+17,5.1059153534519e+16,1.3415637957682182e+17,51078372081737.06,190757229244150.5,1876935146235541.8,3.592960685104621e+17
