t(s),Total solute volume 1,Total retention volume 1,Total 1 volume 1,Total 2 volume 1,Total 3 volume 1,Total 4 volume 1,Total 5 volume 1,Total 6 volume 1
0,1.827745988668061e+17,3.0679012314007107e+18,5.1059153534519e+16,7.853065002362187e+16,498082919169969.3,2869516205376176.5,2.2730785846644708e+16,2.729438444004568e+18
