t(s),Total solute volume 1,Total retention volume 1,Total 1 volume 1,Total 2 volume 1,Total 3 volume 1,Total 4 volume 1,Total 5 volume 1,Total 6 volume 1
0,1.5302805924424387e+17,2.0021799076206566e+17,1.0403170291897824e+16,2.15508874098567e+16,7039728774743.893,19985474539055.754,136563708073787.11,1.5072284904680542e+16
