t(s),Total solute volume 1,Total retention volume 1,Total 1 volume 1,Total 2 volume 1,Total 3 volume 1,Total 4 volume 1,Total 5 volume 1,Total 6 volume 1
0,8.957740053321614e+16,2.2501011331718013e+17,1.0403170291897832e+16,1.2615155834536546e+16,68642047837759.95,300598344664606.44,1652916811827335.2,1.1039222945320269e+17
