t(s),Total solute volume 1,Total retention volume 1,Total 1 volume 1,Total 2 volume 1,Total 3 volume 1,Total 4 volume 1,Total 5 volume 1,Total 6 volume 1
0,3.818076622203744e+17,8.698710738251044e+17,7.99733013773092e+16,2.2469880913100803e+17,20654815590910.395,83334139750355.84,907780376532214.4,1.823795317645395e+17
