t(s),Total solute volume 1,Total retention volume 1,Total 1 volume 1,Total 2 volume 1,Total 3 volume 1,Total 4 volume 1,Total 5 volume 1,Total 6 volume 1
0,2.2349716812900077e+17,1.9048211735510057e+18,7.99733013773092e+16,1.3153125251363435e+17,201490710635442.38,1254288455912966.0,1.1005493038169698e+16,1.4573581793263332e+18
