t(s),Total solute volume 1,Total retention volume 1,Total 1 volume 1,Total 2 volume 1,Total 3 volume 1,Total 4 volume 1,Total 5 volume 1,Total 6 volume 1
0,4.566829557989454e+18,3.748139073831898e+20,6.696388307350977e+19,2.9943637271575534e+20,1.8764165080136445e+17,1.0809084404979406e+18,9.634997380706035e+17,1.6147722065668022e+18
