t(s),Total solute volume 1,Total retention volume 1,Total 1 volume 1,Total 2 volume 1,Total 3 volume 1,Total 4 volume 1,Total 5 volume 1,Total 6 volume 1
0,7.801667161565198e+18,5.844071431476495e+20,6.696388307350977e+19,5.094009276905077e+20,1.7770844211348016e+16,4.703313257115991e+16,4.667707184504306e+16,1.2918417343925984e+17
