t(s),Total solute volume 1,Total retention volume 1,Total 1 volume 1,Total 2 volume 1,Total 3 volume 1,Total 4 volume 1,Total 5 volume 1,Total 6 volume 1
0,5.556772250990977e+17,3.147916720748765e+18,1.8471874136236307e+17,5.881523663147372e+17,208864817336914.44,973080594223926.4,1.2741085630640102e+16,1.805445356930365e+18
