t(s),Total solute volume 1,Total retention volume 1,Total 1 volume 1,Total 2 volume 1,Total 3 volume 1,Total 4 volume 1,Total 5 volume 1,Total 6 volume 1
0,3.2527447322874304e+17,1.8630538668747895e+19,1.8471874136236307e+17,3.4428597201944646e+17,2037031685406851.0,1.464417087889503e+16,1.5499540720173437e+17,1.760458287237129e+19
