t(s),Total solute volume 1,Total retention volume 1,Total 1 volume 1,Total 2 volume 1,Total 3 volume 1,Total 4 volume 1,Total 5 volume 1,Total 6 volume 1
0,1.1562292854379274e+18,6.535064930923478e+18,9.470815640223638e+17,3.849586369903471e+18,336837364827332.75,2065538699871540.5,3.3500526053982028e+16,5.4626480944105485e+17
