t(s),Total solute volume 1,Total retention volume 1,Total 1 volume 1,Total 2 volume 1,Total 3 volume 1,Total 4 volume 1,Total 5 volume 1,Total 6 volume 1
0,6.768171426953814e+17,1.1080067246687996e+19,9.470815640223639e+17,2.2534875290841032e+18,3287090582994938.5,3.11976741806792e+16,4.356404718529075e+17,6.732555774269553e+18
