t(s),Total solute volume 1,Total retention volume 1,Total 1 volume 1,Total 2 volume 1,Total 3 volume 1,Total 4 volume 1,Total 5 volume 1,Total 6 volume 1
0,2.0426316755341617e+18,5.336760696097609e+19,1.1130180818752053e+19,3.82466985051091e+19,1.3916947020397746e+16,1.7137079068590666e+17,6.140044153873654e+17,1.1488038084866573e+18
