t(s),Total solute volume 1,Total retention volume 1,Total 1 volume 1,Total 2 volume 1
0,1.0438198847203212e+18,4.759310602180433e+18,7.538773491030418e+17,2.961613368357028e+18
