t(s),Total solute volume 1,Total retention volume 1,Total 1 volume 1,Total 2 volume 1
0,6.110165178850669e+17,3.0985632967508285e+18,7.538773491030418e+17,1.7336694297627313e+18
