t(s),Total solute volume 1,Total retention volume 1,Total 1 volume 1,Total 2 volume 1,Total 3 volume 1,Total 4 volume 1,Total 5 volume 1,Total 6 volume 1
0,5.88665732355986e+16,7.722414458351107e+16,4077840541915392.0,4299130609532137.0,12804247958011.252,47715134520802.336,211551012430557.16,9708529801555796.0
