t(s),Total solute volume 1,Total retention volume 1,Total 1 volume 1,Total 2 volume 1,Total 3 volume 1,Total 4 volume 1,Total 5 volume 1,Total 6 volume 1
0,1.0056372927748115e+17,1.1333480816700421e+17,4077840541915392.0,7344347682422831.0,1312905969224.1365,3171517551605.6,17474773163796.668,1326931468499227.5
