t(s),Total solute volume 1,Total retention volume 1,Total 1 volume 1,Total 2 volume 1,Total 3 volume 1,Total 4 volume 1,Total 5 volume 1,Total 6 volume 1
0,1.355755053821572e+18,3.7818287004375015e+19,4.460907519859345e+18,1.337749223333267e+19,4.776961534784413e+16,5.683028184419024e+17,4.928921933437092e+18,1.3079137830134591e+19
