t(s),Total solute volume 1,Total retention volume 1,Total 1 volume 1,Total 2 volume 1,Total 3 volume 1,Total 4 volume 1,Total 5 volume 1,Total 6 volume 1
0,2.3160815502785014e+18,3.099612942265175e+19,4.460907519859345e+18,2.284893514595476e+19,4884397405957452.0,3.6514770904744024e+16,2.8181544923991427e+17,1.0469905890083465e+18
