t(s),Total solute volume 1,Total retention volume 1,Total 1 volume 1,Total 2 volume 1,Total 3 volume 1,Total 4 volume 1,Total 5 volume 1,Total 6 volume 1
0,4.7566518870554744e+16,6.1105064566334104e+16,2534742031225782.5,2489019978208205.5,15902914360950.752,54588606284193.555,216988048843855.72,8227304116855883.0
