t(s),Total solute volume 1,Total retention volume 1,Total 1 volume 1,Total 2 volume 1
0,1.0056372927748115e+17,1.1198591750182032e+17,4077840541915392.0,7344347682422831.0
