t(s),Total solute volume 1,Total retention volume 1,Total 1 volume 1,Total 2 volume 1
0,5.88665732355986e+16,6.724354438704626e+16,4077840541915392.0,4299130609532137.0
