t(s),Total solute volume 1,Total retention volume 1,Total 1 volume 1,Total 2 volume 1,Total 3 volume 1,Total 4 volume 1,Total 5 volume 1,Total 6 volume 1
0,2.641240568788231e+18,4.118730068782296e+19,5.979897840391367e+18,3.199484310387922e+19,2880991371906779.0,2.1767794520895828e+16,1.260746949004747e+17,4.2059569397074426e+17
