t(s),Total solute volume 1,Total retention volume 1,Total 1 volume 1,Total 2 volume 1,Total 3 volume 1,Total 4 volume 1,Total 5 volume 1,Total 6 volume 1
0,1.5460920402662884e+18,3.4210985250961523e+19,5.979897840391367e+18,1.873360234042119e+19,2.8212569530911044e+16,3.445232568457716e+17,2.32292078150005e+18,5.255736422005915e+18
