t(s),Total solute volume 1,Total retention volume 1,Total 1 volume 1,Total 2 volume 1,Total 3 volume 1,Total 4 volume 1,Total 5 volume 1,Total 6 volume 1
0,1.1477277462414928e+17,5.744358670053956e+17,1.8083672627208548e+16,2.3817359628092044e+16,164842685254903.72,794053741916532.9,4957834294375568.0,4.1184532940440205e+17
