t(s),Total solute volume 1,Total retention volume 1,Total 1 volume 1,Total 2 volume 1,Total 3 volume 1,Total 4 volume 1,Total 5 volume 1,Total 6 volume 1
0,7.49048861694545e+16,1.604891662715477e+17,6980090150537523.0,7974287186130815.0,59176819371140.71,241896045219728.8,1213628416750789.5,6.9115201484082216e+16
