t(s),Total solute volume 1,Total retention volume 1,Total 1 volume 1,Total 2 volume 1,Total 3 volume 1,Total 4 volume 1,Total 5 volume 1,Total 6 volume 1
0,1.0896465516898744e+17,1.5763550435485005e+17,1.6105550931134632e+16,2.0848021191923476e+16,5065272745107.77,23922486487227.344,145423707376752.66,1.1542865596194308e+16
