t(s),Total solute volume 1,Total retention volume 1,Total 1 volume 1,Total 2 volume 1,Total 3 volume 1,Total 4 volume 1,Total 5 volume 1,Total 6 volume 1
0,8.394286150660815e+17,1.4216030098109934e+19,1.531053857194819e+18,3.913959566691929e+18,6280246574246445.0,6.444253673468531e+16,8.90539279747063e+17,6.970325996101134e+18
