t(s),Total solute volume 1,Total retention volume 1,Total 1 volume 1,Total 2 volume 1,Total 3 volume 1,Total 4 volume 1,Total 5 volume 1,Total 6 volume 1
0,9.402531052744658e+17,2.116653402460494e+19,1.9718743661304888e+18,5.234982861726286e+18,1.3685966181555656e+16,1.460647499763164e+17,1.9276594643708564e+18,1.0932013510944979e+19
