t(s),Total solute volume 1,Total retention volume 1,Total 1 volume 1,Total 2 volume 1,Total 3 volume 1,Total 4 volume 1,Total 5 volume 1,Total 6 volume 1
0,1.6062657215105326e+18,1.3540787938425174e+19,1.9718743661304888e+18,8.94244010427008e+18,1401729853208178.0,9605005827065182.0,1.3192227250963395e+17,8.772787383242437e+17
