t(s),Total solute volume 1,Total retention volume 1,Total 1 volume 1,Total 2 volume 1,Total 3 volume 1,Total 4 volume 1,Total 5 volume 1,Total 6 volume 1
0,5.599791014061281e+17,1.29649238690487e+19,6.205788698891987e+17,1.3862391755847913e+18,2936432335208504.0,2.5965472019622816e+16,3.469495712946496e+17,1.0022275246519103e+19
