t(s),Total solute volume 1,Total retention volume 1,Total 1 volume 1,Total 2 volume 1,Total 3 volume 1,Total 4 volume 1,Total 5 volume 1,Total 6 volume 1
0,9.566309649021271e+17,4.803930383061736e+18,6.205788698891987e+17,2.368112616809924e+18,300959075999975.4,1722039931173584.5,2.7611564338865536e+16,8.289733681144595e+17
