t(s),Total solute volume 1,Total retention volume 1,Total 1 volume 1,Total 2 volume 1,Total 3 volume 1,Total 4 volume 1,Total 5 volume 1,Total 6 volume 1
0,1.194648755498281e+18,2.0983061754701468e+19,3.364073161464839e+18,9.67235389752105e+18,1.272655785693656e+16,1.464847513711803e+17,1.5440622859450606e+18,5.048712345043991e+18
