t(s),Total solute volume 1,Total retention volume 1,Total 1 volume 1,Total 2 volume 1,Total 3 volume 1,Total 4 volume 1,Total 5 volume 1,Total 6 volume 1
0,2.641240568788231e+18,4.156817791712697e+19,5.979897840391367e+18,3.199484310387922e+19,4801641062238909.0,3.627958572255463e+16,2.101240463664206e+17,7.009911309168603e+17
