t(s),Total solute volume 1,Total retention volume 1,Total 1 volume 1,Total 2 volume 1,Total 3 volume 1,Total 4 volume 1,Total 5 volume 1,Total 6 volume 1
0,1.5460920402662884e+18,3.951147725526736e+19,5.979897840391367e+18,1.8733602340421186e+19,4.701921386051212e+16,5.741771182254044e+17,3.8713717512413256e+18,8.759316950861224e+18
