t(s),Total solute volume 1,Total retention volume 1,Total 1 volume 1,Total 2 volume 1,Total 3 volume 1,Total 4 volume 1,Total 5 volume 1,Total 6 volume 1
0,1.612352649698545e+17,5.320614498949872e+17,3.860071170759496e+16,5.693890508297374e+16,60744915361810.74,333536900899504.25,2478009031224356.0,2.7241427728707667e+17
