t(s),Total solute volume 1,Total retention volume 1,Total 1 volume 1,Total 2 volume 1,Total 3 volume 1,Total 4 volume 1,Total 5 volume 1,Total 6 volume 1
0,2.7544357765683786e+17,4.479851345350963e+17,3.860071170759496e+16,9.727055195100429e+16,6226866497463.112,22160573374428.48,204560784973943.8,3.6437344994818696e+16
