t(s),Total solute volume 1,Total retention volume 1,Total 1 volume 1,Total 2 volume 1,Total 3 volume 1,Total 4 volume 1,Total 5 volume 1,Total 6 volume 1
0,1.194648755498281e+18,2.2108332925947904e+19,3.3640731614648397e+18,9.67235389752105e+18,1.4847519014872648e+16,1.7089684969198026e+17,1.8013877684344497e+18,5.890124974322312e+18
