t(s),Total solute volume 1,Total retention volume 1,Total 1 volume 1,Total 2 volume 1,Total 3 volume 1,Total 4 volume 1,Total 5 volume 1,Total 6 volume 1
0,2.0408582906428972e+18,2.251996613229914e+19,3.3640731614648397e+18,1.6521366587680283e+19,1519252953175615.2,1.1101549056869034e+16,1.0935766207939045e+17,4.7168962842177043e+17
