t(s),Total solute volume 1,Total retention volume 1,Total 1 volume 1,Total 2 volume 1,Total 3 volume 1,Total 4 volume 1,Total 5 volume 1,Total 6 volume 1
0,1.0896465516898744e+17,3.450522452992109e+17,1.6105550931134632e+16,2.0848021191923476e+16,86075689361963.36,406468112522492.44,2471092017723605.0,1.9617038218755715e+17
