t(s),Total solute volume 1,Total retention volume 1,Total 1 volume 1,Total 2 volume 1,Total 3 volume 1,Total 4 volume 1,Total 5 volume 1,Total 6 volume 1
0,9.566309649021271e+17,5.719764700703487e+18,6.205788698891987e+17,2.368112616809924e+18,621977277380416.4,3558859204776440.0,5.706349945877769e+16,1.7131979131613156e+18
