t(s),Total solute volume 1,Total retention volume 1,Total 1 volume 1,Total 2 volume 1,Total 3 volume 1,Total 4 volume 1,Total 5 volume 1,Total 6 volume 1
0,4.7566518870554744e+16,6.280662190725429e+16,2534742031225782.5,2489019978208205.5,19080094871541.67,65490730728431.88,260332743542275.2,9871437458123646.0
