t(s),Total solute volume 1,Total retention volume 1,Total 1 volume 1,Total 2 volume 1,Total 3 volume 1,Total 4 volume 1,Total 5 volume 1,Total 6 volume 1
0,1.7694394108641648e+17,2.2908011165825197e+17,1.4382961689890436e+16,3.1272978263682056e+16,2318093832653.6206,6958905764552.94,51224659512009.99,6419728959154844.0
