t(s),Total solute volume 1,Total retention volume 1,Total 1 volume 1,Total 2 volume 1,Total 3 volume 1,Total 4 volume 1,Total 5 volume 1,Total 6 volume 1
0,1.0357694112375635e+17,1.8411228380625642e+17,1.4382961689890436e+16,1.830613831100575e+16,22612872422873.117,104730839694481.4,620334350020610.9,4.709856461946613e+16
