t(s),Total solute volume 1,Total retention volume 1,Total 1 volume 1,Total 2 volume 1,Total 3 volume 1,Total 4 volume 1,Total 5 volume 1,Total 6 volume 1
0,4.7566518870554744e+16,6.067960239377322e+16,2534742031225782.5,2489019978208205.5,15108442177073.781,51862263758132.9,206149121837002.1,7816201686011763.0
