t(s),Total solute volume 1,Total retention volume 1,Total 1 volume 1,Total 2 volume 1,Total 3 volume 1,Total 4 volume 1,Total 5 volume 1,Total 6 volume 1
0,8.125946973719792e+16,8.913708781666842e+16,2534742031225782.5,4252075647885005.0,1549844780407.9617,3449222790947.6943,17037188704373.502,1068764144084112.8
