t(s),Total solute volume 1,Total retention volume 1,Total 1 volume 1,Total 2 volume 1,Total 3 volume 1,Total 4 volume 1,Total 5 volume 1,Total 6 volume 1
0,2.600924566469286e+19,2.0415009043644722e+22,3.1834588077439205e+21,1.7201685979806866e+22,1.0674129268251068e+18,1.0028632168461664e+18,6.692705712797267e+17,1.115463714258356e+18
