t(s),Total solute volume 1,Total retention volume 1,Total 1 volume 1,Total 2 volume 1,Total 3 volume 1,Total 4 volume 1,Total 5 volume 1,Total 6 volume 1
0,4.443246134384989e+19,2.690934351646019e+22,3.1834588077439205e+21,2.3681226433136985e+22,6.521013517393344e+16,3.9017700186503016e+16,3.234858148859907e+16,8.92378185428604e+16
