t(s),Total solute volume 1,Total retention volume 1,Total 1 volume 1,Total 2 volume 1,Total 3 volume 1,Total 4 volume 1,Total 5 volume 1,Total 6 volume 1
0,7.801667161565198e+18,5.845274743106592e+20,6.696388307350977e+19,5.094009276905076e+20,2.6656251968878388e+16,7.054966669647578e+16,7.0015573282119064e+16,1.937748931302848e+17
