t(s),Total solute volume 1,Total retention volume 1,Total 1 volume 1,Total 2 volume 1,Total 3 volume 1,Total 4 volume 1,Total 5 volume 1,Total 6 volume 1
0,4.566829557989454e+18,3.767372680575279e+20,6.696388307350977e+19,2.9943637271575534e+20,2.814600841332425e+17,1.6213442523591468e+18,1.445235604798876e+18,2.422142768983182e+18
