t(s),Total solute volume 1,Total retention volume 1,Total 1 volume 1,Total 2 volume 1,Total 3 volume 1,Total 4 volume 1,Total 5 volume 1,Total 6 volume 1
0,1.6062657215105326e+18,1.2566953601520085e+19,1.9718743661304888e+18,8.94244010427008e+18,63715439865119.34,436593764906469.6,5996505017762559.0,3.987659538651371e+16
