t(s),Total solute volume 1,Total retention volume 1,Total 1 volume 1,Total 2 volume 1,Total 3 volume 1,Total 4 volume 1,Total 5 volume 1,Total 6 volume 1
0,9.402531052744658e+17,8.738955881116389e+18,1.9718743661304888e+18,5.234982861726286e+18,622158210890347.2,6640288316172277.0,8.763193809470757e+16,4.969511633633974e+17
