t(s),Total solute volume 1,Total retention volume 1,Total 1 volume 1,Total 2 volume 1,Total 3 volume 1,Total 4 volume 1,Total 5 volume 1,Total 6 volume 1
0,7.801667161565198e+18,5.848162729439704e+20,6.696388307350977e+19,5.094009276905077e+20,4.7981191560219176e+16,1.2698926114936198e+17,1.2602788497986654e+17,3.487966806988389e+17
