t(s),Total solute volume 1,Total retention volume 1,Total 1 volume 1,Total 2 volume 1,Total 3 volume 1,Total 4 volume 1,Total 5 volume 1,Total 6 volume 1
0,4.566829557989454e+18,3.813531966605745e+20,6.696388307350977e+19,2.9943637271575534e+20,5.0661781800120096e+17,2.9183401330805176e+18,2.6013636006263245e+18,4.3597897616127165e+18
