t(s),Total solute volume 1,Total retention volume 1,Total 1 volume 1,Total 2 volume 1,Total 3 volume 1,Total 4 volume 1,Total 5 volume 1,Total 6 volume 1
0,6.615112269277926e+16,8.042326560561512e+16,5290051337496820.0,5798287762430659.0,3323941073035.889,12956527032567.385,60982148560751.19,3106541196241848.5
