t(s),Total solute volume 1,Total retention volume 1,Total 1 volume 1,Total 2 volume 1,Total 3 volume 1,Total 4 volume 1,Total 5 volume 1,Total 6 volume 1
0,1.5302805924424387e+17,2.0166896443671824e+17,1.0403170291897824e+16,2.15508874098567e+16,7710151436901.68,21888786483028.703,149569288578683.38,1.6507679264221458e+16
