t(s),Total solute volume 1,Total retention volume 1,Total 1 volume 1,Total 2 volume 1,Total 3 volume 1,Total 4 volume 1,Total 5 volume 1,Total 6 volume 1
0,8.957740053321614e+16,2.3571093093764538e+17,1.040317029189783e+16,1.2615155834536546e+16,75175124106486.12,329201831891934.56,1810220483496043.0,1.2090060683850125e+17
