t(s),Total solute volume 1,Total retention volume 1,Total 1 volume 1,Total 2 volume 1,Total 3 volume 1,Total 4 volume 1,Total 5 volume 1,Total 6 volume 1
0,5.599791014061281e+17,8.112692502050028e+18,6.205788698891987e+17,1.3862391755847913e+18,1566180956759018.2,1.3849240610184018e+16,1.8505104674931965e+17,5.34542888685365e+18
