t(s),Total solute volume 1,Total retention volume 1,Total 1 volume 1,Total 2 volume 1,Total 3 volume 1,Total 4 volume 1,Total 5 volume 1,Total 6 volume 1
0,9.566309649021271e+17,4.4032482784155674e+18,6.205788698891987e+17,2.368112616809924e+18,160512050611461.66,918423929514313.5,1.472621282888413e+16,4.421206780053153e+17
