t(s),Total solute volume 1,Total retention volume 1,Total 1 volume 1,Total 2 volume 1,Total 3 volume 1,Total 4 volume 1,Total 5 volume 1,Total 6 volume 1
0,2.6900722401125917e+19,1.0973255239925842e+22,1.0530177027067483e+21,9.893021029122244e+21,8.591637223570691e+16,5.573593183477302e+16,4.633027657910335e+16,1.2780311509612338e+17
