t(s),Total solute volume 1,Total retention volume 1,Total 1 volume 1,Total 2 volume 1,Total 3 volume 1,Total 4 volume 1,Total 5 volume 1,Total 6 volume 1
0,1.5746764332366418e+19,7.376243813224284e+21,1.0530177027067483e+21,6.302159391947708e+21,1.3339200282262141e+18,1.4298915641460959e+18,9.585210893828891e+17,1.597621555667715e+18
