t(s),Total solute volume 1,Total retention volume 1,Total 1 volume 1,Total 2 volume 1,Total 3 volume 1,Total 4 volume 1,Total 5 volume 1,Total 6 volume 1
0,8.516285748348854e+19,8.217202255342978e+22,3.579686312483719e+22,4.628721412782856e+22,7.942151344358403e+17,7.157512914893347e+17,4.7717783492961766e+17,7.952990190762074e+17
