t(s),Total solute volume 1,Total retention volume 1,Total 1 volume 1,Total 2 volume 1,Total 3 volume 1,Total 4 volume 1,Total 5 volume 1,Total 6 volume 1
0,1.1562292854379274e+18,6.958456144203879e+18,9.470815640223638e+17,3.849586369903471e+18,581808028279618.4,3567738457377135.5,5.7864367846456664e+16,9.435450105080255e+17
