t(s),Total solute volume 1,Total retention volume 1,Total 1 volume 1,Total 2 volume 1,Total 3 volume 1,Total 4 volume 1,Total 5 volume 1,Total 6 volume 1
0,6.768171426953814e+17,3.006500434745287e+19,9.470815640223638e+17,2.2534875290841032e+18,1.1950746000012316e+16,1.1341679283863637e+17,1.5837980764800653e+18,2.4478452496332325e+19
