t(s),Total solute volume 1,Total retention volume 1,Total 1 volume 1,Total 2 volume 1,Total 3 volume 1,Total 4 volume 1,Total 5 volume 1,Total 6 volume 1
0,1.1562292854379274e+18,8.069844106387675e+18,9.470815640223638e+17,3.849586369903471e+18,1224848144991735.8,7510971930119822.0,1.2181874277331888e+17,1.9863923241755098e+18
