t(s),Total solute volume 1,Total retention volume 1,Total 1 volume 1,Total 2 volume 1,Total 3 volume 1,Total 4 volume 1,Total 5 volume 1,Total 6 volume 1
0,1.0896465516898744e+17,3.09920162906081e+17,1.6105550931134632e+16,2.0848021191923476e+16,70891102011580.5,334771499934379.0,2035188445783466.5,1.6156108456630646e+17
