t(s),Total solute volume 1,Total retention volume 1,Total 1 volume 1,Total 2 volume 1,Total 3 volume 1,Total 4 volume 1,Total 5 volume 1,Total 6 volume 1
0,1.8614795258035258e+17,2.6007489321115226e+17,1.6105550931134632e+16,3.561535913744106e+16,7268675557972.329,22250269494800.1,168094836439903.6,2.2008416780730268e+16
