t(s),Total solute volume 1,Total retention volume 1,Total 1 volume 1,Total 2 volume 1,Total 3 volume 1,Total 4 volume 1,Total 5 volume 1,Total 6 volume 1
0,1.0446784147997133e+17,1.2109061377146262e+17,4439458008290587.5,8097793286123659.0,3716417227996.703,9110083029888.354,51185565878769.9,4021508930941612.5
