t(s),Total solute volume 1,Total retention volume 1,Total 1 volume 1,Total 2 volume 1,Total 3 volume 1,Total 4 volume 1,Total 5 volume 1,Total 6 volume 1
0,6.1151907207788056e+16,1.0053669930980264e+17,4439458008290587.5,4740171994361015.0,36224857398505.35,136957348502574.73,619264521787150.6,2.9412715371674656e+16
