t(s),Total solute volume 1,Total retention volume 1,Total 1 volume 1,Total 2 volume 1,Total 3 volume 1,Total 4 volume 1,Total 5 volume 1,Total 6 volume 1
0,7.831248687372006e+17,3.503926812649017e+18,3.971127163555371e+17,1.417606166617462e+18,192545837651541.84,1022137765571096.8,1.5485450579414638e+16,8.89382926756169e+17
