t(s),Total solute volume 1,Total retention volume 1,Total 1 volume 1,Total 2 volume 1,Total 3 volume 1,Total 4 volume 1,Total 5 volume 1,Total 6 volume 1
0,4.584145573095851e+17,1.2174257777726056e+19,3.971127163555371e+17,8.29827887724081e+17,1878462444767940.5,1.53977276806596e+16,1.908830916196239e+17,1.0280743334591791e+19
