t(s),Total solute volume 1,Total retention volume 1,Total 1 volume 1,Total 2 volume 1,Total 3 volume 1,Total 4 volume 1,Total 5 volume 1,Total 6 volume 1
0,5.88665732355986e+16,7.223457578198723e+16,4077840541915392.0,4299130609532137.0,6403349919796.548,23863670069379.664,105798596204841.81,4854965778747621.0
