t(s),Total solute volume 1,Total retention volume 1,Total 1 volume 1,Total 2 volume 1,Total 3 volume 1,Total 4 volume 1,Total 5 volume 1,Total 6 volume 1
0,1.0056372927748115e+17,1.12660371279958e+17,4077840541915392.0,7344347682422831.0,656460947292.5969,1585775063557.0881,8737482629324.094,663474059498731.8
