t(s),Total solute volume 1,Total retention volume 1,Total 1 volume 1,Total 2 volume 1,Total 3 volume 1,Total 4 volume 1,Total 5 volume 1,Total 6 volume 1
0,5.132271443883372e+17,2.2638616853465938e+18,1.5471077007747866e+17,4.797289871713226e+17,119938497509489.39,542043364243861.06,6833785542173000.0,1.1086990163055212e+18
