t(s),Total solute volume 1,Total retention volume 1,Total 1 volume 1,Total 2 volume 1,Total 3 volume 1,Total 4 volume 1,Total 5 volume 1,Total 6 volume 1
0,3.004256454956098e+17,1.1112532316209496e+19,1.5471077007747866e+17,2.8081807250400986e+17,1169853722488143.2,8157913380791748.0,8.303684267107952e+16,1.028421321835806e+19
