t(s),Total solute volume 1,Total retention volume 1,Total 1 volume 1,Total 2 volume 1,Total 3 volume 1,Total 4 volume 1,Total 5 volume 1,Total 6 volume 1
0,2.600924566469286e+19,2.041404529986794e+22,3.1834588077439205e+21,1.7201685979806866e+22,8.005620451065393e+17,7.521503622113125e+17,5.0195460818863456e+17,8.365996372742112e+17
