t(s),Total solute volume 1,Total retention volume 1,Total 1 volume 1,Total 2 volume 1,Total 3 volume 1,Total 4 volume 1,Total 5 volume 1,Total 6 volume 1
0,4.443246134384989e+19,2.690928707273547e+22,3.1834588077439205e+21,2.368122643313797e+22,4.8907610473132296e+16,2.9263279751017604e+16,2.426144074910353e+16,6.693817872421188e+16
