t(s),Total solute volume 1,Total retention volume 1,Total 1 volume 1,Total 2 volume 1,Total 3 volume 1,Total 4 volume 1,Total 5 volume 1,Total 6 volume 1
0,2.2349716812900077e+17,7.597893012884738e+18,7.99733013773092e+16,1.3153125251363437e+17,981818668292892.8,6110926712614699.0,5.3623851101022216e+16,7.102174694382872e+18
