t(s),Total solute volume 1,Total retention volume 1,Total 1 volume 1,Total 2 volume 1,Total 3 volume 1,Total 4 volume 1,Total 5 volume 1,Total 6 volume 1
0,3.818076622203744e+17,1.5804856222396099e+18,7.99733013773092e+16,2.2469880913100803e+17,100689312341883.17,406243976974168.6,4425313284722198.0,8.890736029368805e+17
