t(s),Total solute volume 1,Total retention volume 1,Total 1 volume 1,Total 2 volume 1,Total 3 volume 1,Total 4 volume 1,Total 5 volume 1,Total 6 volume 1
0,9.85717952218855e+16,1.3542481616151653e+17,1.2878448802488326e+16,1.6122851276236812e+16,4049495704606.579,18401865945402.785,106262318358371.28,7723007180897507.0
