t(s),Total solute volume 1,Total retention volume 1,Total 1 volume 1,Total 2 volume 1,Total 3 volume 1,Total 4 volume 1,Total 5 volume 1,Total 6 volume 1
0,8.553063609334184e+16,2.3511923153993187e+17,9383807851828774.0,1.1205049428947024e+16,85473352306818.17,367678710518541.2,1974521327222723.8,1.2657206477576627e+17
