t(s),Total solute volume 1,Total retention volume 1,Total 1 volume 1,Total 2 volume 1,Total 3 volume 1,Total 4 volume 1,Total 5 volume 1,Total 6 volume 1
0,1.4611483665945994e+17,1.9212610438619533e+17,9383807851828776.0,1.9141956437258628e+16,8767988192563.84,24453343563090.49,163180462633913.0,1.7289101643258814e+16
