t(s),Total solute volume 1,Total retention volume 1,Total 1 volume 1,Total 2 volume 1,Total 3 volume 1,Total 4 volume 1,Total 5 volume 1,Total 6 volume 1
0,3.434508319345575e+19,1.7656911267844084e+22,1.8076337742290045e+21,1.581487631351659e+22,1.5872425577431816e+16,9766143455016140.0,8103529402845642.0,2.23548067236373e+16
