t(s),Total solute volume 1,Total retention volume 1,Total 1 volume 1,Total 2 volume 1,Total 3 volume 1,Total 4 volume 1,Total 5 volume 1,Total 6 volume 1
0,2.0104438942510703e+19,1.2465203959141799e+22,1.8076337742290045e+21,1.0636512866415753e+22,2.5491509296533306e+17,2.5087254193610314e+17,1.676574019134306e+17,2.7943451776672538e+17
