t(s),Total solute volume 1,Total retention volume 1,Total 1 volume 1,Total 2 volume 1,Total 3 volume 1,Total 4 volume 1,Total 5 volume 1,Total 6 volume 1
0,2.781149916601816e+17,7.804328100057351e+18,1.3024520054842829e+17,2.3040703518610144e+17,820618534228848.2,5555631254256686.0,5.442164140656135e+16,7.104762981467576e+18
