t(s),Total solute volume 1,Total retention volume 1,Total 1 volume 1,Total 2 volume 1,Total 3 volume 1,Total 4 volume 1,Total 5 volume 1,Total 6 volume 1
0,3.841154308419529e+17,5.634189680852195e+18,2.6766928604882394e+17,5.273223096638238e+17,590730739885581.5,4526398772213136.0,5.186515976305256e+16,4.3981003650224486e+18
