t(s),Total solute volume 1,Total retention volume 1,Total 1 volume 1,Total 2 volume 1,Total 3 volume 1,Total 4 volume 1,Total 5 volume 1,Total 6 volume 1
0,6.561971943550011e+17,2.2386678273448097e+18,2.6766928604882394e+17,9.008356262596815e+17,60550062326773.516,300578136941367.56,4243733265414627.5,4.0936085921662624e+17
