t(s),Total solute volume 1,Total retention volume 1,Total 1 volume 1,Total 2 volume 1,Total 3 volume 1,Total 4 volume 1,Total 5 volume 1,Total 6 volume 1
0,1.7152588772477386e+17,1.7494805746698657e+18,4.431341940307482e+16,6.672760546581345e+16,292840882313543.44,1646476733649648.8,1.262604917702989e+16,1.452348295283195e+18
