t(s),Total solute volume 1,Total retention volume 1,Total 1 volume 1,Total 2 volume 1,Total 3 volume 1,Total 4 volume 1,Total 5 volume 1,Total 6 volume 1
0,2.9302339152982e+17,6.454633116157713e+17,4.431341940307482e+16,1.1399288614301397e+17,30026532354336.996,109432464198433.94,1042510620523751.5,1.929516449227827e+17
