t(s),Total solute volume 1,Total retention volume 1,Total 1 volume 1,Total 2 volume 1,Total 3 volume 1,Total 4 volume 1,Total 5 volume 1,Total 6 volume 1
0,1.6043878280498112e+17,2.2525539812273037e+17,1.1560640218829554e+16,2.4329176620616796e+16,12294199170806.197,35543387237636.3,248831373364656.62,2.8630129518530984e+16
