t(s),Total solute volume 1,Total retention volume 1,Total 1 volume 1,Total 2 volume 1,Total 3 volume 1,Total 4 volume 1,Total 5 volume 1,Total 6 volume 1
0,9.391538505657402e+16,3.331029374425028e+17,1.1560640218829556e+16,1.4241472081799574e+16,119841968318941.83,534391128154266.8,3010776968518845.5,2.0972043002030906e+17
