t(s),Total solute volume 1,Total retention volume 1,Total 1 volume 1,Total 2 volume 1,Total 3 volume 1,Total 4 volume 1,Total 5 volume 1,Total 6 volume 1
0,1.950956450790701e+17,1.9337387026790932e+18,5.905751296626006e+16,9.282918675798294e+16,260289770215481.47,1537796688799380.8,1.2592771522334544e+16,1.5723654998944346e+18
