t(s),Total solute volume 1,Total retention volume 1,Total 1 volume 1,Total 2 volume 1,Total 3 volume 1,Total 4 volume 1,Total 5 volume 1,Total 6 volume 1
0,3.332883936767457e+17,7.564830211298372e+17,5.905751296626006e+16,1.5858298787719715e+17,26685157084029.914,102187876065136.9,1039318842484271.4,2.0438593473400486e+17
