t(s),Total solute volume 1,Total retention volume 1,Total 1 volume 1,Total 2 volume 1
0,1.5460920402662884e+18,2.625959222107887e+19,5.979897840391367e+18,1.873360234042119e+19
