t(s),Total solute volume 1,Total retention volume 1,Total 1 volume 1,Total 2 volume 1
0,2.641240568788231e+18,4.061598151305904e+19,5.979897840391367e+18,3.199484310387922e+19
