t(s),Total solute volume 1,Total retention volume 1,Total 1 volume 1,Total 2 volume 1,Total 3 volume 1,Total 4 volume 1,Total 5 volume 1,Total 6 volume 1
0,1.6839348350405472e+17,2.417855847898976e+17,1.2878448802488326e+16,2.7543198044355056e+16,12866929669277.906,37897926607484.01,271976472172977.6,3.264771311055099e+16
