t(s),Total solute volume 1,Total retention volume 1,Total 1 volume 1,Total 2 volume 1,Total 3 volume 1,Total 4 volume 1,Total 5 volume 1,Total 6 volume 1
0,9.85717952218855e+16,3.708294275426684e+17,1.2878448802488326e+16,1.6122851276236812e+16,125434709765403.19,569853011219167.2,3291151009871614.5,2.3926989351120042e+17
