t(s),Total solute volume 1,Total retention volume 1,Total 1 volume 1,Total 2 volume 1,Total 3 volume 1,Total 4 volume 1,Total 5 volume 1,Total 6 volume 1
0,4.0983010737537254e+17,9.421446195625303e+17,9.36616297076456e+16,2.6944503277455203e+17,18145136274093.367,75226475484389.73,849077422059088.4,1.682654006711444e+17
