t(s),Total solute volume 1,Total retention volume 1,Total 1 volume 1,Total 2 volume 1,Total 3 volume 1,Total 4 volume 1,Total 5 volume 1,Total 6 volume 1
0,2.399005506587524e+17,1.8849653512175165e+18,9.36616297076456e+16,1.5772427002204848e+17,177014561865426.78,1132333150985146.8,1.0297910663021668e+16,1.3820716424531912e+18
