t(s),Total solute volume 1,Total retention volume 1,Total 1 volume 1,Total 2 volume 1,Total 3 volume 1,Total 4 volume 1,Total 5 volume 1,Total 6 volume 1
0,2.067829880351787e+17,3.4840251258408666e+17,2.0362204049155636e+16,4.663428171230368e+16,20352662109130.516,64872405793967.016,517198659903017.2,7.402061505964203e+16
