t(s),Total solute volume 1,Total retention volume 1,Total 1 volume 1,Total 2 volume 1,Total 3 volume 1,Total 4 volume 1,Total 5 volume 1,Total 6 volume 1
0,1.2104370031327629e+17,7.205902362699763e+17,2.036220404915564e+16,2.7298126560537492e+16,198431247194006.25,975601151631527.9,6259687321022337.0,5.444524856271554e+17
