t(s),Total solute volume 1,Total retention volume 1,Total 1 volume 1,Total 2 volume 1,Total 3 volume 1,Total 4 volume 1,Total 5 volume 1,Total 6 volume 1
0,1.6043878280498112e+17,2.2087277001288074e+17,1.1560640218829554e+16,2.4329176620616796e+16,10431532283825.912,30158247242726.63,211131311268105.75,2.429244927766008e+16
