t(s),Total solute volume 1,Total retention volume 1,Total 1 volume 1,Total 2 volume 1,Total 3 volume 1,Total 4 volume 1,Total 5 volume 1,Total 6 volume 1
0,9.391538505657402e+16,3.0079068748722515e+17,1.1560640218829556e+16,1.4241472081799574e+16,101698023194148.8,453505729953170.0,2554997521120429.5,1.7796298885575446e+17
