t(s),Total solute volume 1,Total retention volume 1,Total 1 volume 1,Total 2 volume 1,Total 3 volume 1,Total 4 volume 1,Total 5 volume 1,Total 6 volume 1
0,1.1562292854379274e+18,6.799684783462899e+18,9.470815640223638e+17,3.849586369903471e+18,489944223448801.4,3004414555481503.5,4.872794465666918e+16,7.945652606635639e+17
