t(s),Total solute volume 1,Total retention volume 1,Total 1 volume 1,Total 2 volume 1,Total 3 volume 1,Total 4 volume 1,Total 5 volume 1,Total 6 volume 1
0,6.768171426953814e+17,1.4353740767060441e+19,9.470815640223639e+17,2.2534875290841032e+18,4781063284440123.0,4.537641438893102e+16,6.336347883171917e+17,9.792562265268015e+18
