t(s),Total solute volume 1,Total retention volume 1,Total 1 volume 1,Total 2 volume 1,Total 3 volume 1,Total 4 volume 1,Total 5 volume 1,Total 6 volume 1
0,1.2485206491236938e+19,4.330793398306478e+21,6.290856345856501e+20,3.681406950378977e+21,1.75051534882989e+18,2.166764163393043e+18,1.4617639891844813e+18,2.4365633492093435e+18
