t(s),Total solute volume 1,Total retention volume 1,Total 1 volume 1,Total 2 volume 1,Total 3 volume 1,Total 4 volume 1,Total 5 volume 1,Total 6 volume 1
0,2.1328894422529733e+19,6.631602017731368e+21,6.290856345856501e+20,5.980718300898714e+21,1.1891649190648445e+17,8.468415104655541e+16,7.065729309623831e+16,1.9492988841372822e+17
