t(s),Total solute volume 1,Total retention volume 1,Total 1 volume 1,Total 2 volume 1
0,6.561971943550011e+17,1.8247021066634962e+18,2.6766928604882394e+17,9.008356262596815e+17
