t(s),Total solute volume 1,Total retention volume 1,Total 1 volume 1,Total 2 volume 1
0,3.841154308419529e+17,1.1791070265545953e+18,2.6766928604882394e+17,5.273223096638238e+17
