t(s),Total solute volume 1,Total retention volume 1,Total 1 volume 1,Total 2 volume 1,Total 3 volume 1,Total 4 volume 1,Total 5 volume 1,Total 6 volume 1
0,3.5302772118780864e+17,1.9502252825664102e+19,2.2173507663096877e+17,4.247125719959892e+17,2236110855256219.2,1.6587920846352294e+16,1.8265363093686666e+17,1.8301299793210845e+19
