t(s),Total solute volume 1,Total retention volume 1,Total 1 volume 1,Total 2 volume 1,Total 3 volume 1,Total 4 volume 1,Total 5 volume 1,Total 6 volume 1
0,6.030890236958341e+17,3.351822293380641e+18,2.2173507663096877e+17,7.255463282409612e+17,229263108613882.72,1102056417012975.0,1.498706959281163e+16,1.7851334756944348e+18
