t(s),Total solute volume 1,Total retention volume 1,Total 1 volume 1,Total 2 volume 1
0,2.2349716812900077e+17,4.350017220199462e+17,7.99733013773092e+16,1.3153125251363435e+17
