t(s),Total solute volume 1,Total retention volume 1,Total 1 volume 1,Total 2 volume 1
0,3.818076622203744e+17,6.864797727286892e+17,7.99733013773092e+16,2.2469880913100803e+17
