t(s),Total solute volume 1,Total retention volume 1,Total 1 volume 1,Total 2 volume 1,Total 3 volume 1,Total 4 volume 1,Total 5 volume 1,Total 6 volume 1
0,6.110165178850669e+17,2.070284723663685e+19,7.538773491030419e+17,1.7336694297627313e+18,6183270159628837.0,5.649364365987421e+16,7.737245833833756e+17,1.6767882442683132e+19
