t(s),Total solute volume 1,Total retention volume 1,Total 1 volume 1,Total 2 volume 1,Total 3 volume 1,Total 4 volume 1,Total 5 volume 1,Total 6 volume 1
0,1.0438198847203212e+18,6.196561108567681e+18,7.538773491030418e+17,2.961613368357028e+18,633739256316421.1,3744665197359381.0,6.076595857981989e+16,1.3721061433537994e+18
