t(s),Total solute volume 1,Total retention volume 1,Total 1 volume 1,Total 2 volume 1,Total 3 volume 1,Total 4 volume 1,Total 5 volume 1,Total 6 volume 1
0,3.8340070142403466e+18,2.493418412902681e+20,4.533611706929847e+19,1.916287548066981e+20,2.7974098639869363e+17,2.1388671221657065e+18,2.2810826979171948e+18,3.8432715935488343e+18
