t(s),Total solute volume 1,Total retention volume 1,Total 1 volume 1,Total 2 volume 1,Total 3 volume 1,Total 4 volume 1,Total 5 volume 1,Total 6 volume 1
0,1.7152588772477386e+17,2.098623159745508e+18,4.431341940307482e+16,6.672760546581345e+16,362532623893553.2,2038252594219062.5,1.563066493778531e+16,1.79802479699597e+18
