t(s),Total solute volume 1,Total retention volume 1,Total 1 volume 1,Total 2 volume 1,Total 3 volume 1,Total 4 volume 1,Total 5 volume 1,Total 6 volume 1
0,2.9302339152982e+17,6.916841993227658e+17,4.431341940307482e+16,1.1399288614301397e+17,37175497023154.9,135487165657192.22,1290720836732790.8,2.3889111874743882e+17
