t(s),Total solute volume 1,Total retention volume 1,Total 1 volume 1,Total 2 volume 1,Total 3 volume 1,Total 4 volume 1,Total 5 volume 1,Total 6 volume 1
0,1.0896465516898744e+17,4.504248086029228e+17,1.6105550931134632e+16,2.0848021191923476e+16,131615985284457.45,621473026156393.1,3778362081180884.5,2.999751302182504e+17
