t(s),Total solute volume 1,Total retention volume 1,Total 1 volume 1,Total 2 volume 1,Total 3 volume 1,Total 4 volume 1,Total 5 volume 1,Total 6 volume 1
0,1.8614795258035258e+17,2.791078354063458e+17,1.6105550931134632e+16,3.561535913744106e+16,13498716014779.297,41321273577340.586,312170825000431.44,4.087198194282667e+16
