t(s),Total solute volume 1,Total retention volume 1,Total 1 volume 1,Total 2 volume 1,Total 3 volume 1,Total 4 volume 1,Total 5 volume 1,Total 6 volume 1
0,1.5460920402662884e+18,3.1030522401778295e+19,5.979897840391367e+18,1.873360234042119e+19,1.69279165779393e+16,2.06720069517671e+17,1.3937876543619492e+18,3.1534945402418335e+18
