t(s),Total solute volume 1,Total retention volume 1,Total 1 volume 1,Total 2 volume 1,Total 3 volume 1,Total 4 volume 1,Total 5 volume 1,Total 6 volume 1
0,2.641240568788231e+18,4.095877349791683e+19,5.979897840391367e+18,3.199484310387922e+19,1728597247595946.2,1.3060692224037446e+16,7.564491308980744e+16,2.5235778229647062e+17
