t(s),Total solute volume 1,Total retention volume 1,Total 1 volume 1,Total 2 volume 1,Total 3 volume 1,Total 4 volume 1,Total 5 volume 1,Total 6 volume 1
0,1.2796251387281995e+17,1.5529868216383603e+17,6980090150537523.0,1.3622739088267018e+16,4271949322539.627,11321557648337.602,70583443963999.0,6647162101277166.0
