t(s),Total solute volume 1,Total retention volume 1,Total 1 volume 1,Total 2 volume 1,Total 3 volume 1,Total 4 volume 1,Total 5 volume 1,Total 6 volume 1
0,7.49048861694545e+16,1.3957156052915032e+17,6980090150537523.0,7974287186130815.0,41653679729369.98,170281741310229.8,854285719119972.2,4.864607588286834e+16
