t(s),Total solute volume 1,Total retention volume 1,Total 1 volume 1,Total 2 volume 1,Total 3 volume 1,Total 4 volume 1,Total 5 volume 1,Total 6 volume 1
0,2.399005506587524e+17,7.45790704125745e+18,9.36616297076456e+16,1.5772427002204848e+17,884775332896126.5,5659123947524274.0,5.146982581767974e+16,6.908606865770897e+18
