t(s),Total solute volume 1,Total retention volume 1,Total 1 volume 1,Total 2 volume 1,Total 3 volume 1,Total 4 volume 1,Total 5 volume 1,Total 6 volume 1
0,3.489495779037574e+18,8.062946951241705e+19,1.1130180818752053e+19,6.5303130943887696e+19,7425412014419513.0,5.349304820932457e+16,1.6320654423423133e+17,4.825369662814573e+17
