t(s),Total solute volume 1,Total retention volume 1,Total 1 volume 1,Total 2 volume 1,Total 3 volume 1,Total 4 volume 1,Total 5 volume 1,Total 6 volume 1
0,2.0426316755341617e+18,6.1646526647757636e+19,1.1130180818752053e+19,3.824669850510911e+19,7.306021632799875e+16,8.996348721067346e+17,3.2233342948470047e+18,6.030986265080096e+18
