t(s),Total solute volume 1,Total retention volume 1,Total 1 volume 1,Total 2 volume 1,Total 3 volume 1,Total 4 volume 1,Total 5 volume 1,Total 6 volume 1
0,2.399005506587524e+17,3.5106998253916984e+18,9.36616297076456e+16,1.5772427002204848e+17,383493944039680.1,2453067135393809.0,2.2309645756554624e+16,2.994267168167263e+18
