t(s),Total solute volume 1,Total retention volume 1,Total 1 volume 1,Total 2 volume 1,Total 3 volume 1,Total 4 volume 1,Total 5 volume 1,Total 6 volume 1
0,1.5302805924424387e+17,1.929629608437267e+17,1.0403170291897824e+16,2.15508874098567e+16,3687543211447.5146,10468741125863.414,71534535318049.12,7895153078072893.0
