t(s),Total solute volume 1,Total retention volume 1,Total 1 volume 1,Total 2 volume 1,Total 3 volume 1,Total 4 volume 1,Total 5 volume 1,Total 6 volume 1
0,8.957740053321614e+16,1.7149216476236218e+17,1.040317029189783e+16,1.2615155834536546e+16,35965552690285.81,157515909834925.4,866093404384040.8,5.783686323580197e+16
