t(s),Total solute volume 1,Total retention volume 1,Total 1 volume 1,Total 2 volume 1,Total 3 volume 1,Total 4 volume 1,Total 5 volume 1,Total 6 volume 1
0,2.3091608011640064e+17,3.2257152356598496e+17,2.6047523684028044e+16,6.18908749437171e+16,840074125257.14,2793748037941.4487,23567554264430.805,3689843445410952.0
