t(s),Total solute volume 1,Total retention volume 1,Total 1 volume 1,Total 2 volume 1,Total 3 volume 1,Total 4 volume 1,Total 5 volume 1,Total 6 volume 1
0,1.3517038836082043e+17,2.2504065784456003e+17,2.6047523684028044e+16,3.622882322688759e+16,8195706658315.211,42051789609905.34,285468468039871.6,2.725820660851464e+16
