t(s),Total solute volume 1,Total retention volume 1,Total 1 volume 1,Total 2 volume 1,Total 3 volume 1,Total 4 volume 1,Total 5 volume 1,Total 6 volume 1
0,3.434508319345575e+19,1.76572478488477e+22,1.8076337742290045e+21,1.581487631351659e+22,1.1110685485340834e+17,6.8362939481387224e+16,5.672464836056168e+16,1.5648346612627248e+17
