t(s),Total solute volume 1,Total retention volume 1,Total 1 volume 1,Total 2 volume 1,Total 3 volume 1,Total 4 volume 1,Total 5 volume 1,Total 6 volume 1
0,2.0104438942510703e+19,1.2470921113935498e+22,1.8076337742290042e+21,1.0636512866415753e+22,1.7843741592600348e+18,1.7560663903413814e+18,1.1735782018660874e+18,1.9560155968300503e+18
