t(s),Total solute volume 1,Total retention volume 1,Total 1 volume 1,Total 2 volume 1,Total 3 volume 1,Total 4 volume 1,Total 5 volume 1,Total 6 volume 1
0,1.772257703331625e+18,5.123267520262513e+19,8.108748995498784e+18,2.6581741941542703e+19,7.378454425565104e+16,9.137915744537242e+17,4.564632826710787e+18,9.217717616831856e+18
