t(s),Total solute volume 1,Total retention volume 1,Total 1 volume 1,Total 2 volume 1,Total 3 volume 1,Total 4 volume 1,Total 5 volume 1,Total 6 volume 1
0,3.027606909858182e+18,5.756925659098157e+19,8.108748995498786e+18,4.539357696078196e+19,7520974272195222.0,5.632240816809167e+16,2.3790280412975e+17,7.375775382724396e+17
