t(s),Total solute volume 1,Total retention volume 1,Total 1 volume 1,Total 2 volume 1,Total 3 volume 1,Total 4 volume 1,Total 5 volume 1,Total 6 volume 1
0,6.030890236958341e+17,1.719259946400645e+18,2.2173507663096877e+17,7.255463282409612e+17,21493835870975.207,103319496378343.9,1405062622750818.8,1.67359641877873e+17
