t(s),Total solute volume 1,Total retention volume 1,Total 1 volume 1,Total 2 volume 1,Total 3 volume 1,Total 4 volume 1,Total 5 volume 1,Total 6 volume 1
0,6.561971943550011e+17,3.9536282690366546e+18,2.6766928604882394e+17,9.008356262596815e+17,311394600050228.56,1545806372438190.5,2.1824550594528064e+16,2.1052444108061394e+18
