t(s),Total solute volume 1,Total retention volume 1,Total 1 volume 1,Total 2 volume 1,Total 3 volume 1,Total 4 volume 1,Total 5 volume 1,Total 6 volume 1
0,3.841154308419529e+17,2.4085917273096073e+19,2.6766928604882394e+17,5.273223096638238e+17,3037162899830257.0,2.326960600406403e+16,2.6664694192151306e+17,2.2613856535716033e+19
