t(s),Total solute volume 1,Total retention volume 1,Total 1 volume 1,Total 2 volume 1,Total 3 volume 1,Total 4 volume 1,Total 5 volume 1,Total 6 volume 1
0,1.2852690019555497e+18,8.900016249802025e+18,1.1991975012111887e+18,5.049221861376426e+18,1046788455180407.9,6663783330977840.0,1.0571147579555011e+17,1.252905837677109e+18
