t(s),Total solute volume 1,Total retention volume 1,Total 1 volume 1,Total 2 volume 1,Total 3 volume 1,Total 4 volume 1,Total 5 volume 1,Total 6 volume 1
0,7.523525865105635e+17,2.1958511788227027e+19,1.1991975012111887e+18,2.955764414391274e+18,1.0215635033542328e+16,1.0078539394160555e+17,1.4149259291943117e+18,1.5525270327944516e+19
