t(s),Total solute volume 1,Total retention volume 1,Total 1 volume 1,Total 2 volume 1,Total 3 volume 1,Total 4 volume 1,Total 5 volume 1,Total 6 volume 1
0,9.85717952218855e+16,3.159271234161807e+17,1.2878448802488326e+16,1.6122851276236812e+16,97128734654102.39,441285696149856.94,2548525982756710.0,1.8526708770200614e+17
