t(s),Total solute volume 1,Total retention volume 1,Total 1 volume 1,Total 2 volume 1,Total 3 volume 1,Total 4 volume 1,Total 5 volume 1,Total 6 volume 1
0,1.6839348350405472e+17,2.343409530999799e+17,1.2878448802488326e+16,2.7543198044355056e+16,9961610892303.484,29340621971677.773,210564670461906.3,2.527595584575682e+16
