t(s),Total solute volume 1,Total retention volume 1,Total 1 volume 1,Total 2 volume 1,Total 3 volume 1,Total 4 volume 1,Total 5 volume 1,Total 6 volume 1
0,3.004256454956098e+17,7.221842887594704e+18,1.5471077007747866e+17,2.8081807250400986e+17,731237041183460.8,5099426802605100.0,5.190437569629413e+16,6.428153359977522e+18
