t(s),Total solute volume 1,Total retention volume 1,Total 1 volume 1,Total 2 volume 1,Total 3 volume 1,Total 4 volume 1,Total 5 volume 1,Total 6 volume 1
0,4.5495789518832886e+19,4.520493434483634e+22,1.0574109797244612e+22,3.4581088036988603e+22,1.204241249676711e+18,1.0930157627143528e+18,7.287964122283629e+17,1.2146676592710776e+18
