t(s),Total solute volume 1,Total retention volume 1,Total 1 volume 1,Total 2 volume 1,Total 3 volume 1,Total 4 volume 1,Total 5 volume 1,Total 6 volume 1
0,7.772197376133865e+19,5.045256665833357e+22,1.0574109797244612e+22,3.980048746435125e+22,7.251333004720728e+16,4.250971924916813e+16,3.5225659268616056e+16,9.717426812291142e+16
