t(s),Total solute volume 1,Total retention volume 1,Total 1 volume 1,Total 2 volume 1,Total 3 volume 1,Total 4 volume 1,Total 5 volume 1,Total 6 volume 1
0,3.332883936767457e+17,8.886217272963231e+17,5.905751296626006e+16,1.5858298787719715e+17,43839494990292.43,167878765810713.38,1707438056170067.0,3.3577367645915245e+17
