t(s),Total solute volume 1,Total retention volume 1,Total 1 volume 1,Total 2 volume 1,Total 3 volume 1,Total 4 volume 1,Total 5 volume 1,Total 6 volume 1
0,1.950956450790701e+17,2.953507685252638e+18,5.905751296626006e+16,9.282918675798294e+16,427556411395270.5,2525887065033257.5,2.06846779376944e+16,2.5828872190351754e+18
