t(s),Total solute volume 1,Total retention volume 1,Total 1 volume 1,Total 2 volume 1,Total 3 volume 1,Total 4 volume 1,Total 5 volume 1,Total 6 volume 1
0,1.612352649698545e+17,6.421651960350801e+17,3.860071170759496e+16,5.693890508297374e+16,85039714860903.53,466928433861888.5,3469065382171131.0,3.813692807437581e+17
