t(s),Total solute volume 1,Total retention volume 1,Total 1 volume 1,Total 2 volume 1,Total 3 volume 1,Total 4 volume 1,Total 5 volume 1,Total 6 volume 1
0,1.9607015664959024e+17,3.133328993311005e+17,1.8083672627208548e+16,4.068797579280357e+16,17490227212194.1,54619784830623.625,423758924400532.56,5.799522532505809e+16
