t(s),Total solute volume 1,Total retention volume 1,Total 1 volume 1,Total 2 volume 1,Total 3 volume 1,Total 4 volume 1,Total 5 volume 1,Total 6 volume 1
0,6.768171426953814e+17,1.3044291786793114e+19,9.470815640223639e+17,2.2534875290841032e+18,4183486156376389.0,3.9705069845454936e+16,5.544388675267471e+17,8.568578127462691e+18
