t(s),Total solute volume 1,Total retention volume 1,Total 1 volume 1,Total 2 volume 1,Total 3 volume 1,Total 4 volume 1,Total 5 volume 1,Total 6 volume 1
0,1.1562292854379274e+18,6.693836980020698e+18,9.470815640223638e+17,3.849586369903471e+18,428701557585895.5,2628864616105832.5,4.263698420855837e+16,6.952452102747145e+17
