t(s),Total solute volume 1,Total retention volume 1,Total 1 volume 1,Total 2 volume 1,Total 3 volume 1,Total 4 volume 1,Total 5 volume 1,Total 6 volume 1
0,9.402531052744658e+17,3.0633655304768786e+19,1.9718743661304886e+18,5.234982861726286e+18,2.3637403467290224e+16,2.5226524971474774e+17,3.3292736705729833e+18,1.888136864788255e+19
