t(s),Total solute volume 1,Total retention volume 1,Total 1 volume 1,Total 2 volume 1,Total 3 volume 1,Total 4 volume 1,Total 5 volume 1,Total 6 volume 1
0,1.6062657215105326e+18,1.4282747647858764e+19,1.9718743661304888e+18,8.94244010427008e+18,2421156818287054.5,1.6590389597028352e+16,2.278646407719482e+17,1.5152912687604754e+18
