t(s),Total solute volume 1,Total retention volume 1,Total 1 volume 1,Total 2 volume 1,Total 3 volume 1,Total 4 volume 1,Total 5 volume 1,Total 6 volume 1
0,8.591862577826981e+17,5.339690356367352e+18,4.883330109832728e+17,1.7979335094057503e+18,584103847906573.4,3210840208323006.5,5.014224670111447e+16,2.1403003874382915e+18
