t(s),Total solute volume 1,Total retention volume 1,Total 1 volume 1,Total 2 volume 1,Total 3 volume 1,Total 4 volume 1,Total 5 volume 1,Total 6 volume 1
0,5.0293829723865024e+17,2.808392043694944e+19,4.883330109832728e+17,1.0524643962722104e+18,5697739297605348.0,4.837499188747054e+16,6.224679103859707e+17,2.536364409088427e+19
