t(s),Total solute volume 1,Total retention volume 1,Total 1 volume 1,Total 2 volume 1,Total 3 volume 1,Total 4 volume 1,Total 5 volume 1,Total 6 volume 1
0,1.1562292854379274e+18,6.376292469366855e+18,9.470815640223638e+17,3.849586369903471e+18,244972939310937.84,1502211575028835.8,2.4364046920459668e+16,3.9728401856832403e+17
