t(s),Total solute volume 1,Total retention volume 1,Total 1 volume 1,Total 2 volume 1,Total 3 volume 1,Total 4 volume 1,Total 5 volume 1,Total 6 volume 1
0,6.768171426953814e+17,9.115781421688655e+18,9.470815640223639e+17,2.2534875290841032e+18,2390659150157934.0,2.2689823864036336e+16,3.168366584639023e+17,4.896478044408719e+18
