t(s),Total solute volume 1,Total retention volume 1,Total 1 volume 1,Total 2 volume 1,Total 3 volume 1,Total 4 volume 1,Total 5 volume 1,Total 6 volume 1
0,2.7544357765683786e+17,6.826644266574534e+17,3.860071170759496e+16,9.727055195100427e+16,46077073268717.58,163983002929450.7,1513698041523320.0,2.696258272242966e+17
