t(s),Total solute volume 1,Total retention volume 1,Total 1 volume 1,Total 2 volume 1,Total 3 volume 1,Total 4 volume 1,Total 5 volume 1,Total 6 volume 1
0,1.612352649698545e+17,2.2929756453571272e+18,3.860071170759496e+16,5.693890508297374e+16,449244715429864.4,2466210157078387.5,1.8324820636756616e+16,2.0149604880874604e+18
