t(s),Total solute volume 1,Total retention volume 1,Total 1 volume 1,Total 2 volume 1,Total 3 volume 1,Total 4 volume 1,Total 5 volume 1,Total 6 volume 1
0,1.1999214403838232e+20,1.1034960257226955e+23,6.1524972335763196e+22,4.870349495676083e+22,3.2649515585371994e+17,2.939891144838584e+17,1.959941233535089e+17,3.2665731215371923e+17
