t(s),Total solute volume 1,Total retention volume 1,Total 1 volume 1,Total 2 volume 1,Total 3 volume 1,Total 4 volume 1,Total 5 volume 1,Total 6 volume 1
0,2.0498657939890205e+20,1.1119347071314007e+23,6.1524972335763196e+22,4.946344516545733e+22,1.9593798546357804e+16,1.1432990702528368e+16,9473084635035226.0,2.6132646834485532e+16
