t(s),Total solute volume 1,Total retention volume 1,Total 1 volume 1,Total 2 volume 1,Total 3 volume 1,Total 4 volume 1,Total 5 volume 1,Total 6 volume 1
0,7.82153398870977e+16,1.228163959744342e+17,7687035129498279.0,8909437720794750.0,21738139931395.355,90366809376038.03,463495840122241.56,2.7428982447613108e+16
