t(s),Total solute volume 1,Total retention volume 1,Total 1 volume 1,Total 2 volume 1,Total 3 volume 1,Total 4 volume 1,Total 5 volume 1,Total 6 volume 1
0,1.3361787230712443e+17,1.603183397086305e+17,7687035129498279.0,1.522028754057002e+16,2228745096493.866,6005685113357.306,38281463763650.01,3746628837464505.0
