t(s),Total solute volume 1,Total retention volume 1,Total 1 volume 1,Total 2 volume 1,Total 3 volume 1,Total 4 volume 1,Total 5 volume 1,Total 6 volume 1
0,4.443246134384989e+19,2.6909494059102057e+22,3.1834588077439205e+21,2.3681226433136985e+22,1.08683504741672e+17,6.502947301135924e+16,5.3914278257977704e+16,1.487296212938063e+17
