t(s),Total solute volume 1,Total retention volume 1,Total 1 volume 1,Total 2 volume 1,Total 3 volume 1,Total 4 volume 1,Total 5 volume 1,Total 6 volume 1
0,2.600924566469286e+19,2.0417578998266765e+22,3.1834588077439205e+21,1.7201685979806866e+22,1.7790076190052372e+18,1.6714212160219292e+18,1.1154409983063236e+18,1.8590952181911585e+18
