t(s),Total solute volume 1,Total retention volume 1,Total 1 volume 1,Total 2 volume 1,Total 3 volume 1,Total 4 volume 1,Total 5 volume 1,Total 6 volume 1
0,6.030890236958341e+17,1.775556295766856e+18,2.2173507663096877e+17,7.255463282409612e+17,28658428543078.176,137759250007418.4,1873415687858593.8,2.231460338326763e+17
