t(s),Total solute volume 1,Total retention volume 1,Total 1 volume 1,Total 2 volume 1,Total 3 volume 1,Total 4 volume 1,Total 5 volume 1,Total 6 volume 1
0,3.5302772118780864e+17,3.312844326188151e+18,2.2173507663096877e+17,4.247125719959892e+17,279597009578978.2,2074314158090194.0,2.2839446941938596e+16,2.288175598263778e+18
