t(s),Total solute volume 1,Total retention volume 1,Total 1 volume 1,Total 2 volume 1,Total 3 volume 1,Total 4 volume 1,Total 5 volume 1,Total 6 volume 1
0,2.0861979911880643e+17,2.554586183114021e+18,6.858169948084933e+16,1.1023516579767e+17,323899222702522.9,1963536282784348.5,1.6636939114851766e+16,2.1482251440963325e+18
