t(s),Total solute volume 1,Total retention volume 1,Total 1 volume 1,Total 2 volume 1,Total 3 volume 1,Total 4 volume 1,Total 5 volume 1,Total 6 volume 1
0,3.563921568279588e+17,8.895192073868221e+17,6.858169948084933e+16,1.8831811750643e+17,33206547440969.33,130477605884676.06,1372825883576732.2,2.7469072353468534e+17
