t(s),Total solute volume 1,Total retention volume 1,Total 1 volume 1,Total 2 volume 1,Total 3 volume 1,Total 4 volume 1,Total 5 volume 1,Total 6 volume 1
0,2.445311007127456e+17,4.619783679755207e+17,2.9598370758294e+16,7.168383321791445e+16,23866905158259.14,81139795207732.2,704822267832044.9,1.153552343183659e+17
