t(s),Total solute volume 1,Total retention volume 1,Total 1 volume 1,Total 2 volume 1,Total 3 volume 1,Total 4 volume 1,Total 5 volume 1,Total 6 volume 1
0,1.710368165630296e+19,3.980862072792041e+21,3.850111262848305e+20,3.5784575145069694e+21,6.52138060995238e+16,5.397986704457228e+16,4.537788480815348e+16,1.251787859748572e+17
