t(s),Total solute volume 1,Total retention volume 1,Total 1 volume 1,Total 2 volume 1,Total 3 volume 1,Total 4 volume 1,Total 5 volume 1,Total 6 volume 1
0,1.001191121344553e+19,2.557808793386593e+21,3.850111262848305e+20,2.1580146193043675e+21,8.935255446909791e+17,1.373895168249142e+18,9.387303622658925e+17,1.5649855087807583e+18
