t(s),Total solute volume 1,Total retention volume 1,Total 1 volume 1,Total 2 volume 1,Total 3 volume 1,Total 4 volume 1,Total 5 volume 1,Total 6 volume 1
0,1.5460920402662884e+18,4.110155664429999e+19,5.979897840391367e+18,1.873360234042119e+19,5.266093647157021e+16,6.430688609121879e+17,4.335881635100016e+18,9.81035299073729e+18
