t(s),Total solute volume 1,Total retention volume 1,Total 1 volume 1,Total 2 volume 1,Total 3 volume 1,Total 4 volume 1,Total 5 volume 1,Total 6 volume 1
0,2.641240568788231e+18,4.1682440735635735e+19,5.979897840391367e+18,3.199484310387922e+19,5377834218363568.0,4.0633111880398824e+16,2.3533878236379757e+17,7.851094941142175e+17
