t(s),Total solute volume 1,Total retention volume 1,Total 1 volume 1,Total 2 volume 1,Total 3 volume 1,Total 4 volume 1,Total 5 volume 1,Total 6 volume 1
0,1.0446784147997133e+17,1.1999071674541234e+17,4439458008290587.5,8097793286123659.0,2715888236804.1777,6657461521851.274,37405396754899.38,2938845224513217.5
