t(s),Total solute volume 1,Total retention volume 1,Total 1 volume 1,Total 2 volume 1,Total 3 volume 1,Total 4 volume 1,Total 5 volume 1,Total 6 volume 1
0,6.1151907207788056e+16,9.240894275356565e+16,4439458008290587.5,4740171994361016.0,26478913482508.465,100119070468547.1,452673959252760.6,2.1498133599922716e+16
