t(s),Total solute volume 1,Total retention volume 1,Total 1 volume 1,Total 2 volume 1,Total 3 volume 1,Total 4 volume 1,Total 5 volume 1,Total 6 volume 1
0,7.82153398870977e+16,2.0365110950295302e+17,7687035129498278.0,8909437720794750.0,84468591478364.92,351045537885543.0,1800816158590753.5,1.0660296647760824e+17
