t(s),Total solute volume 1,Total retention volume 1,Total 1 volume 1,Total 2 volume 1,Total 3 volume 1,Total 4 volume 1,Total 5 volume 1,Total 6 volume 1
0,4.443246134384989e+19,2.6909192973672887e+22,3.1834588077439205e+21,2.3681226433136985e+22,2.1736722500965116e+16,1.3005905522067898e+16,1.0782865340808034e+16,2.9745954769827484e+16
