t(s),Total solute volume 1,Total retention volume 1,Total 1 volume 1,Total 2 volume 1,Total 3 volume 1,Total 4 volume 1,Total 5 volume 1,Total 6 volume 1
0,5.88665732355986e+16,9.019018317918915e+16,4077840541915392.0,4299130609532137.0,29435118152215.914,109671886955758.02,486291389162829.8,2.232124039787152e+16
