t(s),Total solute volume 1,Total retention volume 1,Total 1 volume 1,Total 2 volume 1,Total 3 volume 1,Total 4 volume 1,Total 5 volume 1,Total 6 volume 1
0,1.0056372927748115e+17,1.150882650275562e+17,4077840541915392.0,7344347682422831.0,3019588499714.7686,7294295574354.274,40190829594978.18,3051842812066471.0
