t(s),Total solute volume 1,Total retention volume 1,Total 1 volume 1,Total 2 volume 1,Total 3 volume 1,Total 4 volume 1,Total 5 volume 1,Total 6 volume 1
0,4.7566518870554744e+16,5.514594122034222e+16,2534742031225782.5,2489019978208205.5,4773853765092.978,16390243734042.28,65142757719584.14,2469353485134822.0
