t(s),Total solute volume 1,Total retention volume 1,Total 1 volume 1,Total 2 volume 1,Total 3 volume 1,Total 4 volume 1,Total 5 volume 1,Total 6 volume 1
0,8.125946973719792e+16,8.839076375781942e+16,2534742031225782.5,4252075647885005.0,489442647159.3635,1089262132886.4354,5380343972315.005,337517292758531.94
