t(s),Total solute volume 1,Total retention volume 1,Total 1 volume 1,Total 2 volume 1,Total 3 volume 1,Total 4 volume 1,Total 5 volume 1,Total 6 volume 1
0,1.194648755498281e+18,2.267096210212038e+19,3.364073161464839e+18,9.67235389752105e+18,1.5907985471400538e+16,1.8310268170301386e+17,1.9300485564162954e+18,6.310827064045367e+18
