t(s),Total solute volume 1,Total retention volume 1,Total 1 volume 1,Total 2 volume 1,Total 3 volume 1,Total 4 volume 1,Total 5 volume 1,Total 6 volume 1
0,9.367034766423861e+18,9.19971250540355e+20,1.00671705467033e+20,8.092422388220477e+20,7.32648942564614e+16,1.3852177219294251e+17,1.2715230689480226e+17,3.5133251150658144e+17
