t(s),Total solute volume 1,Total retention volume 1,Total 1 volume 1,Total 2 volume 1,Total 3 volume 1,Total 4 volume 1,Total 5 volume 1,Total 6 volume 1
0,5.483142302296937e+18,5.941770345955698e+20,1.00671705467033e+20,4.768663777774877e+20,8.078883788279378e+17,3.3288300682554307e+18,2.6276110005232737e+18,4.3914796011485537e+18
