t(s),Total solute volume 1,Total retention volume 1,Total 1 volume 1,Total 2 volume 1,Total 3 volume 1,Total 4 volume 1,Total 5 volume 1,Total 6 volume 1
0,6.357639040862142e+16,1.1301169919326206e+17,4841705944743442.0,5237103708245424.0,44065506644827.195,169106362761572.6,780039348351282.9,3.836328791389521e+16
