t(s),Total solute volume 1,Total retention volume 1,Total 1 volume 1,Total 2 volume 1,Total 3 volume 1,Total 4 volume 1,Total 5 volume 1,Total 6 volume 1
0,5.274852243967814e+16,7.141171710812144e+16,3192384722575143.5,3244736830869188.5,19033536444400.004,67988059529643.695,284962013694418.7,1.1854089505330372e+16
