t(s),Total solute volume 1,Total retention volume 1,Total 1 volume 1,Total 2 volume 1,Total 3 volume 1,Total 4 volume 1,Total 5 volume 1,Total 6 volume 1
0,9.011205916778291e+16,1.0049831342830155e+17,3192384722575143.5,5543091834178185.0,1952375724916.6958,4521355781295.5625,23549102499836.56,1620754869759625.2
