t(s),Total solute volume 1,Total retention volume 1,Total 1 volume 1,Total 2 volume 1,Total 3 volume 1,Total 4 volume 1,Total 5 volume 1,Total 6 volume 1
0,4.920172616987362e+16,5.562443013721728e+16,2733248773475387.0,2714355750467661.0,1716333897795.843,5970217450358.4,24142540685272.54,943270351366709.1
