t(s),Total solute volume 1,Total retention volume 1,Total 1 volume 1,Total 2 volume 1,Total 3 volume 1,Total 4 volume 1,Total 5 volume 1,Total 6 volume 1
0,8.405294887353384e+16,9.15546990463175e+16,2733248773475387.0,4637024230775945.0,175938552147.16736,396676579064.66974,1993617287613.2834,128910936113207.42
