t(s),Total solute volume 1,Total retention volume 1,Total 1 volume 1,Total 2 volume 1,Total 3 volume 1,Total 4 volume 1,Total 5 volume 1,Total 6 volume 1
0,3.242824340493574e+18,1.6829885486955758e+20,3.120606282469643e+19,1.2489632049785533e+20,1.9808839400154122e+17,1.8760557179973711e+18,2.54677921406076e+18,4.33272388045343e+18
