t(s),Total solute volume 1,Total retention volume 1,Total 1 volume 1,Total 2 volume 1,Total 3 volume 1,Total 4 volume 1,Total 5 volume 1,Total 6 volume 1
0,5.539824915009872e+18,2.5032128835680168e+20,3.120606282469643e+19,2.1299199081623975e+20,1.9667997723299452e+16,9.296289391345432e+16,1.2414714947171149e+17,3.466317597460832e+17
