t(s),Total solute volume 1,Total retention volume 1,Total 1 volume 1,Total 2 volume 1,Total 3 volume 1,Total 4 volume 1,Total 5 volume 1,Total 6 volume 1
0,3.434508319345575e+19,1.7657169313345852e+22,1.8076337742290045e+21,1.581487631351659e+22,8.888550706458178e+16,5.4690363663130184e+16,4.537972941418742e+16,1.2518680667630234e+17
