t(s),Total solute volume 1,Total retention volume 1,Total 1 volume 1,Total 2 volume 1,Total 3 volume 1,Total 4 volume 1,Total 5 volume 1,Total 6 volume 1
0,4.920172616987362e+16,6.634192574817823e+16,2733248773475387.0,2714355750467661.0,20576292958106.91,71551031040110.75,289394410966899.5,1.131107331939671e+16
