t(s),Total solute volume 1,Total retention volume 1,Total 1 volume 1,Total 2 volume 1,Total 3 volume 1,Total 4 volume 1,Total 5 volume 1,Total 6 volume 1
0,1.5180265269236467e+17,1.018001029135465e+18,3.3743667340789536e+16,4.87842065642926e+16,191092942469673.56,1025119486753581.0,7385297624332301.0,7.750689924844653e+17
