t(s),Total solute volume 1,Total retention volume 1,Total 1 volume 1,Total 2 volume 1,Total 3 volume 1,Total 4 volume 1,Total 5 volume 1,Total 6 volume 1
0,2.5932953168279194e+17,4.813403380474033e+17,3.3743667340789536e+16,8.333962927494267e+16,19593366981213.566,68132909171779.26,609870936091587.4,1.0422991253663248e+17
