t(s),Total solute volume 1,Total retention volume 1,Total 1 volume 1,Total 2 volume 1,Total 3 volume 1,Total 4 volume 1,Total 5 volume 1,Total 6 volume 1
0,4.5495789518832886e+19,4.52025421570672e+22,1.0574109797244612e+22,3.4581088036988603e+22,5.2492945903108966e+17,4.764473591774408e+17,3.176830994753217e+17,5.294733974585476e+17
