t(s),Total solute volume 1,Total retention volume 1,Total 1 volume 1,Total 2 volume 1,Total 3 volume 1,Total 4 volume 1,Total 5 volume 1,Total 6 volume 1
0,7.772197376133865e+19,5.0452427086446176e+22,1.0574109797244612e+22,3.980048746435126e+22,3.1608389074741636e+16,1.852988478894556e+16,1.535478090951202e+16,4.23580343264421e+16
