t(s),Total solute volume 1,Total retention volume 1,Total 1 volume 1,Total 2 volume 1,Total 3 volume 1,Total 4 volume 1,Total 5 volume 1,Total 6 volume 1
0,3.2527447322874304e+17,1.355269128437115e+19,1.8471874136236307e+17,3.4428597201944646e+17,1455186516679115.0,1.0461695855374428e+16,1.1072522011524347e+17,1.2575769995273327e+19
