t(s),Total solute volume 1,Total retention volume 1,Total 1 volume 1,Total 2 volume 1,Total 3 volume 1,Total 4 volume 1,Total 5 volume 1,Total 6 volume 1
0,5.556772250990977e+17,2.6281067644829025e+18,1.8471874136236307e+17,5.881523663147372e+17,149190219755244.88,695061766864271.8,9100834299785310.0,1.2896133454202972e+18
