t(s),Total solute volume 1,Total retention volume 1,Total 1 volume 1,Total 2 volume 1,Total 3 volume 1,Total 4 volume 1,Total 5 volume 1,Total 6 volume 1
0,1.0536084069480294e+20,6.4718311486777104e+22,1.961934451448198e+22,4.49934784566537e+22,3.7497002067385544e+16,2.191768182729074e+16,1.8160986202763304e+16,5.009927692037257e+16
