t(s),Total solute volume 1,Total retention volume 1,Total 1 volume 1,Total 2 volume 1,Total 3 volume 1,Total 4 volume 1,Total 5 volume 1,Total 6 volume 1
0,2.1328894422529733e+19,6.631435531898822e+21,6.290856345856501e+20,5.980718300898713e+21,7.672036158107048e+16,5.46349628256027e+16,4.558537419699614e+16,1.2576129332058845e+17
