t(s),Total solute volume 1,Total retention volume 1,Total 1 volume 1,Total 2 volume 1,Total 3 volume 1,Total 4 volume 1,Total 5 volume 1,Total 6 volume 1
0,1.2485206491236938e+19,4.3280201773986496e+21,6.290856345856501e+20,3.6814069503789776e+21,1.1293750195360014e+18,1.3979293597551839e+18,9.430833278871057e+17,1.571998235565446e+18
