t(s),Total solute volume 1,Total retention volume 1,Total 1 volume 1,Total 2 volume 1,Total 3 volume 1,Total 4 volume 1,Total 5 volume 1,Total 6 volume 1
0,9.402531052744658e+17,9.922631672680931e+18,1.9718743661304888e+18,5.234982861726286e+18,1866454962415754.5,1.9920584482704636e+16,2.6289265582356058e+17,1.4908416442810194e+18
