t(s),Total solute volume 1,Total retention volume 1,Total 1 volume 1,Total 2 volume 1,Total 3 volume 1,Total 4 volume 1,Total 5 volume 1,Total 6 volume 1
0,7.523525865105635e+17,2.7641245743366107e+19,1.1991975012111887e+18,2.955764414391274e+18,1.362008912816203e+16,1.343705409867042e+17,1.8864482893897864e+18,2.0699492321748345e+19
