t(s),Total solute volume 1,Total retention volume 1,Total 1 volume 1,Total 2 volume 1,Total 3 volume 1,Total 4 volume 1,Total 5 volume 1,Total 6 volume 1
0,1.2852690019555497e+18,9.355452307424342e+18,1.1991975012111887e+18,5.049221861376426e+18,1395713022713419.8,8885017933285752.0,1.4094818434630363e+17,1.6705350275788334e+18
