t(s),Total solute volume 1,Total retention volume 1,Total 1 volume 1,Total 2 volume 1,Total 3 volume 1,Total 4 volume 1,Total 5 volume 1,Total 6 volume 1
0,9.391538505657402e+16,1.7794266309777216e+17,1.1560640218829554e+16,1.4241472081799574e+16,32705674615705.973,145871111011142.84,821736773437659.5,5.722485218150529e+16
