t(s),Total solute volume 1,Total retention volume 1,Total 1 volume 1,Total 2 volume 1,Total 3 volume 1,Total 4 volume 1,Total 5 volume 1,Total 6 volume 1
0,3.2527447322874304e+17,9.489789143495873e+18,1.8471874136236307e+17,3.4428597201944646e+17,989616002447972.1,7114809560213824.0,7.530088441005043e+16,8.552104646912649e+18
