t(s),Total solute volume 1,Total retention volume 1,Total 1 volume 1,Total 2 volume 1,Total 3 volume 1,Total 4 volume 1,Total 5 volume 1,Total 6 volume 1
0,5.556772250990977e+17,2.2122532796441265e+18,1.8471874136236307e+17,5.881523663147372e+17,101449928536941.83,472644286053984.25,6188599338261202.0,8.769422533150733e+17
