t(s),Total solute volume 1,Total retention volume 1,Total 1 volume 1,Total 2 volume 1,Total 3 volume 1,Total 4 volume 1,Total 5 volume 1,Total 6 volume 1
0,2.781149916601816e+17,8.520733740121325e+18,1.3024520054842829e+17,2.3040703518610144e+17,902657640202472.2,6110988662533692.0,5.98620858538458e+16,7.815090780570038e+18
