t(s),Total solute volume 1,Total retention volume 1,Total 1 volume 1,Total 2 volume 1,Total 3 volume 1,Total 4 volume 1,Total 5 volume 1,Total 6 volume 1
0,4.751131107528108e+17,1.8871194649791053e+18,1.3024520054842829e+17,3.9361074833054605e+17,92544190188146.16,406054842322996.8,4931029279747615.0,8.827207770350684e+17
