t(s),Total solute volume 1,Total retention volume 1,Total 1 volume 1,Total 2 volume 1,Total 3 volume 1,Total 4 volume 1,Total 5 volume 1,Total 6 volume 1
0,2.641240568788231e+18,4.092068557648358e+19,5.979897840391367e+18,3.199484310387922e+19,1536531245930596.5,1.160950649714942e+16,6.7239936993655384e+16,2.2431808868793834e+17
