t(s),Total solute volume 1,Total retention volume 1,Total 1 volume 1,Total 2 volume 1,Total 3 volume 1,Total 4 volume 1,Total 5 volume 1,Total 6 volume 1
0,1.5460920402662884e+18,3.0500432993237533e+19,5.979897840391367e+18,1.873360234042119e+19,1.5047092494327648e+16,1.8375207892255555e+17,1.238927572225296e+18,2.803114028516471e+18
