t(s),Total solute volume 1,Total retention volume 1,Total 1 volume 1,Total 2 volume 1,Total 3 volume 1,Total 4 volume 1,Total 5 volume 1,Total 6 volume 1
0,2.0426316755341617e+18,6.505526386609981e+19,1.1130180818752053e+19,3.82466985051091e+19,9.741156006117363e+16,1.1994792482176886e+18,4.297675366282311e+18,8.041186692142739e+18
