t(s),Total solute volume 1,Total retention volume 1,Total 1 volume 1,Total 2 volume 1,Total 3 volume 1,Total 4 volume 1,Total 5 volume 1,Total 6 volume 1
0,3.489495779037574e+18,8.086502227728954e+19,1.1130180818752053e+19,6.53031309438877e+19,9900536080636228.0,7.132398331761187e+16,2.176084612956708e+17,6.43381754917906e+17
