t(s),Total solute volume 1,Total retention volume 1,Total 1 volume 1,Total 2 volume 1,Total 3 volume 1,Total 4 volume 1,Total 5 volume 1,Total 6 volume 1
0,1.355755053821572e+18,2.357670756251004e+19,4.460907519859345e+18,1.337749223333267e+19,1.1241094456221036e+16,1.337371429880864e+17,1.159885719602084e+18,3.0776887984500224e+18
