t(s),Total solute volume 1,Total retention volume 1,Total 1 volume 1,Total 2 volume 1,Total 3 volume 1,Total 4 volume 1,Total 5 volume 1,Total 6 volume 1
0,3.434508319345575e+19,1.7656900048464665e+22,1.8076337742290045e+21,1.581487631351659e+22,1.2697940935045554e+16,7812915010503507.0,6482823741169501.0,1.7883846068202724e+16
