t(s),Total solute volume 1,Total retention volume 1,Total 1 volume 1,Total 2 volume 1,Total 3 volume 1,Total 4 volume 1,Total 5 volume 1,Total 6 volume 1
0,6.549761982660554e+18,3.793085610221071e+20,4.533611706929847e+19,3.264895769282699e+20,4.6746138322520344e+16,1.6940452306008723e+17,1.8986079574136675e+17,5.2709358475484474e+17
