t(s),Total solute volume 1,Total retention volume 1,Total 1 volume 1,Total 2 volume 1,Total 3 volume 1,Total 4 volume 1,Total 5 volume 1,Total 6 volume 1
0,3.8340070142403466e+18,2.5544352596466e+20,4.533611706929847e+19,1.916287548066981e+20,4.795421194795114e+17,3.666487812218765e+18,3.9102986669118275e+18,6.58831847581232e+18
