t(s),Total solute volume 1,Total retention volume 1,Total 1 volume 1,Total 2 volume 1,Total 3 volume 1,Total 4 volume 1,Total 5 volume 1,Total 6 volume 1
0,7.49048861694545e+16,1.7617197419691053e+17,6980090150537523.0,7974287186130815.0,72313249140854.6,295574435794691.94,1482996948611568.2,8.446182605724026e+16
