t(s),Total solute volume 1,Total retention volume 1,Total 1 volume 1,Total 2 volume 1,Total 3 volume 1,Total 4 volume 1,Total 5 volume 1,Total 6 volume 1
0,4.5495789518832886e+19,4.520199847302317e+22,1.0574109797244612e+22,3.4581088036988603e+22,3.7053904906931315e+17,3.363165194518408e+17,2.2424731280398435e+17,3.737463895430359e+17
