t(s),Total solute volume 1,Total retention volume 1,Total 1 volume 1,Total 2 volume 1,Total 3 volume 1,Total 4 volume 1,Total 5 volume 1,Total 6 volume 1
0,7.772197376133865e+19,5.045239536554528e+22,1.0574109797244612e+22,3.980048746435125e+22,2.2311806369142036e+16,1.3079919824418748e+16,1.0838669897066556e+16,2.989979214750949e+16
