t(s),Total solute volume 1,Total retention volume 1,Total 1 volume 1,Total 2 volume 1,Total 3 volume 1,Total 4 volume 1,Total 5 volume 1,Total 6 volume 1
0,2.7620042352160896e+18,1.2031944063940839e+20,2.1816306119850037e+19,8.283158743020675e+19,1.9451467499513197e+17,2.1257988955932022e+18,3.877744481760356e+18,6.711484801786574e+18
