t(s),Total solute volume 1,Total retention volume 1,Total 1 volume 1,Total 2 volume 1,Total 3 volume 1,Total 4 volume 1,Total 5 volume 1,Total 6 volume 1
0,2.1836778534678442e+17,3.3678300299716954e+17,2.2995109404381096e+16,5.36299248106901e+16,10381437015478.715,33790752083678.707,277020457118989.34,4.146899078909535e+16
