t(s),Total solute volume 1,Total retention volume 1,Total 1 volume 1,Total 2 volume 1,Total 3 volume 1,Total 4 volume 1,Total 5 volume 1,Total 6 volume 1
0,1.2782504508104443e+17,4.917908563282399e+17,2.2995109404381096e+16,3.139314052066766e+16,101253366643302.05,508433619215517.4,3354336279948603.0,3.0561353805633325e+17
