t(s),Total solute volume 1,Total retention volume 1,Total 1 volume 1,Total 2 volume 1,Total 3 volume 1,Total 4 volume 1,Total 5 volume 1,Total 6 volume 1
0,2.067829880351787e+17,2.834086420153559e+17,2.0362204049155636e+16,4.663428171230368e+16,2626252619485.9746,8370910114275.209,66737675391703.21,9551433380592798.0
