t(s),Total solute volume 1,Total retention volume 1,Total 1 volume 1,Total 2 volume 1,Total 3 volume 1,Total 4 volume 1,Total 5 volume 1,Total 6 volume 1
0,1.2104370031327629e+17,2.3994853667564224e+17,2.036220404915564e+16,2.7298126560537492e+16,25619835732223.723,125987819615293.31,808269924793479.1,7.028462817253399e+16
