t(s),Total solute volume 1,Total retention volume 1,Total 1 volume 1,Total 2 volume 1,Total 3 volume 1,Total 4 volume 1,Total 5 volume 1,Total 6 volume 1
0,2.067829880351787e+17,3.1470264265863514e+17,2.0362204049155636e+16,4.663428171230368e+16,11161363535477.963,35575800929630.1,283630281988255.4,4.059280141554452e+16
