t(s),Total solute volume 1,Total retention volume 1,Total 1 volume 1,Total 2 volume 1,Total 3 volume 1,Total 4 volume 1,Total 5 volume 1,Total 6 volume 1
0,5.831083637207589e+19,3.810653957856605e+22,5.744900751039818e+21,3.230313354759354e+22,5.671843196455899e+16,3.3468611516861104e+16,2.773794514272603e+16,7.651857188485338e+16
