t(s),Total solute volume 1,Total retention volume 1,Total 1 volume 1,Total 2 volume 1,Total 3 volume 1,Total 4 volume 1,Total 5 volume 1,Total 6 volume 1
0,3.4133172510483444e+19,3.1502815256796927e+22,5.744900751039818e+21,2.57204529767919e+22,9.375394458856705e+17,8.604598033242595e+17,5.738816869598252e+17,9.564755186488031e+17
