t(s),Total solute volume 1,Total retention volume 1,Total 1 volume 1,Total 2 volume 1,Total 3 volume 1,Total 4 volume 1,Total 5 volume 1,Total 6 volume 1
0,2.3160815502785014e+18,3.0270729656541573e+19,4.460907519859345e+18,2.284893514595476e+19,2298550580958973.0,1.7183488863209872e+16,1.3261959050791301e+17,4.927038104967436e+17
