t(s),Total solute volume 1,Total retention volume 1,Total 1 volume 1,Total 2 volume 1,Total 3 volume 1,Total 4 volume 1,Total 5 volume 1,Total 6 volume 1
0,1.355755053821572e+18,2.7959011677861982e+19,4.460907519859345e+18,1.337749223333267e+19,2.2481459651461384e+16,2.6746269545146374e+17,2.319685658327442e+18,6.155227057418012e+18
