t(s),Total solute volume 1,Total retention volume 1,Total 1 volume 1,Total 2 volume 1,Total 3 volume 1,Total 4 volume 1,Total 5 volume 1,Total 6 volume 1
0,9.566309649021271e+17,4.1170450643350897e+18,6.205788698891987e+17,2.368112616809924e+18,60192164536787.69,344409678809294.75,5522341913079679.0,1.6579566897742458e+17
