t(s),Total solute volume 1,Total retention volume 1,Total 1 volume 1,Total 2 volume 1,Total 3 volume 1,Total 4 volume 1,Total 5 volume 1,Total 6 volume 1
0,5.599791014061281e+17,4.64656891914169e+18,6.205788698891987e+17,1.3862391755847913e+18,587340283512883.8,5193730136169322.0,6.939716304082921e+16,2.0045935388010668e+18
