t(s),Total solute volume 1,Total retention volume 1,Total 1 volume 1,Total 2 volume 1,Total 3 volume 1,Total 4 volume 1,Total 5 volume 1,Total 6 volume 1
0,1.2782504508104443e+17,9.117005194601628e+17,2.2995109404381096e+16,3.1393140520667656e+16,238569013988508.56,1197782451126220.5,7902887324559870.0,7.201479856644037e+17
