t(s),Total solute volume 1,Total retention volume 1,Total 1 volume 1,Total 2 volume 1,Total 3 volume 1,Total 4 volume 1,Total 5 volume 1,Total 6 volume 1
0,2.1836778534678442e+17,3.9349555851008346e+17,2.2995109404381096e+16,5.36299248106901e+16,24469882679891.684,79647845469064.81,652961135241920.8,9.7745660084838e+16
