t(s),Total solute volume 1,Total retention volume 1,Total 1 volume 1,Total 2 volume 1,Total 3 volume 1,Total 4 volume 1,Total 5 volume 1,Total 6 volume 1
0,4.584145573095851e+17,1.6369227322068734e+19,3.971127163555371e+17,8.29827887724081e+17,2629708390135301.0,2.15552963496124e+16,2.6722022273821677e+17,1.4392466933201572e+19
