t(s),Total solute volume 1,Total retention volume 1,Total 1 volume 1,Total 2 volume 1,Total 3 volume 1,Total 4 volume 1,Total 5 volume 1,Total 6 volume 1
0,7.831248687372006e+17,3.8663556527373143e+18,3.971127163555371e+17,1.417606166617462e+18,269563269986684.44,1430988813917739.0,2.1679565016026852e+16,1.2451317839271734e+18
