t(s),Total solute volume 1,Total retention volume 1,Total 1 volume 1,Total 2 volume 1,Total 3 volume 1,Total 4 volume 1,Total 5 volume 1,Total 6 volume 1
0,2.5802946377090512e+17,2.593313449549656e+18,1.1018915844204802e+17,1.9011722470774906e+17,242991820887566.84,1598481257678595.2,1.5080818092629436e+16,2.0180553114577513e+18
