t(s),Total solute volume 1,Total retention volume 1,Total 1 volume 1,Total 2 volume 1,Total 3 volume 1,Total 4 volume 1,Total 5 volume 1,Total 6 volume 1
0,4.408003339419685e+17,1.1145823944018904e+18,1.1018915844204802e+17,3.2478272745253523e+17,24908348458915.18,106192965579081.48,1242837870255081.0,2.374362353810489e+17
