t(s),Total solute volume 1,Total retention volume 1,Total 1 volume 1,Total 2 volume 1,Total 3 volume 1,Total 4 volume 1,Total 5 volume 1,Total 6 volume 1
0,2.7620042352160896e+18,1.198743143469362e+20,2.1816306119850037e+19,8.283158743020675e+19,1.8780772994184186e+17,2.0525021652753756e+18,3.7440395533876844e+18,6.480067113058016e+18
