t(s),Total solute volume 1,Total retention volume 1,Total 1 volume 1,Total 2 volume 1,Total 3 volume 1,Total 4 volume 1,Total 5 volume 1,Total 6 volume 1
0,4.718423901827473e+18,1.6870499212453803e+20,2.1816306119850037e+19,1.413400008682567e+20,1.8864265051576496e+16,1.0915861099458507e+17,1.8379914338234048e+17,5.184392151759436e+17
