t(s),Total solute volume 1,Total retention volume 1,Total 1 volume 1,Total 2 volume 1,Total 3 volume 1,Total 4 volume 1,Total 5 volume 1,Total 6 volume 1
0,3.332883936767457e+17,9.62031026572065e+17,5.905751296626006e+16,1.5858298787719715e+17,53369545447759.984,204373259444760.7,2078610552045716.0,4.087657786949214e+17
