t(s),Total solute volume 1,Total retention volume 1,Total 1 volume 1,Total 2 volume 1,Total 3 volume 1,Total 4 volume 1,Total 5 volume 1,Total 6 volume 1
0,1.950956450790701e+17,3.519948422698867e+18,5.905751296626006e+16,9.282918675798294e+16,520461198581625.75,3074659478434277.0,2.517901655305665e+16,3.1441919406655e+18
