t(s),Total solute volume 1,Total retention volume 1,Total 1 volume 1,Total 2 volume 1,Total 3 volume 1,Total 4 volume 1,Total 5 volume 1,Total 6 volume 1
0,1.2852690019555497e+18,8.84941203867518e+18,1.1991975012111887e+18,5.049221861376426e+18,1008018907013852.2,6416978668135334.0,1.0179627206620315e+17,1.2065024044906217e+18
