t(s),Total solute volume 1,Total retention volume 1,Total 1 volume 1,Total 2 volume 1,Total 3 volume 1,Total 4 volume 1,Total 5 volume 1,Total 6 volume 1
0,7.523525865105635e+17,2.1327066092397593e+19,1.1991975012111887e+18,2.955764414391274e+18,9837338977921216.0,9.705340284630027e+16,1.3625308646574853e+18,1.4950329983802864e+19
