t(s),Total solute volume 1,Total retention volume 1,Total 1 volume 1,Total 2 volume 1,Total 3 volume 1,Total 4 volume 1,Total 5 volume 1,Total 6 volume 1
0,2.600924566469286e+19,2.0412599673164717e+22,3.1834588077439205e+21,1.7201685979806866e+22,4.002827850569935e+17,3.760773933098684e+17,2.5097856390149354e+17,4.1830120733011546e+17
