t(s),Total solute volume 1,Total retention volume 1,Total 1 volume 1,Total 2 volume 1,Total 3 volume 1,Total 4 volume 1,Total 5 volume 1,Total 6 volume 1
0,4.443246134384989e+19,2.690920235230877e+22,3.1834588077439205e+21,2.3681226433131557e+22,2.4453812055367396e+16,1.4631643314986656e+16,1.2130721482390258e+16,3.343391253706487e+16
