t(s),Total solute volume 1,Total retention volume 1,Total 1 volume 1,Total 2 volume 1,Total 3 volume 1,Total 4 volume 1,Total 5 volume 1,Total 6 volume 1
0,1.6062657215105326e+18,1.4050886104655368e+19,1.9718743661304888e+18,8.94244010427008e+18,2102587061175471.0,1.440746395459935e+16,1.9788275043583478e+17,1.3159131112927337e+18
