t(s),Total solute volume 1,Total retention volume 1,Total 1 volume 1,Total 2 volume 1,Total 3 volume 1,Total 4 volume 1,Total 5 volume 1,Total 6 volume 1
0,9.402531052744658e+17,2.7675320141203784e+19,1.9718743661304886e+18,5.234982861726286e+18,2.052775954163669e+16,2.1908016287303274e+17,2.8912981682168023e+18,1.6397303717441075e+19
