t(s),Total solute volume 1,Total retention volume 1,Total 1 volume 1,Total 2 volume 1,Total 3 volume 1,Total 4 volume 1,Total 5 volume 1,Total 6 volume 1
0,1.0357694112375635e+17,3.945253340850702e+17,1.4382961689890436e+16,1.830613831100575e+16,122040890570520.08,565122053263048.4,3347659701291004.5,2.54224470315291e+17
