t(s),Total solute volume 1,Total retention volume 1,Total 1 volume 1,Total 2 volume 1,Total 3 volume 1,Total 4 volume 1,Total 5 volume 1,Total 6 volume 1
0,1.7694394108641648e+17,2.5759183869655373e+17,1.4382961689890436e+16,3.1272978263682056e+16,12517260894106.986,37576957886497.375,276604233654384.72,3.466525920413114e+16
