t(s),Total solute volume 1,Total retention volume 1,Total 1 volume 1,Total 2 volume 1,Total 3 volume 1,Total 4 volume 1,Total 5 volume 1,Total 6 volume 1
0,1.2485206491236938e+19,4.329028633708844e+21,6.290856345856501e+20,3.6814069503789776e+21,1.3552455383168945e+18,1.6775078151042982e+18,1.1316957238348273e+18,1.88639317568354e+18
