t(s),Total solute volume 1,Total retention volume 1,Total 1 volume 1,Total 2 volume 1,Total 3 volume 1,Total 4 volume 1,Total 5 volume 1,Total 6 volume 1
0,2.1328894422529733e+19,6.631496072223202e+21,6.290856345856501e+20,5.980718300898714e+21,9.206441460038414e+16,6.556194375441419e+16,5.4702438645558616e+16,1.5091351926215594e+17
