t(s),Total solute volume 1,Total retention volume 1,Total 1 volume 1,Total 2 volume 1,Total 3 volume 1,Total 4 volume 1,Total 5 volume 1,Total 6 volume 1
0,1.4314015651477992e+17,1.597360513500259e+18,2.9598370758294e+16,4.196129288420449e+16,372267869538634.44,1952117229236570.2,1.364842042962957e+16,1.3666878878145843e+18
