t(s),Total solute volume 1,Total retention volume 1,Total 1 volume 1,Total 2 volume 1,Total 3 volume 1,Total 4 volume 1,Total 5 volume 1,Total 6 volume 1
0,2.445311007127456e+17,5.3167370567708006e+17,2.9598370758294e+16,7.168383321791445e+16,38186312696183.125,129821554823769.88,1127695942871658.5,1.8456469717773574e+17
