t(s),Total solute volume 1,Total retention volume 1,Total 1 volume 1,Total 2 volume 1,Total 3 volume 1,Total 4 volume 1,Total 5 volume 1,Total 6 volume 1
0,1.4340238840712154e+18,9.989986051395019e+18,1.531053857194819e+18,6.685981104100381e+18,346427821734051.06,2289063135715196.0,3.4463297632599532e+16,3.018284174385254e+17
