t(s),Total solute volume 1,Total retention volume 1,Total 1 volume 1,Total 2 volume 1,Total 3 volume 1,Total 4 volume 1,Total 5 volume 1,Total 6 volume 1
0,8.394286150660815e+17,1.0555414634945647e+19,1.531053857194819e+18,3.9139595666919296e+18,3381787188990388.0,3.470141701485507e+16,4.795398951679584e+17,3.7533494966210596e+18
