t(s),Total solute volume 1,Total retention volume 1,Total 1 volume 1,Total 2 volume 1,Total 3 volume 1,Total 4 volume 1,Total 5 volume 1,Total 6 volume 1
0,2.3679368537431424e+18,8.857800061831125e+19,1.5476103569735987e+19,5.584790903245229e+19,1.5382984384080672e+17,1.8256408595074824e+18,4.638487362827903e+18,8.268093096203323e+18
