t(s),Total solute volume 1,Total retention volume 1,Total 1 volume 1,Total 2 volume 1,Total 3 volume 1,Total 4 volume 1,Total 5 volume 1,Total 6 volume 1
0,1.1477277462414928e+17,3.7281220363638496e+17,1.8083672627208548e+16,2.3817359628092044e+16,85291798291923.27,410899808859489.5,2565368702548049.5,2.1307683644723728e+17
