t(s),Total solute volume 1,Total retention volume 1,Total 1 volume 1,Total 2 volume 1,Total 3 volume 1,Total 4 volume 1,Total 5 volume 1,Total 6 volume 1
0,1.9607015664959024e+17,2.8408803406474083e+17,1.8083672627208548e+16,4.068797579280357e+16,8745310916041.799,27310414177524.93,211883794528164.8,2.899828947551409e+16
