t(s),Total solute volume 1,Total retention volume 1,Total 1 volume 1,Total 2 volume 1,Total 3 volume 1,Total 4 volume 1,Total 5 volume 1,Total 6 volume 1
0,2.7620042352160896e+18,1.1052615673532649e+20,2.1816306119850037e+19,8.283158743020675e+19,4.6954334661133496e+16,5.131606131616523e+17,9.360644813288865e+17,1.6200795209017085e+18
