t(s),Total solute volume 1,Total retention volume 1,Total 1 volume 1,Total 2 volume 1,Total 3 volume 1,Total 4 volume 1,Total 5 volume 1,Total 6 volume 1
0,7.158676193942945e+17,4.040924015297847e+18,3.250257609819086e+17,1.1260624170802307e+18,325649047740782.3,1670944220292191.8,2.446484222128059e+16,1.847506782352097e+18
