t(s),Total solute volume 1,Total retention volume 1,Total 1 volume 1,Total 2 volume 1,Total 3 volume 1,Total 4 volume 1,Total 5 volume 1,Total 6 volume 1
0,4.1904446013324595e+17,2.2397017520208273e+19,3.250257609819086e+17,6.591645730832125e+17,3176455440733035.0,2.5160097644491092e+16,2.9999218503338426e+17,2.0665453987891335e+19
