t(s),Total solute volume 1,Total retention volume 1,Total 1 volume 1,Total 2 volume 1
0,3.489495779037574e+18,7.992280754167715e+19,1.1130180818752053e+19,6.530313094388769e+19
