t(s),Total solute volume 1,Total retention volume 1,Total 1 volume 1,Total 2 volume 1
0,2.0426316755341617e+18,5.141951099939544e+19,1.1130180818752053e+19,3.82466985051091e+19
