t(s),Total solute volume 1,Total retention volume 1,Total 1 volume 1,Total 2 volume 1,Total 3 volume 1,Total 4 volume 1,Total 5 volume 1,Total 6 volume 1
0,4.0452254584778307e+18,1.160224004642646e+20,1.5476103569735987e+19,9.533228108352348e+19,1.7995569135663714e+16,1.1948917121471086e+17,2.6643279097117165e+17,7.64872821206116e+17
