t(s),Total solute volume 1,Total retention volume 1,Total 1 volume 1,Total 2 volume 1,Total 3 volume 1,Total 4 volume 1,Total 5 volume 1,Total 6 volume 1
0,2.3679368537431424e+18,9.090372476456998e+19,1.5476103569735987e+19,5.584790903245229e+19,1.7786333803593376e+17,2.1108588938373622e+18,5.363167865391947e+18,9.559885211373042e+18
