t(s),Total solute volume 1,Total retention volume 1,Total 1 volume 1,Total 2 volume 1,Total 3 volume 1,Total 4 volume 1,Total 5 volume 1,Total 6 volume 1
0,1.950956450790701e+17,1.3671027699437535e+18,5.905751296626006e+16,9.282918675798294e+16,167342727349469.25,988690837666939.6,8096102599679508.0,1.0108682889757504e+18
