t(s),Total solute volume 1,Total retention volume 1,Total 1 volume 1,Total 2 volume 1,Total 3 volume 1,Total 4 volume 1,Total 5 volume 1,Total 6 volume 1
0,3.332883936767457e+17,6.830715357541846e+17,5.905751296626006e+16,1.5858298787719715e+17,17154832087410.934,65692492196732.57,668136656401001.4,1.3139165725329597e+17
