t(s),Total solute volume 1,Total retention volume 1,Total 1 volume 1,Total 2 volume 1,Total 3 volume 1,Total 4 volume 1,Total 5 volume 1,Total 6 volume 1
0,1.5746764332366418e+19,7.373362194481596e+21,1.0530177027067483e+21,6.302159391947708e+21,6.113855821755309e+17,6.553749423309714e+17,4.393267281436269e+17,7.322482421554583e+17
