t(s),Total solute volume 1,Total retention volume 1,Total 1 volume 1,Total 2 volume 1,Total 3 volume 1,Total 4 volume 1,Total 5 volume 1,Total 6 volume 1
0,2.6900722401125917e+19,1.0973084188751474e+22,1.0530177027067483e+21,9.893021029122225e+21,3.937835999305957e+16,2.5545647903378084e+16,2.1234721142523388e+16,5.8575792371466616e+16
