t(s),Total solute volume 1,Total retention volume 1,Total 1 volume 1,Total 2 volume 1,Total 3 volume 1,Total 4 volume 1,Total 5 volume 1,Total 6 volume 1
0,1.1342546114652189e+19,1.4746558229019534e+21,1.542273968290348e+20,1.3085723532580823e+21,7.48108809578023e+16,1.021691595724195e+17,8.948907080078544e+16,2.470575888547477e+17
