t(s),Total solute volume 1,Total retention volume 1,Total 1 volume 1,Total 2 volume 1,Total 3 volume 1,Total 4 volume 1,Total 5 volume 1,Total 6 volume 1
0,6.639539189064714e+18,9.435110867703852e+20,1.542273968290348e+20,7.742999917924197e+20,8.765859497296216e+17,2.5290110449003075e+18,1.8504217843436836e+18,3.0881401808902144e+18
