t(s),Total solute volume 1,Total retention volume 1,Total 1 volume 1,Total 2 volume 1,Total 3 volume 1,Total 4 volume 1,Total 5 volume 1,Total 6 volume 1
0,1.1768416328259624e+17,1.4155892378092402e+17,5790815030907821.0,1.0990603481902652e+16,5221859581348.104,13400492824973.662,80033663538128.2,6994685969572661.0
