t(s),Total solute volume 1,Total retention volume 1,Total 1 volume 1,Total 2 volume 1,Total 3 volume 1,Total 4 volume 1,Total 5 volume 1,Total 6 volume 1
0,6.8888290702006904e+16,1.3350054662387653e+17,5790815030907821.0,6433524569071776.0,50899303095101.67,201460548449867.72,968296699058164.6,5.116725977128699e+16
