t(s),Total solute volume 1,Total retention volume 1,Total 1 volume 1,Total 2 volume 1,Total 3 volume 1,Total 4 volume 1,Total 5 volume 1,Total 6 volume 1
0,3.5302772118780864e+17,1.2564829223065973e+19,2.2173507663096877e+17,4.247125719959892e+17,1397747438546980.5,1.036921595439313e+16,1.1417510842390747e+17,1.143941178143435e+19
