t(s),Total solute volume 1,Total retention volume 1,Total 1 volume 1,Total 2 volume 1,Total 3 volume 1,Total 4 volume 1,Total 5 volume 1,Total 6 volume 1
0,2.0498657939890205e+20,1.1119347705909288e+23,6.1524972335763196e+22,4.946344516545733e+22,2.1459874153310044e+16,1.2521846740000026e+16,1.037528297669341e+16,2.862146972844749e+16
