t(s),Total solute volume 1,Total retention volume 1,Total 1 volume 1,Total 2 volume 1,Total 3 volume 1,Total 4 volume 1,Total 5 volume 1,Total 6 volume 1
0,1.1999214403838232e+20,1.1034971144190891e+23,6.1524972335763196e+22,4.870349495676083e+22,3.575898154997094e+17,3.219879369026289e+17,2.1466015020216835e+17,3.5776744402372397e+17
