t(s),Total solute volume 1,Total retention volume 1,Total 1 volume 1,Total 2 volume 1,Total 3 volume 1,Total 4 volume 1,Total 5 volume 1,Total 6 volume 1
0,7.82153398870977e+16,1.1659419311767869e+17,7687035129498278.0,8909437720794750.0,16908498775043.293,70291163692811.54,360522446499204.75,2.1334658271321988e+16
