t(s),Total solute volume 1,Total retention volume 1,Total 1 volume 1,Total 2 volume 1,Total 3 volume 1,Total 4 volume 1,Total 5 volume 1,Total 6 volume 1
0,1.0056372927748115e+17,1.1293014806167222e+17,4077840541915392.0,7344347682422831.0,919040867076.0848,2220075967781.3145,12232421894140.648,928859021123610.2
