t(s),Total solute volume 1,Total retention volume 1,Total 1 volume 1,Total 2 volume 1,Total 3 volume 1,Total 4 volume 1,Total 5 volume 1,Total 6 volume 1
0,5.88665732355986e+16,7.42305787775109e+16,4077840541915392.0,4299130609532137.0,8964003282000.643,33405719999624.137,148105102599207.7,6796559564583874.0
