t(s),Total solute volume 1,Total retention volume 1,Total 1 volume 1,Total 2 volume 1,Total 3 volume 1,Total 4 volume 1,Total 5 volume 1,Total 6 volume 1
0,6.1151907207788056e+16,1.0982159566787798e+17,4439458008290587.5,4740171994361016.0,47356859254264.734,179026843389667.1,809532556881933.5,3.84541421979132e+16
