t(s),Total solute volume 1,Total retention volume 1,Total 1 volume 1,Total 2 volume 1,Total 3 volume 1,Total 4 volume 1,Total 5 volume 1,Total 6 volume 1
0,1.0446784147997133e+17,1.2234759299178114e+17,4439458008290587.5,8097793286123659.0,4859838444142.955,11912994996193.89,66933825228962.9,5258793558727514.0
