t(s),Total solute volume 1,Total retention volume 1,Total 1 volume 1,Total 2 volume 1,Total 3 volume 1,Total 4 volume 1,Total 5 volume 1,Total 6 volume 1
0,2.3160815502785014e+18,3.0149829041317884e+19,4.460907519859345e+18,2.284893514595476e+19,1867573785868043.2,1.3961593809656982e+16,1.077534925216512e+17,4.003221651079651e+17
