t(s),Total solute volume 1,Total retention volume 1,Total 1 volume 1,Total 2 volume 1,Total 3 volume 1,Total 4 volume 1,Total 5 volume 1,Total 6 volume 1
0,3.563921568279588e+17,1.3498792623833795e+18,6.858169948084933e+16,1.8831811750643e+17,88548622324051.17,347933059441386.2,3660787688981825.5,7.324900191973976e+17
