t(s),Total solute volume 1,Total retention volume 1,Total 1 volume 1,Total 2 volume 1,Total 3 volume 1,Total 4 volume 1,Total 5 volume 1,Total 6 volume 1
0,2.0861979911880643e+17,6.164808271311843e+18,6.858169948084933e+16,1.1023516579767e+17,863397117699790.9,5233391194967355.0,4.4345606736631064e+16,5.726929211865221e+18
