t(s),Total solute volume 1,Total retention volume 1,Total 1 volume 1,Total 2 volume 1,Total 3 volume 1,Total 4 volume 1,Total 5 volume 1,Total 6 volume 1
0,1.710368165630296e+19,3.9808279856701165e+21,3.850111262848305e+20,3.5784575145069747e+21,5.754160068024515e+16,4.762929940343249e+16,4.0039314725929064e+16,1.1045300718429126e+17
