t(s),Total solute volume 1,Total retention volume 1,Total 1 volume 1,Total 2 volume 1,Total 3 volume 1,Total 4 volume 1,Total 5 volume 1,Total 6 volume 1
0,1.001191121344553e+19,2.5572474917146895e+21,3.850111262848306e+20,2.1580146193043675e+21,7.884064203493048e+17,1.2122635812515395e+18,8.282933261295799e+17,1.380871584352987e+18
