t(s),Total solute volume 1,Total retention volume 1,Total 1 volume 1,Total 2 volume 1,Total 3 volume 1,Total 4 volume 1,Total 5 volume 1,Total 6 volume 1
0,1.8614795258035258e+17,2.7434966893748835e+17,1.6105550931134632e+16,3.561535913744106e+16,11941227783516.615,36553579279594.92,276152286483347.8,3.615615919501358e+16
