t(s),Total solute volume 1,Total retention volume 1,Total 1 volume 1,Total 2 volume 1,Total 3 volume 1,Total 4 volume 1,Total 5 volume 1,Total 6 volume 1
0,1.0896465516898744e+17,4.153045674794248e+17,1.6105550931134632e+16,2.0848021191923476e+16,116438130500776.17,549818871441750.7,3342678816860225.5,2.653774043685763e+17
