t(s),Total solute volume 1,Total retention volume 1,Total 1 volume 1,Total 2 volume 1,Total 3 volume 1,Total 4 volume 1,Total 5 volume 1,Total 6 volume 1
0,7.523525865105635e+17,5.538920466808696e+18,1.1991975012111887e+18,2.955764414391274e+18,378417659962344.4,3733593806527207.0,5.241426524273621e+16,5.750796879864277e+17
