t(s),Total solute volume 1,Total retention volume 1,Total 1 volume 1,Total 2 volume 1,Total 3 volume 1,Total 4 volume 1,Total 5 volume 1,Total 6 volume 1
0,1.2852690019555497e+18,7.584293628283809e+18,1.1991975012111887e+18,5.049221861376426e+18,38770337406239.88,246808917247539.47,3915275959668870.5,4.64044085262847e+16
