t(s),Total solute volume 1,Total retention volume 1,Total 1 volume 1,Total 2 volume 1,Total 3 volume 1,Total 4 volume 1,Total 5 volume 1,Total 6 volume 1
0,9.011205916778291e+16,9.945573675063461e+16,3192384722575143.5,5543091834178185.0,719318970874.168,1665807074851.9363,8676232731341.571,597139667320524.6
