t(s),Total solute volume 1,Total retention volume 1,Total 1 volume 1,Total 2 volume 1,Total 3 volume 1,Total 4 volume 1,Total 5 volume 1,Total 6 volume 1
0,5.274852243967814e+16,6.3691703255082216e+16,3192384722575143.5,3244736830869188.5,7015841283240.992,25064864798817.188,105045496018949.6,4368933059859074.5
