t(s),Total solute volume 1,Total retention volume 1,Total 1 volume 1,Total 2 volume 1,Total 3 volume 1,Total 4 volume 1,Total 5 volume 1,Total 6 volume 1
0,2.3679368537431424e+18,8.57870531777463e+19,1.5476103569735987e+19,5.584790903245229e+19,1.24988787906982e+17,1.4833655379947436e+18,3.768841098918641e+18,6.717908296994231e+18
