t(s),Total solute volume 1,Total retention volume 1,Total 1 volume 1,Total 2 volume 1,Total 3 volume 1,Total 4 volume 1,Total 5 volume 1,Total 6 volume 1
0,2.445311007127456e+17,4.9450320424681146e+17,2.9598370758294e+16,7.168383321791445e+16,30549363991792.098,103858147322474.08,902165153443666.6,1.4765332689310093e+17
