t(s),Total solute volume 1,Total retention volume 1,Total 1 volume 1,Total 2 volume 1,Total 3 volume 1,Total 4 volume 1,Total 5 volume 1,Total 6 volume 1
0,8.70000992795148e+16,9.728118833060544e+16,2951661998355005.5,5065423436879563.0,2849953374059.9087,6511404997416.28,33308328357736.902,2221333929127100.0
