t(s),Total solute volume 1,Total retention volume 1,Total 1 volume 1,Total 2 volume 1,Total 3 volume 1,Total 4 volume 1,Total 5 volume 1,Total 6 volume 1
0,1.7694394108641648e+17,2.588877764317999e+17,1.4382961689890436e+16,3.1272978263682056e+16,12980842135980.496,38968643650344.24,286848414080210.94,3.5949097491942628e+16
