t(s),Total solute volume 1,Total retention volume 1,Total 1 volume 1,Total 2 volume 1,Total 3 volume 1,Total 4 volume 1,Total 5 volume 1,Total 6 volume 1
0,1.0357694112375635e+17,4.0408529055344083e+17,1.4382961689890436e+16,1.830613831100575e+16,126557690817947.56,586032506171082.5,3471546017076388.5,2.636351132147253e+17
