t(s),Total solute volume 1,Total retention volume 1,Total 1 volume 1,Total 2 volume 1,Total 3 volume 1,Total 4 volume 1,Total 5 volume 1,Total 6 volume 1
0,3.5302772118780864e+17,5.047773190968656e+18,2.2173507663096877e+17,4.247125719959892e+17,489279171496102.5,3629895212028109.5,3.9967579882263016e+16,4.0042110668881085e+18
