t(s),Total solute volume 1,Total retention volume 1,Total 1 volume 1,Total 2 volume 1,Total 3 volume 1,Total 4 volume 1,Total 5 volume 1,Total 6 volume 1
0,6.030890236958341e+17,1.944444874132926e+18,2.2173507663096877e+17,7.255463282409612e+17,50152148704994.36,241078275404461.9,3278471455769139.0,3.9050474368528115e+17
