t(s),Total solute volume 1,Total retention volume 1,Total 1 volume 1,Total 2 volume 1,Total 3 volume 1,Total 4 volume 1,Total 5 volume 1,Total 6 volume 1
0,1.772257703331625e+18,5.428819603426348e+19,8.108748995498784e+18,2.6581741941542703e+19,8.904852378839485e+16,1.1028223147889619e+18,5.508913503864069e+18,1.112466305144888e+19
