t(s),Total solute volume 1,Total retention volume 1,Total 1 volume 1,Total 2 volume 1,Total 3 volume 1,Total 4 volume 1,Total 5 volume 1,Total 6 volume 1
0,3.027606909858182e+18,5.778428749165559e+19,8.108748995498785e+18,4.539357696078196e+19,9077026369143768.0,6.797524698943166e+16,2.871237429756911e+17,8.901786091822879e+17
