t(s),Total solute volume 1,Total retention volume 1,Total 1 volume 1,Total 2 volume 1,Total 3 volume 1,Total 4 volume 1,Total 5 volume 1,Total 6 volume 1
0,1.3860424099942965e+19,2.4058469157987733e+21,2.4107704894684447e+20,2.1505892778574815e+21,6.0050343587530936e+16,6.183670576805593e+16,5.273865412322783e+16,1.455391910144935e+17
