t(s),Total solute volume 1,Total retention volume 1,Total 1 volume 1,Total 2 volume 1,Total 3 volume 1,Total 4 volume 1,Total 5 volume 1,Total 6 volume 1
0,8.113418985332498e+18,1.5358922552214964e+21,2.4107704894684447e+20,1.281474549652156e+21,7.589761293935407e+17,1.5582193050498924e+18,1.0908461475451082e+18,1.8191960551806344e+18
