t(s),Total solute volume 1,Total retention volume 1,Total 1 volume 1,Total 2 volume 1,Total 3 volume 1,Total 4 volume 1,Total 5 volume 1,Total 6 volume 1
0,3.8340070142403466e+18,2.4120570240595598e+20,4.533611706929847e+19,1.916287548066981e+20,1.3321512616700582e+16,1.0185605803707682e+17,1.0862775681904232e+17,1.8301818824588304e+17
