t(s),Total solute volume 1,Total retention volume 1,Total 1 volume 1,Total 2 volume 1,Total 3 volume 1,Total 4 volume 1,Total 5 volume 1,Total 6 volume 1
0,6.549761982660554e+18,3.784013756700039e+20,4.533611706929847e+19,3.264895769282699e+20,1298509387511678.8,4705698212424177.0,5273931402714420.0,1.464155077326886e+16
