t(s),Total solute volume 1,Total retention volume 1,Total 1 volume 1,Total 2 volume 1,Total 3 volume 1,Total 4 volume 1,Total 5 volume 1,Total 6 volume 1
0,2.0426316755341617e+18,5.580266537744079e+19,1.1130180818752053e+19,3.824669850510911e+19,3.1312657392699084e+16,3.8557649139763283e+17,1.381486124483754e+18,2.584779104770854e+18
