t(s),Total solute volume 1,Total retention volume 1,Total 1 volume 1,Total 2 volume 1,Total 3 volume 1,Total 4 volume 1,Total 5 volume 1,Total 6 volume 1
0,3.489495779037574e+18,8.022566337686074e+19,1.1130180818752053e+19,6.53031309438877e+19,3182326747878376.5,2.2925636701310388e+16,6.994580749146469e+16,2.068020642422942e+17
