t(s),Total solute volume 1,Total retention volume 1,Total 1 volume 1,Total 2 volume 1,Total 3 volume 1,Total 4 volume 1,Total 5 volume 1,Total 6 volume 1
0,1.612352649698545e+17,1.4127173729536164e+18,3.860071170759496e+16,5.693890508297374e+16,255052664828633.84,1400297720278047.0,1.0404104703961902e+16,1.1438830361041123e+18
