t(s),Total solute volume 1,Total retention volume 1,Total 1 volume 1,Total 2 volume 1,Total 3 volume 1,Total 4 volume 1,Total 5 volume 1,Total 6 volume 1
0,2.3160815502785014e+18,2.97468256409811e+19,4.460907519859345e+18,2.284893514595476e+19,430979672772364.2,3221913270170564.0,2.4866248454355616e+16,9.238228349107651e+16
