t(s),Total solute volume 1,Total retention volume 1,Total 1 volume 1,Total 2 volume 1,Total 3 volume 1,Total 4 volume 1,Total 5 volume 1,Total 6 volume 1
0,1.355755053821572e+18,2.0837641231027016e+19,4.460907519859345e+18,1.337749223333267e+19,4215495885858950.5,5.015278698079829e+16,4.349671979022723e+17,1.1541509432444982e+18
