t(s),Total solute volume 1,Total retention volume 1,Total 1 volume 1,Total 2 volume 1,Total 3 volume 1,Total 4 volume 1,Total 5 volume 1,Total 6 volume 1
0,4.718423901827473e+18,1.684381231007046e+20,2.1816306119850037e+19,1.413400008682567e+20,1.280076906158766e+16,7.407200170645603e+16,1.247210042160072e+17,3.517984357868595e+17
