t(s),Total solute volume 1,Total retention volume 1,Total 1 volume 1,Total 2 volume 1,Total 3 volume 1,Total 4 volume 1,Total 5 volume 1,Total 6 volume 1
0,2.7620042352160896e+18,1.1586807398569615e+20,2.1816306119850037e+19,8.283158743020675e+19,1.2744375388931795e+17,1.3928101226992328e+18,2.5406617718446423e+18,4.3972605519898685e+18
