t(s),Total solute volume 1,Total retention volume 1,Total 1 volume 1,Total 2 volume 1
0,4.443246134384989e+19,2.6909117702230264e+22,3.1834588077439205e+21,2.368122643314247e+22
