t(s),Total solute volume 1,Total retention volume 1,Total 1 volume 1,Total 2 volume 1
0,2.600924566469286e+19,2.041115403319671e+22,3.1834588077439184e+21,1.7201685979788093e+22
