t(s),Total solute volume 1,Total retention volume 1,Total 1 volume 1,Total 2 volume 1,Total 3 volume 1,Total 4 volume 1,Total 5 volume 1,Total 6 volume 1
0,1.2796251387281995e+17,1.6274016610206624e+17,6980090150537523.0,1.3622739088267018e+16,8993191958682.758,23833992944544.21,148590950851926.72,1.3993404854687016e+16
