t(s),Total solute volume 1,Total retention volume 1,Total 1 volume 1,Total 2 volume 1,Total 3 volume 1,Total 4 volume 1,Total 5 volume 1,Total 6 volume 1
0,7.49048861694545e+16,1.9446274039822003e+17,6980090150537523.0,7974287186130815.0,87632669503410.58,358164224289798.75,1797110319089042.2,1.0236056967921414e+17
