t(s),Total solute volume 1,Total retention volume 1,Total 1 volume 1,Total 2 volume 1,Total 3 volume 1,Total 4 volume 1,Total 5 volume 1,Total 6 volume 1
0,2.067829880351787e+17,3.604378382458803e+17,2.0362204049155636e+16,4.663428171230368e+16,23635178437480.76,75335235221508.89,600613858035056.2,8.59587801775484e+16
