t(s),Total solute volume 1,Total retention volume 1,Total 1 volume 1,Total 2 volume 1,Total 3 volume 1,Total 4 volume 1,Total 5 volume 1,Total 6 volume 1
0,1.2104370031327629e+17,8.095485339046418e+17,2.036220404915564e+16,2.7298126560537492e+16,230409966591547.28,1132783344907171.8,7268367872589818.0,6.322129417975877e+17
