t(s),Total solute volume 1,Total retention volume 1,Total 1 volume 1,Total 2 volume 1,Total 3 volume 1,Total 4 volume 1,Total 5 volume 1,Total 6 volume 1
0,3.563921568279588e+17,9.079340576023608e+17,6.858169948084933e+16,1.8831811750643e+17,35420282535919.42,139175997374667.9,1464346307778538.8,2.930031411994289e+17
