t(s),Total solute volume 1,Total retention volume 1,Total 1 volume 1,Total 2 volume 1,Total 3 volume 1,Total 4 volume 1,Total 5 volume 1,Total 6 volume 1
0,2.0861979911880643e+17,2.6990357096273644e+18,6.858169948084933e+16,1.1023516579767e+17,345487155944309.7,2094395391206787.0,1.7745755228820462e+16,2.2914134074540526e+18
