t(s),Total solute volume 1,Total retention volume 1,Total 1 volume 1,Total 2 volume 1,Total 3 volume 1,Total 4 volume 1,Total 5 volume 1,Total 6 volume 1
0,8.70000992795148e+16,9.64510974741411e+16,2951661998355005.5,5065423436879563.0,1805023899224.5403,4123993199409.7886,21095840529728.355,1406887901763504.8
