t(s),Total solute volume 1,Total retention volume 1,Total 1 volume 1,Total 2 volume 1,Total 3 volume 1,Total 4 volume 1,Total 5 volume 1,Total 6 volume 1
0,5.092688738313051e+16,6.746811515639799e+16,2951661998355005.5,2965126037401479.5,17596686007358.004,62011282126670.82,255269998259196.12,1.028956177111721e+16
