t(s),Total solute volume 1,Total retention volume 1,Total 1 volume 1,Total 2 volume 1,Total 3 volume 1,Total 4 volume 1,Total 5 volume 1,Total 6 volume 1
0,5.556772250990977e+17,2.8880127008908124e+18,1.8471874136236307e+17,5.881523663147372e+17,179027624995258.62,834071600492630.9,1.0920965850031418e+16,1.5475303030390925e+18
