t(s),Total solute volume 1,Total retention volume 1,Total 1 volume 1,Total 2 volume 1,Total 3 volume 1,Total 4 volume 1,Total 5 volume 1,Total 6 volume 1
0,3.2527447322874304e+17,1.6091723338353127e+19,1.8471874136236307e+17,3.4428597201944646e+17,1746125483930206.2,1.2553090676005526e+16,1.3286173460809165e+17,1.5090283200974492e+19
