t(s),Total solute volume 1,Total retention volume 1,Total 1 volume 1,Total 2 volume 1,Total 3 volume 1,Total 4 volume 1,Total 5 volume 1,Total 6 volume 1
0,1.1999214403838232e+20,1.1035025578900055e+23,6.1524972335763196e+22,4.870349495676083e+22,5.130628082478663e+17,4.619816815241605e+17,3.079900753926982e+17,5.133178729352732e+17
