t(s),Total solute volume 1,Total retention volume 1,Total 1 volume 1,Total 2 volume 1,Total 3 volume 1,Total 4 volume 1,Total 5 volume 1,Total 6 volume 1
0,1.7152588772477386e+17,7.716305579113202e+17,4.431341940307482e+16,6.672760546581345e+16,97637968332490.33,549008399850867.56,4209879440202325.5,4.8420711950926624e+17
