t(s),Total solute volume 1,Total retention volume 1,Total 1 volume 1,Total 2 volume 1,Total 3 volume 1,Total 4 volume 1,Total 5 volume 1,Total 6 volume 1
0,2.9302339152982e+17,5.160419584380912e+17,4.431341940307482e+16,1.1399288614301397e+17,10009002203990.959,36477975934012.83,347508514299948.5,6.431826586973979e+16
