t(s),Total solute volume 1,Total retention volume 1,Total 1 volume 1,Total 2 volume 1,Total 3 volume 1,Total 4 volume 1,Total 5 volume 1,Total 6 volume 1
0,1.0357694112375635e+17,4.232040893149254e+17,1.4382961689890436e+16,1.830613831100575e+16,135590599114315.27,627849132048346.8,3719297007446006.0,2.8245531145166054e+17
