t(s),Total solute volume 1,Total retention volume 1,Total 1 volume 1,Total 2 volume 1,Total 3 volume 1,Total 4 volume 1,Total 5 volume 1,Total 6 volume 1
0,3.563921568279588e+17,8.711043198356562e+17,6.858169948084933e+16,1.8831811750643e+17,30992808004272.34,121779199948729.33,1281305296705716.0,2.5637826871576285e+17
