t(s),Total solute volume 1,Total retention volume 1,Total 1 volume 1,Total 2 volume 1,Total 3 volume 1,Total 4 volume 1,Total 5 volume 1,Total 6 volume 1
0,2.0861979911880643e+17,2.4101332686500454e+18,6.858169948084933e+16,1.1023516579767e+17,302310621071663.06,1832671762125583.0,1.5528083865510494e+16,2.005033538004004e+18
