t(s),Total solute volume 1,Total retention volume 1,Total 1 volume 1,Total 2 volume 1,Total 3 volume 1,Total 4 volume 1,Total 5 volume 1,Total 6 volume 1
0,1.4314015651477992e+17,3.530424564337057e+17,2.9598370758294e+16,4.196129288420449e+16,37253958965754.86,195402070102875.7,1365977703551898.5,1.3674400254380584e+17
