t(s),Total solute volume 1,Total retention volume 1,Total 1 volume 1,Total 2 volume 1,Total 3 volume 1,Total 4 volume 1,Total 5 volume 1,Total 6 volume 1
0,2.445311007127456e+17,3.6440023287741357e+17,2.9598370758294e+16,7.168383321791445e+16,3818807808066.5864,12982663696046.562,112774318960941.73,1.84573523979943e+16
