t(s),Total solute volume 1,Total retention volume 1,Total 1 volume 1,Total 2 volume 1,Total 3 volume 1,Total 4 volume 1,Total 5 volume 1,Total 6 volume 1
0,1.2266054339042045e+17,1.525990137756105e+17,6351323389472384.0,1.22219832432844e+16,7773270173990.546,20268351762387.305,123649364851353.8,1.1213472765643762e+16
