t(s),Total solute volume 1,Total retention volume 1,Total 1 volume 1,Total 2 volume 1,Total 3 volume 1,Total 4 volume 1,Total 5 volume 1,Total 6 volume 1
0,7.180129369195402e+16,1.6920107289327536e+17,6351323389472384.0,7154332371437873.0,75747237711238.64,304592071175806.25,1495497576152644.5,8.201828655537125e+16
