t(s),Total solute volume 1,Total retention volume 1,Total 1 volume 1,Total 2 volume 1,Total 3 volume 1,Total 4 volume 1,Total 5 volume 1,Total 6 volume 1
0,1.1477277462414928e+17,2.863708829605848e+17,1.8083672627208548e+16,2.3817359628092044e+16,51182369967843.35,246586806643521.16,1539471210610692.5,1.2785983569391216e+17
