t(s),Total solute volume 1,Total retention volume 1,Total 1 volume 1,Total 2 volume 1,Total 3 volume 1,Total 4 volume 1,Total 5 volume 1,Total 6 volume 1
0,3.841154308419529e+17,2.2177494578159096e+19,2.6766928604882394e+17,5.273223096638238e+17,2784149503917567.0,2.1331326862995324e+16,2.4443472146543363e+17,2.0729837353772163e+19
