t(s),Total solute volume 1,Total retention volume 1,Total 1 volume 1,Total 2 volume 1,Total 3 volume 1,Total 4 volume 1,Total 5 volume 1,Total 6 volume 1
0,6.561971943550011e+17,3.7762215865389245e+18,2.6766928604882394e+17,9.008356262596815e+17,285445592497121.8,1416991454938470.0,2.0005872499304076e+16,1.9298111703286866e+18
