t(s),Total solute volume 1,Total retention volume 1,Total 1 volume 1,Total 2 volume 1,Total 3 volume 1,Total 4 volume 1,Total 5 volume 1,Total 6 volume 1
0,4.5495789518832886e+19,4.520373825543873e+22,1.0574109797244612e+22,3.4581088036988603e+22,8.645865792557777e+17,7.847330461912887e+17,5.232406009321456e+17,8.720714599013763e+17
