t(s),Total solute volume 1,Total retention volume 1,Total 1 volume 1,Total 2 volume 1,Total 3 volume 1,Total 4 volume 1,Total 5 volume 1,Total 6 volume 1
0,7.772197376133865e+19,5.0452496872405436e+22,1.0574109797244612e+22,3.980048746435125e+22,5.2060864232342184e+16,3.051980433795711e+16,2.529022214558601e+16,6.9766157700585256e+16
