t(s),Total solute volume 1,Total retention volume 1,Total 1 volume 1,Total 2 volume 1,Total 3 volume 1,Total 4 volume 1,Total 5 volume 1,Total 6 volume 1
0,3.332883936767457e+17,7.858473966663005e+17,5.905751296626006e+16,1.5858298787719715e+17,30497259628296.0,116785940587783.6,1187790747881905.8,2.3358342819799485e+17
