t(s),Total solute volume 1,Total retention volume 1,Total 1 volume 1,Total 2 volume 1,Total 3 volume 1,Total 4 volume 1,Total 5 volume 1,Total 6 volume 1
0,1.950956450790701e+17,2.1603735522706115e+18,5.905751296626006e+16,9.282918675798294e+16,297464360661536.4,1757405673542667.2,1.4391205989477812e+16,1.7969451314436042e+18
