t(s),Total solute volume 1,Total retention volume 1,Total 1 volume 1,Total 2 volume 1,Total 3 volume 1,Total 4 volume 1,Total 5 volume 1,Total 6 volume 1
0,2.7544357765683786e+17,6.166627261815764e+17,3.860071170759496e+16,9.727055195100429e+16,34869506602735.438,124096360713574.7,1145512238378175.0,2.0404340676044336e+17
