t(s),Total solute volume 1,Total retention volume 1,Total 1 volume 1,Total 2 volume 1,Total 3 volume 1,Total 4 volume 1,Total 5 volume 1,Total 6 volume 1
0,1.6839348350405472e+17,2.27959696468279e+17,1.2878448802488326e+16,2.754319804435506e+16,7471283356094.252,22005654000380.383,157924943127213.44,1.8957164236896284e+16
