t(s),Total solute volume 1,Total retention volume 1,Total 1 volume 1,Total 2 volume 1,Total 3 volume 1,Total 4 volume 1,Total 5 volume 1,Total 6 volume 1
0,9.85717952218855e+16,2.6885568557673306e+17,1.2878448802488326e+16,1.6122851276236812e+16,72858121005693.67,331034485944336.44,1911740546859785.0,1.3896695712231592e+17
