t(s),Total solute volume 1,Total retention volume 1,Total 1 volume 1,Total 2 volume 1,Total 3 volume 1,Total 4 volume 1,Total 5 volume 1,Total 6 volume 1
0,8.113418985332498e+18,1.5420416851555157e+21,2.4107704894684447e+20,1.281474549652156e+21,1.6518520087553974e+18,3.3913164200121656e+18,2.3741335840380933e+18,3.9593655583830016e+18
