t(s),Total solute volume 1,Total retention volume 1,Total 1 volume 1,Total 2 volume 1,Total 3 volume 1,Total 4 volume 1,Total 5 volume 1,Total 6 volume 1
0,1.3860424099942965e+19,2.4062235758989966e+21,2.4107704894684447e+20,2.1505892778574663e+21,1.3069762014669504e+17,1.3458560876181934e+17,1.1478398058186429e+17,3.167577852316359e+17
