t(s),Total solute volume 1,Total retention volume 1,Total 1 volume 1,Total 2 volume 1,Total 3 volume 1,Total 4 volume 1,Total 5 volume 1,Total 6 volume 1
0,1.1477277462414928e+17,6.752095228042519e+17,1.8083672627208548e+16,2.3817359628092044e+16,204598307402852.78,985503204784334.6,6153387594989506.0,5.11192226817625e+17
