t(s),Total solute volume 1,Total retention volume 1,Total 1 volume 1,Total 2 volume 1,Total 3 volume 1,Total 4 volume 1,Total 5 volume 1,Total 6 volume 1
0,2.0861979911880643e+17,4.720973412890208e+18,6.858169948084933e+16,1.1023516579767e+17,647648057855368.5,3925854812271197.0,3.3265072770146668e+16,4.295698172852604e+18
