t(s),Total solute volume 1,Total retention volume 1,Total 1 volume 1,Total 2 volume 1,Total 3 volume 1,Total 4 volume 1,Total 5 volume 1,Total 6 volume 1
0,3.563921568279588e+17,1.1657380404430141e+18,6.858169948084933e+16,1.8831811750643e+17,66412117989017.98,260951961429373.5,2745615166577929.5,5.493730873817783e+17
