t(s),Total solute volume 1,Total retention volume 1,Total 1 volume 1,Total 2 volume 1,Total 3 volume 1,Total 4 volume 1,Total 5 volume 1,Total 6 volume 1
0,7.772197376133865e+19,5.045247149569646e+22,1.0574109797244612e+22,3.9800487464351245e+22,4.462360161964689e+16,2.6159834129467144e+16,2.167733489926674e+16,5.979956888127212e+16
