t(s),Total solute volume 1,Total retention volume 1,Total 1 volume 1,Total 2 volume 1,Total 3 volume 1,Total 4 volume 1,Total 5 volume 1,Total 6 volume 1
0,4.5495789518832886e+19,4.520330331161467e+22,1.0574109797244612e+22,3.4581088036988603e+22,7.410751826238326e+17,6.726295036998418e+17,4.4849261414107686e+17,7.474905618487782e+17
