t(s),Total solute volume 1,Total retention volume 1,Total 1 volume 1,Total 2 volume 1,Total 3 volume 1,Total 4 volume 1,Total 5 volume 1,Total 6 volume 1
0,5.132271443883372e+17,2.635917318434609e+18,1.5471077007747866e+17,4.797289871713226e+17,159917030391076.38,722720787790980.6,9111664161068246.0,1.47825611481822e+18
