t(s),Total solute volume 1,Total retention volume 1,Total 1 volume 1,Total 2 volume 1,Total 3 volume 1,Total 4 volume 1,Total 5 volume 1,Total 6 volume 1
0,3.004256454956098e+17,1.457039191078464e+19,1.5471077007747866e+17,2.808180725040099e+17,1559656201288443.2,1.0875832138211026e+16,1.1070375337344822e+17,1.3711298180994583e+19
