t(s),Total solute volume 1,Total retention volume 1,Total 1 volume 1,Total 2 volume 1,Total 3 volume 1,Total 4 volume 1,Total 5 volume 1,Total 6 volume 1
0,3.563921568279588e+17,1.2578091180800924e+18,6.858169948084933e+16,1.8831811750643e+17,77480424425170.1,304442691000825.5,3203203461036755.5,6.409320176883926e+17
