t(s),Total solute volume 1,Total retention volume 1,Total 1 volume 1,Total 2 volume 1,Total 3 volume 1,Total 4 volume 1,Total 5 volume 1,Total 6 volume 1
0,2.0861979911880643e+17,5.442933161626122e+18,6.858169948084933e+16,1.1023516579767e+17,755530934885667.6,4579690572703329.0,3.8805828427953256e+16,5.011355447293271e+18
