t(s),Total solute volume 1,Total retention volume 1,Total 1 volume 1,Total 2 volume 1,Total 3 volume 1,Total 4 volume 1,Total 5 volume 1,Total 6 volume 1
0,5.467373305480017e+16,7.505608857511525e+16,3458157710870755.0,3557120067332162.0,19535569223847.96,70751528856747.3,302042799566481.7,1.2974747844465396e+16
