t(s),Total solute volume 1,Total retention volume 1,Total 1 volume 1,Total 2 volume 1,Total 3 volume 1,Total 4 volume 1,Total 5 volume 1,Total 6 volume 1
0,9.340096063528438e+16,1.04741399098957e+17,3458157710870755.0,6076746478966877.0,2003758831010.9312,4704768533713.037,24959003718194.137,1773866742752593.2
