t(s),Total solute volume 1,Total retention volume 1,Total 1 volume 1,Total 2 volume 1,Total 3 volume 1,Total 4 volume 1,Total 5 volume 1,Total 6 volume 1
0,1.194648755498281e+18,1.535644953427513e+19,3.364073161464839e+18,9.67235389752105e+18,2121187137043311.0,2.4415573122799504e+16,2.5735673785417555e+17,8.41480221676802e+17
