t(s),Total solute volume 1,Total retention volume 1,Total 1 volume 1,Total 2 volume 1,Total 3 volume 1,Total 4 volume 1,Total 5 volume 1,Total 6 volume 1
0,2.0408582906428972e+18,2.2011108055312556e+19,3.364073161464839e+18,1.6521366587680283e+19,217036868419140.66,1585940110418861.5,1.5622570921051548e+16,6.738446762469343e+16
