t(s),Total solute volume 1,Total retention volume 1,Total 1 volume 1,Total 2 volume 1,Total 3 volume 1,Total 4 volume 1,Total 5 volume 1,Total 6 volume 1
0,8.175062817381762e+16,2.4866145859996822e+17,8483748054658170.0,9978813516605722.0,106537999580908.86,450339202876304.8,2363193519772690.5,1.455281981326584e+17
