t(s),Total solute volume 1,Total retention volume 1,Total 1 volume 1,Total 2 volume 1,Total 3 volume 1,Total 4 volume 1,Total 5 volume 1,Total 6 volume 1
0,1.3965732313027035e+17,1.85312088274187e+17,8483748054658170.0,1.7047137375161364e+16,10932525623179.344,29964740018892.63,195378675408696.22,1.9887603773045324e+16
