t(s),Total solute volume 1,Total retention volume 1,Total 1 volume 1,Total 2 volume 1,Total 3 volume 1,Total 4 volume 1,Total 5 volume 1,Total 6 volume 1
0,1.001191121344553e+19,2.558931389919011e+21,3.850111262848306e+20,2.1580146193043675e+21,1.103762571019252e+18,1.697155831369643e+18,1.1596029705624e+18,1.9332117434357036e+18
