t(s),Total solute volume 1,Total retention volume 1,Total 1 volume 1,Total 2 volume 1,Total 3 volume 1,Total 4 volume 1,Total 5 volume 1,Total 6 volume 1
0,1.710368165630296e+19,3.9809302757956796e+21,3.850111262848306e+20,3.578457514507153e+21,8.055821128907792e+16,6.668099841420933e+16,5.605502518061606e+16,1.5465911250298806e+17
