t(s),Total solute volume 1,Total retention volume 1,Total 1 volume 1,Total 2 volume 1,Total 3 volume 1,Total 4 volume 1,Total 5 volume 1,Total 6 volume 1
0,3.563921568279588e+17,1.0920805063234335e+18,6.858169948084933e+16,1.8831811750643e+17,57557394692189.18,226159117754946.2,2379541603084540.5,4.7612527439266355e+17
