t(s),Total solute volume 1,Total retention volume 1,Total 1 volume 1,Total 2 volume 1,Total 3 volume 1,Total 4 volume 1,Total 5 volume 1,Total 6 volume 1
0,2.0861979911880643e+17,4.143344663754983e+18,6.858169948084933e+16,1.1023516579767e+17,561329733790925.06,3402688876281894.5,2.883176437870874e+16,3.723112216368873e+18
