t(s),Total solute volume 1,Total retention volume 1,Total 1 volume 1,Total 2 volume 1,Total 3 volume 1,Total 4 volume 1,Total 5 volume 1,Total 6 volume 1
0,5.0293829723865024e+17,2.1750939192393486e+19,4.883330109832728e+17,1.0524643962722106e+18,4312122672484255.0,3.6611730806574984e+16,4.7109664462956794e+17,1.9195182989790724e+19
