t(s),Total solute volume 1,Total retention volume 1,Total 1 volume 1,Total 2 volume 1,Total 3 volume 1,Total 4 volume 1,Total 5 volume 1,Total 6 volume 1
0,8.591862577826981e+17,4.80596494111361e+18,4.883330109832728e+17,1.7979335094057503e+18,442026611383313.2,2429834694324037.5,3.794564563896905e+16,1.619694655997223e+18
