t(s),Total solute volume 1,Total retention volume 1,Total 1 volume 1,Total 2 volume 1,Total 3 volume 1,Total 4 volume 1,Total 5 volume 1,Total 6 volume 1
0,1.7694394108641648e+17,2.4722418074290624e+17,1.4382961689890436e+16,3.1272978263682056e+16,8808556926159.549,26443334420955.715,194649708167766.1,2.4394398103403756e+16
