t(s),Total solute volume 1,Total retention volume 1,Total 1 volume 1,Total 2 volume 1,Total 3 volume 1,Total 4 volume 1,Total 5 volume 1,Total 6 volume 1
0,1.0357694112375635e+17,3.18032309364449e+17,1.4382961689890436e+16,1.830613831100575e+16,85898179874920.77,397787051453360.94,2356309397398580.0,1.7892627361106976e+17
