t(s),Total solute volume 1,Total retention volume 1,Total 1 volume 1,Total 2 volume 1,Total 3 volume 1,Total 4 volume 1,Total 5 volume 1,Total 6 volume 1
0,1.355755053821572e+18,3.398427388127607e+19,4.460907519859345e+18,1.337749223333267e+19,3.793577117882329e+16,4.5131640770260864e+17,3.914270527459566e+18,1.0386596367921496e+19
