t(s),Total solute volume 1,Total retention volume 1,Total 1 volume 1,Total 2 volume 1,Total 3 volume 1,Total 4 volume 1,Total 5 volume 1,Total 6 volume 1
0,2.3160815502785014e+18,3.0714030314706907e+19,4.460907519859345e+18,2.284893514595476e+19,3878793148096381.5,2.899706809367831e+16,2.2379498604877917e+17,8.314352513236206e+17
