t(s),Total solute volume 1,Total retention volume 1,Total 1 volume 1,Total 2 volume 1,Total 3 volume 1,Total 4 volume 1,Total 5 volume 1,Total 6 volume 1
0,4.5495789518832886e+19,4.520362951959388e+22,1.0574109797244612e+22,3.4581088036988603e+22,8.337087604673007e+17,7.567071973927706e+17,5.04553625186827e+17,8.409262584841966e+17
