t(s),Total solute volume 1,Total retention volume 1,Total 1 volume 1,Total 2 volume 1,Total 3 volume 1,Total 4 volume 1,Total 5 volume 1,Total 6 volume 1
0,7.772197376133865e+19,5.045249052822892e+22,1.0574109797244612e+22,3.980048746435125e+22,5.020154869498705e+16,2.942981184332802e+16,2.4387000384994092e+16,6.72745106563161e+16
