t(s),Total solute volume 1,Total retention volume 1,Total 1 volume 1,Total 2 volume 1,Total 3 volume 1,Total 4 volume 1,Total 5 volume 1,Total 6 volume 1
0,5.539824915009872e+18,2.4984900443490035e+20,3.120606282469643e+19,2.1299199081623975e+20,3746294041027163.5,1.770725295046639e+16,2.3647126184674692e+16,6.60252057769963e+16
