t(s),Total solute volume 1,Total retention volume 1,Total 1 volume 1,Total 2 volume 1,Total 3 volume 1,Total 4 volume 1,Total 5 volume 1,Total 6 volume 1
0,3.242824340493574e+18,1.610507269534817e+20,3.120606282469643e+19,1.2489632049785533e+20,3.773251578169251e+16,3.573615724767833e+17,4.851212213144073e+17,8.253039808643619e+17
