t(s),Total solute volume 1,Total retention volume 1,Total 1 volume 1,Total 2 volume 1,Total 3 volume 1,Total 4 volume 1,Total 5 volume 1,Total 6 volume 1
0,6.1151907207788056e+16,1.0517967642545936e+17,4439458008290587.5,4740171994361016.0,41791687288401.195,157996279562596.03,714414689022524.1,3.3933936559146092e+16
