t(s),Total solute volume 1,Total retention volume 1,Total 1 volume 1,Total 2 volume 1,Total 3 volume 1,Total 4 volume 1,Total 5 volume 1,Total 6 volume 1
0,1.0446784147997133e+17,1.217191095084342e+17,4439458008290587.5,8097793286123659.0,4288133234339.4893,10511550218512.014,59059762933987.5,4640157287661327.0
