t(s),Total solute volume 1,Total retention volume 1,Total 1 volume 1,Total 2 volume 1
0,7.523525865105635e+17,4.907314502113048e+18,1.1991975012111887e+18,2.955764414391274e+18
