t(s),Total solute volume 1,Total retention volume 1,Total 1 volume 1,Total 2 volume 1
0,1.2852690019555497e+18,7.533688364543246e+18,1.1991975012111887e+18,5.049221861376426e+18
