t(s),Total solute volume 1,Total retention volume 1,Total 1 volume 1,Total 2 volume 1,Total 3 volume 1,Total 4 volume 1,Total 5 volume 1,Total 6 volume 1
0,5.556772250990977e+17,2.1602712490448701e+18,1.8471874136236307e+17,5.881523663147372e+17,95482353812074.5,444841949768298.9,5824567849492140.0,8.253580241155965e+17
