t(s),Total solute volume 1,Total retention volume 1,Total 1 volume 1,Total 2 volume 1,Total 3 volume 1,Total 4 volume 1,Total 5 volume 1,Total 6 volume 1
0,3.2527447322874304e+17,8.981887354953337e+18,1.8471874136236307e+17,3.4428597201944646e+17,931413788203541.2,6696392114852811.0,7.0872330694823016e+16,8.049108031744879e+18
