t(s),Total solute volume 1,Total retention volume 1,Total 1 volume 1,Total 2 volume 1,Total 3 volume 1,Total 4 volume 1,Total 5 volume 1,Total 6 volume 1
0,5.483142302296937e+18,5.844607425115311e+20,1.00671705467033e+20,4.768663777774811e+20,1.0424785891279702e+17,4.2954956390817517e+17,3.3906214188752755e+17,5.666574000085369e+17
