t(s),Total solute volume 1,Total retention volume 1,Total 1 volume 1,Total 2 volume 1,Total 3 volume 1,Total 4 volume 1,Total 5 volume 1,Total 6 volume 1
0,9.367034766423861e+18,9.193700458085527e+20,1.00671705467033e+20,8.092422388220402e+20,9453558849110950.0,1.7873815648844498e+16,1.640678702207428e+16,4.533259153266352e+16
