t(s),Total solute volume 1,Total retention volume 1,Total 1 volume 1,Total 2 volume 1,Total 3 volume 1,Total 4 volume 1,Total 5 volume 1,Total 6 volume 1
0,1.3965732313027035e+17,1.8028141730355485e+17,8483748054658170.0,1.7047137375161364e+16,8199551450760.987,22473919941334.227,146536553103894.53,1.4915998718968436e+16
