t(s),Total solute volume 1,Total retention volume 1,Total 1 volume 1,Total 2 volume 1,Total 3 volume 1,Total 4 volume 1,Total 5 volume 1,Total 6 volume 1
0,8.175062817381762e+16,2.1157506437495597e+17,8483748054658170.0,9978813516605722.0,79927672492414.3,337890865512785.2,1773006323161880.5,1.0917104976870842e+17
