t(s),Total solute volume 1,Total retention volume 1,Total 1 volume 1,Total 2 volume 1,Total 3 volume 1,Total 4 volume 1,Total 5 volume 1,Total 6 volume 1
0,1.6062657215105326e+18,1.3679905998266659e+19,1.9718743661304888e+18,8.94244010427008e+18,1592873238427192.8,1.0914770095611352e+16,1.4991153728791853e+17,9.969066257336731e+17
