t(s),Total solute volume 1,Total retention volume 1,Total 1 volume 1,Total 2 volume 1,Total 3 volume 1,Total 4 volume 1,Total 5 volume 1,Total 6 volume 1
0,9.402531052744658e+17,2.2941718715069362e+19,1.9718743661304886e+18,5.234982861726286e+18,1.5551988474733832e+16,1.659791656659524e+17,2.1904826480424847e+18,1.242259457975496e+19
