t(s),Total solute volume 1,Total retention volume 1,Total 1 volume 1,Total 2 volume 1,Total 3 volume 1,Total 4 volume 1,Total 5 volume 1,Total 6 volume 1
0,2.600924566469286e+19,2.041613340394313e+22,3.1834588077439205e+21,1.7201685979806866e+22,1.3787369754445258e+18,1.2953590620123704e+18,8.644711129167151e+17,1.440803577296432e+18
