t(s),Total solute volume 1,Total retention volume 1,Total 1 volume 1,Total 2 volume 1,Total 3 volume 1,Total 4 volume 1,Total 5 volume 1,Total 6 volume 1
0,2.9302339152982e+17,8.118559848311786e+17,4.431341940307482e+16,1.1399288614301397e+17,55762427716416.125,203228224605521.94,1936055522587325.0,3.5833124158036045e+17
