t(s),Total solute volume 1,Total retention volume 1,Total 1 volume 1,Total 2 volume 1,Total 3 volume 1,Total 4 volume 1,Total 5 volume 1,Total 6 volume 1
0,2.600924566469286e+19,2.0411796541494893e+22,3.1834588077439205e+21,1.7201685979806866e+22,1.7790389521441648e+17,1.6714605436597942e+17,1.1154633946658998e+17,1.8591199059120864e+17
