t(s),Total solute volume 1,Total retention volume 1,Total 1 volume 1,Total 2 volume 1,Total 3 volume 1,Total 4 volume 1,Total 5 volume 1,Total 6 volume 1
0,4.443246134384989e+19,2.690915533795362e+22,3.1834588077439205e+21,2.3681226433136985e+22,1.0868362597523552e+16,6502953443521833.0,5391433275980425.0,1.4872979291857602e+16
