t(s),Total solute volume 1,Total retention volume 1,Total 1 volume 1,Total 2 volume 1,Total 3 volume 1,Total 4 volume 1,Total 5 volume 1,Total 6 volume 1
0,6.615112269277926e+16,1.138325202340682e+17,5290051337496820.0,5798287762430659.0,38197060281547.41,148852928889814.72,700703679417547.2,3.5705304772771132e+16
