t(s),Total solute volume 1,Total retention volume 1,Total 1 volume 1,Total 2 volume 1,Total 3 volume 1,Total 4 volume 1,Total 5 volume 1,Total 6 volume 1
0,1.1300816793349946e+17,1.3315619417473997e+17,5290051337496820.0,9905407456456890.0,3918169169209.8364,9899333244014.326,57906850150520.59,4880843094722619.0
