t(s),Total solute volume 1,Total retention volume 1,Total 1 volume 1,Total 2 volume 1,Total 3 volume 1,Total 4 volume 1,Total 5 volume 1,Total 6 volume 1
0,5.092688738313051e+16,6.243712555993741e+16,2951661998355005.5,2965126037401479.5,9264953981872.205,32654181831616.125,134411175313755.88,5417119829922687.0
