t(s),Total solute volume 1,Total retention volume 1,Total 1 volume 1,Total 2 volume 1,Total 3 volume 1,Total 4 volume 1,Total 5 volume 1,Total 6 volume 1
0,8.70000992795148e+16,9.577189450419221e+16,2951661998355005.5,5065423436879563.0,950035587475.0997,2170567250972.2646,11103317665257.975,740485868939360.0
