t(s),Total solute volume 1,Total retention volume 1,Total 1 volume 1,Total 2 volume 1,Total 3 volume 1,Total 4 volume 1,Total 5 volume 1,Total 6 volume 1
0,9.85717952218855e+16,1.5897808074691696e+17,1.2878448802488328e+16,1.6122851276236812e+16,16196696001252.502,73599652029463.95,425010779383705.2,3.0890178318891084e+16
