t(s),Total solute volume 1,Total retention volume 1,Total 1 volume 1,Total 2 volume 1,Total 3 volume 1,Total 4 volume 1,Total 5 volume 1,Total 6 volume 1
0,1.6839348350405472e+17,2.130695815945597e+17,1.2878448802488326e+16,2.7543198044355056e+16,1660324177333.6877,4890242569613.634,35095178641008.92,4212805498272575.5
