t(s),Total solute volume 1,Total retention volume 1,Total 1 volume 1,Total 2 volume 1,Total 3 volume 1,Total 4 volume 1,Total 5 volume 1,Total 6 volume 1
0,8.175062817381762e+16,1.559133929697622e+17,8483748054658170.0,9978813516605722.0,39981979569129.39,169047883714752.12,886961944454521.5,5.4604211416941736e+16
