t(s),Total solute volume 1,Total retention volume 1,Total 1 volume 1,Total 2 volume 1,Total 3 volume 1,Total 4 volume 1,Total 5 volume 1,Total 6 volume 1
0,5.5346593079818586e+17,3.198359047848757e+18,6.045923551720415e+17,1.3452732373157307e+18,190736722500801.78,1679237004367914.8,2.2353221433054736e+16,6.708043294028836e+17
