t(s),Total solute volume 1,Total retention volume 1,Total 1 volume 1,Total 2 volume 1,Total 3 volume 1,Total 4 volume 1,Total 5 volume 1,Total 6 volume 1
0,9.455042984468884e+17,3.905719433533367e+18,6.045923551720417e+17,2.298131816040415e+18,19547045121668.797,111360341853957.36,1781447327275429.2,5.557860915975809e+16
