t(s),Total solute volume 1,Total retention volume 1,Total 1 volume 1,Total 2 volume 1,Total 3 volume 1,Total 4 volume 1,Total 5 volume 1,Total 6 volume 1
0,7.801667161565198e+18,5.847922052262135e+20,6.696388307350977e+19,5.094009276905076e+20,4.620411536530719e+16,1.2228596632351478e+17,1.2136019703352891e+17,3.3587702190992224e+17
