t(s),Total solute volume 1,Total retention volume 1,Total 1 volume 1,Total 2 volume 1,Total 3 volume 1,Total 4 volume 1,Total 5 volume 1,Total 6 volume 1
0,4.566829557989454e+18,3.809685431881167e+20,6.696388307350977e+19,2.9943637271575534e+20,4.878550243233179e+17,2.8102598426528543e+18,2.5050216544143974e+18,4.198321319472703e+18
