t(s),Total solute volume 1,Total retention volume 1,Total 1 volume 1,Total 2 volume 1,Total 3 volume 1,Total 4 volume 1,Total 5 volume 1,Total 6 volume 1
0,1.5180265269236467e+17,4.95600244234901e+17,3.3743667340789536e+16,4.87842065642926e+16,63712506325106.87,341812979431397.56,2462420519815257.5,2.584017716318843e+17
