t(s),Total solute volume 1,Total retention volume 1,Total 1 volume 1,Total 2 volume 1,Total 3 volume 1,Total 4 volume 1,Total 5 volume 1,Total 6 volume 1
0,8.957740053321614e+16,2.7315651887100058e+17,1.040317029189783e+16,1.2615155834536546e+16,98035059441497.4,429279937411760.0,2360623281845847.0,1.5767285393265066e+17
