t(s),Total solute volume 1,Total retention volume 1,Total 1 volume 1,Total 2 volume 1,Total 3 volume 1,Total 4 volume 1,Total 5 volume 1,Total 6 volume 1
0,1.5302805924424387e+17,2.0674728748982403e+17,1.0403170291897824e+16,2.15508874098567e+16,10056592823182.943,28550287100572.848,195088153495021.97,2.1531475510405836e+16
