t(s),Total solute volume 1,Total retention volume 1,Total 1 volume 1,Total 2 volume 1,Total 3 volume 1,Total 4 volume 1,Total 5 volume 1,Total 6 volume 1
0,1.2266054339042045e+17,1.4781391045855792e+17,6351323389472384.0,1.22219832432844e+16,4500465834000.427,11734643466725.346,71588658705576.14,6492236667374657.0
