t(s),Total solute volume 1,Total retention volume 1,Total 1 volume 1,Total 2 volume 1,Total 3 volume 1,Total 4 volume 1,Total 5 volume 1,Total 6 volume 1
0,7.180129369195402e+16,1.338969274980599e+17,6351323389472384.0,7154332371437873.0,43876961542197.46,176467902629859.78,866338699179582.4,4.750329448184303e+16
