t(s),Total solute volume 1,Total retention volume 1,Total 1 volume 1,Total 2 volume 1,Total 3 volume 1,Total 4 volume 1,Total 5 volume 1,Total 6 volume 1
0,6.1151907207788056e+16,1.109819102284852e+17,4439458008290587.5,4740171994361016.0,48747893281892.75,184283177551198.5,833306978996525.5,3.958403496821653e+16
