t(s),Total solute volume 1,Total retention volume 1,Total 1 volume 1,Total 2 volume 1,Total 3 volume 1,Total 4 volume 1,Total 5 volume 1,Total 6 volume 1
0,6.357639040862142e+16,1.2792349797833454e+17,4841705944743442.0,5237103708245424.0,60755807104638.68,233126136464650.72,1075428042344859.8,5.289898793081106e+16
