t(s),Total solute volume 1,Total retention volume 1,Total 1 volume 1,Total 2 volume 1,Total 3 volume 1,Total 4 volume 1,Total 5 volume 1,Total 6 volume 1
0,1.1300816793349946e+17,1.2928031648088016e+17,5290051337496820.0,9905407456456890.0,851810120874.9739,2152102164497.628,12588903938351.113,1061096937203670.5
