t(s),Total solute volume 1,Total retention volume 1,Total 1 volume 1,Total 2 volume 1,Total 3 volume 1,Total 4 volume 1,Total 5 volume 1,Total 6 volume 1
0,6.615112269277926e+16,8.519832860755786e+16,5290051337496820.0,5798287762430659.0,8308974422331.819,32386744394393.63,152437003194326.34,7765734092839768.0
