t(s),Total solute volume 1,Total retention volume 1,Total 1 volume 1,Total 2 volume 1,Total 3 volume 1,Total 4 volume 1,Total 5 volume 1,Total 6 volume 1
0,7.772197376133865e+19,5.045246515151919e+22,1.0574109797244612e+22,3.980048746435125e+22,4.276428577344167e+16,2.5069841481522212e+16,2.0774113002706724e+16,5.730792140884502e+16
