t(s),Total solute volume 1,Total retention volume 1,Total 1 volume 1,Total 2 volume 1,Total 3 volume 1,Total 4 volume 1,Total 5 volume 1,Total 6 volume 1
0,4.5495789518832886e+19,4.5203194575473e+22,1.0574109797244612e+22,3.4581088036988603e+22,7.101972828499144e+17,6.446035567029596e+17,4.2980558252251757e+17,7.16345298842298e+17
