t(s),Total solute volume 1,Total retention volume 1,Total 1 volume 1,Total 2 volume 1,Total 3 volume 1,Total 4 volume 1,Total 5 volume 1,Total 6 volume 1
0,1.710368165630296e+19,3.981015502651013e+21,3.850111262848305e+20,3.578457514507153e+21,9.97387071803236e+16,8.25574051560204e+16,6.940144044723902e+16,1.914826499328085e+17
