t(s),Total solute volume 1,Total retention volume 1,Total 1 volume 1,Total 2 volume 1,Total 3 volume 1,Total 4 volume 1,Total 5 volume 1,Total 6 volume 1
0,1.001191121344553e+19,2.5603346228132703e+21,3.850111262848306e+20,2.1580146193043675e+21,1.3665565620383183e+18,2.101226952447162e+18,1.435690986011124e+18,2.3934915101525135e+18
