t(s),Total solute volume 1,Total retention volume 1,Total 1 volume 1,Total 2 volume 1,Total 3 volume 1,Total 4 volume 1,Total 5 volume 1,Total 6 volume 1
0,5.831083637207589e+19,3.810665624458597e+22,5.744900751039818e+21,3.230313354759354e+22,9.074945642320014e+16,5.354976107847218e+16,4.438069684047339e+16,1.224296665598522e+17
