t(s),Total solute volume 1,Total retention volume 1,Total 1 volume 1,Total 2 volume 1,Total 3 volume 1,Total 4 volume 1,Total 5 volume 1,Total 6 volume 1
0,3.4133172510483444e+19,3.1504812237204327e+22,5.744900751039818e+21,2.57204529767919e+22,1.500054051765979e+18,1.376724574855636e+18,9.182043758322396e+17,1.5303538596190254e+18
