t(s),Total solute volume 1,Total retention volume 1,Total 1 volume 1,Total 2 volume 1,Total 3 volume 1,Total 4 volume 1,Total 5 volume 1,Total 6 volume 1
0,2.600924566469286e+19,2.0415812158961056e+22,3.1834588077439205e+21,1.7201685979806866e+22,1.2897874648545316e+18,1.2117890936377467e+18,8.086996851186758e+17,1.3478495021540987e+18
