t(s),Total solute volume 1,Total retention volume 1,Total 1 volume 1,Total 2 volume 1,Total 3 volume 1,Total 4 volume 1,Total 5 volume 1,Total 6 volume 1
0,4.443246134384989e+19,2.690939056105128e+22,3.1834588077439205e+21,2.3681226433136985e+22,7.879556779429333e+16,4.714638154031776e+16,3.908786381069361e+16,1.0782901345763466e+17
