t(s),Total solute volume 1,Total retention volume 1,Total 1 volume 1,Total 2 volume 1,Total 3 volume 1,Total 4 volume 1,Total 5 volume 1,Total 6 volume 1
0,1.3860424099942965e+19,2.4057904213874584e+21,2.4107704894684447e+20,2.150589277857543e+21,4.94532347154257e+16,5.0924355167066424e+16,4.343184205723095e+16,1.1986105121365187e+17
