t(s),Total solute volume 1,Total retention volume 1,Total 1 volume 1,Total 2 volume 1,Total 3 volume 1,Total 4 volume 1,Total 5 volume 1,Total 6 volume 1
0,8.113418985332498e+18,1.5349698194967801e+21,2.4107704894684447e+20,1.281474549652156e+21,6.250412775860874e+17,1.2832452209194813e+18,8.983473477319372e+17,1.498168066213972e+18
