t(s),Total solute volume 1,Total retention volume 1,Total 1 volume 1,Total 2 volume 1,Total 3 volume 1,Total 4 volume 1,Total 5 volume 1,Total 6 volume 1
0,5.132271443883372e+17,1.9848169107186918e+18,1.5471077007747862e+17,4.797289871713226e+17,89954280789280.84,406534083234718.9,5125360206353102.0,8.315281605111704e+17
