t(s),Total solute volume 1,Total retention volume 1,Total 1 volume 1,Total 2 volume 1,Total 3 volume 1,Total 4 volume 1,Total 5 volume 1,Total 6 volume 1
0,3.004256454956098e+17,8.518809653264296e+18,1.5471077007747866e+17,2.808180725040099e+17,877453061323416.5,6119019759340340.0,6.228271101768914e+16,7.713575981348836e+18
