t(s),Total solute volume 1,Total retention volume 1,Total 1 volume 1,Total 2 volume 1,Total 3 volume 1,Total 4 volume 1,Total 5 volume 1,Total 6 volume 1
0,2.0426316755341617e+18,5.4828650214517195e+19,1.1130180818752053e+19,3.82466985051091e+19,2.4354436362868796e+16,2.9989524943633504e+17,1.0744966154529928e+18,2.0103929138691576e+18
