t(s),Total solute volume 1,Total retention volume 1,Total 1 volume 1,Total 2 volume 1,Total 3 volume 1,Total 4 volume 1,Total 5 volume 1,Total 6 volume 1
0,3.489495779037574e+18,8.015836215736177e+19,1.1130180818752053e+19,6.530313094388769e+19,2475143974128099.5,1.7831056550669526e+16,5.440231359293216e+16,1.6084610156641325e+17
