t(s),Total solute volume 1,Total retention volume 1,Total 1 volume 1,Total 2 volume 1,Total 3 volume 1,Total 4 volume 1,Total 5 volume 1,Total 6 volume 1
0,6.110165178850669e+17,1.528668505788805e+19,7.538773491030418e+17,1.7336694297627313e+18,4280971150467406.5,3.9113982370779624e+16,5.35690523005398e+17,1.1609036284610583e+19
