t(s),Total solute volume 1,Total retention volume 1,Total 1 volume 1,Total 2 volume 1,Total 3 volume 1,Total 4 volume 1,Total 5 volume 1,Total 6 volume 1
0,1.0438198847203212e+18,5.754333903748991e+18,7.538773491030418e+17,2.961613368357028e+18,438744156855093.75,2592468500718179.0,4.2068879135585464e+16,9.499232097754459e+17
