t(s),Total solute volume 1,Total retention volume 1,Total 1 volume 1,Total 2 volume 1,Total 3 volume 1,Total 4 volume 1,Total 5 volume 1,Total 6 volume 1
0,1.6062657215105326e+18,1.261332697968214e+19,1.9718743661304888e+18,8.94244010427008e+18,127430837202575.05,873187283054501.1,1.1993006408312616e+16,7.975316324254334e+16
