t(s),Total solute volume 1,Total retention volume 1,Total 1 volume 1,Total 2 volume 1,Total 3 volume 1,Total 4 volume 1,Total 5 volume 1,Total 6 volume 1
0,9.402531052744658e+17,9.330796328573043e+18,1.9718743661304886e+18,5.234982861726286e+18,1244309864994391.5,1.3280483143082424e+16,1.7526282336305507e+17,9.938983790706874e+17
