t(s),Total solute volume 1,Total retention volume 1,Total 1 volume 1,Total 2 volume 1,Total 3 volume 1,Total 4 volume 1,Total 5 volume 1,Total 6 volume 1
0,9.402531052744658e+17,1.1386603439598151e+22,1.9718743661304886e+18,5.234982861726286e+18,1.1742083522611753e+19,1.2127177522662072e+20,1.631180656716634e+21,9.614261813799148e+21
