t(s),Total solute volume 1,Total retention volume 1,Total 1 volume 1,Total 2 volume 1,Total 3 volume 1,Total 4 volume 1,Total 5 volume 1,Total 6 volume 1
0,3.563921568279588e+17,6.501227570016718e+17,6.8581699480849336e+16,1.8831811750643e+17,4427596103047.727,17397201919743.9,183045565896105.78,3.662591282251622e+16
