t(s),Total solute volume 1,Total retention volume 1,Total 1 volume 1,Total 2 volume 1,Total 3 volume 1,Total 4 volume 1,Total 5 volume 1,Total 6 volume 1
0,2.0861979911880643e+17,6.764339914211571e+17,6.858169948084933e+16,1.1023516579767e+17,43195255852463.74,261875237534102.16,2218767559977343.0,2.8647348897046518e+17
