t(s),Total solute volume 1,Total retention volume 1,Total 1 volume 1,Total 2 volume 1,Total 3 volume 1,Total 4 volume 1,Total 5 volume 1,Total 6 volume 1
0,2.067829880351787e+17,3.652519180873186e+17,2.0362204049155636e+16,4.663428171230368e+16,24948171661106.234,79520331074122.44,633979630815008.1,9.073399615713067e+16
