t(s),Total solute volume 1,Total retention volume 1,Total 1 volume 1,Total 2 volume 1,Total 3 volume 1,Total 4 volume 1,Total 5 volume 1,Total 6 volume 1
0,1.2104370031327629e+17,8.45127530875138e+17,2.036220404915564e+16,2.7298126560537492e+16,243199408979698.97,1195642795376068.2,7671766554385911.0,6.673128911934298e+17
