t(s),Total solute volume 1,Total retention volume 1,Total 1 volume 1,Total 2 volume 1,Total 3 volume 1,Total 4 volume 1,Total 5 volume 1,Total 6 volume 1
0,8.394286150660815e+17,1.5436190504555684e+19,1.531053857194819e+18,3.913959566691929e+18,7246355532469307.0,7.435563783736914e+16,1.0275319345298932e+18,8.042614537703148e+18
