t(s),Total solute volume 1,Total retention volume 1,Total 1 volume 1,Total 2 volume 1,Total 3 volume 1,Total 4 volume 1,Total 5 volume 1,Total 6 volume 1
0,1.4340238840712154e+18,1.0377329284229347e+19,1.531053857194819e+18,6.68598110410038e+18,742343182692667.5,4905123263479573.0,7.384972970060734e+16,6.46773242716123e+17
