t(s),Total solute volume 1,Total retention volume 1,Total 1 volume 1,Total 2 volume 1,Total 3 volume 1,Total 4 volume 1,Total 5 volume 1,Total 6 volume 1
0,1.454865482009603e+20,8.391703545363211e+22,3.579686312483719e+22,4.797460062369274e+22,2.5032103254787344e+16,1.4613536905736758e+16,1.210850042725232e+16,3.340276001760552e+16
