t(s),Total solute volume 1,Total retention volume 1,Total 1 volume 1,Total 2 volume 1,Total 3 volume 1,Total 4 volume 1,Total 5 volume 1,Total 6 volume 1
0,8.516285748348854e+19,8.217070089891344e+22,3.579686312483719e+22,4.628721412782856e+22,4.1696460363310144e+17,3.757714242510938e+17,2.5051949899047408e+17,4.1753323684273184e+17
