t(s),Total solute volume 1,Total retention volume 1,Total 1 volume 1,Total 2 volume 1,Total 3 volume 1,Total 4 volume 1,Total 5 volume 1,Total 6 volume 1
0,5.556772250990977e+17,1.79639488820111e+18,1.8471874136236307e+17,5.881523663147372e+17,53709092283668.1,250224655056538.25,3276334245705643.0,4.6426628743186464e+17
