t(s),Total solute volume 1,Total retention volume 1,Total 1 volume 1,Total 2 volume 1,Total 3 volume 1,Total 4 volume 1,Total 5 volume 1,Total 6 volume 1
0,3.2527447322874304e+17,5.426332005001135e+18,1.8471874136236307e+17,3.4428597201944646e+17,523961570978931.6,3767117370871638.5,3.9869269798791e+16,4.5278924696499343e+18
