t(s),Total solute volume 1,Total retention volume 1,Total 1 volume 1,Total 2 volume 1,Total 3 volume 1,Total 4 volume 1,Total 5 volume 1,Total 6 volume 1
0,2.5932953168279194e+17,5.5711832763377165e+17,3.3743667340789536e+16,8.333962927494267e+16,33743591905801.94,117338419840964.44,1050318042977295.4,1.7950409928052227e+17
