t(s),Total solute volume 1,Total retention volume 1,Total 1 volume 1,Total 2 volume 1,Total 3 volume 1,Total 4 volume 1,Total 5 volume 1,Total 6 volume 1
0,1.5180265269236467e+17,1.5837266909356836e+18,3.3743667340789536e+16,4.87842065642926e+16,329021384227054.0,1764887933456667.8,1.2715461521474204e+16,1.33458679349909e+18
