t(s),Total solute volume 1,Total retention volume 1,Total 1 volume 1,Total 2 volume 1,Total 3 volume 1,Total 4 volume 1,Total 5 volume 1,Total 6 volume 1
0,2.7620042352160896e+18,1.1319715385116631e+20,2.1816306119850037e+19,8.283158743020675e+19,8.719963255741309e+16,9.529939568428812e+17,1.738376496517504e+18,3.008685979975384e+18
