t(s),Total solute volume 1,Total retention volume 1,Total 1 volume 1,Total 2 volume 1,Total 3 volume 1,Total 4 volume 1,Total 5 volume 1,Total 6 volume 1
0,1.1342546114652189e+19,1.474224461313738e+21,1.542273968290348e+20,1.3085723532580886e+21,1.196976165375987e+16,1.6347089472348308e+16,1.4318273901513228e+16,3.952998693590585e+16
