t(s),Total solute volume 1,Total retention volume 1,Total 1 volume 1,Total 2 volume 1,Total 3 volume 1,Total 4 volume 1,Total 5 volume 1,Total 6 volume 1
0,6.639539189064714e+18,9.365020311646842e+20,1.542273968290348e+20,7.742999917924197e+20,1.4025758175466379e+17,4.046565282409185e+17,2.960767017769074e+17,4.941125423939789e+17
