t(s),Total solute volume 1,Total retention volume 1,Total 1 volume 1,Total 2 volume 1,Total 3 volume 1,Total 4 volume 1,Total 5 volume 1,Total 6 volume 1
0,1.8614795258035258e+17,2.9021004474303296e+17,1.6105550931134632e+16,3.561535913744106e+16,17132798489195.855,52445746549763.805,396212892549552.25,5.1875390656516184e+16
