t(s),Total solute volume 1,Total retention volume 1,Total 1 volume 1,Total 2 volume 1,Total 3 volume 1,Total 4 volume 1,Total 5 volume 1,Total 6 volume 1
0,1.0896465516898744e+17,5.323566944475137e+17,1.6105550931134632e+16,2.0848021191923476e+16,167022257107350.34,788611055669125.2,4794670957030621.0,3.8068816288566483e+17
