t(s),Total solute volume 1,Total retention volume 1,Total 1 volume 1,Total 2 volume 1,Total 3 volume 1,Total 4 volume 1,Total 5 volume 1,Total 6 volume 1
0,2.2349716812900077e+17,4.660025244215109e+18,7.99733013773092e+16,1.3153125251363437e+17,579157765889361.2,3605014723393000.5,3.1632820968640052e+16,4.189206528737242e+18
