t(s),Total solute volume 1,Total retention volume 1,Total 1 volume 1,Total 2 volume 1,Total 3 volume 1,Total 4 volume 1,Total 5 volume 1,Total 6 volume 1
0,3.818076622203744e+17,1.2137221317907e+18,7.99733013773092e+16,2.2469880913100803e+17,59381763368924.39,239582811186758.9,2609835465827978.0,5.243335590216232e+17
