t(s),Total solute volume 1,Total retention volume 1,Total 1 volume 1,Total 2 volume 1,Total 3 volume 1,Total 4 volume 1,Total 5 volume 1,Total 6 volume 1
0,2.0104438942510703e+19,1.247130225011992e+22,1.8076337742290042e+21,1.0636512866415753e+22,1.886336177573059e+18,1.8564101233508278e+18,1.2406381493864722e+18,2.0677860823533207e+18
