t(s),Total solute volume 1,Total retention volume 1,Total 1 volume 1,Total 2 volume 1,Total 3 volume 1,Total 4 volume 1,Total 5 volume 1,Total 6 volume 1
0,3.434508319345575e+19,1.765727028755518e+22,1.8076337742290045e+21,1.581487631351659e+22,1.174558092355587e+17,7.226938860597048e+16,5.996605278879493e+16,1.654253657244567e+17
