t(s),Total solute volume 1,Total retention volume 1,Total 1 volume 1,Total 2 volume 1,Total 3 volume 1,Total 4 volume 1,Total 5 volume 1,Total 6 volume 1
0,9.455042984468884e+17,4.99803677116693e+18,6.045923551720417e+17,2.298131816040415e+18,390937279801773.5,2227189361085603.8,3.5628647343529116e+16,1.1115615275231634e+18
