t(s),Total solute volume 1,Total retention volume 1,Total 1 volume 1,Total 2 volume 1,Total 3 volume 1,Total 4 volume 1,Total 5 volume 1,Total 6 volume 1
0,5.5346593079818586e+17,1.6402320501538802e+19,6.045923551720415e+17,1.3452732373157307e+18,3814176388108435.0,3.3578176765014604e+16,4.469898724769285e+17,1.3414606752622799e+19
