t(s),Total solute volume 1,Total retention volume 1,Total 1 volume 1,Total 2 volume 1,Total 3 volume 1,Total 4 volume 1,Total 5 volume 1,Total 6 volume 1
0,2.445311007127456e+17,3.5975351933307674e+17,2.9598370758294e+16,7.168383321791445e+16,2864109534109.0435,9737008360245.826,84580837655647.67,1.3843032688570618e+16
