t(s),Total solute volume 1,Total retention volume 1,Total 1 volume 1,Total 2 volume 1,Total 3 volume 1,Total 4 volume 1,Total 5 volume 1,Total 6 volume 1
0,1.4314015651477992e+17,3.1845839342017376e+17,2.9598370758294e+16,4.196129288420449e+16,27941035732570.344,146555522117654.28,1024506957493583.4,1.0255956974755616e+17
