t(s),Total solute volume 1,Total retention volume 1,Total 1 volume 1,Total 2 volume 1,Total 3 volume 1,Total 4 volume 1,Total 5 volume 1,Total 6 volume 1
0,2.1836778534678442e+17,3.5469256611270464e+17,2.2995109404381096e+16,5.36299248106901e+16,14830500395914.4,48272161451359.5,395740513654114.6,5.924090337534695e+16
