t(s),Total solute volume 1,Total retention volume 1,Total 1 volume 1,Total 2 volume 1,Total 3 volume 1,Total 4 volume 1,Total 5 volume 1,Total 6 volume 1
0,1.2782504508104443e+17,6.244226739772428e+17,2.2995109404381096e+16,3.1393140520667656e+16,144628592102379.53,726205803408984.8,4791188645307121.0,4.365473559303365e+17
