t(s),Total solute volume 1,Total retention volume 1,Total 1 volume 1,Total 2 volume 1,Total 3 volume 1,Total 4 volume 1,Total 5 volume 1,Total 6 volume 1
0,2.067829880351787e+17,3.122954550642774e+17,2.0362204049155636e+16,4.663428171230368e+16,10504827949676.082,33483147810526.293,266946498041453.47,3.820504679383496e+16
