t(s),Total solute volume 1,Total retention volume 1,Total 1 volume 1,Total 2 volume 1,Total 3 volume 1,Total 4 volume 1,Total 5 volume 1,Total 6 volume 1
0,1.2104370031327629e+17,4.53622691785102e+17,2.036220404915564e+16,2.729812656053749e+16,102451237588363.47,503766660536407.1,3232068931023421.0,2.8108037403298458e+17
