t(s),Total solute volume 1,Total retention volume 1,Total 1 volume 1,Total 2 volume 1,Total 3 volume 1,Total 4 volume 1,Total 5 volume 1,Total 6 volume 1
0,2.7620042352160896e+18,1.1097132785934818e+20,2.1816306119850037e+19,8.283158743020675e+19,5.366196601856216e+16,5.864673633879878e+17,1.0697850072579725e+18,1.851515737410543e+18
