t(s),Total solute volume 1,Total retention volume 1,Total 1 volume 1,Total 2 volume 1,Total 3 volume 1,Total 4 volume 1,Total 5 volume 1,Total 6 volume 1
0,4.718423901827473e+18,1.6811194915270826e+20,2.1816306119850037e+19,1.413400008682567e+20,5389806647830787.0,3.1188256070236628e+16,5.251418785316994e+16,1.481260122033535e+17
