t(s),Total solute volume 1,Total retention volume 1,Total 1 volume 1,Total 2 volume 1,Total 3 volume 1,Total 4 volume 1,Total 5 volume 1,Total 6 volume 1
0,1.827745988668061e+17,3.6898143846412365e+18,5.1059153534519e+16,7.853065002362187e+16,610480554133805.1,3516912051126511.5,2.785976193291684e+16,3.3454628276781097e+18
