t(s),Total solute volume 1,Total retention volume 1,Total 1 volume 1,Total 2 volume 1,Total 3 volume 1,Total 4 volume 1,Total 5 volume 1,Total 6 volume 1
0,2.5802946377090512e+17,7.534207681208136e+18,1.1018915844204802e+17,1.9011722470774906e+17,832926531775042.5,5478852672515677.0,5.169234126866133e+16,6.917867713814483e+18
