t(s),Total solute volume 1,Total retention volume 1,Total 1 volume 1,Total 2 volume 1,Total 3 volume 1,Total 4 volume 1,Total 5 volume 1,Total 6 volume 1
0,4.408003339419685e+17,1.6945378429557806e+18,1.1018915844204802e+17,3.247827274525352e+17,85398829142444.62,364085753564648.6,4261103122603639.0,8.140550354139236e+17
