t(s),Total solute volume 1,Total retention volume 1,Total 1 volume 1,Total 2 volume 1,Total 3 volume 1,Total 4 volume 1,Total 5 volume 1,Total 6 volume 1
0,1.0357694112375635e+17,4.423214026543255e+17,1.4382961689890436e+16,1.830613831100575e+16,144622584597231.03,669660052313795.9,3967019147081012.0,3.012740597456857e+17
