t(s),Total solute volume 1,Total retention volume 1,Total 1 volume 1,Total 2 volume 1,Total 3 volume 1,Total 4 volume 1,Total 5 volume 1,Total 6 volume 1
0,1.7694394108641648e+17,2.6407148402045754e+17,1.4382961689890436e+16,3.1272978263682056e+16,14835152094635.248,44535348552307.41,327824835211438.25,4.108440764461126e+16
