t(s),Total solute volume 1,Total retention volume 1,Total 1 volume 1,Total 2 volume 1,Total 3 volume 1,Total 4 volume 1,Total 5 volume 1,Total 6 volume 1
0,2.0408582906428972e+18,2.3283246749433287e+19,3.3640731614648397e+18,1.6521366587680283e+19,3472560604806643.0,2.537486053283106e+16,2.4995922406501114e+17,1.0781420644426931e+18
