t(s),Total solute volume 1,Total retention volume 1,Total 1 volume 1,Total 2 volume 1,Total 3 volume 1,Total 4 volume 1,Total 5 volume 1,Total 6 volume 1
0,5.67102642256257e+16,8.241740193161061e+16,3752113566455123.5,3906825519925697.5,24728258930266.977,90823371521245.03,395078495189453.9,1.7537568493963358e+16
