t(s),Total solute volume 1,Total retention volume 1,Total 1 volume 1,Total 2 volume 1,Total 3 volume 1,Total 4 volume 1,Total 5 volume 1,Total 6 volume 1
0,9.688003471877627e+16,1.09745319936454e+17,3752113566455123.5,6674159898032270.0,2536607346984.4575,6040254186835.394,32650394096342.883,2397784497560574.5
