t(s),Total solute volume 1,Total retention volume 1,Total 1 volume 1,Total 2 volume 1,Total 3 volume 1,Total 4 volume 1,Total 5 volume 1,Total 6 volume 1
0,2.5802946377090512e+17,7.824795844962518e+18,1.1018915844204802e+17,1.9011722470774906e+17,867620269763064.5,5707036854469383.0,5.384537282093335e+16,7.206039968096632e+18
