t(s),Total solute volume 1,Total retention volume 1,Total 1 volume 1,Total 2 volume 1,Total 3 volume 1,Total 4 volume 1,Total 5 volume 1,Total 6 volume 1
0,4.408003339419685e+17,1.7286523347231967e+18,1.1018915844204802e+17,3.247827274525352e+17,88957038769816.8,379255722826021.06,4438645698242827.5,8.479732564268108e+17
