t(s),Total solute volume 1,Total retention volume 1,Total 1 volume 1,Total 2 volume 1,Total 3 volume 1,Total 4 volume 1,Total 5 volume 1,Total 6 volume 1
0,8.516285748348854e+19,8.217188343241568e+22,3.579686312483719e+22,4.628721412782856e+22,7.545046935327812e+17,6.79964107145289e+17,4.5331915949700934e+17,7.555343065651402e+17
