t(s),Total solute volume 1,Total retention volume 1,Total 1 volume 1,Total 2 volume 1,Total 3 volume 1,Total 4 volume 1,Total 5 volume 1,Total 6 volume 1
0,1.454865482009603e+20,8.391710439013623e+22,3.579686312483719e+22,4.797460062369274e+22,4.529617663513345e+16,2.644353792662619e+16,2.1910615346357308e+16,6.044307546600626e+16
