t(s),Total solute volume 1,Total retention volume 1,Total 1 volume 1,Total 2 volume 1,Total 3 volume 1,Total 4 volume 1,Total 5 volume 1,Total 6 volume 1
0,1.3860424099942965e+19,2.406204759898224e+21,2.4107704894684447e+20,2.150589277857544e+21,1.2716526110758306e+17,1.3094816782397725e+17,1.1168172075512742e+17,3.082138442297236e+17
