t(s),Total solute volume 1,Total retention volume 1,Total 1 volume 1,Total 2 volume 1,Total 3 volume 1,Total 4 volume 1,Total 5 volume 1,Total 6 volume 1
0,8.113418985332498e+18,1.5417342354413616e+21,2.4107704894684447e+20,1.281474549652156e+21,1.6072091702447345e+18,3.2996641848373e+18,2.309970781590597e+18,3.852373720359249e+18
