t(s),Total solute volume 1,Total retention volume 1,Total 1 volume 1,Total 2 volume 1,Total 3 volume 1,Total 4 volume 1,Total 5 volume 1,Total 6 volume 1
0,1.001191121344553e+19,2.558650741637332e+21,3.850111262848306e+20,2.1580146193043675e+21,1.0512034672308247e+18,1.6163409794468337e+18,1.1043850014842703e+18,1.841155386546284e+18
