t(s),Total solute volume 1,Total retention volume 1,Total 1 volume 1,Total 2 volume 1,Total 3 volume 1,Total 4 volume 1,Total 5 volume 1,Total 6 volume 1
0,1.710368165630296e+19,3.9809132304184975e+21,3.850111262848306e+20,3.578457514507153e+21,7.672211069823838e+16,6.3505716075753416e+16,5.338574123651421e+16,1.47294402211557e+17
