t(s),Total solute volume 1,Total retention volume 1,Total 1 volume 1,Total 2 volume 1
0,1.827745988668061e+17,3.12364402424949e+17,5.1059153534519e+16,7.853065002362187e+16
