t(s),Total solute volume 1,Total retention volume 1,Total 1 volume 1,Total 2 volume 1,Total 3 volume 1,Total 4 volume 1,Total 5 volume 1,Total 6 volume 1
0,1.5180265269236467e+17,3.649711637968916e+17,3.3743667340789536e+16,4.87842065642926e+16,31858111058571.29,170919805381789.72,1231292117740167.5,1.2920656716526248e+17
