t(s),Total solute volume 1,Total retention volume 1,Total 1 volume 1,Total 2 volume 1,Total 3 volume 1,Total 4 volume 1,Total 5 volume 1,Total 6 volume 1
0,4.0452254584778307e+18,1.152010898955334e+20,1.5476103569735985e+19,9.533228108352348e+19,5350058031485329.0,3.552394239717037e+16,7.92100702210192e+16,2.2739571314676304e+17
