t(s),Total solute volume 1,Total retention volume 1,Total 1 volume 1,Total 2 volume 1,Total 3 volume 1,Total 4 volume 1,Total 5 volume 1,Total 6 volume 1
0,2.3679368537431424e+18,7.880930687663627e+19,1.5476103569735987e+19,5.584790903245229e+19,5.288202939634673e+16,6.276119356173861e+17,1.5945838624696404e+18,2.842279593221294e+18
