t(s),Total solute volume 1,Total retention volume 1,Total 1 volume 1,Total 2 volume 1,Total 3 volume 1,Total 4 volume 1,Total 5 volume 1,Total 6 volume 1
0,3.004256454956098e+17,9.383415112600605e+18,1.5471077007747866e+17,2.808180725040099e+17,974924596858988.8,6798694265563712.0,6.920113102316644e+16,8.570485874637911e+18
