t(s),Total solute volume 1,Total retention volume 1,Total 1 volume 1,Total 2 volume 1,Total 3 volume 1,Total 4 volume 1,Total 5 volume 1,Total 6 volume 1
0,5.132271443883372e+17,2.077832126056995e+18,1.5471077007747866e+17,4.797289871713226e+17,99949049892388.03,451703959129016.94,5694836877510462.0,9.23918734533323e+17
