t(s),Total solute volume 1,Total retention volume 1,Total 1 volume 1,Total 2 volume 1,Total 3 volume 1,Total 4 volume 1,Total 5 volume 1,Total 6 volume 1
0,1.7152588772477386e+17,1.3304472560700544e+18,4.431341940307482e+16,6.672760546581345e+16,209194409493446.12,1176222675521664.8,9019705093999300.0,1.0374752212973783e+18
