t(s),Total solute volume 1,Total retention volume 1,Total 1 volume 1,Total 2 volume 1,Total 3 volume 1,Total 4 volume 1,Total 5 volume 1,Total 6 volume 1
0,2.9302339152982e+17,5.899975348647209e+17,4.431341940307482e+16,1.1399288614301397e+17,21447668289839.26,78166493894519.89,744655011268207.4,1.3782356861535128e+17
