t(s),Total solute volume 1,Total retention volume 1,Total 1 volume 1,Total 2 volume 1,Total 3 volume 1,Total 4 volume 1,Total 5 volume 1,Total 6 volume 1
0,1.1300816793349946e+17,1.297109854354764e+17,5290051337496820.0,9905407456456888.0,1192528846775.4883,3012931643533.462,17624394227514.195,1485528853305721.8
