t(s),Total solute volume 1,Total retention volume 1,Total 1 volume 1,Total 2 volume 1,Total 3 volume 1,Total 4 volume 1,Total 5 volume 1,Total 6 volume 1
0,6.615112269277926e+16,8.83812755452132e+16,5290051337496820.0,5798287762430659.0,11631744626070.98,45337174848538.75,213394664253921.94,1.0871450168777208e+16
