t(s),Total solute volume 1,Total retention volume 1,Total 1 volume 1,Total 2 volume 1,Total 3 volume 1,Total 4 volume 1,Total 5 volume 1,Total 6 volume 1
0,4.408003339419685e+17,9.440039953054632e+17,1.1018915844204802e+17,3.247827274525352e+17,7116700957363.117,30340955499590.93,355097889521042.56,6.7839219922937576e+16
