t(s),Total solute volume 1,Total retention volume 1,Total 1 volume 1,Total 2 volume 1,Total 3 volume 1,Total 4 volume 1,Total 5 volume 1,Total 6 volume 1
0,2.5802946377090512e+17,1.139787295989945e+18,1.1018915844204802e+17,1.9011722470774906e+17,69430850661350.016,456749498002969.0,4309131767504650.5,5.766161369530747e+17
