t(s),Total solute volume 1,Total retention volume 1,Total 1 volume 1,Total 2 volume 1,Total 3 volume 1,Total 4 volume 1,Total 5 volume 1,Total 6 volume 1
0,1.3361787230712443e+17,1.5863251483878112e+17,7687035129498279.0,1.522028754057002e+16,1238201523662.075,3336514098644.911,21267632468062.562,2081477513498318.5
