t(s),Total solute volume 1,Total retention volume 1,Total 1 volume 1,Total 2 volume 1,Total 3 volume 1,Total 4 volume 1,Total 5 volume 1,Total 6 volume 1
0,7.82153398870977e+16,1.1037139726766856e+17,7687035129498278.0,8909437720794750.0,12078253938066.928,50212165845713.38,257534380084525.2,1.523975973041055e+16
