t(s),Total solute volume 1,Total retention volume 1,Total 1 volume 1,Total 2 volume 1,Total 3 volume 1,Total 4 volume 1,Total 5 volume 1,Total 6 volume 1
0,2.1328894422529733e+19,6.631238777741361e+21,6.290856345856501e+20,5.980718300898787e+21,2.685214484533499e+16,1.912224802177046e+16,1.595489104076644e+16,4.401855047583928e+16
