t(s),Total solute volume 1,Total retention volume 1,Total 1 volume 1,Total 2 volume 1,Total 3 volume 1,Total 4 volume 1,Total 5 volume 1,Total 6 volume 1
0,1.2485206491236938e+19,4.3247426388412313e+21,6.290856345856501e+20,3.6814069503789766e+21,3.952855084230381e+17,4.8928230634820166e+17,3.300832107466258e+17,5.50196359849641e+17
