t(s),Total solute volume 1,Total retention volume 1,Total 1 volume 1,Total 2 volume 1,Total 3 volume 1,Total 4 volume 1,Total 5 volume 1,Total 6 volume 1
0,7.831248687372006e+17,2.9602788550837765e+18,3.971127163555371e+17,1.417606166617462e+18,77018721946201.17,408856845332958.5,6194208429902839.0,3.557550193763823e+17
