t(s),Total solute volume 1,Total retention volume 1,Total 1 volume 1,Total 2 volume 1,Total 3 volume 1,Total 4 volume 1,Total 5 volume 1,Total 6 volume 1
0,4.584145573095851e+17,5.881169734312819e+18,3.971127163555371e+17,8.29827887724081e+17,751444571157682.5,6159743646042280.0,7.636014005764926e+16,4.112543244648765e+18
