t(s),Total solute volume 1,Total retention volume 1,Total 1 volume 1,Total 2 volume 1,Total 3 volume 1,Total 4 volume 1,Total 5 volume 1,Total 6 volume 1
0,2.399005506587524e+17,4.2073692576290995e+18,9.36616297076456e+16,1.5772427002204848e+17,471972712804275.94,3018990075239444.0,2.745671023307314e+16,3.6851351342195343e+18
