t(s),Total solute volume 1,Total retention volume 1,Total 1 volume 1,Total 2 volume 1,Total 3 volume 1,Total 4 volume 1,Total 5 volume 1,Total 6 volume 1
0,1.194648755498281e+18,2.0420419761263366e+19,3.364073161464839e+18,9.67235389752105e+18,1.1666063155277446e+16,1.3427848505626046e+17,1.415397591398639e+18,4.628001807168919e+18
