t(s),Total solute volume 1,Total retention volume 1,Total 1 volume 1,Total 2 volume 1,Total 3 volume 1,Total 4 volume 1,Total 5 volume 1,Total 6 volume 1
0,2.0408582906428972e+18,2.239275193738134e+19,3.364073161464839e+18,1.6521366587680283e+19,1193699755766538.5,8722651917467618.0,8.592394302747438e+16,3.706136028926868e+17
