t(s),Total solute volume 1,Total retention volume 1,Total 1 volume 1,Total 2 volume 1,Total 3 volume 1,Total 4 volume 1,Total 5 volume 1,Total 6 volume 1
0,1.2266054339042045e+17,1.4213116804271494e+17,6351323389472384.0,1.22219832432844e+16,613724424615.0591,1600232832490.6929,9762443557674.71,885341618721984.0
