t(s),Total solute volume 1,Total retention volume 1,Total 1 volume 1,Total 2 volume 1,Total 3 volume 1,Total 4 volume 1,Total 5 volume 1,Total 6 volume 1
0,7.180129369195402e+16,9.193604781699131e+16,6351323389472384.0,7154332371437873.0,5986999038908.209,24084098030519.047,118222110848713.3,6480805156209274.0
