t(s),Total solute volume 1,Total retention volume 1,Total 1 volume 1,Total 2 volume 1,Total 3 volume 1,Total 4 volume 1,Total 5 volume 1,Total 6 volume 1
0,4.718423901827473e+18,1.6793403549764806e+20,2.1816306119850037e+19,1.413400008682567e+20,1347452909444756.0,7797070130068840.0,1.3128557973664924e+16,3.7031526701310664e+16
