t(s),Total solute volume 1,Total retention volume 1,Total 1 volume 1,Total 2 volume 1,Total 3 volume 1,Total 4 volume 1,Total 5 volume 1,Total 6 volume 1
0,2.7620042352160896e+18,1.083002678689873e+20,2.1816306119850037e+19,8.283158743020675e+19,1.3415687612557566e+16,1.466197040873377e+17,2.6745070864720154e+17,4.628839833672342e+17
