t(s),Total solute volume 1,Total retention volume 1,Total 1 volume 1,Total 2 volume 1,Total 3 volume 1,Total 4 volume 1,Total 5 volume 1,Total 6 volume 1
0,1.6062657215105326e+18,1.2937939747011504e+19,1.9718743661304888e+18,8.94244010427008e+18,573437427793799.0,3929335000872007.0,5.3968414580623784e+16,3.5888836809118394e+17
