t(s),Total solute volume 1,Total retention volume 1,Total 1 volume 1,Total 2 volume 1,Total 3 volume 1,Total 4 volume 1,Total 5 volume 1,Total 6 volume 1
0,9.402531052744658e+17,1.347353661347448e+19,1.9718743661304888e+18,5.234982861726286e+18,5599187862412354.0,5.975922939795011e+16,7.886495426910789e+17,4.4724183203918223e+18
