t(s),Total solute volume 1,Total retention volume 1,Total 1 volume 1,Total 2 volume 1,Total 3 volume 1,Total 4 volume 1,Total 5 volume 1,Total 6 volume 1
0,3.2527447322874304e+17,1.1521309581511311e+19,1.8471874136236307e+17,3.4428597201944646e+17,1222411747800425.5,8788353426377874.0,9.301396198570952e+16,1.0564005667740803e+19
