t(s),Total solute volume 1,Total retention volume 1,Total 1 volume 1,Total 2 volume 1,Total 3 volume 1,Total 4 volume 1,Total 5 volume 1,Total 6 volume 1
0,5.556772250990977e+17,2.4201806353944105e+18,1.8471874136236307e+17,5.881523663147372e+17,125320142274880.0,583853295230573.0,7644720585373001.0,1.0832784085953299e+18
