t(s),Total solute volume 1,Total retention volume 1,Total 1 volume 1,Total 2 volume 1,Total 3 volume 1,Total 4 volume 1,Total 5 volume 1,Total 6 volume 1
0,9.011205916778291e+16,1.0214892124585115e+17,3192384722575143.5,5543091834178185.0,3904556773488.4033,9042329800573.996,47096076977130.414,3241342557762864.0
