t(s),Total solute volume 1,Total retention volume 1,Total 1 volume 1,Total 2 volume 1,Total 3 volume 1,Total 4 volume 1,Total 5 volume 1,Total 6 volume 1
0,5.274852243967814e+16,8.36230508336576e+16,3192384722575143.5,3244736830869188.5,38037150452852.484,135833404939287.22,569413435741586.2,2.3694122849401516e+16
