t(s),Total solute volume 1,Total retention volume 1,Total 1 volume 1,Total 2 volume 1
0,7.180129369195402e+16,8.530694945286418e+16,6351323389472384.0,7154332371437873.0
