t(s),Total solute volume 1,Total retention volume 1,Total 1 volume 1,Total 2 volume 1,Total 3 volume 1,Total 4 volume 1,Total 5 volume 1,Total 6 volume 1
0,1.4611483665945994e+17,1.879056437073509e+17,9383807851828778.0,1.9141956437258628e+16,6651663694435.877,18551016507567.746,123793533100792.61,1.3116046545501026e+16
