t(s),Total solute volume 1,Total retention volume 1,Total 1 volume 1,Total 2 volume 1,Total 3 volume 1,Total 4 volume 1,Total 5 volume 1,Total 6 volume 1
0,8.553063609334184e+16,2.0399665282500115e+17,9383807851828774.0,1.1205049428947024e+16,64855151144620.375,279005079068634.0,1498262895664513.5,9.603503632500605e+16
