t(s),Total solute volume 1,Total retention volume 1,Total 1 volume 1,Total 2 volume 1,Total 3 volume 1,Total 4 volume 1,Total 5 volume 1,Total 6 volume 1
0,4.584145573095851e+17,2.475815263346328e+19,3.971127163555371e+17,8.29827887724081e+17,4131962008668364.5,3.3867824866853212e+16,4.198668846472495e+17,2.261493080055132e+19
