t(s),Total solute volume 1,Total retention volume 1,Total 1 volume 1,Total 2 volume 1,Total 3 volume 1,Total 4 volume 1,Total 5 volume 1,Total 6 volume 1
0,7.831248687372006e+17,4.591205817106889e+18,3.971127163555371e+17,1.417606166617462e+18,423596587156095.06,2248683954350766.5,3.4067681099441596e+16,1.9566221037557368e+18
