t(s),Total solute volume 1,Total retention volume 1,Total 1 volume 1,Total 2 volume 1,Total 3 volume 1,Total 4 volume 1,Total 5 volume 1,Total 6 volume 1
0,1.2104370031327629e+17,3.4679674269329754e+17,2.0362204049155636e+16,2.7298126560537492e+16,64040805207103.7,314911845367137.7,2020358897554002.0,1.7569340022219968e+17
