t(s),Total solute volume 1,Total retention volume 1,Total 1 volume 1,Total 2 volume 1,Total 3 volume 1,Total 4 volume 1,Total 5 volume 1,Total 6 volume 1
0,2.067829880351787e+17,2.9785217821423264e+17,2.0362204049155636e+16,4.663428171230368e+16,6565574508135.626,20927121332501.055,166842874867241.0,2.3878368846885748e+16
