t(s),Total solute volume 1,Total retention volume 1,Total 1 volume 1,Total 2 volume 1,Total 3 volume 1,Total 4 volume 1,Total 5 volume 1,Total 6 volume 1
0,1.7152588772477386e+17,6.319075209480518e+17,4.431341940307482e+16,6.672760546581345e+16,69743890424392.82,392167519441621.5,3007178862377289.5,3.45871518082145e+17
