t(s),Total solute volume 1,Total retention volume 1,Total 1 volume 1,Total 2 volume 1,Total 3 volume 1,Total 4 volume 1,Total 5 volume 1,Total 6 volume 1
0,2.9302339152982e+17,4.975528487157611e+17,4.431341940307482e+16,1.1399288614301397e+17,7149303420068.234,26055746878919.926,248220874929219.22,4.59417257146203e+16
