t(s),Total solute volume 1,Total retention volume 1,Total 1 volume 1,Total 2 volume 1,Total 3 volume 1,Total 4 volume 1,Total 5 volume 1,Total 6 volume 1
0,3.489495779037574e+18,8.009106091915469e+19,1.1130180818752053e+19,6.5303130943887696e+19,1767960658663817.8,1.273647309549548e+16,3.885880891942064e+16,1.1489013480338856e+17
