t(s),Total solute volume 1,Total retention volume 1,Total 1 volume 1,Total 2 volume 1,Total 3 volume 1,Total 4 volume 1,Total 5 volume 1,Total 6 volume 1
0,2.0426316755341617e+18,5.385462414319415e+19,1.1130180818752053e+19,3.82466985051091e+19,1.7396131174505788e+16,2.1421262304946675e+17,7.675028736477645e+17,1.4360015159265206e+18
