t(s),Total solute volume 1,Total retention volume 1,Total 1 volume 1,Total 2 volume 1,Total 3 volume 1,Total 4 volume 1,Total 5 volume 1,Total 6 volume 1
0,1.3860424099942965e+19,2.4060917379259826e+21,2.4107704894684447e+20,2.150589277857464e+21,1.0597109628322758e+17,1.0912351269508058e+17,9.306813345749728e+16,2.5682427928927898e+17
