t(s),Total solute volume 1,Total retention volume 1,Total 1 volume 1,Total 2 volume 1,Total 3 volume 1,Total 4 volume 1,Total 5 volume 1,Total 6 volume 1
0,8.113418985332498e+18,1.5398894207787123e+21,2.4107704894684447e+20,1.281474549652156e+21,1.3393500271456492e+18,2.7497449807633485e+18,1.9249904799668516e+18,3.210317706507073e+18
