t(s),Total solute volume 1,Total retention volume 1,Total 1 volume 1,Total 2 volume 1,Total 3 volume 1,Total 4 volume 1,Total 5 volume 1,Total 6 volume 1
0,3.004256454956098e+17,8.95111628789971e+18,1.5471077007747866e+17,2.8081807250400986e+17,926189410185922.4,6458862425267200.0,6.5741968038750136e+16,8.142034779948418e+18
