t(s),Total solute volume 1,Total retention volume 1,Total 1 volume 1,Total 2 volume 1,Total 3 volume 1,Total 4 volume 1,Total 5 volume 1,Total 6 volume 1
0,5.132271443883372e+17,2.0313245546994278e+18,1.5471077007747862e+17,4.797289871713226e+17,94951669115395.03,429119035626648.56,5410098736834653.0,8.77723483620712e+17
