t(s),Total solute volume 1,Total retention volume 1,Total 1 volume 1,Total 2 volume 1,Total 3 volume 1,Total 4 volume 1,Total 5 volume 1,Total 6 volume 1
0,2.0104438942510703e+19,1.2465394534352553e+22,1.8076337742290045e+21,1.0636512866415753e+22,3.0589793160391443e+17,3.0104681372815194e+17,2.0118874737047494e+17,3.353212725893708e+17
