t(s),Total solute volume 1,Total retention volume 1,Total 1 volume 1,Total 2 volume 1,Total 3 volume 1,Total 4 volume 1,Total 5 volume 1,Total 6 volume 1
0,3.434508319345575e+19,1.765692248722279e+22,1.8076337742290042e+21,1.581487631351659e+22,1.9046909983268444e+16,1.1719371776283392e+16,9724234955075214.0,2.682576703442532e+16
