t(s),Total solute volume 1,Total retention volume 1,Total 1 volume 1,Total 2 volume 1,Total 3 volume 1,Total 4 volume 1,Total 5 volume 1,Total 6 volume 1
0,2.0104438942510703e+19,1.2464632232109268e+22,1.8076337742290045e+21,1.0636512866415753e+22,1.0196621714103914e+17,1.0034925337035558e+17,6.7063095691374424e+16,1.1177395583764837e+17
