t(s),Total solute volume 1,Total retention volume 1,Total 1 volume 1,Total 2 volume 1,Total 3 volume 1,Total 4 volume 1,Total 5 volume 1,Total 6 volume 1
0,3.434508319345575e+19,1.7656877581051298e+22,1.8076337742290037e+21,1.5814876313501271e+22,6348970939902855.0,3906457733499652.5,3241410081877294.5,8913288800030806.0
