t(s),Total solute volume 1,Total retention volume 1,Total 1 volume 1,Total 2 volume 1,Total 3 volume 1,Total 4 volume 1,Total 5 volume 1,Total 6 volume 1
0,3.2527447322874304e+17,4.918360833740551e+18,1.8471874136236307e+17,3.4428597201944646e+17,465748865484510.3,3348599168272083.0,3.5439806062563244e+16,4.0248274930336937e+18
