t(s),Total solute volume 1,Total retention volume 1,Total 1 volume 1,Total 2 volume 1,Total 3 volume 1,Total 4 volume 1,Total 5 volume 1,Total 6 volume 1
0,5.556772250990977e+17,1.7444122442705172e+18,1.8471874136236307e+17,5.881523663147372e+17,47741449428772.97,222422049995269.62,2912298990524759.0,4.126814490043679e+17
