t(s),Total solute volume 1,Total retention volume 1,Total 1 volume 1,Total 2 volume 1,Total 3 volume 1,Total 4 volume 1,Total 5 volume 1,Total 6 volume 1
0,4.0452254584778307e+18,1.1583286789394263e+20,1.5476103569735987e+19,9.533228108352348e+19,1.5077384320292864e+16,1.001126364825715e+17,2.232276826288291e+17,6.408400787739853e+17
