t(s),Total solute volume 1,Total retention volume 1,Total 1 volume 1,Total 2 volume 1,Total 3 volume 1,Total 4 volume 1,Total 5 volume 1,Total 6 volume 1
0,2.3679368537431424e+18,8.811284870721864e+19,1.547610356973599e+19,5.5847909032452284e+19,1.4902306655742333e+17,1.7685960089990157e+18,4.49354856595303e+18,8.009731609777552e+18
