t(s),Total solute volume 1,Total retention volume 1,Total 1 volume 1,Total 2 volume 1,Total 3 volume 1,Total 4 volume 1,Total 5 volume 1,Total 6 volume 1
0,6.1674638455494386e+19,6.141328267445856e+22,1.961934451448198e+22,4.172998634441791e+22,6.489962119876303e+17,5.861219996336748e+17,3.907713771517541e+17,6.512875147572612e+17
