t(s),Total solute volume 1,Total retention volume 1,Total 1 volume 1,Total 2 volume 1,Total 3 volume 1,Total 4 volume 1,Total 5 volume 1,Total 6 volume 1
0,1.0536084069480294e+20,6.47183165937734e+22,1.961934451448198e+22,4.49934784566537e+22,3.899688149884292e+16,2.2794388778048716e+16,1.8887425365028452e+16,5.210324709707208e+16
