t(s),Total solute volume 1,Total retention volume 1,Total 1 volume 1,Total 2 volume 1,Total 3 volume 1,Total 4 volume 1,Total 5 volume 1,Total 6 volume 1
0,1.612352649698545e+17,4.219514862397546e+17,3.860071170759496e+16,5.693890508297374e+16,36448306452004.48,200132096129031.3,1486868536182922.0,1.634531555405636e+17
