t(s),Total solute volume 1,Total retention volume 1,Total 1 volume 1,Total 2 volume 1,Total 3 volume 1,Total 4 volume 1,Total 5 volume 1,Total 6 volume 1
0,2.7544357765683786e+17,4.3331707088704096e+17,3.860071170759496e+16,9.72705519510043e+16,3736128710381.0063,13296370579822.033,122736733328106.23,2.1862460338988188e+16
