t(s),Total solute volume 1,Total retention volume 1,Total 1 volume 1,Total 2 volume 1,Total 3 volume 1,Total 4 volume 1,Total 5 volume 1,Total 6 volume 1
0,5.467373305480017e+16,7.134450434238925e+16,3458157710870755.0,3557120067332162.0,14111869763029.143,51112101347683.97,218192208313683.8,9372077329960768.0
