t(s),Total solute volume 1,Total retention volume 1,Total 1 volume 1,Total 2 volume 1,Total 3 volume 1,Total 4 volume 1,Total 5 volume 1,Total 6 volume 1
0,9.340096063528438e+16,1.0423987901350213e+17,3458157710870755.0,6076746478966877.0,1447177662727.2126,3397925181288.7134,18026156043605.926,1281142929493568.5
