t(s),Total solute volume 1,Total retention volume 1,Total 1 volume 1,Total 2 volume 1,Total 3 volume 1,Total 4 volume 1,Total 5 volume 1,Total 6 volume 1
0,1.5180265269236467e+17,6.697543769599713e+17,3.3743667340789536e+16,4.87842065642926e+16,106179254349734.7,569629129070932.8,4103670443533644.0,4.306443715355696e+17
