t(s),Total solute volume 1,Total retention volume 1,Total 1 volume 1,Total 2 volume 1,Total 3 volume 1,Total 4 volume 1,Total 5 volume 1,Total 6 volume 1
0,2.5932953168279194e+17,4.347064827701943e+17,3.3743667340789536e+16,8.333962927494267e+16,10885311100559.229,37851931925480.08,338820211274199.06,5.790609701737382e+16
