t(s),Total solute volume 1,Total retention volume 1,Total 1 volume 1,Total 2 volume 1,Total 3 volume 1,Total 4 volume 1,Total 5 volume 1,Total 6 volume 1
0,2.3091608011640064e+17,4.154943032574572e+17,2.6047523684028044e+16,6.18908749437171e+16,21841196692053.453,72635391683763.61,612737836894644.2,9.593261008803846e+16
