t(s),Total solute volume 1,Total retention volume 1,Total 1 volume 1,Total 2 volume 1,Total 3 volume 1,Total 4 volume 1,Total 5 volume 1,Total 6 volume 1
0,1.3517038836082043e+17,9.146012785595156e+17,2.6047523684028044e+16,3.622882322688759e+16,212975894044422.22,1092575669242376.6,7417714207922901.0,7.084312775165667e+17
