t(s),Total solute volume 1,Total retention volume 1,Total 1 volume 1,Total 2 volume 1,Total 3 volume 1,Total 4 volume 1,Total 5 volume 1,Total 6 volume 1
0,7.801667161565198e+18,5.851050662627526e+20,6.696388307350977e+19,5.094009276905076e+20,6.9306076055024456e+16,1.834287321083427e+17,1.8204006431896918e+17,5.038134646888536e+17
