t(s),Total solute volume 1,Total retention volume 1,Total 1 volume 1,Total 2 volume 1,Total 3 volume 1,Total 4 volume 1,Total 5 volume 1,Total 6 volume 1
0,4.566829557989454e+18,3.859689311745415e+20,6.696388307350977e+19,2.9943637271575534e+20,7.317663671992253e+17,4.2152653345763604e+18,3.7574378330864184e+18,6.297376292426656e+18
