t(s),Total solute volume 1,Total retention volume 1,Total 1 volume 1,Total 2 volume 1,Total 3 volume 1,Total 4 volume 1,Total 5 volume 1,Total 6 volume 1
0,8.405294887353384e+16,9.405248085862531e+16,2733248773475387.0,4637024230775944.0,3518402254132.216,7932827491194.592,39868558615188.086,2577939192479833.5
