t(s),Total solute volume 1,Total retention volume 1,Total 1 volume 1,Total 2 volume 1,Total 3 volume 1,Total 4 volume 1,Total 5 volume 1,Total 6 volume 1
0,4.920172616987362e+16,7.412658032480914e+16,2733248773475387.0,2714355750467661.0,34269965541697.938,119140959182341.72,481941615745420.0,1.8841897090522452e+16
