t(s),Total solute volume 1,Total retention volume 1,Total 1 volume 1,Total 2 volume 1,Total 3 volume 1,Total 4 volume 1,Total 5 volume 1,Total 6 volume 1
0,5.274852243967814e+16,8.169592431463376e+16,3192384722575143.5,3244736830869188.5,35038566242335.156,125130451552348.05,524533942435479.44,2.182557736128141e+16
