t(s),Total solute volume 1,Total retention volume 1,Total 1 volume 1,Total 2 volume 1,Total 3 volume 1,Total 4 volume 1,Total 5 volume 1,Total 6 volume 1
0,9.011205916778291e+16,1.0188831025217258e+17,3192384722575143.5,5543091834178185.0,3596330601839.028,8328517175856.593,43378275102017.79,2985471404756659.5
