t(s),Total solute volume 1,Total retention volume 1,Total 1 volume 1,Total 2 volume 1,Total 3 volume 1,Total 4 volume 1,Total 5 volume 1,Total 6 volume 1
0,2.3091608011640064e+17,3.300055823700256e+17,2.6047523684028044e+16,6.18908749437171e+16,2520215631890.3423,8381225122842.999,70702491336382.03,1.1069499693786894e+16
