t(s),Total solute volume 1,Total retention volume 1,Total 1 volume 1,Total 2 volume 1,Total 3 volume 1,Total 4 volume 1,Total 5 volume 1,Total 6 volume 1
0,4.920172616987362e+16,6.195940005912198e+16,2733248773475387.0,2714355750467661.0,12865220710996.42,44742791627263.4,180952269938036.22,7071509083028771.0
