t(s),Total solute volume 1,Total retention volume 1,Total 1 volume 1,Total 2 volume 1,Total 3 volume 1,Total 4 volume 1,Total 5 volume 1,Total 6 volume 1
0,2.9302339152982e+17,6.547075322782062e+17,4.431341940307482e+16,1.1399288614301397e+17,31456331740286.676,114643424402379.45,1092152866782584.1,2.0213958257936832e+17
