t(s),Total solute volume 1,Total retention volume 1,Total 1 volume 1,Total 2 volume 1,Total 3 volume 1,Total 4 volume 1,Total 5 volume 1,Total 6 volume 1
0,1.7152588772477386e+17,1.8193128620251727e+18,4.431341940307482e+16,6.672760546581345e+16,306780223410275.0,1724839360609667.8,1.3227021120436556e+16,1.52148730872706e+18
