t(s),Total solute volume 1,Total retention volume 1,Total 1 volume 1,Total 2 volume 1,Total 3 volume 1,Total 4 volume 1,Total 5 volume 1,Total 6 volume 1
0,6.768171426953814e+17,9.77055017209596e+18,9.470815640223639e+17,2.2534875290841032e+18,2689473612287046.0,2.5525824488708024e+16,3.5643853158477555e+17,5.508510106608335e+18
