t(s),Total solute volume 1,Total retention volume 1,Total 1 volume 1,Total 2 volume 1,Total 3 volume 1,Total 4 volume 1,Total 5 volume 1,Total 6 volume 1
0,1.1562292854379274e+18,6.429216668985129e+18,9.470815640223638e+17,3.849586369903471e+18,275594440345102.62,1689987417599802.8,2.7409542295962972e+16,4.469443254674841e+17
