t(s),Total solute volume 1,Total retention volume 1,Total 1 volume 1,Total 2 volume 1,Total 3 volume 1,Total 4 volume 1,Total 5 volume 1,Total 6 volume 1
0,1.7694394108641648e+17,2.653674000796566e+17,1.4382961689890436e+16,3.1272978263682056e+16,15298725832125.51,45927015239521.25,338068865351892.3,4.23682244332429e+16
