t(s),Total solute volume 1,Total retention volume 1,Total 1 volume 1,Total 2 volume 1,Total 3 volume 1,Total 4 volume 1,Total 5 volume 1,Total 6 volume 1
0,1.0357694112375635e+17,4.51879502345099e+17,1.4382961689890436e+16,1.830613831100575e+16,149138231327838.28,690563373207002.4,4090869399447875.0,3.1068289021646074e+17
