t(s),Total solute volume 1,Total retention volume 1,Total 1 volume 1,Total 2 volume 1,Total 3 volume 1,Total 4 volume 1,Total 5 volume 1,Total 6 volume 1
0,6.1151907207788056e+16,7.963020133165523e+16,4439458008290587.5,4740171994361016.0,11153586206186.178,42178480216862.7,190688622995242.72,9054643431797894.0
