t(s),Total solute volume 1,Total retention volume 1,Total 1 volume 1,Total 2 volume 1,Total 3 volume 1,Total 4 volume 1,Total 5 volume 1,Total 6 volume 1
0,1.710368165630296e+19,3.981134820163078e+21,3.850111262848305e+20,3.5784575145071524e+21,1.2659138165182253e+17,1.0478436073325635e+17,8.808640934964342e+16,2.4303556305806e+17
