t(s),Total solute volume 1,Total retention volume 1,Total 1 volume 1,Total 2 volume 1,Total 3 volume 1,Total 4 volume 1,Total 5 volume 1,Total 6 volume 1
0,1.001191121344553e+19,2.562299125025972e+21,3.850111262848306e+20,2.1580146193043675e+21,1.7344638713342277e+18,2.6669177342012293e+18,1.822209083875715e+18,3.037877533965355e+18
