t(s),Total solute volume 1,Total retention volume 1,Total 1 volume 1,Total 2 volume 1,Total 3 volume 1,Total 4 volume 1,Total 5 volume 1,Total 6 volume 1
0,2.2349716812900077e+17,2.4559357943504287e+18,7.99733013773092e+16,1.3153125251363437e+17,277037478879351.38,1724544772729815.8,1.5131790280927548e+16,2.0038006997979553e+18
