t(s),Total solute volume 1,Total retention volume 1,Total 1 volume 1,Total 2 volume 1,Total 3 volume 1,Total 4 volume 1,Total 5 volume 1,Total 6 volume 1
0,3.818076622203744e+17,9.386420817496506e+17,7.99733013773092e+16,2.2469880913100803e+17,28400291906137.965,114584170445026.8,1248194850015083.2,2.5077112970859722e+17
