t(s),Total solute volume 1,Total retention volume 1,Total 1 volume 1,Total 2 volume 1,Total 3 volume 1,Total 4 volume 1,Total 5 volume 1,Total 6 volume 1
0,5.67102642256257e+16,9.529500725663293e+16,3752113566455123.5,3906825519925697.5,42366319752417.65,155574690729502.06,676822512667261.9,3.0051040421477788e+16
