t(s),Total solute volume 1,Total retention volume 1,Total 1 volume 1,Total 2 volume 1,Total 3 volume 1,Total 4 volume 1,Total 5 volume 1,Total 6 volume 1
0,5.467373305480017e+16,7.06020497396332e+16,3458157710870755.5,3557120067332162.0,13026867147807.64,47182945134628.02,201417460029945.7,8651411634316744.0
