t(s),Total solute volume 1,Total retention volume 1,Total 1 volume 1,Total 2 volume 1,Total 3 volume 1,Total 4 volume 1,Total 5 volume 1,Total 6 volume 1
0,1.0896465516898744e+17,1.8106874139696272e+17,1.6105550931134632e+16,2.0848021191923476e+16,15195069139312.031,71762733215713.36,436246604967117.1,3.4627309697595136e+16
