t(s),Total solute volume 1,Total retention volume 1,Total 1 volume 1,Total 2 volume 1,Total 3 volume 1,Total 4 volume 1,Total 5 volume 1,Total 6 volume 1
0,1.8614795258035258e+17,2.4262738220671104e+17,1.6105550931134632e+16,3.561535913744106e+16,1557600081586.359,4767984223934.898,36020882670024.01,4716173090805152.0
