t(s),Total solute volume 1,Total retention volume 1,Total 1 volume 1,Total 2 volume 1,Total 3 volume 1,Total 4 volume 1,Total 5 volume 1,Total 6 volume 1
0,8.394286150660815e+17,8.114892434046298e+18,1.531053857194819e+18,3.913959566691929e+18,1449370499090420.2,1.4872490053135804e+16,2.055224538593561e+17,1.608606080681921e+18
