t(s),Total solute volume 1,Total retention volume 1,Total 1 volume 1,Total 2 volume 1,Total 3 volume 1,Total 4 volume 1,Total 5 volume 1,Total 6 volume 1
0,1.4340238840712154e+18,9.796313576772127e+18,1.531053857194819e+18,6.685981104100382e+18,148469281417841.88,981028260901965.5,1.4770004079542278e+16,1.2935522978381355e+17
