t(s),Total solute volume 1,Total retention volume 1,Total 1 volume 1,Total 2 volume 1,Total 3 volume 1,Total 4 volume 1,Total 5 volume 1,Total 6 volume 1
0,2.1328894422529733e+19,6.63161715279774e+21,6.290856345856501e+20,5.980718300898714e+21,1.2275250134214115e+17,8.741589397574213e+16,7.293655715186246e+16,2.0121793842279302e+17
