t(s),Total solute volume 1,Total retention volume 1,Total 1 volume 1,Total 2 volume 1,Total 3 volume 1,Total 4 volume 1,Total 5 volume 1,Total 6 volume 1
0,1.2485206491236938e+19,4.331045525451446e+21,6.290856345856501e+20,3.6814069503789776e+21,1.806982090871123e+18,2.236657309462862e+18,1.5089162462294154e+18,2.5151783490187105e+18
