t(s),Total solute volume 1,Total retention volume 1,Total 1 volume 1,Total 2 volume 1,Total 3 volume 1,Total 4 volume 1,Total 5 volume 1,Total 6 volume 1
0,8.70000992795148e+16,9.607376668255005e+16,2951661998355005.5,5065423436879563.0,1330035505601.2983,3038766453171.311,15544493092561.033,1036668672749795.6
