t(s),Total solute volume 1,Total retention volume 1,Total 1 volume 1,Total 2 volume 1,Total 3 volume 1,Total 4 volume 1,Total 5 volume 1,Total 6 volume 1
0,5.092688738313051e+16,6.46734851579281e+16,2951661998355005.5,2965126037401479.5,12968732257416.547,45705482338148.875,188139208839475.7,7582996315606177.0
