t(s),Total solute volume 1,Total retention volume 1,Total 1 volume 1,Total 2 volume 1,Total 3 volume 1,Total 4 volume 1,Total 5 volume 1,Total 6 volume 1
0,1.0575407049402066e+18,2.510940934767642e+19,2.563088576888768e+18,7.076244436375885e+18,2.0209596466002284e+16,2.2419512737185674e+17,2.7124490275772134e+18,1.1455681878056458e+19
