t(s),Total solute volume 1,Total retention volume 1,Total 1 volume 1,Total 2 volume 1,Total 3 volume 1,Total 4 volume 1,Total 5 volume 1,Total 6 volume 1
0,1.806632037606207e+18,1.7567188975752255e+19,2.563088576888768e+18,1.2087386361672243e+19,2069143723395088.0,1.4671701100715644e+16,1.75218574487655e+17,9.181225802732996e+17
