t(s),Total solute volume 1,Total retention volume 1,Total 1 volume 1,Total 2 volume 1,Total 3 volume 1,Total 4 volume 1,Total 5 volume 1,Total 6 volume 1
0,1.0536084069480294e+20,6.47182859517959e+22,1.961934451448198e+22,4.49934784566537e+22,2.9997604158672692e+16,1.7534146701577802e+16,1.4528790061615524e+16,4.007942499828128e+16
