t(s),Total solute volume 1,Total retention volume 1,Total 1 volume 1,Total 2 volume 1,Total 3 volume 1,Total 4 volume 1,Total 5 volume 1,Total 6 volume 1
0,6.1674638455494386e+19,6.141275717493225e+22,1.961934451448198e+22,4.172998634441791e+22,4.992286451908943e+17,4.5086402956260966e+17,3.005939091791577e+17,5.009909935663534e+17
