t(s),Total solute volume 1,Total retention volume 1,Total 1 volume 1,Total 2 volume 1,Total 3 volume 1,Total 4 volume 1,Total 5 volume 1,Total 6 volume 1
0,1.4611483665945994e+17,1.830821213129426e+17,9383807851828778.0,1.9141956437258628e+16,4232939767231.643,11805340798761.43,78778763272139.73,8346703320557785.0
