t(s),Total solute volume 1,Total retention volume 1,Total 1 volume 1,Total 2 volume 1,Total 3 volume 1,Total 4 volume 1,Total 5 volume 1,Total 6 volume 1
0,8.553063609334184e+16,1.684160815818259e+17,9383807851828776.0,1.1205049428947024e+16,41281135103352.75,177604284485318.53,953694817330965.1,6.1124007970787224e+16
