t(s),Total solute volume 1,Total retention volume 1,Total 1 volume 1,Total 2 volume 1,Total 3 volume 1,Total 4 volume 1,Total 5 volume 1,Total 6 volume 1
0,2.6900722401125917e+19,1.097320260455018e+22,1.0530177027067483e+21,9.893021029122127e+21,7.159698957251323e+16,4.6446616839956584e+16,3.860856963681309e+16,1.0649814415761461e+17
