t(s),Total solute volume 1,Total retention volume 1,Total 1 volume 1,Total 2 volume 1,Total 3 volume 1,Total 4 volume 1,Total 5 volume 1,Total 6 volume 1
0,1.5746764332366418e+19,7.375357167127773e+21,1.0530177027067483e+21,6.302159391947708e+21,1.1116031391600996e+18,1.1915807651968957e+18,7.987701267339528e+17,1.3313541098818947e+18
