t(s),Total solute volume 1,Total retention volume 1,Total 1 volume 1,Total 2 volume 1,Total 3 volume 1,Total 4 volume 1,Total 5 volume 1,Total 6 volume 1
0,1.2266054339042045e+17,1.4153295732978797e+17,6351323389472384.0,1.22219832432844e+16,204575669231.1518,533412845214.95435,3254160264781.1895,295115157830118.5
