t(s),Total solute volume 1,Total retention volume 1,Total 1 volume 1,Total 2 volume 1,Total 3 volume 1,Total 4 volume 1,Total 5 volume 1,Total 6 volume 1
0,7.180129369195402e+16,8.751676097698677e+16,6351323389472384.0,7154332371437873.0,1995798965456.4983,8028745380096.49,39410355655930.47,2160376624120944.5
