t(s),Total solute volume 1,Total retention volume 1,Total 1 volume 1,Total 2 volume 1,Total 3 volume 1,Total 4 volume 1,Total 5 volume 1,Total 6 volume 1
0,3.489495779037574e+18,8.079772157900413e+19,1.1130180818752053e+19,6.53031309438877e+19,9193358453138384.0,6.622943456023077e+16,2.0206506992200515e+17,5.974261743910615e+17
