t(s),Total solute volume 1,Total retention volume 1,Total 1 volume 1,Total 2 volume 1,Total 3 volume 1,Total 4 volume 1,Total 5 volume 1,Total 6 volume 1
0,2.0426316755341617e+18,6.408135287049489e+19,1.1130180818752053e+19,3.82466985051091e+19,9.045413846125835e+16,1.1138111566265071e+18,3.9907260646351575e+18,7.466850511376078e+18
