t(s),Total solute volume 1,Total retention volume 1,Total 1 volume 1,Total 2 volume 1,Total 3 volume 1,Total 4 volume 1,Total 5 volume 1,Total 6 volume 1
0,9.85717952218855e+16,3.4730176363504115e+17,1.2878448802488328e+16,1.6122851276236812e+16,113304861737573.77,514760523567336.5,2972921544653594.0,2.1612768140447274e+17
