t(s),Total solute volume 1,Total retention volume 1,Total 1 volume 1,Total 2 volume 1,Total 3 volume 1,Total 4 volume 1,Total 5 volume 1,Total 6 volume 1
0,1.6839348350405472e+17,2.385950504670776e+17,1.2878448802488326e+16,2.7543198044355056e+16,11621801404096.389,34230531169518.562,245657288603743.06,2.94884104950007e+16
