t(s),Total solute volume 1,Total retention volume 1,Total 1 volume 1,Total 2 volume 1,Total 3 volume 1,Total 4 volume 1,Total 5 volume 1,Total 6 volume 1
0,9.85717952218855e+16,2.845474287292601e+17,1.2878448802488326e+16,1.6122851276236812e+16,80949182139607.56,367790086693047.94,2124027977414807.5,1.5440156618240384e+17
