t(s),Total solute volume 1,Total retention volume 1,Total 1 volume 1,Total 2 volume 1,Total 3 volume 1,Total 4 volume 1,Total 5 volume 1,Total 6 volume 1
0,1.6839348350405472e+17,2.300867967565239e+17,1.2878448802488326e+16,2.754319804435506e+16,8301398104041.37,24450657214242.2,175471625589666.34,2.106344272471867e+16
