t(s),Total solute volume 1,Total retention volume 1,Total 1 volume 1,Total 2 volume 1
0,1.0446784147997133e+17,1.170050927743861e+17,4439458008290587.5,8097793286123659.0
