t(s),Total solute volume 1,Total retention volume 1,Total 1 volume 1,Total 2 volume 1
0,6.1151907207788056e+16,7.033153721043902e+16,4439458008290587.5,4740171994361016.0
