t(s),Total solute volume 1,Total retention volume 1,Total 1 volume 1,Total 2 volume 1
0,6.768171426953814e+17,3.877386235801855e+18,9.470815640223638e+17,2.2534875290841032e+18
