t(s),Total solute volume 1,Total retention volume 1,Total 1 volume 1,Total 2 volume 1,Total 3 volume 1,Total 4 volume 1,Total 5 volume 1,Total 6 volume 1
0,1.1300816793349946e+17,1.3121829551708446e+17,5290051337496820.0,9905407456456888.0,2385020437152.889,6025783581079.962,35248289460868.37,2971009696153077.0
