t(s),Total solute volume 1,Total retention volume 1,Total 1 volume 1,Total 2 volume 1,Total 3 volume 1,Total 4 volume 1,Total 5 volume 1,Total 6 volume 1
0,6.615112269277926e+16,9.951889180384542e+16,5290051337496820.0,5798287762430659.0,23257754114209.848,90644491218554.97,426669390332242.5,2.1738858375473436e+16
