t(s),Total solute volume 1,Total retention volume 1,Total 1 volume 1,Total 2 volume 1,Total 3 volume 1,Total 4 volume 1,Total 5 volume 1,Total 6 volume 1
0,1.2782504508104443e+17,1.0221588201382227e+18,2.2995109404381096e+16,3.1393140520667656e+16,274685657495353.16,1379062291546081.8,9099155035289280.0,8.291926221478094e+17
