t(s),Total solute volume 1,Total retention volume 1,Total 1 volume 1,Total 2 volume 1,Total 3 volume 1,Total 4 volume 1,Total 5 volume 1,Total 6 volume 1
0,2.1836778534678442e+17,4.084193997622525e+17,2.2995109404381096e+16,5.36299248106901e+16,28177244477940.31,91715160118327.16,751889896319679.8,1.1255479789947731e+17
