t(s),Total solute volume 1,Total retention volume 1,Total 1 volume 1,Total 2 volume 1,Total 3 volume 1,Total 4 volume 1,Total 5 volume 1,Total 6 volume 1
0,4.1904446013324595e+17,1.5625845454921202e+19,3.250257609819086e+17,6.591645730832125e+17,2151994580118669.0,1.7046076432159538e+16,2.0324227993906464e+17,1.4000170309771485e+19
