t(s),Total solute volume 1,Total retention volume 1,Total 1 volume 1,Total 2 volume 1,Total 3 volume 1,Total 4 volume 1,Total 5 volume 1,Total 6 volume 1
0,7.158676193942945e+17,3.4364259409691924e+18,3.250257609819086e+17,1.1260624170802307e+18,220602280834699.34,1131935660590772.2,1.6573047027955464e+16,1.251544558543371e+18
