t(s),Total solute volume 1,Total retention volume 1,Total 1 volume 1,Total 2 volume 1,Total 3 volume 1,Total 4 volume 1,Total 5 volume 1,Total 6 volume 1
0,1.1768416328259624e+17,1.3927901796999642e+17,5790815030907821.0,1.0990603481902652e+16,3543473844429.872,9093341778214.652,54309517584800.96,4746489841382894.0
