t(s),Total solute volume 1,Total retention volume 1,Total 1 volume 1,Total 2 volume 1,Total 3 volume 1,Total 4 volume 1,Total 5 volume 1,Total 6 volume 1
0,6.8888290702006904e+16,1.1666993121273955e+17,5790815030907821.0,6433524569071775.0,34549445600539.105,136761582550236.69,657289047666945.9,3.4728700834934732e+16
