t(s),Total solute volume 1,Total retention volume 1,Total 1 volume 1,Total 2 volume 1,Total 3 volume 1,Total 4 volume 1,Total 5 volume 1,Total 6 volume 1
0,2.2349716812900077e+17,3.1906978784263767e+18,7.99733013773092e+16,1.3153125251363435e+17,377756113051875.8,2351466798966225.0,2.063287300694005e+16,2.73233406048747e+18
