t(s),Total solute volume 1,Total retention volume 1,Total 1 volume 1,Total 2 volume 1,Total 3 volume 1,Total 4 volume 1,Total 5 volume 1,Total 6 volume 1
0,3.818076622203744e+17,1.0303361396086104e+18,7.99733013773092e+16,2.2469880913100803e+17,38727526179563.086,156250647497380.5,1702078126933380.2,3.419593105793087e+17
