t(s),Total solute volume 1,Total retention volume 1,Total 1 volume 1,Total 2 volume 1,Total 3 volume 1,Total 4 volume 1,Total 5 volume 1,Total 6 volume 1
0,3.818076622203744e+17,1.3283369391173007e+18,7.99733013773092e+16,2.2469880913100803e+17,72290504966462.84,291664878322765.1,3177177563443188.0,6.383160334418756e+17
