t(s),Total solute volume 1,Total retention volume 1,Total 1 volume 1,Total 2 volume 1,Total 3 volume 1,Total 4 volume 1,Total 5 volume 1,Total 6 volume 1
0,2.2349716812900077e+17,5.578221621573907e+18,7.99733013773092e+16,1.3153125251363437e+17,705009690285922.8,4388281739873586.0,3.850628744762719e+16,5.09962032067617e+18
