t(s),Total solute volume 1,Total retention volume 1,Total 1 volume 1,Total 2 volume 1,Total 3 volume 1,Total 4 volume 1,Total 5 volume 1,Total 6 volume 1
0,5.88665732355986e+16,9.318094366600253e+16,4077840541915392.0,4299130609532137.0,33270661429442.9,123957907998422.08,549648766831768.9,2.523052194269601e+16
