t(s),Total solute volume 1,Total retention volume 1,Total 1 volume 1,Total 2 volume 1,Total 3 volume 1,Total 4 volume 1,Total 5 volume 1,Total 6 volume 1
0,1.0056372927748115e+17,1.1549289270478853e+17,4077840541915392.0,7344347682422831.0,3413423027728.599,8245674617634.54,45432812070493.42,3449883293253250.5
