t(s),Total solute volume 1,Total retention volume 1,Total 1 volume 1,Total 2 volume 1,Total 3 volume 1,Total 4 volume 1,Total 5 volume 1,Total 6 volume 1
0,1.5302805924424387e+17,2.11100030823381e+17,1.0403170291897824e+16,2.15508874098567e+16,12067781335876.73,34260031877928.695,234103497818683.44,2.5837482566348092e+16
