t(s),Total solute volume 1,Total retention volume 1,Total 1 volume 1,Total 2 volume 1,Total 3 volume 1,Total 4 volume 1,Total 5 volume 1,Total 6 volume 1
0,8.957740053321614e+16,3.05243734448892e+17,1.040317029189783e+16,1.2615155834536546e+16,117622072714066.8,515018975906234.4,2832199044768828.5,1.8918316769585405e+17
