t(s),Total solute volume 1,Total retention volume 1,Total 1 volume 1,Total 2 volume 1,Total 3 volume 1,Total 4 volume 1,Total 5 volume 1,Total 6 volume 1
0,2.7544357765683786e+17,5.946618375495924e+17,3.860071170759496e+16,9.727055195100427e+16,31133598181101.137,110800653990339.38,1022782063405289.4,1.8218227991858214e+17
