t(s),Total solute volume 1,Total retention volume 1,Total 1 volume 1,Total 2 volume 1,Total 3 volume 1,Total 4 volume 1,Total 5 volume 1,Total 6 volume 1
0,1.612352649698545e+17,1.6328192102489014e+18,3.860071170759496e+16,5.693890508297374e+16,303611520210056.25,1666855325799317.5,1.2384787823774672e+16,1.3616890738186806e+18
