t(s),Total solute volume 1,Total retention volume 1,Total 1 volume 1,Total 2 volume 1,Total 3 volume 1,Total 4 volume 1,Total 5 volume 1,Total 6 volume 1
0,7.772197376133865e+19,5.0452376333001685e+22,1.0574109797244612e+22,3.980048746435126e+22,1.6733855819229022e+16,9809940385755222.0,8129002881693776.0,2.2424845555671516e+16
