t(s),Total solute volume 1,Total retention volume 1,Total 1 volume 1,Total 2 volume 1,Total 3 volume 1,Total 4 volume 1,Total 5 volume 1,Total 6 volume 1
0,3.434508319345575e+19,1.7657191752064817e+22,1.8076337742290045e+21,1.581487631351659e+22,9.523446475842157e+16,5.859681451314264e+16,4.862113537466809e+16,1.3412871109952242e+17
