t(s),Total solute volume 1,Total retention volume 1,Total 1 volume 1,Total 2 volume 1,Total 3 volume 1,Total 4 volume 1,Total 5 volume 1,Total 6 volume 1
0,2.0104438942510703e+19,1.2469968269390417e+22,1.8076337742290045e+21,1.0636512866415753e+22,1.5294680637991885e+18,1.5052056777780314e+18,1.0059275460469473e+18,1.6765885154612516e+18
