t(s),Total solute volume 1,Total retention volume 1,Total 1 volume 1,Total 2 volume 1,Total 3 volume 1,Total 4 volume 1,Total 5 volume 1,Total 6 volume 1
0,8.516285748348854e+19,8.217181387186357e+22,3.579686312483719e+22,4.628721412782856e+22,7.346494606148282e+17,6.620704999643291e+17,4.4138981324206957e+17,7.35651940897443e+17
