t(s),Total solute volume 1,Total retention volume 1,Total 1 volume 1,Total 2 volume 1,Total 3 volume 1,Total 4 volume 1,Total 5 volume 1,Total 6 volume 1
0,1.454865482009603e+20,8.39171003350489e+22,3.579686312483719e+22,4.797460062369274e+22,4.410417257144365e+16,2.57476556386028e+16,2.1334020461936412e+16,5.885246902389411e+16
