t(s),Total solute volume 1,Total retention volume 1,Total 1 volume 1,Total 2 volume 1,Total 3 volume 1,Total 4 volume 1,Total 5 volume 1,Total 6 volume 1
0,1.0056372927748115e+17,1.1535801748792261e+17,4077840541915392.0,7344347682422831.0,3282145488647.2593,7928549572736.955,43685492261452.22,3317203798778975.0
