t(s),Total solute volume 1,Total retention volume 1,Total 1 volume 1,Total 2 volume 1,Total 3 volume 1,Total 4 volume 1,Total 5 volume 1,Total 6 volume 1
0,5.88665732355986e+16,9.218408190560442e+16,4077840541915392.0,4299130609532137.0,31992244857685.17,119196387738162.48,528531483391265.44,2.4260817402570884e+16
