t(s),Total solute volume 1,Total retention volume 1,Total 1 volume 1,Total 2 volume 1,Total 3 volume 1,Total 4 volume 1,Total 5 volume 1,Total 6 volume 1
0,4.751131107528108e+17,2.6137639961736735e+18,1.3024520054842829e+17,3.9361074833054605e+17,168259746478017.8,738272549521539.8,8965391045495311.0,1.604923013200395e+18
