t(s),Total solute volume 1,Total retention volume 1,Total 1 volume 1,Total 2 volume 1,Total 3 volume 1,Total 4 volume 1,Total 5 volume 1,Total 6 volume 1
0,2.781149916601816e+17,1.4967154039998427e+19,1.3024520054842829e+17,2.3040703518610144e+17,1640823572251752.8,1.110752332954454e+16,1.0881202374265867e+17,1.420682644195925e+19
