t(s),Total solute volume 1,Total retention volume 1,Total 1 volume 1,Total 2 volume 1,Total 3 volume 1,Total 4 volume 1,Total 5 volume 1,Total 6 volume 1
0,7.180129369195402e+16,1.4713933690520653e+17,6351323389472384.0,7154332371437873.0,55832282596829.375,224535767411734.75,1102362554886096.8,6.0449656847449784e+16
