t(s),Total solute volume 1,Total retention volume 1,Total 1 volume 1,Total 2 volume 1,Total 3 volume 1,Total 4 volume 1,Total 5 volume 1,Total 6 volume 1
0,4.718423901827473e+18,1.6820090578861346e+20,2.1816306119850037e+19,1.413400008682567e+20,7410980710182371.0,4.288383528695746e+16,7.220697798098082e+16,2.0367310470187824e+17
