t(s),Total solute volume 1,Total retention volume 1,Total 1 volume 1,Total 2 volume 1,Total 3 volume 1,Total 4 volume 1,Total 5 volume 1,Total 6 volume 1
0,2.7620042352160896e+18,1.1230682963368719e+20,2.1816306119850037e+19,8.283158743020675e+19,7.378466399057514e+16,8.063847509783096e+17,1.4709421290281073e+18,2.5458203044171197e+18
