t(s),Total solute volume 1,Total retention volume 1,Total 1 volume 1,Total 2 volume 1,Total 3 volume 1,Total 4 volume 1,Total 5 volume 1,Total 6 volume 1
0,6.615112269277926e+16,1.090620809736922e+17,5290051337496820.0,5798287762430659.0,33218343616984.086,129455591262589.81,609380914032196.1,3.10505643320727e+16
