t(s),Total solute volume 1,Total retention volume 1,Total 1 volume 1,Total 2 volume 1,Total 3 volume 1,Total 4 volume 1,Total 5 volume 1,Total 6 volume 1
0,1.1300816793349946e+17,1.325102368861629e+17,5290051337496820.0,9905407456456888.0,3407126434319.685,8608164661915.426,50354088232619.31,4244240779380702.5
