t(s),Total solute volume 1,Total retention volume 1,Total 1 volume 1,Total 2 volume 1,Total 3 volume 1,Total 4 volume 1,Total 5 volume 1,Total 6 volume 1
0,2.2349716812900077e+17,2.639632466200771e+18,7.99733013773092e+16,1.3153125251363437e+17,302218250587506.9,1881284535294225.0,1.6507130271808548e+16,2.1859401111231414e+18
