t(s),Total solute volume 1,Total retention volume 1,Total 1 volume 1,Total 2 volume 1,Total 3 volume 1,Total 4 volume 1,Total 5 volume 1,Total 6 volume 1
0,3.818076622203744e+17,9.61565662575618e+17,7.99733013773092e+16,2.2469880913100803e+17,30982107704489.84,125000814408808.88,1361665957214273.5,2.7356824096759478e+17
