t(s),Total solute volume 1,Total retention volume 1,Total 1 volume 1,Total 2 volume 1,Total 3 volume 1,Total 4 volume 1,Total 5 volume 1,Total 6 volume 1
0,3.489495779037574e+18,8.02929645323402e+19,1.1130180818752053e+19,6.530313094388769e+19,3889508979915142.0,2.802021354737442e+16,8.548929059351102e+16,2.527579775416985e+17
