t(s),Total solute volume 1,Total retention volume 1,Total 1 volume 1,Total 2 volume 1,Total 3 volume 1,Total 4 volume 1,Total 5 volume 1,Total 6 volume 1
0,2.0426316755341617e+18,5.677666964913219e+19,1.1130180818752053e+19,3.82466985051091e+19,3.827079426552358e+16,4.712563489669248e+17,1.688471400839747e+18,3.159160105664184e+18
