t(s),Total solute volume 1,Total retention volume 1,Total 1 volume 1,Total 2 volume 1,Total 3 volume 1,Total 4 volume 1,Total 5 volume 1,Total 6 volume 1
0,5.092688738313051e+16,6.635037239839825e+16,2951661998355005.5,2965126037401479.5,15745740316536.854,55490071883188.76,228421581501513.1,9207039585810174.0
