t(s),Total solute volume 1,Total retention volume 1,Total 1 volume 1,Total 2 volume 1,Total 3 volume 1,Total 4 volume 1,Total 5 volume 1,Total 6 volume 1
0,9.391538505657402e+16,3.654084508622626e+17,1.1560640218829554e+16,1.4241472081799574e+16,137980944027270.05,615246940909330.9,3466414127357389.0,2.41471311492764e+17
