t(s),Total solute volume 1,Total retention volume 1,Total 1 volume 1,Total 2 volume 1,Total 3 volume 1,Total 4 volume 1,Total 5 volume 1,Total 6 volume 1
0,1.6043878280498112e+17,2.29637947614925e+17,1.1560640218829556e+16,2.4329176620616796e+16,14156833715941.158,40928448055626.42,286530842232210.94,3.2967731846495212e+16
