t(s),Total solute volume 1,Total retention volume 1,Total 1 volume 1,Total 2 volume 1,Total 3 volume 1,Total 4 volume 1,Total 5 volume 1,Total 6 volume 1
0,2.7544357765683786e+17,6.239963199689146e+17,3.860071170759496e+16,9.727055195100429e+16,36114803535856.98,128528245252519.47,1186422121820476.8,2.113304134828705e+17
