t(s),Total solute volume 1,Total retention volume 1,Total 1 volume 1,Total 2 volume 1,Total 3 volume 1,Total 4 volume 1,Total 5 volume 1,Total 6 volume 1
0,1.612352649698545e+17,1.8528961986010148e+18,3.860071170759496e+16,5.693890508297374e+16,352163146027872.4,1933359923233944.0,1.4365134795472348e+16,1.5794706589758336e+18
