t(s),Total solute volume 1,Total retention volume 1,Total 1 volume 1,Total 2 volume 1,Total 3 volume 1,Total 4 volume 1,Total 5 volume 1,Total 6 volume 1
0,1.772257703331625e+18,4.053747187799602e+19,8.108748995498784e+18,2.6581741941542703e+19,2.035578776076074e+16,2.5210410552060816e+17,1.2593099576193006e+18,2.542953386722214e+18
