t(s),Total solute volume 1,Total retention volume 1,Total 1 volume 1,Total 2 volume 1,Total 3 volume 1,Total 4 volume 1,Total 5 volume 1,Total 6 volume 1
0,3.027606909858182e+18,5.68166441286871e+19,8.108748995498786e+18,4.539357696078196e+19,2074760759876700.8,1.5537274617400426e+16,6.562862453765731e+16,2.034706026331853e+17
