t(s),Total solute volume 1,Total retention volume 1,Total 1 volume 1,Total 2 volume 1,Total 3 volume 1,Total 4 volume 1,Total 5 volume 1,Total 6 volume 1
0,1.0357694112375635e+17,3.275952378077481e+17,1.4382961689890436e+16,1.830613831100575e+16,90416826668823.72,418708923179594.44,2480253447425849.5,1.883398174858192e+17
