t(s),Total solute volume 1,Total retention volume 1,Total 1 volume 1,Total 2 volume 1,Total 3 volume 1,Total 4 volume 1,Total 5 volume 1,Total 6 volume 1
0,1.7694394108641648e+17,2.485201531609536e+17,1.4382961689890436e+16,3.1272978263682056e+16,9272150175425.467,27835050708230.52,204894129057055.53,2.5678270791025144e+16
