t(s),Total solute volume 1,Total retention volume 1,Total 1 volume 1,Total 2 volume 1,Total 3 volume 1,Total 4 volume 1,Total 5 volume 1,Total 6 volume 1
0,4.0452254584778307e+18,1.1532744580723373e+20,1.5476103569735987e+19,9.533228108352348e+19,7295528651840029.0,4.844171136547224e+16,1.0801366464117019e+17,3.1008479083830214e+17
