t(s),Total solute volume 1,Total retention volume 1,Total 1 volume 1,Total 2 volume 1,Total 3 volume 1,Total 4 volume 1,Total 5 volume 1,Total 6 volume 1
0,2.3679368537431424e+18,8.067009212291665e+19,1.5476103569735985e+19,5.584790903245229e+19,7.211107366625413e+16,8.558220178886797e+17,2.1744055691174525e+18,3.8758040063126303e+18
