t(s),Total solute volume 1,Total retention volume 1,Total 1 volume 1,Total 2 volume 1,Total 3 volume 1,Total 4 volume 1,Total 5 volume 1,Total 6 volume 1
0,8.113418985332498e+18,1.541426759900919e+21,2.4107704894684447e+20,1.281474549652156e+21,1.5625662311608584e+18,3.2080116737193754e+18,2.2458078077931543e+18,3.7453566039183657e+18
