t(s),Total solute volume 1,Total retention volume 1,Total 1 volume 1,Total 2 volume 1,Total 3 volume 1,Total 4 volume 1,Total 5 volume 1,Total 6 volume 1
0,1.3860424099942965e+19,2.406185900816761e+21,2.4107704894684447e+20,2.1505892778574637e+21,1.2363290156259579e+17,1.2731072635333525e+17,1.0857945371441358e+17,2.996268308776657e+17
