t(s),Total solute volume 1,Total retention volume 1,Total 1 volume 1,Total 2 volume 1,Total 3 volume 1,Total 4 volume 1,Total 5 volume 1,Total 6 volume 1
0,2.1328894422529733e+19,6.631147961802069e+21,6.290856345856501e+20,5.980718300897732e+21,3836021898095975.0,2731750440333295.0,2279270420467932.5,6284853394535892.0
