t(s),Total solute volume 1,Total retention volume 1,Total 1 volume 1,Total 2 volume 1,Total 3 volume 1,Total 4 volume 1,Total 5 volume 1,Total 6 volume 1
0,1.2485206491236938e+19,4.3232299126392907e+21,6.290856345856501e+20,3.681406950378976e+21,5.6469638674838456e+16,6.989793588856849e+16,4.715501104408547e+16,7.859859783119163e+16
