t(s),Total solute volume 1,Total retention volume 1,Total 1 volume 1,Total 2 volume 1,Total 3 volume 1,Total 4 volume 1,Total 5 volume 1,Total 6 volume 1
0,2.1836778534678442e+17,3.0096294886949357e+17,2.2995109404381096e+16,5.36299248106901e+16,1483087213786.368,4827318604182.943,39574950333785.664,5924243951484075.0
