t(s),Total solute volume 1,Total retention volume 1,Total 1 volume 1,Total 2 volume 1,Total 3 volume 1,Total 4 volume 1,Total 5 volume 1,Total 6 volume 1
0,1.2782504508104443e+17,2.2644751959222854e+17,2.2995109404381096e+16,3.1393140520667656e+16,14468583079310.889,72658975367522.45,479335027342641.4,4.366776200034343e+16
