t(s),Total solute volume 1,Total retention volume 1,Total 1 volume 1,Total 2 volume 1,Total 3 volume 1,Total 4 volume 1,Total 5 volume 1,Total 6 volume 1
0,9.85717952218855e+16,1.668285363403063e+17,1.2878448802488326e+16,1.6122851276236812e+16,20245333884535.55,91996310600663.4,531247436978923.94,3.861195195823103e+16
