t(s),Total solute volume 1,Total retention volume 1,Total 1 volume 1,Total 2 volume 1
0,9.011205916778291e+16,9.884753572453624e+16,3192384722575143.5,5543091834178185.0
