t(s),Total solute volume 1,Total retention volume 1,Total 1 volume 1,Total 2 volume 1
0,5.274852243967814e+16,5.9185643993122216e+16,3192384722575143.5,3244736830869188.5
