t(s),Total solute volume 1,Total retention volume 1,Total 1 volume 1,Total 2 volume 1,Total 3 volume 1,Total 4 volume 1,Total 5 volume 1,Total 6 volume 1
0,8.175062817381762e+16,1.447764361578045e+17,8483748054658170.0,9978813516605722.0,31988488168608.844,135254711055113.66,709643006414502.0,4.368636020708549e+16
