t(s),Total solute volume 1,Total retention volume 1,Total 1 volume 1,Total 2 volume 1,Total 3 volume 1,Total 4 volume 1,Total 5 volume 1,Total 6 volume 1
0,1.3965732313027035e+17,1.712257073190997e+17,8483748054658170.0,1.7047137375161364e+16,3279933794414.1655,8989830736038.873,58616454844886.82,5966612539633852.0
