t(s),Total solute volume 1,Total retention volume 1,Total 1 volume 1,Total 2 volume 1,Total 3 volume 1,Total 4 volume 1,Total 5 volume 1,Total 6 volume 1
0,1.2796251387281995e+17,1.6167713731354246e+17,6980090150537523.0,1.3622739088267018e+16,8318753509233.408,22046557808402.168,137447392410713.28,1.2943981498190676e+16
