t(s),Total solute volume 1,Total retention volume 1,Total 1 volume 1,Total 2 volume 1,Total 3 volume 1,Total 4 volume 1,Total 5 volume 1,Total 6 volume 1
0,7.49048861694545e+16,1.866246109185899e+17,6980090150537523.0,7974287186130815.0,81068049212225.14,331344642687684.56,1662510065149193.2,9.469042465541694e+16
