t(s),Total solute volume 1,Total retention volume 1,Total 1 volume 1,Total 2 volume 1,Total 3 volume 1,Total 4 volume 1,Total 5 volume 1,Total 6 volume 1
0,6.1674638455494386e+19,6.141266959151001e+22,1.961934451448198e+22,4.172998634441791e+22,4.7426733798574566e+17,4.28320978964062e+17,2.8556429955910976e+17,4.7594153850804634e+17
