t(s),Total solute volume 1,Total retention volume 1,Total 1 volume 1,Total 2 volume 1,Total 3 volume 1,Total 4 volume 1,Total 5 volume 1,Total 6 volume 1
0,1.1999214403838232e+20,1.1035009248506844e+23,6.1524972335763196e+22,4.870349495676083e+22,4.664209638826565e+17,4.199836224452293e+17,2.7999113441971677e+17,4.6665278458849734e+17
