t(s),Total solute volume 1,Total retention volume 1,Total 1 volume 1,Total 2 volume 1,Total 3 volume 1,Total 4 volume 1,Total 5 volume 1,Total 6 volume 1
0,2.399005506587524e+17,7.225757786708326e+18,9.36616297076456e+16,1.5772427002204848e+17,855294799629815.5,5470588816911927.0,4.975495924509607e+16,6.678390493458248e+18
