t(s),Total solute volume 1,Total retention volume 1,Total 1 volume 1,Total 2 volume 1,Total 3 volume 1,Total 4 volume 1,Total 5 volume 1,Total 6 volume 1
0,1.5746764332366418e+19,7.379790345839219e+21,1.0530177027067483e+21,6.302159391947708e+21,2.2231751222869076e+18,2.383116913643944e+18,1.5975147313120507e+18,2.6626800850803287e+18
