t(s),Total solute volume 1,Total retention volume 1,Total 1 volume 1,Total 2 volume 1,Total 3 volume 1,Total 4 volume 1,Total 5 volume 1,Total 6 volume 1
0,2.6900722401125917e+19,1.097346576483017e+22,1.0530177027067483e+21,9.893021029122244e+21,1.431938520496763e+17,9.289316387275806e+16,7.721707807125928e+16,2.1300650605919392e+17
