t(s),Total solute volume 1,Total retention volume 1,Total 1 volume 1,Total 2 volume 1,Total 3 volume 1,Total 4 volume 1,Total 5 volume 1,Total 6 volume 1
0,3.4133172510483444e+19,3.1501350788546647e+22,5.744900751039818e+21,2.57204529767919e+22,5.2502441554411366e+17,4.8186034158702566e+17,3.213753676981008e+17,5.3562807948034016e+17
