t(s),Total solute volume 1,Total retention volume 1,Total 1 volume 1,Total 2 volume 1,Total 3 volume 1,Total 4 volume 1,Total 5 volume 1,Total 6 volume 1
0,5.831083637207589e+19,3.810645402342864e+22,5.744900751039818e+21,3.230313354759354e+22,3.1762330811650044e+16,1.874242690222762e+16,1.553325322948702e+16,4.285041269254363e+16
