t(s),Total solute volume 1,Total retention volume 1,Total 1 volume 1,Total 2 volume 1,Total 3 volume 1,Total 4 volume 1,Total 5 volume 1,Total 6 volume 1
0,4.408003339419685e+17,9.781197939331201e+17,1.1018915844204802e+17,3.247827274525352e+17,10675042445283.904,45511400791909.03,532646427731581.6,1.0175874122560554e+17
