t(s),Total solute volume 1,Total retention volume 1,Total 1 volume 1,Total 2 volume 1,Total 3 volume 1,Total 4 volume 1,Total 5 volume 1,Total 6 volume 1
0,2.5802946377090512e+17,1.4305042371028777e+18,1.1018915844204802e+17,1.901172247077491e+17,104144891081750.38,685112075968356.4,6463599665861201.0,8.649155335492634e+17
