t(s),Total solute volume 1,Total retention volume 1,Total 1 volume 1,Total 2 volume 1,Total 3 volume 1,Total 4 volume 1,Total 5 volume 1,Total 6 volume 1
0,1.5180265269236467e+17,1.8882584188368356e+18,3.3743667340789536e+16,4.87842065642926e+16,403261688346815.56,2163018075801941.0,1.5584278628263898e+16,1.6357773338469837e+18
