t(s),Total solute volume 1,Total retention volume 1,Total 1 volume 1,Total 2 volume 1,Total 3 volume 1,Total 4 volume 1,Total 5 volume 1,Total 6 volume 1
0,2.5932953168279194e+17,5.979208219408248e+17,3.3743667340789536e+16,8.333962927494267e+16,41362756163215.65,143833142342526.3,1287476577136227.2,2.2003532116666355e+17
