t(s),Total solute volume 1,Total retention volume 1,Total 1 volume 1,Total 2 volume 1,Total 3 volume 1,Total 4 volume 1,Total 5 volume 1,Total 6 volume 1
0,1.0860966694806053e+17,1.2533644359615856e+17,4841705944743442.0,8946718178722158.0,2494507775629.478,6206911027630.736,35576201226768.664,2894074904602780.5
