t(s),Total solute volume 1,Total retention volume 1,Total 1 volume 1,Total 2 volume 1,Total 3 volume 1,Total 4 volume 1,Total 5 volume 1,Total 6 volume 1
0,6.357639040862142e+16,9.537694930917632e+16,4841705944743442.0,5237103708245424.0,24323454588572.473,93358757500102.77,430597598646638.4,2.1173469436831444e+16
