t(s),Total solute volume 1,Total retention volume 1,Total 1 volume 1,Total 2 volume 1,Total 3 volume 1,Total 4 volume 1,Total 5 volume 1,Total 6 volume 1
0,2.641240568788231e+18,4.0730245668343914e+19,5.979897840391367e+18,3.199484310387922e+19,576199890684885.8,4353569245191491.5,2.5215003080017216e+16,8.411938306908118e+16
