t(s),Total solute volume 1,Total retention volume 1,Total 1 volume 1,Total 2 volume 1,Total 3 volume 1,Total 4 volume 1,Total 5 volume 1,Total 6 volume 1
0,1.5460920402662884e+18,2.7849933713740923e+19,5.979897840391367e+18,1.873360234042119e+19,5642763817978190.0,6.8908728429903064e+16,4.646076138522622e+17,1.0511823865618888e+18
