t(s),Total solute volume 1,Total retention volume 1,Total 1 volume 1,Total 2 volume 1,Total 3 volume 1,Total 4 volume 1,Total 5 volume 1,Total 6 volume 1
0,6.639539189064714e+18,9.368358105696023e+20,1.542273968290348e+20,7.742999917924197e+20,1.753217492233682e+17,5.058197816665093e+17,3.7009533043776294e+17,6.176458977551859e+17
