t(s),Total solute volume 1,Total retention volume 1,Total 1 volume 1,Total 2 volume 1,Total 3 volume 1,Total 4 volume 1,Total 5 volume 1,Total 6 volume 1
0,4.920172616987362e+16,5.952352452782408e+16,2733248773475387.0,2714355750467661.0,8578680726771.763,29837200445948.438,120664779660481.25,4715113173174339.0
