t(s),Total solute volume 1,Total retention volume 1,Total 1 volume 1,Total 2 volume 1,Total 3 volume 1,Total 4 volume 1,Total 5 volume 1,Total 6 volume 1
0,8.405294887353384e+16,9.208059275128294e+16,2733248773475387.0,4637024230775944.0,879673349192.2625,1983345835353.1226,9967887100114.91,644539967212739.5
