t(s),Total solute volume 1,Total retention volume 1,Total 1 volume 1,Total 2 volume 1,Total 3 volume 1,Total 4 volume 1,Total 5 volume 1,Total 6 volume 1
0,8.591862577826981e+17,3.382671868023643e+18,4.883330109832728e+17,1.7979335094057503e+18,63147450337885.305,347122926598849.75,5420868101361566.0,2.3138795137363213e+17
