t(s),Total solute volume 1,Total retention volume 1,Total 1 volume 1,Total 2 volume 1,Total 3 volume 1,Total 4 volume 1,Total 5 volume 1,Total 6 volume 1
0,5.0293829723865024e+17,4.859476385326005e+18,4.883330109832728e+17,1.0524643962722106e+18,616139447633989.2,5231630175026714.0,6.7314705401574264e+16,2.742578205807645e+18
