t(s),Total solute volume 1,Total retention volume 1,Total 1 volume 1,Total 2 volume 1,Total 3 volume 1,Total 4 volume 1,Total 5 volume 1,Total 6 volume 1
0,1.2485206491236938e+19,4.3267595972243096e+21,6.290856345856501e+20,3.6814069503789776e+21,8.470347686830281e+17,1.048452814094301e+18,7.07315831591854e+17,1.179002354034582e+18
