t(s),Total solute volume 1,Total retention volume 1,Total 1 volume 1,Total 2 volume 1,Total 3 volume 1,Total 4 volume 1,Total 5 volume 1,Total 6 volume 1
0,2.1328894422529733e+19,6.631359880860746e+21,6.290856345856501e+20,5.980718300899234e+21,5.754028626257892e+16,4.097623124016732e+16,3.418904138841974e+16,9.434539447204302e+16
