t(s),Total solute volume 1,Total retention volume 1,Total 1 volume 1,Total 2 volume 1,Total 3 volume 1,Total 4 volume 1,Total 5 volume 1,Total 6 volume 1
0,3.841154308419529e+17,2.6630345670553104e+19,2.6766928604882394e+17,5.273223096638238e+17,3374490484156164.0,2.5853736590048056e+16,2.962608730512603e+17,2.5125749543873032e+19
