t(s),Total solute volume 1,Total retention volume 1,Total 1 volume 1,Total 2 volume 1,Total 3 volume 1,Total 4 volume 1,Total 5 volume 1,Total 6 volume 1
0,6.561971943550011e+17,4.1901694287268393e+18,2.6766928604882394e+17,9.008356262596815e+17,345993123371074.1,1717558950878942.8,2.4249444977060804e+16,2.339154325012027e+18
