t(s),Total solute volume 1,Total retention volume 1,Total 1 volume 1,Total 2 volume 1,Total 3 volume 1,Total 4 volume 1,Total 5 volume 1,Total 6 volume 1
0,1.6043878280498112e+17,2.2788493725203203e+17,1.1560640218829556e+16,2.4329176620616796e+16,13411783778854.82,38774433229549.46,271451125871773.88,3.1232700264724016e+16
