t(s),Total solute volume 1,Total retention volume 1,Total 1 volume 1,Total 2 volume 1,Total 3 volume 1,Total 4 volume 1,Total 5 volume 1,Total 6 volume 1
0,9.391538505657402e+16,3.524870537431076e+17,1.1560640218829556e+16,1.4241472081799574e+16,130725949943246.11,582908165021890.9,3284176334184506.0,2.287717459367526e+17
