t(s),Total solute volume 1,Total retention volume 1,Total 1 volume 1,Total 2 volume 1,Total 3 volume 1,Total 4 volume 1,Total 5 volume 1,Total 6 volume 1
0,2.2349716812900077e+17,6.679922027260965e+18,7.99733013773092e+16,1.3153125251363435e+17,856007526884784.1,5327998715817718.0,4.675292361935419e+16,6.191983375378948e+18
