t(s),Total solute volume 1,Total retention volume 1,Total 1 volume 1,Total 2 volume 1,Total 3 volume 1,Total 4 volume 1,Total 5 volume 1,Total 6 volume 1
0,2.641240568788231e+18,4.145391493212332e+19,5.979897840391367e+18,3.199484310387922e+19,4225447097973337.5,3.192605439426082e+16,1.8490927831643904e+17,6.168726392557343e+17
