t(s),Total solute volume 1,Total retention volume 1,Total 1 volume 1,Total 2 volume 1,Total 3 volume 1,Total 4 volume 1,Total 5 volume 1,Total 6 volume 1
0,1.5460920402662884e+18,3.792136640313179e+19,5.979897840391367e+18,1.873360234042119e+19,4.137736631984064e+16,5.052833375810707e+17,3.406850141402667e+18,7.7082633367493e+18
