t(s),Total solute volume 1,Total retention volume 1,Total 1 volume 1,Total 2 volume 1,Total 3 volume 1,Total 4 volume 1,Total 5 volume 1,Total 6 volume 1
0,1.194648755498281e+18,3.054732200173538e+19,3.364073161464839e+18,9.67235389752105e+18,3.075352736656365e+16,3.5396913093398464e+17,3.7311628715486295e+18,1.220036065740192e+19
