t(s),Total solute volume 1,Total retention volume 1,Total 1 volume 1,Total 2 volume 1,Total 3 volume 1,Total 4 volume 1,Total 5 volume 1,Total 6 volume 1
0,2.0408582906428972e+18,2.315603386549157e+19,3.364073161464839e+18,1.6521366587680283e+19,3147010702483035.0,2.2995983782093148e+16,2.2652571996665574e+17,9.770671112523772e+17
