t(s),Total solute volume 1,Total retention volume 1,Total 1 volume 1,Total 2 volume 1,Total 3 volume 1,Total 4 volume 1,Total 5 volume 1,Total 6 volume 1
0,3.4133172510483444e+19,3.1500019442060467e+22,5.744900751039818e+21,2.57204529767919e+22,1.5000757999125414e+17,1.3767512402685381e+17,9.182195519068933e+16,1.5303705882514234e+17
