t(s),Total solute volume 1,Total retention volume 1,Total 1 volume 1,Total 2 volume 1,Total 3 volume 1,Total 4 volume 1,Total 5 volume 1,Total 6 volume 1
0,5.831083637207589e+19,3.810637624599128e+22,5.744900751039818e+21,3.230313354759354e+22,9074953975147254.0,5354980271490385.0,4438073377142375.0,1.22429782854107e+16
