t(s),Total solute volume 1,Total retention volume 1,Total 1 volume 1,Total 2 volume 1,Total 3 volume 1,Total 4 volume 1,Total 5 volume 1,Total 6 volume 1
0,6.615112269277926e+16,9.156387983031808e+16,5290051337496820.0,5798287762430659.0,14954046655311.098,58285167876109.445,274342534442746.62,1.3976836288637022e+16
