t(s),Total solute volume 1,Total retention volume 1,Total 1 volume 1,Total 2 volume 1,Total 3 volume 1,Total 4 volume 1,Total 5 volume 1,Total 6 volume 1
0,1.1300816793349946e+17,1.3014165042057034e+17,5290051337496820.0,9905407456456888.0,1533244531337.373,3873754615958.1426,22659843782460.05,1909956850186693.5
