t(s),Total solute volume 1,Total retention volume 1,Total 1 volume 1,Total 2 volume 1,Total 3 volume 1,Total 4 volume 1,Total 5 volume 1,Total 6 volume 1
0,1.9607015664959024e+17,3.035847624285087e+17,1.8083672627208548e+16,4.068797579280357e+16,14575298958482.43,45516777223057.39,353134843816469.56,4.832973043891152e+16
