t(s),Total solute volume 1,Total retention volume 1,Total 1 volume 1,Total 2 volume 1,Total 3 volume 1,Total 4 volume 1,Total 5 volume 1,Total 6 volume 1
0,2.7544357765683786e+17,6.386634539090331e+17,3.860071170759496e+16,9.727055195100427e+16,38605388591028.914,137391987777363.02,1268241626383775.5,2.259043735908426e+17
