t(s),Total solute volume 1,Total retention volume 1,Total 1 volume 1,Total 2 volume 1,Total 3 volume 1,Total 4 volume 1,Total 5 volume 1,Total 6 volume 1
0,1.612352649698545e+17,1.962925375742369e+18,3.860071170759496e+16,5.693890508297374e+16,376436248354954.44,2066592348859752.8,1.5355182252518496e+16,1.6883522831322e+18
