t(s),Total solute volume 1,Total retention volume 1,Total 1 volume 1,Total 2 volume 1,Total 3 volume 1,Total 4 volume 1,Total 5 volume 1,Total 6 volume 1
0,1.0536084069480294e+20,6.471833191475977e+22,1.961934451448198e+22,4.49934784566537e+22,4.349651949264171e+16,2.5424509481552824e+16,2.1066742719895456e+16,5.811515721173215e+16
