t(s),Total solute volume 1,Total retention volume 1,Total 1 volume 1,Total 2 volume 1,Total 3 volume 1,Total 4 volume 1,Total 5 volume 1,Total 6 volume 1
0,7.158676193942945e+17,2.8923713207384617e+18,3.250257609819086e+17,1.1260624170802307e+18,126059121461332.88,646823311461713.1,9470358562026300.0,7.151722822870752e+17
