t(s),Total solute volume 1,Total retention volume 1,Total 1 volume 1,Total 2 volume 1,Total 3 volume 1,Total 4 volume 1,Total 5 volume 1,Total 6 volume 1
0,4.1904446013324595e+17,9.530963425411228e+18,3.250257609819086e+17,6.591645730832125e+17,1229815187949801.0,9741715587268240.0,1.1614964267075733e+17,8.000607457766944e+18
