t(s),Total solute volume 1,Total retention volume 1,Total 1 volume 1,Total 2 volume 1,Total 3 volume 1,Total 4 volume 1,Total 5 volume 1,Total 6 volume 1
0,1.3965732313027035e+17,1.8480903014516826e+17,8483748054658170.0,1.7047137375161364e+16,10659232922585.969,29215668958258.777,190494539569459.38,1.9390452143626428e+16
