t(s),Total solute volume 1,Total retention volume 1,Total 1 volume 1,Total 2 volume 1,Total 3 volume 1,Total 4 volume 1,Total 5 volume 1,Total 6 volume 1
0,8.175062817381762e+16,2.4495358867062122e+17,8483748054658170.0,9978813516605722.0,103877691200887.08,439098456592114.6,2304193110960635.0,1.4189322966678838e+17
