t(s),Total solute volume 1,Total retention volume 1,Total 1 volume 1,Total 2 volume 1,Total 3 volume 1,Total 4 volume 1,Total 5 volume 1,Total 6 volume 1
0,2.067829880351787e+17,3.6765894720318016e+17,2.0362204049155636e+16,4.663428171230368e+16,25604665421298.336,81612871303704.61,650662451532909.4,9.31215934182829e+16
