t(s),Total solute volume 1,Total retention volume 1,Total 1 volume 1,Total 2 volume 1,Total 3 volume 1,Total 4 volume 1,Total 5 volume 1,Total 6 volume 1
0,1.2104370031327629e+17,8.629161033287391e+17,2.036220404915564e+16,2.7298126560537492e+16,249593691960114.94,1227069644132403.5,7873450140245512.0,6.848619589294312e+17
