t(s),Total solute volume 1,Total retention volume 1,Total 1 volume 1,Total 2 volume 1,Total 3 volume 1,Total 4 volume 1,Total 5 volume 1,Total 6 volume 1
0,5.539824915009872e+18,2.5026572543539423e+20,3.120606282469643e+19,2.1299199081623975e+20,1.779485997849105e+16,8.410930456224027e+16,1.1232363935179837e+17,3.1361907555445357e+17
