t(s),Total solute volume 1,Total retention volume 1,Total 1 volume 1,Total 2 volume 1,Total 3 volume 1,Total 4 volume 1,Total 5 volume 1,Total 6 volume 1
0,3.242824340493574e+18,1.6744616281839826e+20,3.120606282469643e+19,1.2489632049785533e+20,1.792236111479935e+17,1.697393594361565e+18,2.3042402234153436e+18,3.9200977264290744e+18
