t(s),Total solute volume 1,Total retention volume 1,Total 1 volume 1,Total 2 volume 1,Total 3 volume 1,Total 4 volume 1,Total 5 volume 1,Total 6 volume 1
0,2.0426316755341617e+18,6.700305388710257e+19,1.1130180818752053e+19,3.824669850510911e+19,1.1132615083502627e+17,1.3708112792143337e+18,4.911561274634175e+18,9.189844183023251e+18
