t(s),Total solute volume 1,Total retention volume 1,Total 1 volume 1,Total 2 volume 1,Total 3 volume 1,Total 4 volume 1,Total 5 volume 1,Total 6 volume 1
0,1.2266054339042045e+17,1.4811298916492637e+17,6351323389472384.0,1.22219832432844e+16,4705022561872.428,12268014491082.688,74842545917334.17,6787323558780207.0
