t(s),Total solute volume 1,Total retention volume 1,Total 1 volume 1,Total 2 volume 1,Total 3 volume 1,Total 4 volume 1,Total 5 volume 1,Total 6 volume 1
0,7.180129369195402e+16,1.3610427541322981e+17,6351323389472384.0,7154332371437873.0,45869845840236.08,184480989739042.34,905683452424347.2,4.966129167236271e+16
