t(s),Total solute volume 1,Total retention volume 1,Total 1 volume 1,Total 2 volume 1,Total 3 volume 1,Total 4 volume 1,Total 5 volume 1,Total 6 volume 1
0,1.2782504508104443e+17,7.570279351590762e+17,2.2995109404381096e+16,3.1393140520667656e+16,187992379381926.78,943901283187671.2,6227609096523480.0,5.6745513739389766e+17
