t(s),Total solute volume 1,Total retention volume 1,Total 1 volume 1,Total 2 volume 1,Total 3 volume 1,Total 4 volume 1,Total 5 volume 1,Total 6 volume 1
0,2.1836778534678442e+17,3.7260181994005395e+17,2.2995109404381096e+16,5.36299248106901e+16,19279489431894.05,62753365910128.22,514458772338710.25,7.701250875051789e+16
