t(s),Total solute volume 1,Total retention volume 1,Total 1 volume 1,Total 2 volume 1,Total 3 volume 1,Total 4 volume 1,Total 5 volume 1,Total 6 volume 1
0,2.6900722401125917e+19,1.0973044719992395e+22,1.0530177027067483e+21,9.893021029122548e+21,2.8638811080707652e+16,1.8578655118969296e+16,1.5443435795034372e+16,4.260486001783701e+16
