t(s),Total solute volume 1,Total retention volume 1,Total 1 volume 1,Total 2 volume 1,Total 3 volume 1,Total 4 volume 1,Total 5 volume 1,Total 6 volume 1
0,1.5746764332366418e+19,7.372697197775168e+21,1.0530177027067483e+21,6.302159391947708e+21,4.4464499447187206e+17,4.766376602491209e+17,3.1951111343057075e+17,5.325450201718546e+17
