t(s),Total solute volume 1,Total retention volume 1,Total 1 volume 1,Total 2 volume 1,Total 3 volume 1,Total 4 volume 1,Total 5 volume 1,Total 6 volume 1
0,2.7544357765683786e+17,4.7732104727433594e+17,3.860071170759496e+16,9.727055195100427e+16,11208306824388.545,39888872743936.12,368207838900742.4,6.558690094043022e+16
