t(s),Total solute volume 1,Total retention volume 1,Total 1 volume 1,Total 2 volume 1,Total 3 volume 1,Total 4 volume 1,Total 5 volume 1,Total 6 volume 1
0,1.612352649698545e+17,7.522627251882342e+17,3.860071170759496e+16,5.693890508297374e+16,109332705151398.8,600306696996603.6,4460037599737909.5,4.903181664259219e+17
