t(s),Total solute volume 1,Total retention volume 1,Total 1 volume 1,Total 2 volume 1,Total 3 volume 1,Total 4 volume 1,Total 5 volume 1,Total 6 volume 1
0,3.841154308419529e+17,3.7249265275931976e+18,2.6766928604882394e+17,5.273223096638238e+17,337570551380667.1,2586617263525298.5,2.963824791582767e+16,2.5132570653078584e+18
