t(s),Total solute volume 1,Total retention volume 1,Total 1 volume 1,Total 2 volume 1,Total 3 volume 1,Total 4 volume 1,Total 5 volume 1,Total 6 volume 1
0,6.561971943550011e+17,2.0612544114503421e+18,2.6766928604882394e+17,9.008356262596815e+17,34600101369361.293,171759211791964.6,2424994613800071.0,2.3392095085988138e+17
