t(s),Total solute volume 1,Total retention volume 1,Total 1 volume 1,Total 2 volume 1,Total 3 volume 1,Total 4 volume 1,Total 5 volume 1,Total 6 volume 1
0,8.175062817381762e+16,1.1135631486711534e+17,8483748054658170.0,9978813516605722.0,7999301218597.179,33825986797763.184,177465862558602.5,1.0923833971458342e+16
