t(s),Total solute volume 1,Total retention volume 1,Total 1 volume 1,Total 2 volume 1,Total 3 volume 1,Total 4 volume 1,Total 5 volume 1,Total 6 volume 1
0,1.3965732313027035e+17,1.6669761015898643e+17,8483748054658170.0,1.7047137375161364e+16,819997601100.0167,2247490530387.976,14654342922393.006,1491679767840764.5
