t(s),Total solute volume 1,Total retention volume 1,Total 1 volume 1,Total 2 volume 1,Total 3 volume 1,Total 4 volume 1,Total 5 volume 1,Total 6 volume 1
0,4.0452254584778307e+18,1.1608557791678811e+20,1.5476103569735987e+19,9.533228108352348e+19,1.8968296066817468e+16,1.25948008587685e+17,2.808344757705715e+17,8.062170246262459e+17
