t(s),Total solute volume 1,Total retention volume 1,Total 1 volume 1,Total 2 volume 1,Total 3 volume 1,Total 4 volume 1,Total 5 volume 1,Total 6 volume 1
0,9.340096063528438e+16,1.0343741933660597e+17,3458157710870755.0,6076746478966877.0,556618182656.602,1306916944720.5002,6933265506060.314,492757710851173.56
