t(s),Total solute volume 1,Total retention volume 1,Total 1 volume 1,Total 2 volume 1,Total 3 volume 1,Total 4 volume 1,Total 5 volume 1,Total 6 volume 1
0,5.467373305480017e+16,6.540358127413891e+16,3458157710870755.0,3557120067332162.0,5429395472254.215,19666983355379.703,83950982542372.77,3605523079765887.5
