t(s),Total solute volume 1,Total retention volume 1,Total 1 volume 1,Total 2 volume 1,Total 3 volume 1,Total 4 volume 1,Total 5 volume 1,Total 6 volume 1
0,7.772197376133865e+19,5.045252224911e+22,1.0574109797244612e+22,3.980048746435125e+22,5.9498125609634216e+16,3.4879773933184616e+16,2.8903108848031316e+16,7.97327448072604e+16
