t(s),Total solute volume 1,Total retention volume 1,Total 1 volume 1,Total 2 volume 1,Total 3 volume 1,Total 4 volume 1,Total 5 volume 1,Total 6 volume 1
0,4.5495789518832886e+19,4.520417319807588e+22,1.0574109797244612e+22,3.4581088036988603e+22,9.880976519467236e+17,8.968361958905627e+17,5.979883642308986e+17,9.966521115971858e+17
