t(s),Total solute volume 1,Total retention volume 1,Total 1 volume 1,Total 2 volume 1,Total 3 volume 1,Total 4 volume 1,Total 5 volume 1,Total 6 volume 1
0,3.332883936767457e+17,6.683891449866253e+17,5.905751296626006e+16,1.5858298787719715e+17,15248755321827.172,58393377269336.04,593899803880243.5,1.1679270852994976e+17
