t(s),Total solute volume 1,Total retention volume 1,Total 1 volume 1,Total 2 volume 1,Total 3 volume 1,Total 4 volume 1,Total 5 volume 1,Total 6 volume 1
0,1.950956450790701e+17,1.2537672153553172e+18,5.905751296626006e+16,9.282918675798294e+16,148751507097872.03,878855369654790.6,7196668899527671.0,8.9856059477572e+17
