t(s),Total solute volume 1,Total retention volume 1,Total 1 volume 1,Total 2 volume 1,Total 3 volume 1,Total 4 volume 1,Total 5 volume 1,Total 6 volume 1
0,1.0575407049402066e+18,1.588572272971558e+19,2.563088576888768e+18,7.076244436375885e+18,7276018596143714.0,8.071860238531078e+16,9.765679247132324e+17,4.1242864658159933e+18
