t(s),Total solute volume 1,Total retention volume 1,Total 1 volume 1,Total 2 volume 1,Total 3 volume 1,Total 4 volume 1,Total 5 volume 1,Total 6 volume 1
0,1.806632037606207e+18,1.685673848013665e+19,2.563088576888768e+18,1.2087386361672243e+19,744895396882347.2,5281834350499818.0,6.30789674223932e+16,3.3052580679968934e+17
