t(s),Total solute volume 1,Total retention volume 1,Total 1 volume 1,Total 2 volume 1,Total 3 volume 1,Total 4 volume 1,Total 5 volume 1,Total 6 volume 1
0,1.3860424099942965e+19,2.405733916252567e+21,2.4107704894684447e+20,2.1505892778574778e+21,3.8856121306735944e+16,4.001200058756185e+16,3.4125024688631604e+16,9.417220170693621e+16
