t(s),Total solute volume 1,Total retention volume 1,Total 1 volume 1,Total 2 volume 1,Total 3 volume 1,Total 4 volume 1,Total 5 volume 1,Total 6 volume 1
0,8.113418985332498e+18,1.5340473725336992e+21,2.4107704894684447e+20,1.281474549652156e+21,4.911055205598089e+17,1.0082686540016133e+18,7.058470635071256e+17,1.177133711301482e+18
