t(s),Total solute volume 1,Total retention volume 1,Total 1 volume 1,Total 2 volume 1,Total 3 volume 1,Total 4 volume 1,Total 5 volume 1,Total 6 volume 1
0,2.3160815502785014e+18,3.006922852737138e+19,4.460907519859345e+18,2.284893514595476e+19,1580255553542071.5,1.1813661438499254e+16,9.11760745734362e+16,3.3873431971317357e+17
