t(s),Total solute volume 1,Total retention volume 1,Total 1 volume 1,Total 2 volume 1,Total 3 volume 1,Total 4 volume 1,Total 5 volume 1,Total 6 volume 1
0,2.600924566469286e+19,2.0412760299008392e+22,3.1834588077439205e+21,1.7201685979806866e+22,4.4475843246942534e+17,4.1786349723124205e+17,2.78864915469212e+17,4.647789478116008e+17
