t(s),Total solute volume 1,Total retention volume 1,Total 1 volume 1,Total 2 volume 1,Total 3 volume 1,Total 4 volume 1,Total 5 volume 1,Total 6 volume 1
0,4.443246134384989e+19,2.6909211752384004e+22,3.1834588077439205e+21,2.3681226433130698e+22,2.7170901441748988e+16,1.6257381032103918e+16,1.347857874127855e+16,3.714330429649301e+16
