t(s),Total solute volume 1,Total retention volume 1,Total 1 volume 1,Total 2 volume 1,Total 3 volume 1,Total 4 volume 1,Total 5 volume 1,Total 6 volume 1
0,9.85717952218855e+16,1.4327622067673085e+17,1.2878448802488328e+16,1.6122851276236812e+16,8098776928324.882,36802429839991.8,212518220654402.28,1.5445705948696024e+16
