t(s),Total solute volume 1,Total retention volume 1,Total 1 volume 1,Total 2 volume 1,Total 3 volume 1,Total 4 volume 1,Total 5 volume 1,Total 6 volume 1
0,1.6839348350405472e+17,2.109423633456165e+17,1.2878448802488326e+16,2.7543198044355056e+16,830164873533.7717,2445128230407.1836,17547642667156.56,2106410058947595.8
