t(s),Total solute volume 1,Total retention volume 1,Total 1 volume 1,Total 2 volume 1,Total 3 volume 1,Total 4 volume 1,Total 5 volume 1,Total 6 volume 1
0,1.5746764332366418e+19,7.374470515854174e+21,1.0530177027067483e+21,6.302159391947708e+21,8.892850038526566e+17,9.532681815776975e+17,6.390181431987716e+17,1.0650855387087206e+18
