t(s),Total solute volume 1,Total retention volume 1,Total 1 volume 1,Total 2 volume 1,Total 3 volume 1,Total 4 volume 1,Total 5 volume 1,Total 6 volume 1
0,2.6900722401125917e+19,1.0973149982868323e+22,1.0530177027067483e+21,9.893021029122322e+21,5.7277601825970056e+16,3.715729906476477e+16,3.0886861406662224e+16,8.520687575522355e+16
