t(s),Total solute volume 1,Total retention volume 1,Total 1 volume 1,Total 2 volume 1,Total 3 volume 1,Total 4 volume 1,Total 5 volume 1,Total 6 volume 1
0,2.0861979911880643e+17,3.9989290101778796e+18,6.858169948084933e+16,1.1023516579767e+17,539748482733010.6,3271883871761511.5,2.772333950454606e+16,3.5799573739214705e+18
