t(s),Total solute volume 1,Total retention volume 1,Total 1 volume 1,Total 2 volume 1,Total 3 volume 1,Total 4 volume 1,Total 5 volume 1,Total 6 volume 1
0,1.1768416328259624e+17,1.3699902029468482e+17,5790815030907821.0,1.0990603481902652e+16,1865022618759.101,4786048421888.997,28584462001412.113,2498202966237328.5
