t(s),Total solute volume 1,Total retention volume 1,Total 1 volume 1,Total 2 volume 1,Total 3 volume 1,Total 4 volume 1,Total 5 volume 1,Total 6 volume 1
0,6.8888290702006904e+16,9.983140007090858e+16,5790815030907821.0,6433524569071775.0,18189518386934.164,72009389043233.53,346063043607474.44,1.828250781788449e+16
