t(s),Total solute volume 1,Total retention volume 1,Total 1 volume 1,Total 2 volume 1,Total 3 volume 1,Total 4 volume 1,Total 5 volume 1,Total 6 volume 1
0,1.1562292854379274e+18,6.005821786198957e+18,9.470815640223638e+17,3.849586369903471e+18,30621707931717.875,187776916897011.0,3045514023619091.0,4.966065418678222e+16
