t(s),Total solute volume 1,Total retention volume 1,Total 1 volume 1,Total 2 volume 1,Total 3 volume 1,Total 4 volume 1,Total 5 volume 1,Total 6 volume 1
0,6.768171426953814e+17,4.532209470646234e+18,9.470815640223638e+17,2.2534875290841032e+18,298846341345267.0,2836404829864757.5,3.960668958160917e+16,6.120812940915784e+17
