t(s),Total solute volume 1,Total retention volume 1,Total 1 volume 1,Total 2 volume 1,Total 3 volume 1,Total 4 volume 1,Total 5 volume 1,Total 6 volume 1
0,1.3517038836082043e+17,5.2851541983620666e+17,2.6047523684028044e+16,3.622882322688759e+16,98325631241981.81,504464869484920.3,3424714377138389.0,3.2704117968660154e+17
