t(s),Total solute volume 1,Total retention volume 1,Total 1 volume 1,Total 2 volume 1,Total 3 volume 1,Total 4 volume 1,Total 5 volume 1,Total 6 volume 1
0,2.3091608011640064e+17,3.634583381426213e+17,2.6047523684028044e+16,6.18908749437171e+16,10080741139489.08,33524558657965.88,282806879162320.8,4.427744721951651e+16
