t(s),Total solute volume 1,Total retention volume 1,Total 1 volume 1,Total 2 volume 1,Total 3 volume 1,Total 4 volume 1,Total 5 volume 1,Total 6 volume 1
0,1.612352649698545e+17,1.6878407867604541e+18,3.860071170759496e+16,5.693890508297374e+16,315750104373026.06,1733486444048414.8,1.2879906077242014e+16,1.4161367623743795e+18
