t(s),Total solute volume 1,Total retention volume 1,Total 1 volume 1,Total 2 volume 1,Total 3 volume 1,Total 4 volume 1,Total 5 volume 1,Total 6 volume 1
0,7.180129369195402e+16,1.625837259169312e+17,6351323389472384.0,7154332371437873.0,69774139199713.76,280582631302849.28,1377588301300486.5,7.554883139226302e+16
