t(s),Total solute volume 1,Total retention volume 1,Total 1 volume 1,Total 2 volume 1,Total 3 volume 1,Total 4 volume 1,Total 5 volume 1,Total 6 volume 1
0,1.2266054339042045e+17,1.5170183225054067e+17,6351323389472384.0,1.22219832432844e+16,7159636147037.238,18668318521442.04,113888224445365.27,1.0328266048249714e+16
