t(s),Total solute volume 1,Total retention volume 1,Total 1 volume 1,Total 2 volume 1,Total 3 volume 1,Total 4 volume 1,Total 5 volume 1,Total 6 volume 1
0,3.004256454956098e+17,1.3273753122522835e+19,1.5471077007747866e+17,2.8081807250400992e+17,1413488985249840.0,9856693760207314.0,1.0032936686654653e+17,1.2426199084833743e+19
