t(s),Total solute volume 1,Total retention volume 1,Total 1 volume 1,Total 2 volume 1,Total 3 volume 1,Total 4 volume 1,Total 5 volume 1,Total 6 volume 1
0,3.122399397307938e+17,5.557498778171612e+17,5.1059153534519e+16,1.3415637957682182e+17,8238678024905.569,30768025276621.137,302739164954322.7,5.795265910676432e+16
