t(s),Total solute volume 1,Total retention volume 1,Total 1 volume 1,Total 2 volume 1,Total 3 volume 1,Total 4 volume 1,Total 5 volume 1,Total 6 volume 1
0,1.827745988668061e+17,7.569548721906916e+17,5.1059153534519e+16,7.853065002362187e+16,80371505529763.39,463098803454513.8,3668105315044389.0,4.4037889414171405e+17
