t(s),Total solute volume 1,Total retention volume 1,Total 1 volume 1,Total 2 volume 1,Total 3 volume 1,Total 4 volume 1,Total 5 volume 1,Total 6 volume 1
0,4.718423901827473e+18,1.679043831918776e+20,2.1816306119850037e+19,1.413400008682567e+20,673726558679735.4,3898535574397524.5,6564279902208962.0,1.8515759908776736e+16
