t(s),Total solute volume 1,Total retention volume 1,Total 1 volume 1,Total 2 volume 1,Total 3 volume 1,Total 4 volume 1,Total 5 volume 1,Total 6 volume 1
0,2.7620042352160896e+18,1.0785508390742709e+20,2.1816306119850037e+19,8.283158743020675e+19,6707860148884002.0,7.331009065255574e+16,1.3372572575473531e+17,2.3144244559775197e+17
