t(s),Total solute volume 1,Total retention volume 1,Total 1 volume 1,Total 2 volume 1,Total 3 volume 1,Total 4 volume 1,Total 5 volume 1,Total 6 volume 1
0,1.5746764332366418e+19,7.374248852226835e+21,1.0530177027067483e+21,6.302159391947708e+21,8.337052752993647e+17,8.936897568158506e+17,5.99079987800363e+17,9.985182200728207e+17
