t(s),Total solute volume 1,Total retention volume 1,Total 1 volume 1,Total 2 volume 1,Total 3 volume 1,Total 4 volume 1,Total 5 volume 1,Total 6 volume 1
0,2.6900722401125917e+19,1.0973136825423334e+22,1.0530177027067483e+21,9.89302102912233e+21,5.3697754094915e+16,3.4834969182803136e+16,2.895643378444749e+16,7.988203602112533e+16
