t(s),Total solute volume 1,Total retention volume 1,Total 1 volume 1,Total 2 volume 1,Total 3 volume 1,Total 4 volume 1,Total 5 volume 1,Total 6 volume 1
0,1.6839348350405472e+17,2.332774195431974e+17,1.2878448802488326e+16,2.754319804435506e+16,9546559783674.547,28118135991067.51,201791449250125.3,2.4222833047275404e+16
