t(s),Total solute volume 1,Total retention volume 1,Total 1 volume 1,Total 2 volume 1,Total 3 volume 1,Total 4 volume 1,Total 5 volume 1,Total 6 volume 1
0,9.85717952218855e+16,3.080826736487648e+17,1.2878448802488326e+16,1.6122851276236812e+16,93084167702135.92,422913742446220.2,2442411086943032.5,1.7755116935106496e+17
