t(s),Total solute volume 1,Total retention volume 1,Total 1 volume 1,Total 2 volume 1,Total 3 volume 1,Total 4 volume 1,Total 5 volume 1,Total 6 volume 1
0,1.2796251387281995e+17,1.5210927302270067e+17,6980090150537523.0,1.3622739088267018e+16,2248435693076.9985,5958807263259.241,37149799634032.875,3498572868486950.0
