t(s),Total solute volume 1,Total retention volume 1,Total 1 volume 1,Total 2 volume 1,Total 3 volume 1,Total 4 volume 1,Total 5 volume 1,Total 6 volume 1
0,7.49048861694545e+16,1.1602941935277331e+17,6980090150537523.0,7974287186130816.0,21929347739085.06,89656690909504.23,449772719026398.3,2.560879708897552e+16
