t(s),Total solute volume 1,Total retention volume 1,Total 1 volume 1,Total 2 volume 1,Total 3 volume 1,Total 4 volume 1,Total 5 volume 1,Total 6 volume 1
0,3.489495779037574e+18,8.019201276385291e+19,1.1130180818752053e+19,6.5303130943887696e+19,2828735428717430.0,2.037834703905066e+16,6.217406188641204e+16,1.838240778211656e+17
