t(s),Total solute volume 1,Total retention volume 1,Total 1 volume 1,Total 2 volume 1,Total 3 volume 1,Total 4 volume 1,Total 5 volume 1,Total 6 volume 1
0,2.0426316755341617e+18,5.531565920414917e+19,1.1130180818752053e+19,3.824669850510911e+19,2.7833557397505044e+16,3.4273604346812454e+17,1.2279918990916815e+18,2.2975867047960666e+18
