t(s),Total solute volume 1,Total retention volume 1,Total 1 volume 1,Total 2 volume 1,Total 3 volume 1,Total 4 volume 1,Total 5 volume 1,Total 6 volume 1
0,1.772257703331625e+18,4.715847352994963e+19,8.108748995498784e+18,2.6581741941542703e+19,5.343161788207596e+16,6.617348099343238e+17,3.305524668106527e+18,6.675033793653572e+18
