t(s),Total solute volume 1,Total retention volume 1,Total 1 volume 1,Total 2 volume 1,Total 3 volume 1,Total 4 volume 1,Total 5 volume 1,Total 6 volume 1
0,9.566309649021271e+17,6.120437623710901e+18,6.205788698891987e+17,2.368112616809924e+18,762421178222457.2,4362460067612678.0,6.9948591180422104e+16,2.100041699683403e+18
