t(s),Total solute volume 1,Total retention volume 1,Total 1 volume 1,Total 2 volume 1,Total 3 volume 1,Total 4 volume 1,Total 5 volume 1,Total 6 volume 1
0,1.6043878280498112e+17,2.2262583069107738e+17,1.1560640218829554e+16,2.4329176620616796e+16,11176602919693.389,32312312742032.484,226211407295102.66,2.6027530723691364e+16
