t(s),Total solute volume 1,Total retention volume 1,Total 1 volume 1,Total 2 volume 1,Total 3 volume 1,Total 4 volume 1,Total 5 volume 1,Total 6 volume 1
0,9.391538505657402e+16,3.1371639598913e+17,1.1560640218829556e+16,1.4241472081799574e+16,108956197704732.4,485863440526298.0,2737326378972425.0,1.9066675261472256e+17
