t(s),Total solute volume 1,Total retention volume 1,Total 1 volume 1,Total 2 volume 1,Total 3 volume 1,Total 4 volume 1,Total 5 volume 1,Total 6 volume 1
0,9.011205916778291e+16,9.919508199196603e+16,3192384722575143.5,5543091834178185.0,411042647936.61536,951896102781.9403,4957882647717.393,341225446031450.9
