t(s),Total solute volume 1,Total retention volume 1,Total 1 volume 1,Total 2 volume 1,Total 3 volume 1,Total 4 volume 1,Total 5 volume 1,Total 6 volume 1
0,1.827745988668061e+17,1.2903877469630246e+18,5.1059153534519e+16,7.853065002362187e+16,176799257141822.56,1018678395235539.5,8068892334913278.0,9.687589745507881e+17
