t(s),Total solute volume 1,Total retention volume 1,Total 1 volume 1,Total 2 volume 1,Total 3 volume 1,Total 4 volume 1,Total 5 volume 1,Total 6 volume 1
0,3.122399397307938e+17,6.257023062931922e+17,5.1059153534519e+16,1.3415637957682182e+17,18124974418521.973,67689284865967.07,666022258793740.8,1.2749499693297995e+17
