t(s),Total solute volume 1,Total retention volume 1,Total 1 volume 1,Total 2 volume 1,Total 3 volume 1,Total 4 volume 1,Total 5 volume 1,Total 6 volume 1
0,2.641240568788231e+18,4.16062655380026e+19,5.979897840391367e+18,3.199484310387922e+19,4993705537407162.0,3.7730761682995576e+16,2.1852896192512656e+17,7.290305957981036e+17
