t(s),Total solute volume 1,Total retention volume 1,Total 1 volume 1,Total 2 volume 1,Total 3 volume 1,Total 4 volume 1,Total 5 volume 1,Total 6 volume 1
0,1.5460920402662884e+18,4.004150734439849e+19,5.979897840391367e+18,1.873360234042119e+19,4.889980194506159e+16,5.971412588896244e+17,4.026209682140898e+18,9.109664380344025e+18
