t(s),Total solute volume 1,Total retention volume 1,Total 1 volume 1,Total 2 volume 1,Total 3 volume 1,Total 4 volume 1,Total 5 volume 1,Total 6 volume 1
0,6.639539189064714e+18,9.358344838077012e+20,1.542273968290348e+20,7.742999917924197e+20,7.012897325417162e+16,2.0232896706906304e+17,1.4803879056024653e+17,2.4705926629813677e+17
