t(s),Total solute volume 1,Total retention volume 1,Total 1 volume 1,Total 2 volume 1,Total 3 volume 1,Total 4 volume 1,Total 5 volume 1,Total 6 volume 1
0,1.1342546114652189e+19,1.4741833784112516e+21,1.542273968290348e+20,1.3085723532580823e+21,5984881812607553.0,8173545875159879.0,7159137952569692.0,1.9764643845090856e+16
