t(s),Total solute volume 1,Total retention volume 1,Total 1 volume 1,Total 2 volume 1,Total 3 volume 1,Total 4 volume 1,Total 5 volume 1,Total 6 volume 1
0,3.489495779037574e+18,7.995645824300447e+19,1.1130180818752053e+19,6.5303130943887696e+19,353592402590571.4,2547296271386720.0,7771767179212903.0,2.2978045473644064e+16
