t(s),Total solute volume 1,Total retention volume 1,Total 1 volume 1,Total 2 volume 1,Total 3 volume 1,Total 4 volume 1,Total 5 volume 1,Total 6 volume 1
0,2.0426316755341617e+18,5.190653909204451e+19,1.1130180818752053e+19,3.824669850510911e+19,3479268316075936.5,4.2843216864631656e+16,1.5350269123298512e+17,2.872029162350119e+17
