t(s),Total solute volume 1,Total retention volume 1,Total 1 volume 1,Total 2 volume 1,Total 3 volume 1,Total 4 volume 1,Total 5 volume 1,Total 6 volume 1
0,6.615112269277926e+16,8.997262051585138e+16,5290051337496820.0,5798287762430659.0,13292954156318.902,51811475997635.75,243869823059743.75,1.2424184469930394e+16
