t(s),Total solute volume 1,Total retention volume 1,Total 1 volume 1,Total 2 volume 1,Total 3 volume 1,Total 4 volume 1,Total 5 volume 1,Total 6 volume 1
0,1.1300816793349946e+17,1.2992631842420626e+17,5290051337496820.0,9905407456456888.0,1362887069221.2146,3443343943067.568,20142124096733.23,1697743341645446.2
