t(s),Total solute volume 1,Total retention volume 1,Total 1 volume 1,Total 2 volume 1,Total 3 volume 1,Total 4 volume 1,Total 5 volume 1,Total 6 volume 1
0,7.82153398870977e+16,9.7924026246703e+16,7687035129498279.0,8909437720794750.0,2415952769443.556,10044110300937.922,51514216334011.85,3048239229908231.0
