t(s),Total solute volume 1,Total retention volume 1,Total 1 volume 1,Total 2 volume 1,Total 3 volume 1,Total 4 volume 1,Total 5 volume 1,Total 6 volume 1
0,5.132271443883372e+17,1.7057695219173286e+18,1.5471077007747862e+17,4.797289871713226e+17,59969792300092.35,271023762199008.44,3416920837499603.5,5.543547058881879e+17
