t(s),Total solute volume 1,Total retention volume 1,Total 1 volume 1,Total 2 volume 1,Total 3 volume 1,Total 4 volume 1,Total 5 volume 1,Total 6 volume 1
0,7.180129369195402e+16,1.272742123648586e+17,6351323389472384.0,7154332371437873.0,37897514517376.23,152424376451267.75,748286567854089.9,4.102865445317096e+16
