t(s),Total solute volume 1,Total retention volume 1,Total 1 volume 1,Total 2 volume 1,Total 3 volume 1,Total 4 volume 1,Total 5 volume 1,Total 6 volume 1
0,1.2266054339042045e+17,1.4691666653988445e+17,6351323389472384.0,1.22219832432844e+16,3886790484880.0815,10134518988564.582,61826922605481.86,5606968284628063.0
