t(s),Total solute volume 1,Total retention volume 1,Total 1 volume 1,Total 2 volume 1,Total 3 volume 1,Total 4 volume 1,Total 5 volume 1,Total 6 volume 1
0,3.242824340493574e+18,1.73841185692699e+20,3.120606282469643e+19,1.2489632049785533e+20,3.207054880133825e+17,3.037308983167867e+18,4.123224113907499e+18,7.014739444565755e+18
