t(s),Total solute volume 1,Total retention volume 1,Total 1 volume 1,Total 2 volume 1,Total 3 volume 1,Total 4 volume 1,Total 5 volume 1,Total 6 volume 1
0,1.5180265269236467e+17,1.5402170288715581e+18,3.3743667340789536e+16,4.87842065642926e+16,318413977918619.3,1708000390310463.2,1.2305557888637524e+16,1.2915545300172485e+18
