t(s),Total solute volume 1,Total retention volume 1,Total 1 volume 1,Total 2 volume 1,Total 3 volume 1,Total 4 volume 1,Total 5 volume 1,Total 6 volume 1
0,2.5932953168279194e+17,5.512893405309684e+17,3.3743667340789536e+16,8.333962927494267e+16,32655129147755.016,113553427914041.77,1016437949951470.4,1.7371386572543616e+17
