t(s),Total solute volume 1,Total retention volume 1,Total 1 volume 1,Total 2 volume 1,Total 3 volume 1,Total 4 volume 1,Total 5 volume 1,Total 6 volume 1
0,8.113418985332498e+18,1.539274480009928e+21,2.4107704894684447e+20,1.281474549652156e+21,1.2500628415210363e+18,2.5664363726877256e+18,1.7966623953164623e+18,2.996300816074873e+18
