t(s),Total solute volume 1,Total retention volume 1,Total 1 volume 1,Total 2 volume 1,Total 3 volume 1,Total 4 volume 1,Total 5 volume 1,Total 6 volume 1
0,1.3860424099942965e+19,2.406054078910568e+21,2.4107704894684447e+20,2.1505892778574778e+21,9.890637064366507e+16,1.0184862416875938e+17,8.686360352079395e+16,2.397094079586306e+17
