t(s),Total solute volume 1,Total retention volume 1,Total 1 volume 1,Total 2 volume 1
0,5.092688738313051e+16,5.684367541888667e+16,2951661998355005.5,2965126037401479.5
