t(s),Total solute volume 1,Total retention volume 1,Total 1 volume 1,Total 2 volume 1
0,8.70000992795148e+16,9.501718471474944e+16,2951661998355005.5,5065423436879563.0
