t(s),Total solute volume 1,Total retention volume 1,Total 1 volume 1,Total 2 volume 1,Total 3 volume 1,Total 4 volume 1,Total 5 volume 1,Total 6 volume 1
0,8.591862577826981e+17,4.2722343511431823e+18,4.883330109832728e+17,1.7979335094057503e+18,299948039123913.94,1648822962785582.2,2.5748940660585044e+16,1.0990838613089783e+18
