t(s),Total solute volume 1,Total retention volume 1,Total 1 volume 1,Total 2 volume 1
0,3.434508319345575e+19,1.7656855170896808e+22,1.8076337742290034e+21,1.5814876313474333e+22
