t(s),Total solute volume 1,Total retention volume 1,Total 1 volume 1,Total 2 volume 1
0,2.0104438942510703e+19,1.2464251079578605e+22,1.8076337742290034e+21,1.0636512866407092e+22
