t(s),Total solute volume 1,Total retention volume 1,Total 1 volume 1,Total 2 volume 1,Total 3 volume 1,Total 4 volume 1,Total 5 volume 1,Total 6 volume 1
0,1.1768416328259624e+17,1.3902568943157616e+17,5790815030907821.0,1.0990603481902652e+16,3356982497882.4062,8614760655273.709,51451222996420.95,4496684670020623.0
