t(s),Total solute volume 1,Total retention volume 1,Total 1 volume 1,Total 2 volume 1,Total 3 volume 1,Total 4 volume 1,Total 5 volume 1,Total 6 volume 1
0,6.8888290702006904e+16,1.1479937431119213e+17,5790815030907821.0,6433524569071775.0,32732173350315.043,129569524107549.47,622719167601524.1,3.2901723144145456e+16
