t(s),Total solute volume 1,Total retention volume 1,Total 1 volume 1,Total 2 volume 1,Total 3 volume 1,Total 4 volume 1,Total 5 volume 1,Total 6 volume 1
0,2.9302339152982e+17,7.933682549863763e+17,4.431341940307482e+16,1.1399288614301397e+17,52902935403156.375,192806632742471.0,1836774379781003.2,3.399560739625402e+17
