t(s),Total solute volume 1,Total retention volume 1,Total 1 volume 1,Total 2 volume 1,Total 3 volume 1,Total 4 volume 1,Total 5 volume 1,Total 6 volume 1
0,1.7152588772477386e+17,2.8665709856236416e+18,4.431341940307482e+16,6.672760546581344e+16,515810784681954.7,2899831591229160.0,2.223867344965509e+16,2.5583497572044093e+18
