t(s),Total solute volume 1,Total retention volume 1,Total 1 volume 1,Total 2 volume 1,Total 3 volume 1,Total 4 volume 1,Total 5 volume 1,Total 6 volume 1
0,1.7152588772477386e+17,2.3779032984188795e+18,4.431341940307482e+16,6.672760546581344e+16,418277083403645.7,2351606201823720.0,1.8033918496384744e+16,2.0745325840435907e+18
