t(s),Total solute volume 1,Total retention volume 1,Total 1 volume 1,Total 2 volume 1,Total 3 volume 1,Total 4 volume 1,Total 5 volume 1,Total 6 volume 1
0,2.9302339152982e+17,7.286605214028032e+17,4.431341940307482e+16,1.1399288614301397e+17,42894610689055.39,156330747615822.84,1489287182561821.5,2.7564231178602224e+17
