t(s),Total solute volume 1,Total retention volume 1,Total 1 volume 1,Total 2 volume 1,Total 3 volume 1,Total 4 volume 1,Total 5 volume 1,Total 6 volume 1
0,6.357639040862142e+16,8.994831716689954e+16,4841705944743442.0,5237103708245424.0,18245235089818.113,70032624336575.484,323001558341645.5,1.5881837687521608e+16
