t(s),Total solute volume 1,Total retention volume 1,Total 1 volume 1,Total 2 volume 1,Total 3 volume 1,Total 4 volume 1,Total 5 volume 1,Total 6 volume 1
0,1.0860966694806053e+17,1.2460187636110082e+17,4841705944743442.0,8946718178722158.0,1870898012969.6829,4655219471242.505,26682372984276.152,2170576799106576.8
