t(s),Total solute volume 1,Total retention volume 1,Total 1 volume 1,Total 2 volume 1,Total 3 volume 1,Total 4 volume 1,Total 5 volume 1,Total 6 volume 1
0,1.1342546114652189e+19,1.47482014424217e+21,1.542273968290348e+20,1.3085723532580807e+21,9.875029780555155e+16,1.3486321538092691e+17,1.1812550164889382e+17,3.2610902557123994e+17
