t(s),Total solute volume 1,Total retention volume 1,Total 1 volume 1,Total 2 volume 1,Total 3 volume 1,Total 4 volume 1,Total 5 volume 1,Total 6 volume 1
0,6.639539189064714e+18,9.461810981740454e+20,1.542273968290348e+20,7.742999917924197e+20,1.1570814175891743e+18,3.33824818971084e+18,2.4425277910307297e+18,4.0763129651959363e+18
