t(s),Total solute volume 1,Total retention volume 1,Total 1 volume 1,Total 2 volume 1,Total 3 volume 1,Total 4 volume 1,Total 5 volume 1,Total 6 volume 1
0,1.9607015664959024e+17,2.704399635812804e+17,1.8083672627208548e+16,4.068797579280357e+16,4664214931766.968,14565684092469.764,113005768715635.44,1.5465922843939456e+16
