t(s),Total solute volume 1,Total retention volume 1,Total 1 volume 1,Total 2 volume 1,Total 3 volume 1,Total 4 volume 1,Total 5 volume 1,Total 6 volume 1
0,1.5302805924424387e+17,2.1327636614588646e+17,1.0403170291897824e+16,2.15508874098567e+16,13073359336869.676,37114865188579.41,253610884201742.06,2.7990450091161104e+16
