t(s),Total solute volume 1,Total retention volume 1,Total 1 volume 1,Total 2 volume 1,Total 3 volume 1,Total 4 volume 1,Total 5 volume 1,Total 6 volume 1
0,1.2266054339042045e+17,1.5289807168438074e+17,6351323389472384.0,1.22219832432844e+16,7977813127980.76,20801692374664.434,126903053500682.27,1.1508539102200388e+16
