t(s),Total solute volume 1,Total retention volume 1,Total 1 volume 1,Total 2 volume 1,Total 3 volume 1,Total 4 volume 1,Total 5 volume 1,Total 6 volume 1
0,7.180129369195402e+16,1.7140663169666477e+17,6351323389472384.0,7154332371437873.0,77738006259627.69,312593799205052.25,1534794721382696.5,8.417455571695314e+16
