t(s),Total solute volume 1,Total retention volume 1,Total 1 volume 1,Total 2 volume 1,Total 3 volume 1,Total 4 volume 1,Total 5 volume 1,Total 6 volume 1
0,4.751131107528108e+17,1.6045296516706668e+18,1.3024520054842829e+17,3.9361074833054605e+17,63098664051099.78,276856884204598.6,3362082442297753.0,6.018585540483323e+17
