t(s),Total solute volume 1,Total retention volume 1,Total 1 volume 1,Total 2 volume 1,Total 3 volume 1,Total 4 volume 1,Total 5 volume 1,Total 6 volume 1
0,2.781149916601816e+17,6.013194343159986e+18,1.3024520054842829e+17,2.3040703518610144e+17,615502678153025.2,4167074136241625.5,4.081916264519341e+16,5.328825376305705e+18
