t(s),Total solute volume 1,Total retention volume 1,Total 1 volume 1,Total 2 volume 1,Total 3 volume 1,Total 4 volume 1,Total 5 volume 1,Total 6 volume 1
0,4.408003339419685e+17,1.8992239025551972e+18,1.1018915844204802e+17,3.2478272745253523e+17,106747997004670.0,455105244575232.5,5326354511168319.0,1.0175634749658971e+18
