t(s),Total solute volume 1,Total retention volume 1,Total 1 volume 1,Total 2 volume 1,Total 3 volume 1,Total 4 volume 1,Total 5 volume 1,Total 6 volume 1
0,2.5802946377090512e+17,9.277648895075336e+18,1.1018915844204802e+17,1.9011722470774906e+17,1041075124219672.8,6847836213739827.0,6.46095518267258e+16,8.646814584989938e+18
