t(s),Total solute volume 1,Total retention volume 1,Total 1 volume 1,Total 2 volume 1,Total 3 volume 1,Total 4 volume 1,Total 5 volume 1,Total 6 volume 1
0,1.1999214403838232e+20,1.1034933039784317e+23,6.1524972335763196e+22,4.870349495676083e+22,2.4875841763964458e+17,2.2399195125710464e+17,1.493289952579398e+17,2.4888191526733978e+17
