t(s),Total solute volume 1,Total retention volume 1,Total 1 volume 1,Total 2 volume 1,Total 3 volume 1,Total 4 volume 1,Total 5 volume 1,Total 6 volume 1
0,2.0498657939890205e+20,1.1119345484825672e+23,6.1524972335763196e+22,4.946344516545733e+22,1.4928609190328524e+16,8710850441524785.0,7217588632511020.0,1.991058913234293e+16
