t(s),Total solute volume 1,Total retention volume 1,Total 1 volume 1,Total 2 volume 1,Total 3 volume 1,Total 4 volume 1,Total 5 volume 1,Total 6 volume 1
0,3.332883936767457e+17,1.0794842815079954e+18,5.905751296626006e+16,1.5858298787719715e+17,68617422242947.91,262763787960437.88,2672479347218283.5,5.255515264303717e+17
