t(s),Total solute volume 1,Total retention volume 1,Total 1 volume 1,Total 2 volume 1,Total 3 volume 1,Total 4 volume 1,Total 5 volume 1,Total 6 volume 1
0,1.950956450790701e+17,4.426108656736464e+18,5.905751296626006e+16,9.282918675798294e+16,669077484199401.2,3952447812469649.5,3.2368228261364896e+16,4.0421365583751086e+18
