t(s),Total solute volume 1,Total retention volume 1,Total 1 volume 1,Total 2 volume 1,Total 3 volume 1,Total 4 volume 1,Total 5 volume 1,Total 6 volume 1
0,5.467373305480017e+16,7.282927577879822e+16,3458157710870755.0,3557120067332162.0,16281612238602.832,58969142857041.28,251737074208927.47,1.0813277116490344e+16
