t(s),Total solute volume 1,Total retention volume 1,Total 1 volume 1,Total 2 volume 1,Total 3 volume 1,Total 4 volume 1,Total 5 volume 1,Total 6 volume 1
0,9.340096063528438e+16,1.0444048863649922e+17,3458157710870755.0,6076746478966877.0,1669811838313.355,3920665918686.1704,20799314397121.344,1478234019222796.0
