t(s),Total solute volume 1,Total retention volume 1,Total 1 volume 1,Total 2 volume 1,Total 3 volume 1,Total 4 volume 1,Total 5 volume 1,Total 6 volume 1
0,7.49048861694545e+16,1.029459500399313e+17,6980090150537523.0,7974287186130815.0,10966440890926.62,44837996212764.234,224927674179916.47,1.2805954422524004e+16
