t(s),Total solute volume 1,Total retention volume 1,Total 1 volume 1,Total 2 volume 1,Total 3 volume 1,Total 4 volume 1,Total 5 volume 1,Total 6 volume 1
0,1.2796251387281995e+17,1.50337326748829e+17,6980090150537523.0,1.3622739088267018e+16,1124229322642.3628,2979429385448.1045,18575071654897.977,1749304906843500.0
