t(s),Total solute volume 1,Total retention volume 1,Total 1 volume 1,Total 2 volume 1,Total 3 volume 1,Total 4 volume 1,Total 5 volume 1,Total 6 volume 1
0,1.806632037606207e+18,1.761159189583486e+19,2.563088576888768e+18,1.2087386361672243e+19,2151908812140169.0,1.5258565180801462e+16,1.8222726680182496e+17,9.548471788728988e+17
