t(s),Total solute volume 1,Total retention volume 1,Total 1 volume 1,Total 2 volume 1,Total 3 volume 1,Total 4 volume 1,Total 5 volume 1,Total 6 volume 1
0,1.0575407049402066e+18,2.5685850057732903e+19,2.563088576888768e+18,7.076244436375885e+18,2.1017878523456264e+16,2.3316142381452074e+17,2.8209314127457444e+18,1.1913865624444303e+19
