t(s),Total solute volume 1,Total retention volume 1,Total 1 volume 1,Total 2 volume 1,Total 3 volume 1,Total 4 volume 1,Total 5 volume 1,Total 6 volume 1
0,4.566829557989454e+18,3.794299212560342e+20,6.696388307350977e+19,2.9943637271575534e+20,4.1280321178102925e+17,2.377933772627726e+18,2.1196501383146414e+18,3.552448786057675e+18
