t(s),Total solute volume 1,Total retention volume 1,Total 1 volume 1,Total 2 volume 1,Total 3 volume 1,Total 4 volume 1,Total 5 volume 1,Total 6 volume 1
0,7.801667161565198e+18,5.846959386911755e+20,6.696388307350977e+19,5.094009276905076e+20,3.909580675957066e+16,1.034727784609864e+17,1.0268943729558942e+17,2.842027430784721e+17
