t(s),Total solute volume 1,Total retention volume 1,Total 1 volume 1,Total 2 volume 1,Total 3 volume 1,Total 4 volume 1,Total 5 volume 1,Total 6 volume 1
0,2.3160815502785014e+18,3.0593130383968137e+19,4.460907519859345e+18,2.284893514595476e+19,3447818787944130.0,2.57751884540658e+16,1.989290153803422e+17,7.390541452530409e+17
