t(s),Total solute volume 1,Total retention volume 1,Total 1 volume 1,Total 2 volume 1,Total 3 volume 1,Total 4 volume 1,Total 5 volume 1,Total 6 volume 1
0,1.1768416328259624e+17,1.3649234166864645e+17,5790815030907821.0,1.0990603481902652e+16,1492024563579.057,3828852793783.271,22867659448019.06,1998571336436044.8
