t(s),Total solute volume 1,Total retention volume 1,Total 1 volume 1,Total 2 volume 1,Total 3 volume 1,Total 4 volume 1,Total 5 volume 1,Total 6 volume 1
0,6.8888290702006904e+16,9.608842872018213e+16,5790815030907821.0,6433524569071775.0,14552610577553.367,57612777659665.34,276872033406853.2,1.4626760996551744e+16
