t(s),Total solute volume 1,Total retention volume 1,Total 1 volume 1,Total 2 volume 1,Total 3 volume 1,Total 4 volume 1,Total 5 volume 1,Total 6 volume 1
0,2.7544357765683786e+17,5.139905359096183e+17,3.860071170759496e+16,9.727055195100427e+16,17435041145330.42,62049047796060.5,572764688773237.8,1.0202344581646974e+17
