t(s),Total solute volume 1,Total retention volume 1,Total 1 volume 1,Total 2 volume 1,Total 3 volume 1,Total 4 volume 1,Total 5 volume 1,Total 6 volume 1
0,1.612352649698545e+17,1.027479352219113e+18,3.860071170759496e+16,5.693890508297374e+16,170057266916153.84,933694312330334.5,6937100130417659.0,7.626636187490346e+17
