t(s),Total solute volume 1,Total retention volume 1,Total 1 volume 1,Total 2 volume 1,Total 3 volume 1,Total 4 volume 1,Total 5 volume 1,Total 6 volume 1
0,1.827745988668061e+17,2.5347434539434363e+18,5.1059153534519e+16,7.853065002362187e+16,401720779748043.75,2314441531315191.5,1.83334121576775e+16,2.20132947704975e+18
