t(s),Total solute volume 1,Total retention volume 1,Total 1 volume 1,Total 2 volume 1,Total 3 volume 1,Total 4 volume 1,Total 5 volume 1,Total 6 volume 1
0,3.122399397307938e+17,7.889210016520186e+17,5.1059153534519e+16,1.3415637957682182e+17,41192501984368.37,153837317762946.06,1513666248617315.5,2.897568327415196e+17
