t(s),Total solute volume 1,Total retention volume 1,Total 1 volume 1,Total 2 volume 1,Total 3 volume 1,Total 4 volume 1,Total 5 volume 1,Total 6 volume 1
0,2.0426316755341617e+18,6.943772911596506e+19,1.1130180818752053e+19,3.82466985051091e+19,1.2871891601936389e+17,1.5849685329556495e+18,5.678894856272406e+18,1.0625635811321852e+19
