t(s),Total solute volume 1,Total retention volume 1,Total 1 volume 1,Total 2 volume 1,Total 3 volume 1,Total 4 volume 1,Total 5 volume 1,Total 6 volume 1
0,3.489495779037574e+18,8.116787485022259e+19,1.1130180818752053e+19,6.5303130943887696e+19,1.3082828700754572e+16,9.424941183234498e+16,2.8755358897798048e+17,8.501814790337816e+17
