t(s),Total solute volume 1,Total retention volume 1,Total 1 volume 1,Total 2 volume 1,Total 3 volume 1,Total 4 volume 1,Total 5 volume 1,Total 6 volume 1
0,6.357639040862142e+16,1.2656825514550416e+17,4841705944743442.0,5237103708245424.0,59239056333103.61,227308970338617.56,1048585604583109.9,5.1577921452639e+16
