t(s),Total solute volume 1,Total retention volume 1,Total 1 volume 1,Total 2 volume 1,Total 3 volume 1,Total 4 volume 1,Total 5 volume 1,Total 6 volume 1
0,1.0860966694806053e+17,1.2955993487943829e+17,4841705944743442.0,8946718178722158.0,6080041648434.297,15128669168151.906,86712840898635.17,7053922256197511.0
