t(s),Total solute volume 1,Total retention volume 1,Total 1 volume 1,Total 2 volume 1,Total 3 volume 1,Total 4 volume 1,Total 5 volume 1,Total 6 volume 1
0,1.5180265269236467e+17,4.520585014118725e+17,3.3743667340789536e+16,4.87842065642926e+16,53094787395246.28,284851546734214.9,2052062574404070.8,2.15337965905893e+17
