t(s),Total solute volume 1,Total retention volume 1,Total 1 volume 1,Total 2 volume 1,Total 3 volume 1,Total 4 volume 1,Total 5 volume 1,Total 6 volume 1
0,2.5932953168279194e+17,4.0555984100620006e+17,3.374366734078954e+16,8.333962927494267e+16,5442689057724.461,18926064626244.96,169411050824764.06,2.8953232903170424e+16
