t(s),Total solute volume 1,Total retention volume 1,Total 1 volume 1,Total 2 volume 1,Total 3 volume 1,Total 4 volume 1,Total 5 volume 1,Total 6 volume 1
0,2.6900722401125917e+19,1.0973005244656356e+22,1.0530177027067483e+21,9.89302102912233e+21,1.7899259308467788e+16,1.1611660757804432e+16,9652148476754668.0,2.662735756478606e+16
