t(s),Total solute volume 1,Total retention volume 1,Total 1 volume 1,Total 2 volume 1,Total 3 volume 1,Total 4 volume 1,Total 5 volume 1,Total 6 volume 1
0,1.5746764332366418e+19,7.372032198156449e+21,1.0530177027067483e+21,6.302159391947708e+21,2.779037057397847e+17,2.97899374256569e+17,1.996949244524963e+17,3.32841165145819e+17
