t(s),Total solute volume 1,Total retention volume 1,Total 1 volume 1,Total 2 volume 1,Total 3 volume 1,Total 4 volume 1,Total 5 volume 1,Total 6 volume 1
0,4.0452254584778307e+18,1.1548539050218077e+20,1.5476103569735987e+19,9.533228108352348e+19,9727363156702966.0,6.458890137577908e+16,1.4401810709535374e+17,4.134460188160391e+17
