t(s),Total solute volume 1,Total retention volume 1,Total 1 volume 1,Total 2 volume 1,Total 3 volume 1,Total 4 volume 1,Total 5 volume 1,Total 6 volume 1
0,2.3679368537431424e+18,8.299601970247782e+19,1.5476103569735987e+19,5.584790903245229e+19,9.614679058453085e+16,1.1410752915773375e+18,2.89916247573303e+18,5.167685688651195e+18
