t(s),Total solute volume 1,Total retention volume 1,Total 1 volume 1,Total 2 volume 1,Total 3 volume 1,Total 4 volume 1,Total 5 volume 1,Total 6 volume 1
0,8.553063609334184e+16,2.7511969147150086e+17,9383807851828774.0,1.1205049428947024e+16,111970047737684.86,481616330456170.0,2586526584958431.0,1.6582008513423424e+17
