t(s),Total solute volume 1,Total retention volume 1,Total 1 volume 1,Total 2 volume 1,Total 3 volume 1,Total 4 volume 1,Total 5 volume 1,Total 6 volume 1
0,1.4611483665945994e+17,1.9755224446721632e+17,9383807851828774.0,1.9141956437258628e+16,11488896007117.49,32041858895828.777,213819437368305.56,2.2654293326398056e+16
