t(s),Total solute volume 1,Total retention volume 1,Total 1 volume 1,Total 2 volume 1,Total 3 volume 1,Total 4 volume 1,Total 5 volume 1,Total 6 volume 1
0,1.950956450790701e+17,3.180092343627878e+18,5.905751296626006e+16,9.282918675798294e+16,464720136624688.2,2745410314228209.5,2.24825132162554e+16,2.807417355157458e+18
