t(s),Total solute volume 1,Total retention volume 1,Total 1 volume 1,Total 2 volume 1,Total 3 volume 1,Total 4 volume 1,Total 5 volume 1,Total 6 volume 1
0,3.332883936767457e+17,9.179855406946193e+17,5.905751296626006e+16,1.5858298787719715e+17,47651526938994.67,182476601416552.7,1855907469807002.5,3.649706105762496e+17
