t(s),Total solute volume 1,Total retention volume 1,Total 1 volume 1,Total 2 volume 1,Total 3 volume 1,Total 4 volume 1,Total 5 volume 1,Total 6 volume 1
0,2.1328894422529733e+19,6.631208493390919e+21,6.290856345856501e+20,5.980718300897973e+21,1.918010547045954e+16,1.3658749782388536e+16,1.1396350369632774e+16,3.1428279147783856e+16
