t(s),Total solute volume 1,Total retention volume 1,Total 1 volume 1,Total 2 volume 1,Total 3 volume 1,Total 4 volume 1,Total 5 volume 1,Total 6 volume 1
0,1.2485206491236938e+19,4.3242383906622695e+21,6.290856345856501e+20,3.681406950378976e+21,2.8234725894339325e+17,3.494881342466014e+17,2.357741652618558e+17,3.9298964797404224e+17
