t(s),Total solute volume 1,Total retention volume 1,Total 1 volume 1,Total 2 volume 1,Total 3 volume 1,Total 4 volume 1,Total 5 volume 1,Total 6 volume 1
0,5.539824915009872e+18,2.502935070177364e+20,3.120606282469643e+19,2.1299199081623975e+20,1.8731428979724504e+16,8.853609975383875e+16,1.1823539519018096e+17,3.3012553786547315e+17
