t(s),Total solute volume 1,Total retention volume 1,Total 1 volume 1,Total 2 volume 1,Total 3 volume 1,Total 4 volume 1,Total 5 volume 1,Total 6 volume 1
0,3.242824340493574e+18,1.678725105330199e+20,3.120606282469643e+19,1.2489632049785533e+20,1.8865602306019178e+17,1.786724915364904e+18,2.425510019425295e+18,4.126411912124812e+18
