t(s),Total solute volume 1,Total retention volume 1,Total 1 volume 1,Total 2 volume 1,Total 3 volume 1,Total 4 volume 1,Total 5 volume 1,Total 6 volume 1
0,1.0860966694806053e+17,1.2368364772750992e+17,4841705944743442.0,8946718178722158.0,1091369702484.2258,2715571088232.0186,15564879499005.32,1266184835694164.8
