t(s),Total solute volume 1,Total retention volume 1,Total 1 volume 1,Total 2 volume 1,Total 3 volume 1,Total 4 volume 1,Total 5 volume 1,Total 6 volume 1
0,6.357639040862142e+16,8.316083497320024e+16,4841705944743442.0,5237103708245424.0,10644982456148.55,40862253240884.96,188456498030823.47,9265671177862382.0
