t(s),Total solute volume 1,Total retention volume 1,Total 1 volume 1,Total 2 volume 1,Total 3 volume 1,Total 4 volume 1,Total 5 volume 1,Total 6 volume 1
0,1.950956450790701e+17,6.870475965270769e+17,5.905751296626006e+16,9.282918675798294e+16,55786345829304.84,329606523600591.06,2699000718899225.0,3.369808581354306e+17
