t(s),Total solute volume 1,Total retention volume 1,Total 1 volume 1,Total 2 volume 1,Total 3 volume 1,Total 4 volume 1,Total 5 volume 1,Total 6 volume 1
0,3.332883936767457e+17,5.949767226811882e+17,5.905751296626006e+16,1.5858298787719715e+17,5718312661940.937,21897611861951.234,222713464734697.97,4.3797498771722344e+16
