t(s),Total solute volume 1,Total retention volume 1,Total 1 volume 1,Total 2 volume 1,Total 3 volume 1,Total 4 volume 1,Total 5 volume 1,Total 6 volume 1
0,1.6839348350405472e+17,2.492300358712871e+17,1.2878448802488326e+16,2.7543198044355056e+16,15772180226968.326,46455061097107.0,333386967063907.2,4.001929131199898e+16
