t(s),Total solute volume 1,Total retention volume 1,Total 1 volume 1,Total 2 volume 1,Total 3 volume 1,Total 4 volume 1,Total 5 volume 1,Total 6 volume 1
0,7.831248687372006e+17,2.839467432330369e+18,3.971127163555371e+17,1.417606166617462e+18,51345871947535.69,272571487868429.7,4129476464126893.5,2.3717028679621744e+17
