t(s),Total solute volume 1,Total retention volume 1,Total 1 volume 1,Total 2 volume 1,Total 3 volume 1,Total 4 volume 1,Total 5 volume 1,Total 6 volume 1
0,4.584145573095851e+17,4.4826024389397023e+18,3.971127163555371e+17,8.29827887724081e+17,500971876923986.0,4106592454144874.5,5.0907782878830184e+16,2.7417319303406013e+18
