t(s),Total solute volume 1,Total retention volume 1,Total 1 volume 1,Total 2 volume 1,Total 3 volume 1,Total 4 volume 1,Total 5 volume 1,Total 6 volume 1
0,7.49048861694545e+16,1.500313915367386e+17,6980090150537523.0,7974287186130815.0,50416378477910.55,206095055411593.47,1033983456928551.0,5.888163313979609e+16
