t(s),Total solute volume 1,Total retention volume 1,Total 1 volume 1,Total 2 volume 1,Total 3 volume 1,Total 4 volume 1,Total 5 volume 1,Total 6 volume 1
0,1.2796251387281995e+17,1.5671615848283616e+17,6980090150537523.0,1.3622739088267018e+16,5171264844918.872,13704948699411.787,85442484045658.62,8046496673622726.0
