t(s),Total solute volume 1,Total retention volume 1,Total 1 volume 1,Total 2 volume 1,Total 3 volume 1,Total 4 volume 1,Total 5 volume 1,Total 6 volume 1
0,5.539824915009872e+18,2.500990372283432e+20,3.120606282469643e+19,2.1299199081623975e+20,1.217544056028237e+16,5.754851176109971e+16,7.685307387742616e+16,2.1458164619721296e+17
