t(s),Total solute volume 1,Total retention volume 1,Total 1 volume 1,Total 2 volume 1,Total 3 volume 1,Total 4 volume 1,Total 5 volume 1,Total 6 volume 1
0,3.242824340493574e+18,1.6488803707443243e+20,3.120606282469643e+19,1.2489632049785533e+20,1.2262827927203477e+17,1.1613947824260232e+18,1.5766088362620334e+18,2.6821975134278395e+18
