t(s),Total solute volume 1,Total retention volume 1,Total 1 volume 1,Total 2 volume 1,Total 3 volume 1,Total 4 volume 1,Total 5 volume 1,Total 6 volume 1
0,8.175062817381762e+16,1.633371745619795e+17,8483748054658170.0,9978813516605722.0,45310167441990.28,191572111929459.1,1005154178766391.9,6.188194835875918e+16
