t(s),Total solute volume 1,Total retention volume 1,Total 1 volume 1,Total 2 volume 1,Total 3 volume 1,Total 4 volume 1,Total 5 volume 1,Total 6 volume 1
0,3.841154308419529e+17,1.7087942443110314e+19,2.6766928604882394e+17,5.273223096638238e+17,2109372900124444.2,1.6161823013760522e+16,1.8519470633322218e+17,1.5705369514308604e+19
