t(s),Total solute volume 1,Total retention volume 1,Total 1 volume 1,Total 2 volume 1,Total 3 volume 1,Total 4 volume 1,Total 5 volume 1,Total 6 volume 1
0,6.561971943550011e+17,3.30313369466411e+18,2.6766928604882394e+17,9.008356262596815e+17,216247756851083.44,1073482981452223.1,1.515603361975088e+16,1.461985823642555e+18
