t(s),Total solute volume 1,Total retention volume 1,Total 1 volume 1,Total 2 volume 1,Total 3 volume 1,Total 4 volume 1,Total 5 volume 1,Total 6 volume 1
0,5.539824915009872e+18,2.50015693027037e+20,3.120606282469643e+19,2.1299199081623975e+20,9365727372792452.0,4.426810143875088e+16,5.911777124359128e+16,1.650628710346963e+17
