t(s),Total solute volume 1,Total retention volume 1,Total 1 volume 1,Total 2 volume 1,Total 3 volume 1,Total 4 volume 1,Total 5 volume 1,Total 6 volume 1
0,3.242824340493574e+18,1.6360895013493047e+20,3.120606282469643e+19,1.2489632049785533e+20,9.433006020598162e+16,8.933883781718266e+17,1.2127850360956964e+18,2.0632389974126154e+18
