t(s),Total solute volume 1,Total retention volume 1,Total 1 volume 1,Total 2 volume 1,Total 3 volume 1,Total 4 volume 1,Total 5 volume 1,Total 6 volume 1
0,6.110165178850669e+17,2.882618973057335e+19,7.538773491030419e+17,1.7336694297627313e+18,9036309359391894.0,8.255814024857387e+16,1.1307172884264276e+18,2.4505314695788093e+19
