t(s),Total solute volume 1,Total retention volume 1,Total 1 volume 1,Total 2 volume 1,Total 3 volume 1,Total 4 volume 1,Total 5 volume 1,Total 6 volume 1
0,1.0438198847203212e+18,6.859895715935755e+18,7.538773491030418e+17,2.961613368357028e+18,926229247571171.6,5472946943399919.0,8.881134678258778e+16,2.0053745907818094e+18
