t(s),Total solute volume 1,Total retention volume 1,Total 1 volume 1,Total 2 volume 1,Total 3 volume 1,Total 4 volume 1,Total 5 volume 1,Total 6 volume 1
0,1.0438198847203212e+18,5.201545247341078e+18,7.538773491030418e+17,2.961613368357028e+18,194998289048328.72,1152212655610658.0,1.8697356605452852e+16,4.2219007761058074e+17
