t(s),Total solute volume 1,Total retention volume 1,Total 1 volume 1,Total 2 volume 1,Total 3 volume 1,Total 4 volume 1,Total 5 volume 1,Total 6 volume 1
0,6.110165178850669e+17,8.515806652000645e+18,7.538773491030418e+17,1.7336694297627313e+18,1902790337463818.5,1.7385658173557496e+16,2.3810414764683462e+17,5.15985075909196e+18
