t(s),Total solute volume 1,Total retention volume 1,Total 1 volume 1,Total 2 volume 1,Total 3 volume 1,Total 4 volume 1,Total 5 volume 1,Total 6 volume 1
0,7.158676193942945e+17,4.1013734140607933e+18,3.250257609819086e+17,1.1260624170802307e+18,336153655655972.4,1724844777438572.2,2.5254017058141212e+16,1.9071026011131162e+18
