t(s),Total solute volume 1,Total retention volume 1,Total 1 volume 1,Total 2 volume 1,Total 3 volume 1,Total 4 volume 1,Total 5 volume 1,Total 6 volume 1
0,4.1904446013324595e+17,2.3074081524652e+19,3.250257609819086e+17,6.591645730832125e+17,3278890939347006.0,2.5971387751205336e+16,3.096660357313563e+17,2.133193041603171e+19
