t(s),Total solute volume 1,Total retention volume 1,Total 1 volume 1,Total 2 volume 1,Total 3 volume 1,Total 4 volume 1,Total 5 volume 1,Total 6 volume 1
0,1.0536084069480294e+20,6.4718209346828574e+22,1.961934451448198e+22,4.49934784566537e+22,7499402918241665.0,4383537605203827.0,3632198339957857.5,1.0019858846058646e+16
