t(s),Total solute volume 1,Total retention volume 1,Total 1 volume 1,Total 2 volume 1,Total 3 volume 1,Total 4 volume 1,Total 5 volume 1,Total 6 volume 1
0,6.1674638455494386e+19,6.141144341855048e+22,1.961934451448198e+22,4.172998634441791e+22,1.2480765493532664e+17,1.1271660297088598e+17,7.51488161340191e+16,1.2524812189266674e+17
