t(s),Total solute volume 1,Total retention volume 1,Total 1 volume 1,Total 2 volume 1,Total 3 volume 1,Total 4 volume 1,Total 5 volume 1,Total 6 volume 1
0,6.639539189064714e+18,9.441785950724134e+20,1.542273968290348e+20,7.742999917924197e+20,9.467103637686684e+17,2.7313224396204385e+18,1.9984496025286172e+18,3.335184855980173e+18
