t(s),Total solute volume 1,Total retention volume 1,Total 1 volume 1,Total 2 volume 1,Total 3 volume 1,Total 4 volume 1,Total 5 volume 1,Total 6 volume 1
0,1.1342546114652189e+19,1.4746969044020298e+21,1.542273968290348e+20,1.308572353258082e+21,8.079573812697738e+16,1.1034267694748717e+17,9.664818193523397e+16,2.6682160325103517e+17
