t(s),Total solute volume 1,Total retention volume 1,Total 1 volume 1,Total 2 volume 1,Total 3 volume 1,Total 4 volume 1,Total 5 volume 1,Total 6 volume 1
0,1.3965732313027035e+17,1.7977833924533363e+17,8483748054658170.0,1.7047137375161364e+16,7926248268615.967,21724824553545.977,141652247504715.34,1.441882736491466e+16
