t(s),Total solute volume 1,Total retention volume 1,Total 1 volume 1,Total 2 volume 1,Total 3 volume 1,Total 4 volume 1,Total 5 volume 1,Total 6 volume 1
0,8.175062817381762e+16,2.0786548424268957e+17,8483748054658170.0,9978813516605722.0,77265754224943.95,326641033983037.3,1713965215856570.8,1.0553442249354427e+17
