t(s),Total solute volume 1,Total retention volume 1,Total 1 volume 1,Total 2 volume 1,Total 3 volume 1,Total 4 volume 1,Total 5 volume 1,Total 6 volume 1
0,9.688003471877627e+16,1.1079053003682123e+17,3752113566455123.5,6674159898032270.0,3623643524779.209,8628770707563.259,46642472275800.3,3425326967049664.0
