t(s),Total solute volume 1,Total retention volume 1,Total 1 volume 1,Total 2 volume 1,Total 3 volume 1,Total 4 volume 1,Total 5 volume 1,Total 6 volume 1
0,5.67102642256257e+16,9.01453603669454e+16,3752113566455123.5,3906825519925697.5,35313590605651.46,129686395517658.48,564170335315800.0,2.504698673350021e+16
