t(s),Total solute volume 1,Total retention volume 1,Total 1 volume 1,Total 2 volume 1,Total 3 volume 1,Total 4 volume 1,Total 5 volume 1,Total 6 volume 1
0,1.454865482009603e+20,8.391702328836332e+22,3.579686312483719e+22,4.797460062369274e+22,2.1456089357308856e+16,1.2525889198119404e+16,1.0378715025950364e+16,2.86309383357214e+16
