t(s),Total solute volume 1,Total retention volume 1,Total 1 volume 1,Total 2 volume 1,Total 3 volume 1,Total 4 volume 1,Total 5 volume 1,Total 6 volume 1
0,8.516285748348854e+19,8.217049221562192e+22,3.579686312483719e+22,4.628721412782856e+22,3.5739845608487514e+17,3.2209006238188896e+17,2.1473115283282256e+17,3.578858010003635e+17
