t(s),Total solute volume 1,Total retention volume 1,Total 1 volume 1,Total 2 volume 1,Total 3 volume 1,Total 4 volume 1,Total 5 volume 1,Total 6 volume 1
0,1.0536084069480294e+20,6.471826552380834e+22,1.961934451448198e+22,4.49934784566537e+22,2.3998084929987096e+16,1.4027318154699546e+16,1.162303275291164e+16,3.2063542214294704e+16
