t(s),Total solute volume 1,Total retention volume 1,Total 1 volume 1,Total 2 volume 1,Total 3 volume 1,Total 4 volume 1,Total 5 volume 1,Total 6 volume 1
0,6.1674638455494386e+19,6.141240684095469e+22,1.961934451448198e+22,4.172998634441791e+22,3.9938333738891354e+17,3.606917318765873e+17,2.404754164851769e+17,4.007931135733023e+17
