t(s),Total solute volume 1,Total retention volume 1,Total 1 volume 1,Total 2 volume 1,Total 3 volume 1,Total 4 volume 1,Total 5 volume 1,Total 6 volume 1
0,2.781149916601816e+17,6.371434770375348e+18,1.3024520054842829e+17,2.3040703518610144e+17,656527917083570.1,4444804258569867.0,4.353981471301341e+16,5.684026396091972e+18
