t(s),Total solute volume 1,Total retention volume 1,Total 1 volume 1,Total 2 volume 1,Total 3 volume 1,Total 4 volume 1,Total 5 volume 1,Total 6 volume 1
0,4.751131107528108e+17,1.6448998248520315e+18,1.3024520054842829e+17,3.9361074833054605e+17,67305187930944.555,295313810214614.94,3586218677595761.5,6.419819275445092e+17
