t(s),Total solute volume 1,Total retention volume 1,Total 1 volume 1,Total 2 volume 1,Total 3 volume 1,Total 4 volume 1,Total 5 volume 1,Total 6 volume 1
0,4.7566518870554744e+16,5.940304101812265e+16,2534742031225782.5,2489019978208205.5,12724600538916.42,43681287856171.23,173625730132215.03,6582728519607012.0
