t(s),Total solute volume 1,Total retention volume 1,Total 1 volume 1,Total 2 volume 1,Total 3 volume 1,Total 4 volume 1,Total 5 volume 1,Total 6 volume 1
0,3.8340070142403466e+18,2.4812146117947723e+20,4.533611706929847e+19,1.916287548066981e+20,2.3977937411018432e+17,1.8333288308040046e+18,1.955226623081726e+18,3.294247461243493e+18
