t(s),Total solute volume 1,Total retention volume 1,Total 1 volume 1,Total 2 volume 1,Total 3 volume 1,Total 4 volume 1,Total 5 volume 1,Total 6 volume 1
0,6.549761982660554e+18,3.7884200947845274e+20,4.533611706929847e+19,3.264895769282699e+20,2.337312049404235e+16,8.47024190521951e+16,9.49305868085039e+16,2.6354737186958832e+17
