t(s),Total solute volume 1,Total retention volume 1,Total 1 volume 1,Total 2 volume 1,Total 3 volume 1,Total 4 volume 1,Total 5 volume 1,Total 6 volume 1
0,1.2796251387281995e+17,1.499829330104929e+17,6980090150537523.0,1.3622739088267018e+16,899385294312.9901,2383547629012.1636,14860084818284.693,1399446881128240.5
