t(s),Total solute volume 1,Total retention volume 1,Total 1 volume 1,Total 2 volume 1,Total 3 volume 1,Total 4 volume 1,Total 5 volume 1,Total 6 volume 1
0,7.49048861694545e+16,1.0032887014905714e+17,6980090150537523.0,7974287186130815.0,8773435490839.601,35871941490417.1,179948751147954.88,1.0245012514804718e+16
