t(s),Total solute volume 1,Total retention volume 1,Total 1 volume 1,Total 2 volume 1,Total 3 volume 1,Total 4 volume 1,Total 5 volume 1,Total 6 volume 1
0,3.563921568279588e+17,7.974443962724434e+17,6.858169948084933e+16,1.8831811750643e+17,22137806839765.867,86985431744667.45,915221322520721.8,1.8312807789610102e+17
