t(s),Total solute volume 1,Total retention volume 1,Total 1 volume 1,Total 2 volume 1,Total 3 volume 1,Total 4 volume 1,Total 5 volume 1,Total 6 volume 1
0,2.0861979911880643e+17,1.8322877288961313e+18,6.858169948084933e+16,1.1023516579767e+17,215949530036615.9,1309159550411016.8,1.1092271472972422e+16,1.432233683945391e+18
