t(s),Total solute volume 1,Total retention volume 1,Total 1 volume 1,Total 2 volume 1,Total 3 volume 1,Total 4 volume 1,Total 5 volume 1,Total 6 volume 1
0,3.5302772118780864e+17,2.181442932831591e+19,2.2173507663096877e+17,4.247125719959892e+17,2515517837921088.5,1.86603519373386e+16,2.0547538327911318e+17,2.0588302705446814e+19
