t(s),Total solute volume 1,Total retention volume 1,Total 1 volume 1,Total 2 volume 1,Total 3 volume 1,Total 4 volume 1,Total 5 volume 1,Total 6 volume 1
0,6.030890236958341e+17,3.576998139912762e+18,2.2173507663096877e+17,7.255463282409612e+17,257920302963121.56,1239810643344394.0,1.6860412164313612e+16,2.0082695682343764e+18
