t(s),Total solute volume 1,Total retention volume 1,Total 1 volume 1,Total 2 volume 1,Total 3 volume 1,Total 4 volume 1,Total 5 volume 1,Total 6 volume 1
0,9.340096063528438e+16,1.0393896060689117e+17,3458157710870754.5,6076746478966877.0,1113222128578.998,2613805583976.036,13866370303238.045,985502383752959.6
