t(s),Total solute volume 1,Total retention volume 1,Total 1 volume 1,Total 2 volume 1,Total 3 volume 1,Total 4 volume 1,Total 5 volume 1,Total 6 volume 1
0,7.831248687372006e+17,3.564331793300324e+18,3.971127163555371e+17,1.417606166617462e+18,205382112196185.94,1090279767988034.5,1.6517805596414502e+16,9.486745741135192e+17
