t(s),Total solute volume 1,Total retention volume 1,Total 1 volume 1,Total 2 volume 1,Total 3 volume 1,Total 4 volume 1,Total 5 volume 1,Total 6 volume 1
0,4.751131107528108e+17,1.7256399713635873e+18,1.3024520054842829e+17,3.9361074833054605e+17,75718215544590.98,332227587384198.75,4034490175383864.0,7.222284757534935e+17
