t(s),Total solute volume 1,Total retention volume 1,Total 1 volume 1,Total 2 volume 1,Total 3 volume 1,Total 4 volume 1,Total 5 volume 1,Total 6 volume 1
0,2.781149916601816e+17,7.087895110663816e+18,1.3024520054842829e+17,2.3040703518610144e+17,738575293293417.6,5000236454194211.0,4.89808843685976e+16,6.394408187153025e+18
