t(s),Total solute volume 1,Total retention volume 1,Total 1 volume 1,Total 2 volume 1,Total 3 volume 1,Total 4 volume 1,Total 5 volume 1,Total 6 volume 1
0,1.001191121344553e+19,2.5628604062641464e+21,3.850111262848306e+20,2.1580146193043675e+21,1.8395793286888996e+18,2.8285417887891333e+18,1.9326417281903916e+18,3.2219866158691226e+18
