t(s),Total solute volume 1,Total retention volume 1,Total 1 volume 1,Total 2 volume 1,Total 3 volume 1,Total 4 volume 1,Total 5 volume 1,Total 6 volume 1
0,1.710368165630296e+19,3.98116891086253e+21,3.850111262848305e+20,3.578457514507153e+21,1.3426357012020421e+17,1.1113491649933334e+17,9.342496922086048e+16,2.5776495839175123e+17
