t(s),Total solute volume 1,Total retention volume 1,Total 1 volume 1,Total 2 volume 1,Total 3 volume 1,Total 4 volume 1,Total 5 volume 1,Total 6 volume 1
0,3.004256454956098e+17,1.024798933302412e+19,1.5471077007747866e+17,2.808180725040099e+17,1072391483803047.6,7478325471334829.0,7.611917489740634e+16,9.427364953094461e+18
