t(s),Total solute volume 1,Total retention volume 1,Total 1 volume 1,Total 2 volume 1,Total 3 volume 1,Total 4 volume 1,Total 5 volume 1,Total 6 volume 1
0,4.7566518870554744e+16,5.982859062269101e+16,2534742031225782.5,2489019978208205.5,13519285275532.883,46408604602131.86,184467962649167.25,6993913890175782.0
