t(s),Total solute volume 1,Total retention volume 1,Total 1 volume 1,Total 2 volume 1,Total 3 volume 1,Total 4 volume 1,Total 5 volume 1,Total 6 volume 1
0,2.7544357765683786e+17,4.406511116509941e+17,3.860071170759496e+16,9.727055195100429e+16,4981499072565.639,17728476402968.363,163648802874794.1,2.914991155721052e+16
