t(s),Total solute volume 1,Total retention volume 1,Total 1 volume 1,Total 2 volume 1,Total 3 volume 1,Total 4 volume 1,Total 5 volume 1,Total 6 volume 1
0,1.612352649698545e+17,4.770072452897771e+17,3.860071170759496e+16,5.693890508297374e+16,48596837095880.414,266836157614070.94,1982449302385222.5,2.179344812322563e+17
