t(s),Total solute volume 1,Total retention volume 1,Total 1 volume 1,Total 2 volume 1,Total 3 volume 1,Total 4 volume 1,Total 5 volume 1,Total 6 volume 1
0,2.6900722401125917e+19,1.097328155943411e+22,1.0530177027067483e+21,9.89302102912229e+21,9.307606166093269e+16,6.038058828656821e+16,5.019112927789956e+16,1.3845742468925307e+17
