t(s),Total solute volume 1,Total retention volume 1,Total 1 volume 1,Total 2 volume 1,Total 3 volume 1,Total 4 volume 1,Total 5 volume 1,Total 6 volume 1
0,1.5746764332366418e+19,7.376687134330984e+21,1.0530177027067483e+21,6.302159391947708e+21,1.4450780054220408e+18,1.5490462943757215e+18,1.0383961878780818e+18,1.7307548565425976e+18
