t(s),Total solute volume 1,Total retention volume 1,Total 1 volume 1,Total 2 volume 1,Total 3 volume 1,Total 4 volume 1,Total 5 volume 1,Total 6 volume 1
0,6.1674638455494386e+19,6.141205650620704e+22,1.961934451448198e+22,4.172998634441791e+22,2.995378189695007e+17,2.7051918007838877e+17,1.803567792207954e+17,3.0059507422052435e+17
