t(s),Total solute volume 1,Total retention volume 1,Total 1 volume 1,Total 2 volume 1,Total 3 volume 1,Total 4 volume 1,Total 5 volume 1,Total 6 volume 1
0,1.0536084069480294e+20,6.471824509581783e+22,1.961934451448198e+22,4.49934784566537e+22,1.799856489977736e+16,1.0520489211102552e+16,8717275092398271.0,2.4047658322473276e+16
