t(s),Total solute volume 1,Total retention volume 1,Total 1 volume 1,Total 2 volume 1,Total 3 volume 1,Total 4 volume 1,Total 5 volume 1,Total 6 volume 1
0,6.8888290702006904e+16,1.5219195336621674e+17,5790815030907821.0,6433524569071775.0,69054012562002.15,273285940687009.56,1313604942904378.2,6.942337816807609e+16
