t(s),Total solute volume 1,Total retention volume 1,Total 1 volume 1,Total 2 volume 1,Total 3 volume 1,Total 4 volume 1,Total 5 volume 1,Total 6 volume 1
0,1.1768416328259624e+17,1.4409204472430682e+17,5790815030907821.0,1.0990603481902652e+16,7086655819233.81,18186049312557.258,108614981139320.53,9492575242628650.0
