t(s),Total solute volume 1,Total retention volume 1,Total 1 volume 1,Total 2 volume 1,Total 3 volume 1,Total 4 volume 1,Total 5 volume 1,Total 6 volume 1
0,2.7620042352160896e+18,1.2076456602982813e+20,2.1816306119850037e+19,8.283158743020675e+19,2.0122158736990064e+17,2.1990951488270723e+18,4.011448668247457e+18,6.942902840110539e+18
