t(s),Total solute volume 1,Total retention volume 1,Total 1 volume 1,Total 2 volume 1,Total 3 volume 1,Total 4 volume 1,Total 5 volume 1,Total 6 volume 1
0,4.718423901827473e+18,1.6876429641125898e+20,2.1816306119850037e+19,1.413400008682567e+20,2.0211706317871548e+16,1.169556240749981e+17,1.9692759862137395e+17,5.5547059231106797e+17
