t(s),Total solute volume 1,Total retention volume 1,Total 1 volume 1,Total 2 volume 1,Total 3 volume 1,Total 4 volume 1,Total 5 volume 1,Total 6 volume 1
0,6.768171426953814e+17,1.9591264337549656e+19,9.470815640223639e+17,2.2534875290841032e+18,7171212443648889.0,6.805977226577017e+16,9.503943965875857e+17,1.4688252720450781e+19
