t(s),Total solute volume 1,Total retention volume 1,Total 1 volume 1,Total 2 volume 1,Total 3 volume 1,Total 4 volume 1,Total 5 volume 1,Total 6 volume 1
0,1.0438198847203212e+18,5.588497849484412e+18,7.538773491030419e+17,2.961613368357028e+18,365620629086902.4,2160392910859877.8,3.505744258620433e+16,7.916037911778771e+17
