t(s),Total solute volume 1,Total retention volume 1,Total 1 volume 1,Total 2 volume 1,Total 3 volume 1,Total 4 volume 1,Total 5 volume 1,Total 6 volume 1
0,6.110165178850669e+17,1.325550037303659e+19,7.538773491030418e+17,1.7336694297627313e+18,3567552732074122.5,3.2595922376051108e+16,4.464197208442353e+17,9.674353880333406e+18
