t(s),Total solute volume 1,Total retention volume 1,Total 1 volume 1,Total 2 volume 1,Total 3 volume 1,Total 4 volume 1,Total 5 volume 1,Total 6 volume 1
0,6.615112269277926e+16,1.3608439248812816e+17,5290051337496820.0,5798287762430659.0,61417172098498.266,239301525317147.62,1126585995144343.8,5.741762600286138e+16
