t(s),Total solute volume 1,Total retention volume 1,Total 1 volume 1,Total 2 volume 1,Total 3 volume 1,Total 4 volume 1,Total 5 volume 1,Total 6 volume 1
0,1.1300816793349946e+17,1.3617054344476491e+17,5290051337496820.0,9905407456456890.0,6302944797451.498,15924593077038.887,93151860735685.02,7851537318703178.0
