t(s),Total solute volume 1,Total retention volume 1,Total 1 volume 1,Total 2 volume 1,Total 3 volume 1,Total 4 volume 1,Total 5 volume 1,Total 6 volume 1
0,1.2782504508104443e+17,5.5811008521157754e+17,2.2995109404381096e+16,3.1393140520667656e+16,122942409428114.05,617329301897617.8,4072816464070142.5,3.7108370203009376e+17
