t(s),Total solute volume 1,Total retention volume 1,Total 1 volume 1,Total 2 volume 1,Total 3 volume 1,Total 4 volume 1,Total 5 volume 1,Total 6 volume 1
0,2.1836778534678442e+17,3.4573782321645984e+17,2.2995109404381096e+16,5.36299248106901e+16,12605977998869.88,41031482381404.94,336380710120419.4,5.035498548410411e+16
