t(s),Total solute volume 1,Total retention volume 1,Total 1 volume 1,Total 2 volume 1,Total 3 volume 1,Total 4 volume 1,Total 5 volume 1,Total 6 volume 1
0,1.1477277462414928e+17,5.0243910483770694e+17,1.8083672627208548e+16,2.3817359628092044e+16,136437723680211.34,657252098121814.5,4103590373598638.5,3.4086801776285235e+17
