t(s),Total solute volume 1,Total retention volume 1,Total 1 volume 1,Total 2 volume 1,Total 3 volume 1,Total 4 volume 1,Total 5 volume 1,Total 6 volume 1
0,1.9607015664959024e+17,3.016351168659011e+17,1.8083672627208548e+16,4.068797579280357e+16,13992308046410.58,43696161788487.73,339009912176267.2,4.639661341429075e+16
