t(s),Total solute volume 1,Total retention volume 1,Total 1 volume 1,Total 2 volume 1,Total 3 volume 1,Total 4 volume 1,Total 5 volume 1,Total 6 volume 1
0,8.394286150660815e+17,2.8246523929493516e+19,1.531053857194819e+18,3.913959566691929e+18,1.7389166426974794e+16,1.7842492581791e+17,2.4657393093767086e+18,1.930052848891917e+19
