t(s),Total solute volume 1,Total retention volume 1,Total 1 volume 1,Total 2 volume 1,Total 3 volume 1,Total 4 volume 1,Total 5 volume 1,Total 6 volume 1
0,3.332883936767457e+17,8.445757729769955e+17,5.905751296626006e+16,1.5858298787719715e+17,38121417652707.89,145981917020740.34,1484732897490213.5,2.9197804222462925e+17
