t(s),Total solute volume 1,Total retention volume 1,Total 1 volume 1,Total 2 volume 1,Total 3 volume 1,Total 4 volume 1,Total 5 volume 1,Total 6 volume 1
0,1.950956450790701e+17,2.613609787133784e+18,5.905751296626006e+16,9.282918675798294e+16,371806297075970.0,2196566475457312.8,1.7987675401849612e+16,2.2460713941560916e+18
