t(s),Total solute volume 1,Total retention volume 1,Total 1 volume 1,Total 2 volume 1,Total 3 volume 1,Total 4 volume 1,Total 5 volume 1,Total 6 volume 1
0,4.5495789518832886e+19,4.5200802361599335e+22,1.0574109797244612e+22,3.4581088036988603e+22,3.0878365446417104e+16,2.8026511647493296e+16,1.868735289451949e+16,3.114561714854748e+16
