t(s),Total solute volume 1,Total retention volume 1,Total 1 volume 1,Total 2 volume 1,Total 3 volume 1,Total 4 volume 1,Total 5 volume 1,Total 6 volume 1
0,7.772197376133865e+19,5.045232557954089e+22,1.0574109797244612e+22,3.980048746435125e+22,1859317622098850.2,1089993529510938.8,903222678379000.1,2491649934345602.5
