t(s),Total solute volume 1,Total retention volume 1,Total 1 volume 1,Total 2 volume 1,Total 3 volume 1,Total 4 volume 1,Total 5 volume 1,Total 6 volume 1
0,1.5302805924424387e+17,1.87158743047762e+17,1.0403170291897824e+16,2.15508874098567e+16,1005708054687.6235,2855145956976.4077,19509672786313.188,2153255574966215.8
