t(s),Total solute volume 1,Total retention volume 1,Total 1 volume 1,Total 2 volume 1,Total 3 volume 1,Total 4 volume 1,Total 5 volume 1,Total 6 volume 1
0,8.957740053321614e+16,1.2866116615492299e+17,1.040317029189783e+16,1.2615155834536546e+16,9811012443437.203,42971904440294.38,236268382823306.25,1.5776388195565026e+16
