t(s),Total solute volume 1,Total retention volume 1,Total 1 volume 1,Total 2 volume 1
0,1.4340238840712154e+18,9.651058845366503e+18,1.531053857194819e+18,6.68598110410038e+18
