t(s),Total solute volume 1,Total retention volume 1,Total 1 volume 1,Total 2 volume 1
0,8.394286150660815e+17,6.284442038952793e+18,1.531053857194819e+18,3.913959566691929e+18
