t(s),Total solute volume 1,Total retention volume 1,Total 1 volume 1,Total 2 volume 1,Total 3 volume 1,Total 4 volume 1,Total 5 volume 1,Total 6 volume 1
0,5.0293829723865024e+17,1.1898206932252312e+19,4.883330109832728e+17,1.0524643962722106e+18,2156310241827070.2,1.8308688547690584e+16,2.355793215783962e+17,9.598426907390267e+18
