t(s),Total solute volume 1,Total retention volume 1,Total 1 volume 1,Total 2 volume 1,Total 3 volume 1,Total 4 volume 1,Total 5 volume 1,Total 6 volume 1
0,8.591862577826981e+17,3.975715120566368e+18,4.883330109832728e+17,1.7979335094057503e+18,221014921802931.88,1214924869756892.5,1.8972948547803536e+16,8.098534540552963e+17
