t(s),Total solute volume 1,Total retention volume 1,Total 1 volume 1,Total 2 volume 1,Total 3 volume 1,Total 4 volume 1,Total 5 volume 1,Total 6 volume 1
0,1.7152588772477386e+17,1.4701325712505646e+18,4.431341940307482e+16,6.672760546581344e+16,237078553227399.3,1332988943598720.5,1.0221917402552828e+16,1.175773673757536e+18
