t(s),Total solute volume 1,Total retention volume 1,Total 1 volume 1,Total 2 volume 1,Total 3 volume 1,Total 4 volume 1,Total 5 volume 1,Total 6 volume 1
0,2.9302339152982e+17,6.084862133587145e+17,4.431341940307482e+16,1.1399288614301397e+17,24307302549277.4,88588523820821.64,843940620394062.5,1.5619967983604515e+17
