t(s),Total solute volume 1,Total retention volume 1,Total 1 volume 1,Total 2 volume 1,Total 3 volume 1,Total 4 volume 1,Total 5 volume 1,Total 6 volume 1
0,1.2485206491236938e+19,4.3312976349619993e+21,6.290856345856501e+20,3.6814069503789776e+21,1.8634487394754609e+18,2.306550300985829e+18,1.5560684112679273e+18,2.5937760544172303e+18
