t(s),Total solute volume 1,Total retention volume 1,Total 1 volume 1,Total 2 volume 1,Total 3 volume 1,Total 4 volume 1,Total 5 volume 1,Total 6 volume 1
0,2.1328894422529733e+19,6.631632287862639e+21,6.290856345856501e+20,5.980718300898713e+21,1.2658851037578078e+17,9.014763666250694e+16,7.521582099101301e+16,2.0750598775014013e+17
