t(s),Total solute volume 1,Total retention volume 1,Total 1 volume 1,Total 2 volume 1,Total 3 volume 1,Total 4 volume 1,Total 5 volume 1,Total 6 volume 1
0,1.3965732313027035e+17,1.8329984380085933e+17,8483748054658170.0,1.7047137375161364e+16,9839348532013.797,26968441180335.98,175842030197819.44,1.789898542085862e+16
