t(s),Total solute volume 1,Total retention volume 1,Total 1 volume 1,Total 2 volume 1,Total 3 volume 1,Total 4 volume 1,Total 5 volume 1,Total 6 volume 1
0,8.175062817381762e+16,2.3382895303446464e+17,8483748054658170.0,9978813516605722.0,95895800464323.28,405370769124175.8,2127167475109442.2,1.3098732924468614e+17
