t(s),Total solute volume 1,Total retention volume 1,Total 1 volume 1,Total 2 volume 1,Total 3 volume 1,Total 4 volume 1,Total 5 volume 1,Total 6 volume 1
0,8.516285748348854e+19,8.217146606864938e+22,3.579686312483719e+22,4.628721412782856e+22,6.353731713604993e+17,5.726023139697715e+17,3.817429965809317e+17,6.362400184372593e+17
