t(s),Total solute volume 1,Total retention volume 1,Total 1 volume 1,Total 2 volume 1,Total 3 volume 1,Total 4 volume 1,Total 5 volume 1,Total 6 volume 1
0,1.454865482009603e+20,8.391708005960906e+22,3.579686312483719e+22,4.797460062369274e+22,3.814415177899335e+16,2.226824396416606e+16,1.8451045832043556e+16,5.089943615901216e+16
