t(s),Total solute volume 1,Total retention volume 1,Total 1 volume 1,Total 2 volume 1,Total 3 volume 1,Total 4 volume 1,Total 5 volume 1,Total 6 volume 1
0,2.1328894422529733e+19,6.631647430892919e+21,6.290856345856501e+20,5.980718300898787e+21,1.3042451900775128e+17,9.287937911667266e+16,7.74950854700403e+16,2.1380200237004605e+17
