t(s),Total solute volume 1,Total retention volume 1,Total 1 volume 1,Total 2 volume 1,Total 3 volume 1,Total 4 volume 1,Total 5 volume 1,Total 6 volume 1
0,1.2485206491236938e+19,4.331549714715974e+21,6.290856345856501e+20,3.681406950378977e+21,1.9199152946426017e+18,2.376443137932037e+18,1.603220482144709e+18,2.6723443453932457e+18
