t(s),Total solute volume 1,Total retention volume 1,Total 1 volume 1,Total 2 volume 1,Total 3 volume 1,Total 4 volume 1,Total 5 volume 1,Total 6 volume 1
0,7.801667161565198e+18,5.847681401712554e+20,6.696388307350977e+19,5.094009276905077e+20,4.442703878781621e+16,1.1758267064972774e+17,1.1669250887896013e+17,3.229600273570269e+17
