t(s),Total solute volume 1,Total retention volume 1,Total 1 volume 1,Total 2 volume 1,Total 3 volume 1,Total 4 volume 1,Total 5 volume 1,Total 6 volume 1
0,4.566829557989454e+18,3.8058389443188785e+20,6.696388307350977e+19,2.9943637271575534e+20,4.690921668627249e+17,2.702179061429527e+18,2.408679337474219e+18,4.0368585188680233e+18
