t(s),Total solute volume 1,Total retention volume 1,Total 1 volume 1,Total 2 volume 1,Total 3 volume 1,Total 4 volume 1,Total 5 volume 1,Total 6 volume 1
0,1.1300816793349946e+17,1.366011488938962e+17,5290051337496820.0,9905407456456890.0,6643614866820.313,16785318459147.947,98186699336682.86,8275906533781298.0
