t(s),Total solute volume 1,Total retention volume 1,Total 1 volume 1,Total 2 volume 1,Total 3 volume 1,Total 4 volume 1,Total 5 volume 1,Total 6 volume 1
0,1.1300816793349946e+17,1.3100296848246421e+17,5290051337496820.0,9905407456456890.0,2214666776608.2017,5595381041268.999,32730620691677.348,2758801086502465.0
