t(s),Total solute volume 1,Total retention volume 1,Total 1 volume 1,Total 2 volume 1,Total 3 volume 1,Total 4 volume 1,Total 5 volume 1,Total 6 volume 1
0,6.615112269277926e+16,9.79280606657706e+16,5290051337496820.0,5798287762430659.0,21597246586030.387,84173844403524.34,396208911642105.94,2.018661887043129e+16
