t(s),Total solute volume 1,Total retention volume 1,Total 1 volume 1,Total 2 volume 1,Total 3 volume 1,Total 4 volume 1,Total 5 volume 1,Total 6 volume 1
0,2.5932953168279194e+17,5.7460519992474554e+17,3.3743667340789536e+16,8.333962927494267e+16,37008964097952.71,128693348267199.42,1151957868405223.0,1.9687471144544573e+17
