t(s),Total solute volume 1,Total retention volume 1,Total 1 volume 1,Total 2 volume 1,Total 3 volume 1,Total 4 volume 1,Total 5 volume 1,Total 6 volume 1
0,1.5180265269236467e+17,1.7142479824128023e+18,3.3743667340789536e+16,4.87842065642926e+16,360841130094617.4,1935532848268501.0,1.394506348396342e+16,1.4636760183530263e+18
