t(s),Total solute volume 1,Total retention volume 1,Total 1 volume 1,Total 2 volume 1,Total 3 volume 1,Total 4 volume 1,Total 5 volume 1,Total 6 volume 1
0,3.332883936767457e+17,7.124362235966138e+17,5.905751296626006e+16,1.5858298787719715e+17,20966973852282.496,80290683897709.53,816609946137243.8,1.6058946147252464e+17
