t(s),Total solute volume 1,Total retention volume 1,Total 1 volume 1,Total 2 volume 1,Total 3 volume 1,Total 4 volume 1,Total 5 volume 1,Total 6 volume 1
0,1.950956450790701e+17,1.5937655107695076e+18,5.905751296626006e+16,9.282918675798294e+16,204523356085992.97,1208347474974916.0,9894870078812342.0,1.2354754250563277e+18
