t(s),Total solute volume 1,Total retention volume 1,Total 1 volume 1,Total 2 volume 1,Total 3 volume 1,Total 4 volume 1,Total 5 volume 1,Total 6 volume 1
0,1.950956450790701e+17,2.8402111740569943e+18,5.905751296626006e+16,9.282918675798294e+16,408973643514930.2,2416118297588957.0,1.978571037666164e+16,2.470618026935899e+18
