t(s),Total solute volume 1,Total retention volume 1,Total 1 volume 1,Total 2 volume 1,Total 3 volume 1,Total 4 volume 1,Total 5 volume 1,Total 6 volume 1
0,3.332883936767457e+17,8.73939773752918e+17,5.905751296626006e+16,1.5858298787719715e+17,41933473133046.984,160579828931583.62,1633203141707085.0,3.211751627889413e+17
