t(s),Total solute volume 1,Total retention volume 1,Total 1 volume 1,Total 2 volume 1,Total 3 volume 1,Total 4 volume 1,Total 5 volume 1,Total 6 volume 1
0,1.0438198847203212e+18,5.864891014909076e+18,7.538773491030418e+17,2.961613368357028e+18,487493064618369.25,2880518339829137.5,4.674316054490809e+16,1.0554692407793373e+18
