t(s),Total solute volume 1,Total retention volume 1,Total 1 volume 1,Total 2 volume 1,Total 3 volume 1,Total 4 volume 1,Total 5 volume 1,Total 6 volume 1
0,2.1836778534678442e+17,4.024498890336536e+17,2.2995109404381096e+16,5.36299248106901e+16,26694305953686.613,86888251333418.33,712318541700564.2,1.0663116837281232e+17
