t(s),Total solute volume 1,Total retention volume 1,Total 1 volume 1,Total 2 volume 1,Total 3 volume 1,Total 4 volume 1,Total 5 volume 1,Total 6 volume 1
0,1.2782504508104443e+17,9.779777111646431e+17,2.2995109404381096e+16,3.1393140520667656e+16,260239952290293.97,1306556738601024.0,8620683901493166.0,7.855769355661683e+17
