t(s),Total solute volume 1,Total retention volume 1,Total 1 volume 1,Total 2 volume 1,Total 3 volume 1,Total 4 volume 1,Total 5 volume 1,Total 6 volume 1
0,6.615112269277926e+16,1.2019190822220595e+17,5290051337496820.0,5798287762430659.0,44833713382075.62,174707534373627.9,822433165891547.9,4.1910472015852136e+16
