t(s),Total solute volume 1,Total retention volume 1,Total 1 volume 1,Total 2 volume 1,Total 3 volume 1,Total 4 volume 1,Total 5 volume 1,Total 6 volume 1
0,2.2349716812900077e+17,4.843672717400309e+18,7.99733013773092e+16,1.3153125251363435e+17,604329634179744.0,3761680459044974.5,3.3007606619525636e+16,4.371297378667617e+18
