t(s),Total solute volume 1,Total retention volume 1,Total 1 volume 1,Total 2 volume 1,Total 3 volume 1,Total 4 volume 1,Total 5 volume 1,Total 6 volume 1
0,3.818076622203744e+17,1.236645181734435e+18,7.99733013773092e+16,2.2469880913100803e+17,61963521328093.84,249999257547258.22,2723304269298507.0,5.4713014195756634e+17
