t(s),Total solute volume 1,Total retention volume 1,Total 1 volume 1,Total 2 volume 1,Total 3 volume 1,Total 4 volume 1,Total 5 volume 1,Total 6 volume 1
0,2.0861979911880643e+17,4.432165811118094e+18,6.858169948084933e+16,1.1023516579767e+17,604490231794564.4,3664282660024161.0,3.1048496791329496e+16,4.0094118770376044e+18
