t(s),Total solute volume 1,Total retention volume 1,Total 1 volume 1,Total 2 volume 1,Total 3 volume 1,Total 4 volume 1,Total 5 volume 1,Total 6 volume 1
0,4.0983010737537254e+17,8.293395933695447e+17,9.36616297076456e+16,2.6944503277455203e+17,6048400225229.342,25075567190332.082,283026717707474.4,5.608867282685833e+16
