t(s),Total solute volume 1,Total retention volume 1,Total 1 volume 1,Total 2 volume 1,Total 3 volume 1,Total 4 volume 1,Total 5 volume 1,Total 6 volume 1
0,2.399005506587524e+17,9.558658000151849e+17,9.36616297076456e+16,1.5772427002204848e+17,59008160545404.44,377472640766552.4,3432856180111687.5,4.6071001264531066e+17
