t(s),Total solute volume 1,Total retention volume 1,Total 1 volume 1,Total 2 volume 1,Total 3 volume 1,Total 4 volume 1,Total 5 volume 1,Total 6 volume 1
0,2.7544357765683786e+17,5.87328172248746e+17,3.860071170759496e+16,9.727055195100427e+16,29888289499765.664,106368734047036.39,981871830198075.0,1.7489520207956195e+17
