t(s),Total solute volume 1,Total retention volume 1,Total 1 volume 1,Total 2 volume 1,Total 3 volume 1,Total 4 volume 1,Total 5 volume 1,Total 6 volume 1
0,1.612352649698545e+17,1.5777960806783905e+18,3.860071170759496e+16,5.693890508297374e+16,291472484199364.94,1600220894544844.0,1.1889648561050376e+16,1.3072398569781642e+18
