t(s),Total solute volume 1,Total retention volume 1,Total 1 volume 1,Total 2 volume 1,Total 3 volume 1,Total 4 volume 1,Total 5 volume 1,Total 6 volume 1
0,3.027606909858182e+18,5.753341805147802e+19,8.108748995498786e+18,4.539357696078196e+19,7261631871186832.0,5.438026592409815e+16,2.2969930328825296e+17,7.121439842554298e+17
