t(s),Total solute volume 1,Total retention volume 1,Total 1 volume 1,Total 2 volume 1,Total 3 volume 1,Total 4 volume 1,Total 5 volume 1,Total 6 volume 1
0,5.556772250990977e+17,1.432514770658809e+18,1.8471874136236307e+17,5.881523663147372e+17,11935413455716.682,55605714083857.16,728077572490277.2,1.0317081918257757e+17
