t(s),Total solute volume 1,Total retention volume 1,Total 1 volume 1,Total 2 volume 1,Total 3 volume 1,Total 4 volume 1,Total 5 volume 1,Total 6 volume 1
0,5.88665732355986e+16,8.42070849824139e+16,4077840541915392.0,4299130609532136.5,21761388731063.766,81086697137800.23,359526870332652.1,1.6501165639166322e+16
