t(s),Total solute volume 1,Total retention volume 1,Total 1 volume 1,Total 2 volume 1,Total 3 volume 1,Total 4 volume 1,Total 5 volume 1,Total 6 volume 1
0,5.5346593079818586e+17,1.4317681706322237e+19,6.045923551720415e+17,1.3452732373157307e+18,3242124818447439.0,2.854233097224065e+16,3.799513964248294e+17,1.1402614330820778e+19
