t(s),Total solute volume 1,Total retention volume 1,Total 1 volume 1,Total 2 volume 1,Total 3 volume 1,Total 4 volume 1,Total 5 volume 1,Total 6 volume 1
0,9.455042984468884e+17,4.825566998841504e+18,6.045923551720417e+17,2.298131816040415e+18,332297174023009.56,1893113302369569.2,3.0284390397768416e+16,9.44828728307985e+17
