t(s),Total solute volume 1,Total retention volume 1,Total 1 volume 1,Total 2 volume 1,Total 3 volume 1,Total 4 volume 1,Total 5 volume 1,Total 6 volume 1
0,1.1999214403838232e+20,1.103503102236076e+23,6.1524972335763196e+22,4.870349495676083e+22,5.286100795202473e+17,4.759810223014413e+17,3.173230487486313e+17,5.288728947029297e+17
