t(s),Total solute volume 1,Total retention volume 1,Total 1 volume 1,Total 2 volume 1,Total 3 volume 1,Total 4 volume 1,Total 5 volume 1,Total 6 volume 1
0,2.0498657939890205e+20,1.1119351196182972e+23,6.1524972335763196e+22,4.946344516545733e+22,3.1723288607922708e+16,1.8510554262455308e+16,1.53373732495816e+16,4.230999373623741e+16
