t(s),Total solute volume 1,Total retention volume 1,Total 1 volume 1,Total 2 volume 1,Total 3 volume 1,Total 4 volume 1,Total 5 volume 1,Total 6 volume 1
0,5.092688738313051e+16,7.472989483831456e+16,2951661998355005.5,2965126037401479.5,29620175053841.293,104363121155161.42,429658099670429.6,1.7322578023548552e+16
