t(s),Total solute volume 1,Total retention volume 1,Total 1 volume 1,Total 2 volume 1,Total 3 volume 1,Total 4 volume 1,Total 5 volume 1,Total 6 volume 1
0,8.70000992795148e+16,9.74321084922191e+16,2951661998355005.5,5065423436879563.0,3039933905206.8643,6945467011577.418,35528710296159.164,2369409666256456.5
