t(s),Total solute volume 1,Total retention volume 1,Total 1 volume 1,Total 2 volume 1,Total 3 volume 1,Total 4 volume 1,Total 5 volume 1,Total 6 volume 1
0,7.49048861694545e+16,9.24768582478829e+16,6980090150537523.0,7974287186130816.0,2193570983629.9404,8969143962298.016,44992147368917.65,2561439879444179.0
