t(s),Total solute volume 1,Total retention volume 1,Total 1 volume 1,Total 2 volume 1,Total 3 volume 1,Total 4 volume 1,Total 5 volume 1,Total 6 volume 1
0,9.391538505657402e+16,2.2968001454180803e+17,1.1560640218829556e+16,1.4241472081799574e+16,61763841506865.02,275453633086957.97,1551781552540083.2,1.0807351815746936e+17
