t(s),Total solute volume 1,Total retention volume 1,Total 1 volume 1,Total 2 volume 1,Total 3 volume 1,Total 4 volume 1,Total 5 volume 1,Total 6 volume 1
0,1.6043878280498112e+17,2.1123071142664672e+17,1.1560640218829554e+16,2.4329176620616796e+16,6333551285023.213,18310660542562.055,128189086420625.17,1.474927848397057e+16
