t(s),Total solute volume 1,Total retention volume 1,Total 1 volume 1,Total 2 volume 1,Total 3 volume 1,Total 4 volume 1,Total 5 volume 1,Total 6 volume 1
0,7.180129369195402e+16,1.736120787532745e+17,6351323389472384.0,7154332371437873.0,79728642685549.67,320594818093910.1,1574088893981344.2,8.633071694564936e+16
