t(s),Total solute volume 1,Total retention volume 1,Total 1 volume 1,Total 2 volume 1,Total 3 volume 1,Total 4 volume 1,Total 5 volume 1,Total 6 volume 1
0,1.2266054339042045e+17,1.5319712829337437e+17,6351323389472384.0,1.22219832432844e+16,8182355221149.639,21335031086272.973,130156729740463.17,1.180360415415031e+16
