t(s),Total solute volume 1,Total retention volume 1,Total 1 volume 1,Total 2 volume 1,Total 3 volume 1,Total 4 volume 1,Total 5 volume 1,Total 6 volume 1
0,1.0896465516898744e+17,3.2163129571817043e+17,1.6105550931134632e+16,2.0848021191923476e+16,75952880568720.05,358671944035566.3,2180497799180468.8,1.730979458023416e+17
