t(s),Total solute volume 1,Total retention volume 1,Total 1 volume 1,Total 2 volume 1,Total 3 volume 1,Total 4 volume 1,Total 5 volume 1,Total 6 volume 1
0,1.8614795258035258e+17,2.6166099987146198e+17,1.6105550931134632e+16,3.561535913744106e+16,7787854511422.278,23839542944581.44,180101355668489.2,2.3580408469407376e+16
