t(s),Total solute volume 1,Total retention volume 1,Total 1 volume 1,Total 2 volume 1,Total 3 volume 1,Total 4 volume 1,Total 5 volume 1,Total 6 volume 1
0,5.88665732355986e+16,8.520441408889414e+16,4077840541915392.0,4299130609532136.5,23040588419406.28,85852113321367.36,380658899476867.3,1.7471318100630466e+16
