t(s),Total solute volume 1,Total retention volume 1,Total 1 volume 1,Total 2 volume 1,Total 3 volume 1,Total 4 volume 1,Total 5 volume 1,Total 6 volume 1
0,1.0056372927748115e+17,1.1441387205438421e+17,4077840541915392.0,7344347682422831.0,2363184881010.017,5708637777930.679,31454038477473.69,2388428691428127.5
