t(s),Total solute volume 1,Total retention volume 1,Total 1 volume 1,Total 2 volume 1,Total 3 volume 1,Total 4 volume 1,Total 5 volume 1,Total 6 volume 1
0,2.0861979911880643e+17,1.976754196358302e+18,6.858169948084933e+16,1.1023516579767e+17,237540805534208.62,1440045723373253.2,1.2201283284527148e+16,1.5754386621475535e+18
