t(s),Total solute volume 1,Total retention volume 1,Total 1 volume 1,Total 2 volume 1,Total 3 volume 1,Total 4 volume 1,Total 5 volume 1,Total 6 volume 1
0,3.563921568279588e+17,8.158594331672924e+17,6.858169948084933e+16,1.8831811750643e+17,24351563643575.676,95683895464796.27,1006742560072972.6,2.014406813328686e+17
