t(s),Total solute volume 1,Total retention volume 1,Total 1 volume 1,Total 2 volume 1,Total 3 volume 1,Total 4 volume 1,Total 5 volume 1,Total 6 volume 1
0,1.1562292854379274e+18,7.328921046332316e+18,9.470815640223638e+17,3.849586369903471e+18,796156001059565.2,4882156195036898.0,7.918260703861662e+16,1.291162907733867e+18
