t(s),Total solute volume 1,Total retention volume 1,Total 1 volume 1,Total 2 volume 1,Total 3 volume 1,Total 4 volume 1,Total 5 volume 1,Total 6 volume 1
0,6.768171426953814e+17,2.090057714196816e+19,9.470815640223639e+17,2.2534875290841032e+18,7768709898376678.0,7.37301067146892e+16,1.0295782804810812e+18,1.5912113809072177e+19
