t(s),Total solute volume 1,Total retention volume 1,Total 1 volume 1,Total 2 volume 1,Total 3 volume 1,Total 4 volume 1,Total 5 volume 1,Total 6 volume 1
0,4.408003339419685e+17,1.4216197703564012e+18,1.1018915844204802e+17,3.247827274525352e+17,56932936356115.85,242725220527562.78,2840752760738008.5,5.427071396022322e+17
