t(s),Total solute volume 1,Total retention volume 1,Total 1 volume 1,Total 2 volume 1,Total 3 volume 1,Total 4 volume 1,Total 5 volume 1,Total 6 volume 1
0,1.0438198847203212e+18,5.975447919508713e+18,7.538773491030419e+17,2.961613368357028e+18,536241883782860.9,3168567735638972.5,5.141743425537747e+16,1.161015073453526e+18
