t(s),Total solute volume 1,Total retention volume 1,Total 1 volume 1,Total 2 volume 1,Total 3 volume 1,Total 4 volume 1,Total 5 volume 1,Total 6 volume 1
0,6.110165178850669e+17,1.7994826204971543e+19,7.538773491030418e+17,1.7336694297627313e+18,5232147945778515.0,4.780414608938149e+16,6.547114460719128e+17,1.4188515168113644e+19
