t(s),Total solute volume 1,Total retention volume 1,Total 1 volume 1,Total 2 volume 1,Total 3 volume 1,Total 4 volume 1,Total 5 volume 1,Total 6 volume 1
0,3.242824340493574e+18,1.7213588619989674e+20,3.120606282469643e+19,1.2489632049785533e+20,2.8297788882957776e+17,2.6800096160807537e+18,3.638174952921066e+18,6.189516079020921e+18
