t(s),Total solute volume 1,Total retention volume 1,Total 1 volume 1,Total 2 volume 1,Total 3 volume 1,Total 4 volume 1,Total 5 volume 1,Total 6 volume 1
0,5.539824915009872e+18,2.5057131972669116e+20,3.120606282469643e+19,2.1299199081623975e+20,2.809710482089906e+16,1.3280399494310354e+17,1.7735287155842998e+17,4.9518719942137504e+17
