t(s),Total solute volume 1,Total retention volume 1,Total 1 volume 1,Total 2 volume 1,Total 3 volume 1,Total 4 volume 1,Total 5 volume 1,Total 6 volume 1
0,1.6043878280498112e+17,2.2876144400579904e+17,1.1560640218829554e+16,2.4329176620616796e+16,13784309394221.352,39851442226098.445,278990995916348.72,3.2100217613834056e+16
