t(s),Total solute volume 1,Total retention volume 1,Total 1 volume 1,Total 2 volume 1,Total 3 volume 1,Total 4 volume 1,Total 5 volume 1,Total 6 volume 1
0,9.391538505657402e+16,3.589478869995176e+17,1.1560640218829556e+16,1.4241472081799574e+16,134353546340924.17,599078144414827.0,3375298075476103.0,2.3512165987608547e+17
