t(s),Total solute volume 1,Total retention volume 1,Total 1 volume 1,Total 2 volume 1,Total 3 volume 1,Total 4 volume 1,Total 5 volume 1,Total 6 volume 1
0,8.70000992795148e+16,9.690388059197043e+16,2951661998355005.5,5065423436879563.0,2374993099669.4927,5426232653129.713,27757278751990.285,1851137372715669.0
