t(s),Total solute volume 1,Total retention volume 1,Total 1 volume 1,Total 2 volume 1,Total 3 volume 1,Total 4 volume 1,Total 5 volume 1,Total 6 volume 1
0,5.092688738313051e+16,7.0820469815265384e+16,2951661998355005.5,2965126037401479.5,23147637487395.637,81566041017143.86,335784073051057.56,1.3536296644822042e+16
