t(s),Total solute volume 1,Total retention volume 1,Total 1 volume 1,Total 2 volume 1,Total 3 volume 1,Total 4 volume 1,Total 5 volume 1,Total 6 volume 1
0,7.772197376133865e+19,5.045253493746121e+22,1.0574109797244612e+22,3.980048746435128e+22,6.3216755835004104e+16,3.70597585008246e+16,3.0709551995301652e+16,8.47160377183592e+16
