t(s),Total solute volume 1,Total retention volume 1,Total 1 volume 1,Total 2 volume 1,Total 3 volume 1,Total 4 volume 1,Total 5 volume 1,Total 6 volume 1
0,4.5495789518832886e+19,4.520439066894944e+22,1.0574109797244612e+22,3.4581088036988603e+22,1.0498530668147386e+18,9.52887623443798e+17,6.353621620709778e+17,1.0589423450615392e+18
