t(s),Total solute volume 1,Total retention volume 1,Total 1 volume 1,Total 2 volume 1,Total 3 volume 1,Total 4 volume 1,Total 5 volume 1,Total 6 volume 1
0,5.092688738313051e+16,6.299627010707515e+16,2951661998355005.5,2965126037401479.5,10191016530463.705,35917562266469.4,147845134616348.53,5958640974775219.0
