t(s),Total solute volume 1,Total retention volume 1,Total 1 volume 1,Total 2 volume 1,Total 3 volume 1,Total 4 volume 1,Total 5 volume 1,Total 6 volume 1
0,8.70000992795148e+16,9.584736317755286e+16,2951661998355005.5,5065423436879563.0,1045036333958.7894,2387618535316.46,12213619645372.94,814532188289034.6
