t(s),Total solute volume 1,Total retention volume 1,Total 1 volume 1,Total 2 volume 1,Total 3 volume 1,Total 4 volume 1,Total 5 volume 1,Total 6 volume 1
0,5.092688738313051e+16,6.187794457504696e+16,2951661998355005.5,2965126037401479.5,8338812763439.2705,29390431086260.633,120975915082182.11,4875563997228368.0
