t(s),Total solute volume 1,Total retention volume 1,Total 1 volume 1,Total 2 volume 1,Total 3 volume 1,Total 4 volume 1,Total 5 volume 1,Total 6 volume 1
0,8.70000992795148e+16,9.56964254116451e+16,2951661998355005.5,5065423436879563.0,855034329683.1055,1953514977420.5928,9993010269550.81,666439137319244.1
