t(s),Total solute volume 1,Total retention volume 1,Total 1 volume 1,Total 2 volume 1,Total 3 volume 1,Total 4 volume 1,Total 5 volume 1,Total 6 volume 1
0,3.4133172510483444e+19,3.150334778735997e+22,5.744900751039818e+21,2.57204529767919e+22,1.0875440053004037e+18,9.981312238205455e+17,6.657015343618822e+17,1.1095102540524355e+18
