t(s),Total solute volume 1,Total retention volume 1,Total 1 volume 1,Total 2 volume 1,Total 3 volume 1,Total 4 volume 1,Total 5 volume 1,Total 6 volume 1
0,5.831083637207589e+19,3.810657068951274e+22,5.744900751039818e+21,3.230313354759354e+22,6.579337436633454e+16,3.882358600551357e+16,3.217601339056946e+16,8.876153401828336e+16
