t(s),Total solute volume 1,Total retention volume 1,Total 1 volume 1,Total 2 volume 1,Total 3 volume 1,Total 4 volume 1,Total 5 volume 1,Total 6 volume 1
0,1.3860424099942965e+19,2.406242409549466e+21,2.4107704894684447e+20,2.1505892778574778e+21,1.3422997868255909e+17,1.3822304929842203e+17,1.1788624279921562e+17,3.253193744122228e+17
