t(s),Total solute volume 1,Total retention volume 1,Total 1 volume 1,Total 2 volume 1,Total 3 volume 1,Total 4 volume 1,Total 5 volume 1,Total 6 volume 1
0,8.113418985332498e+18,1.5423491489208334e+21,2.4107704894684447e+20,1.281474549652156e+21,1.6964947466944965e+18,3.48296837941582e+18,2.438296225567788e+18,4.066371984830617e+18
