t(s),Total solute volume 1,Total retention volume 1,Total 1 volume 1,Total 2 volume 1,Total 3 volume 1,Total 4 volume 1,Total 5 volume 1,Total 6 volume 1
0,1.6062657215105326e+18,1.2798820178300789e+19,1.9718743661304888e+18,8.94244010427008e+18,382292001276629.6,2619558888066432.5,3.5978975698536908e+16,2.392591598018865e+17
