t(s),Total solute volume 1,Total retention volume 1,Total 1 volume 1,Total 2 volume 1,Total 3 volume 1,Total 4 volume 1,Total 5 volume 1,Total 6 volume 1
0,9.402531052744658e+17,1.169810709781761e+19,1.9718743661304886e+18,5.234982861726286e+18,3732850915620408.0,3.9840327597586984e+16,5.2577583654967917e+17,2.9816477496234906e+18
