t(s),Total solute volume 1,Total retention volume 1,Total 1 volume 1,Total 2 volume 1,Total 3 volume 1,Total 4 volume 1,Total 5 volume 1,Total 6 volume 1
0,1.3361787230712443e+17,1.7043270993759453e+17,7687035129498279.0,1.522028754057002e+16,8171677161173.11,22019959644736.06,140359324501910.67,1.3736963999093354e+16
