t(s),Total solute volume 1,Total retention volume 1,Total 1 volume 1,Total 2 volume 1,Total 3 volume 1,Total 4 volume 1,Total 5 volume 1,Total 6 volume 1
0,7.82153398870977e+16,1.9743660780462422e+17,7687035129498278.0,8909437720794750.0,79646787882459.61,331013394050116.6,1698033226258565.5,1.0051610165904283e+17
