t(s),Total solute volume 1,Total retention volume 1,Total 1 volume 1,Total 2 volume 1
0,6.8888290702006904e+16,8.111263030198675e+16,5790815030907821.0,6433524569071775.0
