t(s),Total solute volume 1,Total retention volume 1,Total 1 volume 1,Total 2 volume 1
0,1.1768416328259624e+17,1.3446558179540504e+17,5790815030907821.0,1.0990603481902652e+16
