t(s),Total solute volume 1,Total retention volume 1,Total 1 volume 1,Total 2 volume 1,Total 3 volume 1,Total 4 volume 1,Total 5 volume 1,Total 6 volume 1
0,1.1477277462414928e+17,3.8721727119886074e+17,1.8083672627208548e+16,2.3817359628092044e+16,90975758242938.83,438279229920711.4,2736319225911227.5,2.272778901053364e+17
