t(s),Total solute volume 1,Total retention volume 1,Total 1 volume 1,Total 2 volume 1,Total 3 volume 1,Total 4 volume 1,Total 5 volume 1,Total 6 volume 1
0,1.9607015664959024e+17,2.8603773417522477e+17,1.8083672627208548e+16,4.068797579280357e+16,9328317612553.05,29131071352274.523,226009072747511.62,3.0931460643909692e+16
