t(s),Total solute volume 1,Total retention volume 1,Total 1 volume 1,Total 2 volume 1,Total 3 volume 1,Total 4 volume 1,Total 5 volume 1,Total 6 volume 1
0,2.3679368537431424e+18,7.648327131364935e+19,1.547610356973599e+19,5.584790903245229e+19,2.88451356174487e+16,3.423400031531317e+17,8.697865015704243e+17,1.550350217376667e+18
