t(s),Total solute volume 1,Total retention volume 1,Total 1 volume 1,Total 2 volume 1,Total 3 volume 1,Total 4 volume 1,Total 5 volume 1,Total 6 volume 1
0,4.0452254584778307e+18,1.1504314466979742e+20,1.5476103569735987e+19,9.533228108352348e+19,2918215985452139.5,1.9376709986443476e+16,4.3205526562315416e+16,1.2403410552616464e+17
