t(s),Total solute volume 1,Total retention volume 1,Total 1 volume 1,Total 2 volume 1,Total 3 volume 1,Total 4 volume 1,Total 5 volume 1,Total 6 volume 1
0,2.0861979911880643e+17,1.1099045609711672e+18,6.858169948084933e+16,1.1023516579767e+17,107983123763072.95,654647470148334.5,5546625187728861.0,7.161586407921953e+17
