t(s),Total solute volume 1,Total retention volume 1,Total 1 volume 1,Total 2 volume 1,Total 3 volume 1,Total 4 volume 1,Total 5 volume 1,Total 6 volume 1
0,3.563921568279588e+17,7.053686517533348e+17,6.858169948084933e+16,1.8831811750643e+17,11068957693308.367,43492896451275.586,457612694679885.5,9.156450338927274e+16
