t(s),Total solute volume 1,Total retention volume 1,Total 1 volume 1,Total 2 volume 1,Total 3 volume 1,Total 4 volume 1,Total 5 volume 1,Total 6 volume 1
0,3.027606909858182e+18,5.721087053482444e+19,8.108748995498785e+18,4.539357696078196e+19,4927545314021402.0,3.690095435104359e+16,1.5586765387992918e+17,4.832415151404174e+17
