t(s),Total solute volume 1,Total retention volume 1,Total 1 volume 1,Total 2 volume 1,Total 3 volume 1,Total 4 volume 1,Total 5 volume 1,Total 6 volume 1
0,1.772257703331625e+18,4.6139891918930575e+19,8.108748995498784e+18,2.6581741941542703e+19,4.834321598255245e+16,5.987178012089476e+17,2.990735617673369e+18,6.039346643692564e+18
