t(s),Total solute volume 1,Total retention volume 1,Total 1 volume 1,Total 2 volume 1,Total 3 volume 1,Total 4 volume 1,Total 5 volume 1,Total 6 volume 1
0,3.4133172510483444e+19,3.1500152577210767e+22,5.744900751039818e+21,2.57204529767919e+22,1.8750939947360624e+17,1.7209381244358586e+17,1.1477739129281195e+17,1.9129626544528246e+17
