t(s),Total solute volume 1,Total retention volume 1,Total 1 volume 1,Total 2 volume 1,Total 3 volume 1,Total 4 volume 1,Total 5 volume 1,Total 6 volume 1
0,5.831083637207589e+19,3.810638402373667e+22,5.744900751039818e+21,3.230313354759354e+22,1.1343692179599536e+16,6693725194791966.0,5547591593195362.0,1.5303722452963556e+16
