t(s),Total solute volume 1,Total retention volume 1,Total 1 volume 1,Total 2 volume 1,Total 3 volume 1,Total 4 volume 1,Total 5 volume 1,Total 6 volume 1
0,1.001191121344553e+19,2.5538796129902264e+21,3.850111262848305e+20,2.1580146193043067e+21,1.5768311766373853e+17,2.4245648266284816e+17,1.6566085671995757e+17,2.7615573058523142e+17
