t(s),Total solute volume 1,Total retention volume 1,Total 1 volume 1,Total 2 volume 1,Total 3 volume 1,Total 4 volume 1,Total 5 volume 1,Total 6 volume 1
0,1.710368165630296e+19,3.980623455207819e+21,3.850111262848305e+20,3.5784575145069773e+21,1.150832861161812e+16,9525865821392928.0,8007868300159754.0,2.209069695474562e+16
