t(s),Total solute volume 1,Total retention volume 1,Total 1 volume 1,Total 2 volume 1,Total 3 volume 1,Total 4 volume 1,Total 5 volume 1,Total 6 volume 1
0,6.615112269277926e+16,1.1065231295718037e+17,5290051337496820.0,5798287762430659.0,34878032705014.723,135921978596951.4,639824279323196.1,3.2602226873847536e+16
