t(s),Total solute volume 1,Total retention volume 1,Total 1 volume 1,Total 2 volume 1,Total 3 volume 1,Total 4 volume 1,Total 5 volume 1,Total 6 volume 1
0,1.1300816793349946e+17,1.3272555697463214e+17,5290051337496820.0,9905407456456888.0,3577474772878.0654,9038555815802.49,52871685721255.21,4456442530869387.5
