t(s),Total solute volume 1,Total retention volume 1,Total 1 volume 1,Total 2 volume 1,Total 3 volume 1,Total 4 volume 1,Total 5 volume 1,Total 6 volume 1
0,1.3860424099942965e+19,2.405828080925229e+21,2.4107704894684447e+20,2.1505892778574658e+21,5.651797446736151e+16,5.819925599982978e+16,4.963638329708273e+16,1.3697640719363232e+17
