t(s),Total solute volume 1,Total retention volume 1,Total 1 volume 1,Total 2 volume 1,Total 3 volume 1,Total 4 volume 1,Total 5 volume 1,Total 6 volume 1
0,8.113418985332498e+18,1.5355847759141489e+21,2.4107704894684447e+20,1.281474549652156e+21,7.14331279370293e+17,1.4665615528611412e+18,1.0266800453560901e+18,1.712185452234539e+18
