t(s),Total solute volume 1,Total retention volume 1,Total 1 volume 1,Total 2 volume 1,Total 3 volume 1,Total 4 volume 1,Total 5 volume 1,Total 6 volume 1
0,9.367034766423861e+18,9.193923132086894e+20,1.00671705467033e+20,8.092422388220405e+20,1.1816947445366932e+16,2.234226777662671e+16,2.0508482184180108e+16,5.666645577991002e+16
