t(s),Total solute volume 1,Total retention volume 1,Total 1 volume 1,Total 2 volume 1,Total 3 volume 1,Total 4 volume 1,Total 5 volume 1,Total 6 volume 1
0,5.483142302296937e+18,5.848206220827459e+20,1.00671705467033e+20,4.7686637777748827e+20,1.3030962932199496e+17,5.3693588524137594e+17,4.238269580145901e+17,7.083240633533295e+17
