t(s),Total solute volume 1,Total retention volume 1,Total 1 volume 1,Total 2 volume 1,Total 3 volume 1,Total 4 volume 1,Total 5 volume 1,Total 6 volume 1
0,1.772257703331625e+18,4.257475899554227e+19,8.108748995498784e+18,2.6581741941542703e+19,3.0533272839390036e+16,3.781493945700773e+17,1.8889361054226747e+18,3.8143915823370143e+18
