t(s),Total solute volume 1,Total retention volume 1,Total 1 volume 1,Total 2 volume 1,Total 3 volume 1,Total 4 volume 1,Total 5 volume 1,Total 6 volume 1
0,3.027606909858182e+18,5.6959999396811735e+19,8.108748995498786e+18,4.539357696078196e+19,3112138500801981.5,2.3305895191469096e+16,9.844286115524528e+16,3.052056358251133e+17
