t(s),Total solute volume 1,Total retention volume 1,Total 1 volume 1,Total 2 volume 1,Total 3 volume 1,Total 4 volume 1,Total 5 volume 1,Total 6 volume 1
0,9.367034766423861e+18,9.19859914429042e+20,1.00671705467033e+20,8.092422388220405e+20,6.144800484480186e+16,1.1617959731998227e+17,1.0664391542880045e+17,2.9466385594556077e+17
