t(s),Total solute volume 1,Total retention volume 1,Total 1 volume 1,Total 2 volume 1,Total 3 volume 1,Total 4 volume 1,Total 5 volume 1,Total 6 volume 1
0,5.483142302296937e+18,5.923777681278776e+20,1.00671705467033e+20,4.768663777774811e+20,6.775888535309061e+17,2.791949801196406e+18,2.203821500563434e+18,3.6831824257725e+18
