t(s),Total solute volume 1,Total retention volume 1,Total 1 volume 1,Total 2 volume 1,Total 3 volume 1,Total 4 volume 1,Total 5 volume 1,Total 6 volume 1
0,1.1342546114652189e+19,1.4748612390265776e+21,1.542273968290348e+20,1.3085723532580886e+21,1.0473514708931109e+17,1.4303672367278378e+17,1.2528460675743525e+17,3.458863472817853e+17
