t(s),Total solute volume 1,Total retention volume 1,Total 1 volume 1,Total 2 volume 1,Total 3 volume 1,Total 4 volume 1,Total 5 volume 1,Total 6 volume 1
0,6.639539189064714e+18,9.46848592112356e+20,1.542273968290348e+20,7.742999917924197e+20,1.227204372773299e+18,3.540553961767428e+18,2.590552098594008e+18,4.3233538687002865e+18
