t(s),Total solute volume 1,Total retention volume 1,Total 1 volume 1,Total 2 volume 1,Total 3 volume 1,Total 4 volume 1,Total 5 volume 1,Total 6 volume 1
0,1.0357694112375635e+17,3.0846900932639443e+17,1.4382961689890436e+16,1.830613831100575e+16,81379302183092.38,376863751717219.44,2232358127753538.8,1.695123670200913e+17
