t(s),Total solute volume 1,Total retention volume 1,Total 1 volume 1,Total 2 volume 1,Total 3 volume 1,Total 4 volume 1,Total 5 volume 1,Total 6 volume 1
0,1.7694394108641648e+17,2.4592820398941366e+17,1.4382961689890436e+16,3.1272978263682056e+16,8344962175936.918,25051614318181.164,184405257219948.28,2.311052111570887e+16
