t(s),Total solute volume 1,Total retention volume 1,Total 1 volume 1,Total 2 volume 1,Total 3 volume 1,Total 4 volume 1,Total 5 volume 1,Total 6 volume 1
0,8.591862577826981e+17,4.035019094448453e+18,4.883330109832728e+17,1.7979335094057503e+18,236801578248886.62,1301704641884554.0,2.032814953623658e+16,8.676996605203707e+17
