t(s),Total solute volume 1,Total retention volume 1,Total 1 volume 1,Total 2 volume 1,Total 3 volume 1,Total 4 volume 1,Total 5 volume 1,Total 6 volume 1
0,5.0293829723865024e+17,1.2602031187024245e+19,4.883330109832728e+17,1.0524643962722106e+18,2310313351018792.5,1.9616235927473292e+16,2.5240404329431693e+17,1.0283964889957304e+19
