t(s),Total solute volume 1,Total retention volume 1,Total 1 volume 1,Total 2 volume 1,Total 3 volume 1,Total 4 volume 1,Total 5 volume 1,Total 6 volume 1
0,1.5180265269236467e+17,1.4096803471675359e+18,3.3743667340789536e+16,4.87842065642926e+16,286589285599196.44,1537320043026796.5,1.1075738037215768e+16,1.162450173204255e+18
