t(s),Total solute volume 1,Total retention volume 1,Total 1 volume 1,Total 2 volume 1,Total 3 volume 1,Total 4 volume 1,Total 5 volume 1,Total 6 volume 1
0,2.5932953168279194e+17,5.338022902043702e+17,3.3743667340789536e+16,8.333962927494267e+16,29389724791487.176,102198404778394.98,914797217220839.4,1.5634307655906048e+17
