t(s),Total solute volume 1,Total retention volume 1,Total 1 volume 1,Total 2 volume 1,Total 3 volume 1,Total 4 volume 1,Total 5 volume 1,Total 6 volume 1
0,1.4314015651477992e+17,1.2172983744537357e+18,2.9598370758294e+16,4.196129288420449e+16,269954368474275.06,1415706377735296.5,9897619162267888.0,9.91015274387991e+17
