t(s),Total solute volume 1,Total retention volume 1,Total 1 volume 1,Total 2 volume 1,Total 3 volume 1,Total 4 volume 1,Total 5 volume 1,Total 6 volume 1
0,2.600924566469286e+19,2.0416936513536057e+22,3.1834588077439205e+21,1.7201685979806866e+22,1.6011099903695393e+18,1.504283027101256e+18,1.0038991380716635e+18,1.6731881651149757e+18
