t(s),Total solute volume 1,Total retention volume 1,Total 1 volume 1,Total 2 volume 1,Total 3 volume 1,Total 4 volume 1,Total 5 volume 1,Total 6 volume 1
0,4.443246134384989e+19,2.6909456454499678e+22,3.1834588077439205e+21,2.3681226433138457e+22,9.781516639136891e+16,5.852653186637677e+16,4.852285760834059e+16,1.3388771756737738e+17
