t(s),Total solute volume 1,Total retention volume 1,Total 1 volume 1,Total 2 volume 1,Total 3 volume 1,Total 4 volume 1,Total 5 volume 1,Total 6 volume 1
0,6.1151907207788056e+16,7.846810022518518e+16,4439458008290587.5,4740171994361016.0,9759751615941.805,36908007364658.875,166859633146256.53,7923035622618370.0
