t(s),Total solute volume 1,Total retention volume 1,Total 1 volume 1,Total 2 volume 1,Total 3 volume 1,Total 4 volume 1,Total 5 volume 1,Total 6 volume 1
0,1.0446784147997133e+17,1.1810509167132669e+17,4439458008290587.5,8097793286123659.0,1000618748230.8795,2452807817983.477,13781289440616.75,1082764180935468.0
