t(s),Total solute volume 1,Total retention volume 1,Total 1 volume 1,Total 2 volume 1,Total 3 volume 1,Total 4 volume 1,Total 5 volume 1,Total 6 volume 1
0,8.175062817381762e+16,1.4848892636750086e+17,8483748054658170.0,9978813516605722.0,34653146600472.266,146520012800621.28,768753397866984.8,4.732581006515245e+16
