t(s),Total solute volume 1,Total retention volume 1,Total 1 volume 1,Total 2 volume 1,Total 3 volume 1,Total 4 volume 1,Total 5 volume 1,Total 6 volume 1
0,1.3965732313027035e+17,1.7172881925968685e+17,8483748054658170.0,1.7047137375161364e+16,3553254796581.0566,9738967482709.398,63501049056278.46,6463817428260762.0
