t(s),Total solute volume 1,Total retention volume 1,Total 1 volume 1,Total 2 volume 1,Total 3 volume 1,Total 4 volume 1,Total 5 volume 1,Total 6 volume 1
0,1.355755053821572e+18,3.0150070553802633e+19,4.460907519859345e+18,1.337749223333267e+19,2.8101368798390056e+16,3.343211257072479e+17,2.899553462861509e+18,7.693939789421838e+18
