t(s),Total solute volume 1,Total retention volume 1,Total 1 volume 1,Total 2 volume 1,Total 3 volume 1,Total 4 volume 1,Total 5 volume 1,Total 6 volume 1
0,2.3160815502785014e+18,3.043193018721246e+19,4.460907519859345e+18,2.284893514595476e+19,2873185274739716.0,2.147934239535072e+16,1.657743338094983e+17,6.158791096401464e+17
