t(s),Total solute volume 1,Total retention volume 1,Total 1 volume 1,Total 2 volume 1,Total 3 volume 1,Total 4 volume 1,Total 5 volume 1,Total 6 volume 1
0,9.402531052744658e+17,2.7083637824837562e+19,1.9718743661304888e+18,5.234982861726286e+18,1.990581109650862e+16,2.1244286523424842e+17,2.8036999111648e+18,1.590047890421075e+19
