t(s),Total solute volume 1,Total retention volume 1,Total 1 volume 1,Total 2 volume 1,Total 3 volume 1,Total 4 volume 1,Total 5 volume 1,Total 6 volume 1
0,1.6062657215105326e+18,1.4004513702965561e+19,1.9718743661304888e+18,8.94244010427008e+18,2038872982174444.2,1.397087808585904e+16,1.918863614875458e+17,1.2760373984989645e+18
