t(s),Total solute volume 1,Total retention volume 1,Total 1 volume 1,Total 2 volume 1,Total 3 volume 1,Total 4 volume 1,Total 5 volume 1,Total 6 volume 1
0,5.556772250990977e+17,2.7320693690530227e+18,1.8471874136236307e+17,5.881523663147372e+17,161125207399199.0,750665801103751.2,9828888332247654.0,1.392780356936072e+18
