t(s),Total solute volume 1,Total retention volume 1,Total 1 volume 1,Total 2 volume 1
0,4.5495789518832886e+19,4.520069362369635e+22,1.0574109797244555e+22,3.4581088036933104e+22
