t(s),Total solute volume 1,Total retention volume 1,Total 1 volume 1,Total 2 volume 1
0,7.772197376133865e+19,5.045231923536549e+22,1.0574109797244612e+22,3.980048746435933e+22
