t(s),Total solute volume 1,Total retention volume 1,Total 1 volume 1,Total 2 volume 1,Total 3 volume 1,Total 4 volume 1,Total 5 volume 1,Total 6 volume 1
0,3.2527447322874304e+17,4.4103809886354765e+18,1.8471874136236307e+17,3.4428597201944646e+17,407534848384375.6,2930068368458730.0,3.101022855398899e+16,3.5217539702540913e+18
