t(s),Total solute volume 1,Total retention volume 1,Total 1 volume 1,Total 2 volume 1,Total 3 volume 1,Total 4 volume 1,Total 5 volume 1,Total 6 volume 1
0,5.556772250990977e+17,1.69242952366722e+18,1.8471874136236307e+17,5.881523663147372e+17,41773798057541.9,194619411336776.5,2548263264538306.0,3.610965344170873e+17
