t(s),Total solute volume 1,Total retention volume 1,Total 1 volume 1,Total 2 volume 1,Total 3 volume 1,Total 4 volume 1,Total 5 volume 1,Total 6 volume 1
0,1.6043878280498112e+17,2.2174930192436416e+17,1.1560640218829554e+16,2.4329176620616796e+16,10804068248610.062,31235281575946.34,218671371146411.6,2.5159991558967384e+16
