t(s),Total solute volume 1,Total retention volume 1,Total 1 volume 1,Total 2 volume 1,Total 3 volume 1,Total 4 volume 1,Total 5 volume 1,Total 6 volume 1
0,9.391538505657402e+16,3.072536765027755e+17,1.1560640218829554e+16,1.4241472081799574e+16,105327209870445.56,469685177208470.0,2646164796884083.5,1.843150019616069e+17
