t(s),Total solute volume 1,Total retention volume 1,Total 1 volume 1,Total 2 volume 1,Total 3 volume 1,Total 4 volume 1,Total 5 volume 1,Total 6 volume 1
0,8.70000992795148e+16,9.562095589990827e+16,2951661998355005.5,5065423436879563.0,760032560578.6555,1736461714654.5825,8882697458211.787,592391993425238.2
