t(s),Total solute volume 1,Total retention volume 1,Total 1 volume 1,Total 2 volume 1,Total 3 volume 1,Total 4 volume 1,Total 5 volume 1,Total 6 volume 1
0,8.553063609334184e+16,1.5062102998641306e+17,9383807851828774.0,1.1205049428947024e+16,29489981747651.266,126880068891051.83,681301617723995.0,4.366386494393372e+16
