t(s),Total solute volume 1,Total retention volume 1,Total 1 volume 1,Total 2 volume 1,Total 3 volume 1,Total 4 volume 1,Total 5 volume 1,Total 6 volume 1
0,1.4611483665945994e+17,1.8067030460913872e+17,9383807851828778.0,1.9141956437258628e+16,3023550859513.0713,8432439312888.537,56270923912681.74,5961976746506939.0
