t(s),Total solute volume 1,Total retention volume 1,Total 1 volume 1,Total 2 volume 1,Total 3 volume 1,Total 4 volume 1,Total 5 volume 1,Total 6 volume 1
0,1.4611483665945994e+17,1.8127326225432582e+17,9383807851828778.0,1.9141956437258628e+16,3325899770484.3823,9275668661392.396,61897912155892.766,6558161825190949.0
