t(s),Total solute volume 1,Total retention volume 1,Total 1 volume 1,Total 2 volume 1,Total 3 volume 1,Total 4 volume 1,Total 5 volume 1,Total 6 volume 1
0,2.3091608011640064e+17,4.1921108081592237e+17,2.6047523684028044e+16,6.18908749437171e+16,22681212373195.63,75428975140005.1,636303905264951.2,9.962218797899942e+16
