t(s),Total solute volume 1,Total retention volume 1,Total 1 volume 1,Total 2 volume 1,Total 3 volume 1,Total 4 volume 1,Total 5 volume 1,Total 6 volume 1
0,1.3517038836082043e+17,9.42172210636608e+17,2.6047523684028044e+16,3.622882322688759e+16,221162604941822.62,1134565813481296.8,7702825515157509.0,7.356669214312874e+17
