t(s),Total solute volume 1,Total retention volume 1,Total 1 volume 1,Total 2 volume 1,Total 3 volume 1,Total 4 volume 1,Total 5 volume 1,Total 6 volume 1
0,1.194648755498281e+18,3.4485187971066417e+19,3.364073161464839e+18,9.67235389752105e+18,3.817560643435558e+16,4.3939171769087226e+17,4.631624338134446e+18,1.5144920494322465e+19
