t(s),Total solute volume 1,Total retention volume 1,Total 1 volume 1,Total 2 volume 1,Total 3 volume 1,Total 4 volume 1,Total 5 volume 1,Total 6 volume 1
0,2.0408582906428972e+18,2.345286361800339e+19,3.364073161464839e+18,1.6521366587680283e+19,3906626286964587.0,2.854669091457512e+16,2.8120384047869862e+17,1.2129084205351826e+18
