t(s),Total solute volume 1,Total retention volume 1,Total 1 volume 1,Total 2 volume 1,Total 3 volume 1,Total 4 volume 1,Total 5 volume 1,Total 6 volume 1
0,3.122399397307938e+17,6.373609534274065e+17,5.1059153534519e+16,1.3415637957682182e+17,19772678050135.555,73842788810104.06,726569027033346.8,1.390852960913787e+17
