t(s),Total solute volume 1,Total retention volume 1,Total 1 volume 1,Total 2 volume 1,Total 3 volume 1,Total 4 volume 1,Total 5 volume 1,Total 6 volume 1
0,1.827745988668061e+17,1.3792851997220137e+18,5.1059153534519e+16,7.853065002362187e+16,192868634541477.56,1111260258393534.5,8802257232520283.0,1.056814411171608e+18
