t(s),Total solute volume 1,Total retention volume 1,Total 1 volume 1,Total 2 volume 1,Total 3 volume 1,Total 4 volume 1,Total 5 volume 1,Total 6 volume 1
0,5.88665732355986e+16,8.919314620282326e+16,4077840541915392.0,4299130609532136.5,28156407996032.74,104908906284325.61,465168577892641.44,2.1351367923604044e+16
