t(s),Total solute volume 1,Total retention volume 1,Total 1 volume 1,Total 2 volume 1,Total 3 volume 1,Total 4 volume 1,Total 5 volume 1,Total 6 volume 1
0,1.0056372927748115e+17,1.1495338778404533e+17,4077840541915392.0,7344347682422831.0,2888309049854.379,6977166620853.297,38443486737444.02,2919161319818217.5
