t(s),Total solute volume 1,Total retention volume 1,Total 1 volume 1,Total 2 volume 1,Total 3 volume 1,Total 4 volume 1,Total 5 volume 1,Total 6 volume 1
0,5.88665732355986e+16,1.0215007235619014e+17,4077840541915392.0,4299130609532137.0,44772009167337.43,166789699839190.38,739621450965250.4,3.3955344809172976e+16
