t(s),Total solute volume 1,Total retention volume 1,Total 1 volume 1,Total 2 volume 1,Total 3 volume 1,Total 4 volume 1,Total 5 volume 1,Total 6 volume 1
0,1.0056372927748115e+17,1.1670673925803221e+17,4077840541915392.0,7344347682422831.0,4594892218747.467,11099741394349.201,61158344635095.85,4643968777964438.0
