t(s),Total solute volume 1,Total retention volume 1,Total 1 volume 1,Total 2 volume 1,Total 3 volume 1,Total 4 volume 1,Total 5 volume 1,Total 6 volume 1
0,2.3091608011640064e+17,4.1177751542016045e+17,2.6047523684028044e+16,6.18908749437171e+16,21001178763173.5,69841801897724.85,589171711377165.8,9.224302198397458e+16
