t(s),Total solute volume 1,Total retention volume 1,Total 1 volume 1,Total 2 volume 1,Total 3 volume 1,Total 4 volume 1,Total 5 volume 1,Total 6 volume 1
0,1.3517038836082043e+17,8.870294627658578e+17,2.6047523684028044e+16,3.622882322688759e+16,204788837430145.62,1050583156534875.5,7132589176131712.0,6.811947663240209e+17
