t(s),Total solute volume 1,Total retention volume 1,Total 1 volume 1,Total 2 volume 1,Total 3 volume 1,Total 4 volume 1,Total 5 volume 1,Total 6 volume 1
0,5.5346593079818586e+17,2.751914525487542e+19,6.045923551720415e+17,1.3452732373157307e+18,6864671822159500.0,6.0430773142965064e+16,8.044687936921198e+17,2.4144049492932235e+19
