t(s),Total solute volume 1,Total retention volume 1,Total 1 volume 1,Total 2 volume 1,Total 3 volume 1,Total 4 volume 1,Total 5 volume 1,Total 6 volume 1
0,9.455042984468884e+17,5.917866775966517e+18,6.045923551720416e+17,2.298131816040415e+18,703681612590073.6,4008914360410072.0,6.413111169816527e+16,2.0007945986359939e+18
