t(s),Total solute volume 1,Total retention volume 1,Total 1 volume 1,Total 2 volume 1,Total 3 volume 1,Total 4 volume 1,Total 5 volume 1,Total 6 volume 1
0,1.3860424099942965e+19,2.406167075231985e+21,2.4107704894684447e+20,2.1505892778574658e+21,1.2010054151504658e+17,1.2367328451578344e+17,1.05477191570506e+17,2.9107331011324006e+17
