t(s),Total solute volume 1,Total retention volume 1,Total 1 volume 1,Total 2 volume 1,Total 3 volume 1,Total 4 volume 1,Total 5 volume 1,Total 6 volume 1
0,6.357639040862142e+16,1.0623060567188603e+17,4841705944743442.0,5237103708245424.0,36474609886336.49,139983942880879.69,645683066286947.0,3.1753263991222708e+16
