t(s),Total solute volume 1,Total retention volume 1,Total 1 volume 1,Total 2 volume 1,Total 3 volume 1,Total 4 volume 1,Total 5 volume 1,Total 6 volume 1
0,1.0860966694806053e+17,1.2680553627645238e+17,4841705944743442.0,8946718178722158.0,3741692940347.251,9310221742746.627,53363413605532.57,4341029876636887.5
