t(s),Total solute volume 1,Total retention volume 1,Total 1 volume 1,Total 2 volume 1,Total 3 volume 1,Total 4 volume 1,Total 5 volume 1,Total 6 volume 1
0,1.5460920402662884e+18,3.580116953120181e+19,5.979897840391367e+18,1.873360234042119e+19,3.3854708590151536e+16,4.134217930760912e+17,2.7874697536919086e+18,6.306831054764788e+18
