t(s),Total solute volume 1,Total retention volume 1,Total 1 volume 1,Total 2 volume 1,Total 3 volume 1,Total 4 volume 1,Total 5 volume 1,Total 6 volume 1
0,2.641240568788231e+18,4.13015640435734e+19,5.979897840391367e+18,3.199484310387922e+19,3457187221841354.0,2.6121337913603016e+16,1.5128953773161126e+17,5.0471446764743226e+17
