t(s),Total solute volume 1,Total retention volume 1,Total 1 volume 1,Total 2 volume 1,Total 3 volume 1,Total 4 volume 1,Total 5 volume 1,Total 6 volume 1
0,9.566309649021271e+17,5.204609692948561e+18,6.205788698891987e+17,2.368112616809924e+18,441405150428519.56,2525651325319706.5,4.049683678199503e+16,1.2158233480895828e+18
