t(s),Total solute volume 1,Total retention volume 1,Total 1 volume 1,Total 2 volume 1,Total 3 volume 1,Total 4 volume 1,Total 5 volume 1,Total 6 volume 1
0,5.599791014061281e+17,1.7816756689994004e+19,6.205788698891987e+17,1.3862391755847913e+18,4306537243465005.0,3.807997330119923e+16,5.0882836768207296e+17,1.4698744664887132e+19
