t(s),Total solute volume 1,Total retention volume 1,Total 1 volume 1,Total 2 volume 1,Total 3 volume 1,Total 4 volume 1,Total 5 volume 1,Total 6 volume 1
0,8.125946973719792e+16,8.827593964990678e+16,2534742031225782.5,4252075647885005.0,326296942252.3168,726178230573.4813,3586914353357.017,225012844071647.28
