t(s),Total solute volume 1,Total retention volume 1,Total 1 volume 1,Total 2 volume 1,Total 3 volume 1,Total 4 volume 1,Total 5 volume 1,Total 6 volume 1
0,6.8888290702006904e+16,1.428474702099103e+17,5790815030907821.0,6433524569071775.0,59978209567088.16,237381442962980.5,1140984462256286.0,6.029649579313821e+16
