t(s),Total solute volume 1,Total retention volume 1,Total 1 volume 1,Total 2 volume 1,Total 3 volume 1,Total 4 volume 1,Total 5 volume 1,Total 6 volume 1
0,1.1768416328259624e+17,1.4282549842788438e+17,5790815030907821.0,1.0990603481902652e+16,6154267805659.935,15793293028425.361,94324462702152.7,8243644608941648.0
