t(s),Total solute volume 1,Total retention volume 1,Total 1 volume 1,Total 2 volume 1,Total 3 volume 1,Total 4 volume 1,Total 5 volume 1,Total 6 volume 1
0,2.600924566469286e+19,2.041163591467032e+22,3.1834588077439205e+21,1.7201685979806866e+22,1.3342798668936611e+17,1.2535962270904443e+17,8.365980125998838e+16,1.3943404437686032e+17
