t(s),Total solute volume 1,Total retention volume 1,Total 1 volume 1,Total 2 volume 1,Total 3 volume 1,Total 4 volume 1,Total 5 volume 1,Total 6 volume 1
0,4.443246134384989e+19,2.6909145935106076e+22,3.1834588077439205e+21,2.3681226433140324e+22,8151272200814861.0,4877215213306216.0,4043575408788642.0,1.1160815090195336e+16
