t(s),Total solute volume 1,Total retention volume 1,Total 1 volume 1,Total 2 volume 1,Total 3 volume 1,Total 4 volume 1,Total 5 volume 1,Total 6 volume 1
0,1.3860424099942965e+19,2.4059410795757783e+21,2.4107704894684447e+20,2.150589277857466e+21,7.771218162772443e+16,8.002394799410978e+16,6.825000056802228e+16,1.8834254131149117e+17
