t(s),Total solute volume 1,Total retention volume 1,Total 1 volume 1,Total 2 volume 1,Total 3 volume 1,Total 4 volume 1,Total 5 volume 1,Total 6 volume 1
0,8.113418985332498e+18,1.5374296429861048e+21,2.4107704894684447e+20,1.281474549652156e+21,9.821988708341381e+17,2.016503928138118e+18,1.4116741871186596e+18,2.3542484156852014e+18
