t(s),Total solute volume 1,Total retention volume 1,Total 1 volume 1,Total 2 volume 1,Total 3 volume 1,Total 4 volume 1,Total 5 volume 1,Total 6 volume 1
0,2.067829880351787e+17,3.4358833189541203e+17,2.0362204049155636e+16,4.663428171230368e+16,19039642269901.977,60687238104150.93,483832274173705.06,6.924529894422304e+16
