t(s),Total solute volume 1,Total retention volume 1,Total 1 volume 1,Total 2 volume 1,Total 3 volume 1,Total 4 volume 1,Total 5 volume 1,Total 6 volume 1
0,1.2104370031327629e+17,6.850025944550029e+17,2.036220404915564e+16,2.7298126560537492e+16,185637713643536.28,912714843792235.0,5856141544327274.0,5.093440694302723e+17
