t(s),Total solute volume 1,Total retention volume 1,Total 1 volume 1,Total 2 volume 1,Total 3 volume 1,Total 4 volume 1,Total 5 volume 1,Total 6 volume 1
0,2.399005506587524e+17,5.136192857967297e+18,9.36616297076456e+16,1.5772427002204848e+17,589932838069480.0,3773455171018608.5,3.4318695847261104e+16,4.606224323722504e+18
