t(s),Total solute volume 1,Total retention volume 1,Total 1 volume 1,Total 2 volume 1,Total 3 volume 1,Total 4 volume 1,Total 5 volume 1,Total 6 volume 1
0,4.0983010737537254e+17,1.336955692634161e+18,9.36616297076456e+16,2.6944503277455203e+17,60483036240373.3,250752280639906.62,2830226211585911.0,5.608774612481329e+17
