t(s),Total solute volume 1,Total retention volume 1,Total 1 volume 1,Total 2 volume 1,Total 3 volume 1,Total 4 volume 1,Total 5 volume 1,Total 6 volume 1
0,4.0452254584778307e+18,1.1539062372174014e+20,1.547610356973599e+19,9.533228108352348e+19,8268262956528811.0,5.490059019628619e+16,1.2241544837030248e+17,3.5142930848013875e+17
