t(s),Total solute volume 1,Total retention volume 1,Total 1 volume 1,Total 2 volume 1,Total 3 volume 1,Total 4 volume 1,Total 5 volume 1,Total 6 volume 1
0,1.5460920402662884e+18,3.633122398017359e+19,5.979897840391367e+18,1.873360234042119e+19,3.573539384540558e+16,4.363875188887193e+17,2.9423168050728904e+18,6.657192041287712e+18
