t(s),Total solute volume 1,Total retention volume 1,Total 1 volume 1,Total 2 volume 1,Total 3 volume 1,Total 4 volume 1,Total 5 volume 1,Total 6 volume 1
0,2.641240568788231e+18,4.133965179335964e+19,5.979897840391367e+18,3.199484310387922e+19,3649252325565004.0,2.7572517895511516e+16,1.5969447821988934e+17,5.3275403185970714e+17
