t(s),Total solute volume 1,Total retention volume 1,Total 1 volume 1,Total 2 volume 1,Total 3 volume 1,Total 4 volume 1,Total 5 volume 1,Total 6 volume 1
0,2.7544357765683786e+17,5.433258049919517e+17,3.860071170759496e+16,9.727055195100429e+16,22416375732722.06,79777028512019.86,736408594664307.2,1.3117236167760395e+17
