t(s),Total solute volume 1,Total retention volume 1,Total 1 volume 1,Total 2 volume 1
0,1.2104370031327629e+17,1.687040309229689e+17,2.0362204049155636e+16,2.7298126560537492e+16
