t(s),Total solute volume 1,Total retention volume 1,Total 1 volume 1,Total 2 volume 1
0,2.067829880351787e+17,2.7377947379663667e+17,2.0362204049155636e+16,4.663428171230368e+16
