t(s),Total solute volume 1,Total retention volume 1,Total 1 volume 1,Total 2 volume 1,Total 3 volume 1,Total 4 volume 1,Total 5 volume 1,Total 6 volume 1
0,1.0536084069480294e+20,6.471838809169563e+22,1.961934451448198e+22,4.49934784566537e+22,5.999518827923864e+16,3.5068283485195124e+16,2.905757132799309e+16,8.015882230070506e+16
