t(s),Total solute volume 1,Total retention volume 1,Total 1 volume 1,Total 2 volume 1,Total 3 volume 1,Total 4 volume 1,Total 5 volume 1,Total 6 volume 1
0,6.1674638455494386e+19,6.141450883329406e+22,1.961934451448198e+22,4.172998634441791e+22,9.984520249625953e+17,9.017217063477134e+17,6.011842041112114e+17,1.0019780031489297e+18
