t(s),Total solute volume 1,Total retention volume 1,Total 1 volume 1,Total 2 volume 1,Total 3 volume 1,Total 4 volume 1,Total 5 volume 1,Total 6 volume 1
0,1.2266054339042045e+17,1.457203231156843e+17,6351323389472384.0,1.22219832432844e+16,3068544633006.1016,8000993072096.5,48811100718133.37,4426592454083155.5
