t(s),Total solute volume 1,Total retention volume 1,Total 1 volume 1,Total 2 volume 1,Total 3 volume 1,Total 4 volume 1,Total 5 volume 1,Total 6 volume 1
0,7.180129369195402e+16,1.1844235862953082e+17,6351323389472384.0,7154332371437873.0,29923065020319.05,120356386695787.1,590842013077775.5,3.2394287711872656e+16
