t(s),Total solute volume 1,Total retention volume 1,Total 1 volume 1,Total 2 volume 1,Total 3 volume 1,Total 4 volume 1,Total 5 volume 1,Total 6 volume 1
0,2.5802946377090512e+17,3.174682927051337e+18,1.1018915844204802e+17,1.9011722470774906e+17,312409747180559.3,2055117176495568.8,1.9389035447601508e+16,2.594590517759355e+18
