t(s),Total solute volume 1,Total retention volume 1,Total 1 volume 1,Total 2 volume 1,Total 3 volume 1,Total 4 volume 1,Total 5 volume 1,Total 6 volume 1
0,4.408003339419685e+17,1.1828133382143834e+18,1.1018915844204802e+17,3.247827274525352e+17,32024965503111.957,136533618144052.81,1597931965334301.2,3.0527462782886406e+17
