t(s),Total solute volume 1,Total retention volume 1,Total 1 volume 1,Total 2 volume 1,Total 3 volume 1,Total 4 volume 1,Total 5 volume 1,Total 6 volume 1
0,1.9607015664959024e+17,2.8798742822472502e+17,1.8083672627208548e+16,4.068797579280357e+16,9911322555206.176,30951723889155.363,240134312457434.78,3.2864625796218652e+16
