t(s),Total solute volume 1,Total retention volume 1,Total 1 volume 1,Total 2 volume 1,Total 3 volume 1,Total 4 volume 1,Total 5 volume 1,Total 6 volume 1
0,1.1477277462414928e+17,4.0162181906041914e+17,1.8083672627208548e+16,2.3817359628092044e+16,96659448311032.08,465656914477421.7,2907260496432507.0,2.4147843532175094e+17
