t(s),Total solute volume 1,Total retention volume 1,Total 1 volume 1,Total 2 volume 1,Total 3 volume 1,Total 4 volume 1,Total 5 volume 1,Total 6 volume 1
0,1.0575407049402066e+18,1.81917564212018e+19,2.563088576888768e+18,7.076244436375885e+18,1.0509601007900342e+16,1.1659051890810462e+17,1.4105669566219308e+18,5.957215626458971e+18
