t(s),Total solute volume 1,Total retention volume 1,Total 1 volume 1,Total 2 volume 1,Total 3 volume 1,Total 4 volume 1,Total 5 volume 1,Total 6 volume 1
0,1.806632037606207e+18,1.7034351766100697e+19,2.563088576888768e+18,1.2087386361672243e+19,1075958697325719.0,7629308356109788.0,9.111396272417152e+16,4.774255601558866e+17
