t(s),Total solute volume 1,Total retention volume 1,Total 1 volume 1,Total 2 volume 1,Total 3 volume 1,Total 4 volume 1,Total 5 volume 1,Total 6 volume 1
0,5.274852243967814e+16,7.462665391160202e+16,3192384722575143.5,3244736830869188.5,24037385684317.02,85855915986355.78,359867098362798.7,1.4971249518446014e+16
