t(s),Total solute volume 1,Total retention volume 1,Total 1 volume 1,Total 2 volume 1,Total 3 volume 1,Total 4 volume 1,Total 5 volume 1,Total 6 volume 1
0,1.7694394108641648e+17,2.4333623747598963e+17,1.4382961689890436e+16,3.1272978263682056e+16,7417768172592.018,22268162666072.594,163916265148198.6,2.054275424001199e+16
