t(s),Total solute volume 1,Total retention volume 1,Total 1 volume 1,Total 2 volume 1,Total 3 volume 1,Total 4 volume 1,Total 5 volume 1,Total 6 volume 1
0,1.0357694112375635e+17,2.8934129437898515e+17,1.4382961689890436e+16,1.830613831100575e+16,72340854034864.7,335012867630370.06,1984433927086473.0,1.5068346560558106e+17
