t(s),Total solute volume 1,Total retention volume 1,Total 1 volume 1,Total 2 volume 1,Total 3 volume 1,Total 4 volume 1,Total 5 volume 1,Total 6 volume 1
0,2.0426316755341617e+18,6.0185598257838875e+19,1.1130180818752053e+19,3.82466985051091e+19,6.262361060603411e+16,7.711249488563091e+17,2.7628865366227574e+18,5.169452162357957e+18
