t(s),Total solute volume 1,Total retention volume 1,Total 1 volume 1,Total 2 volume 1,Total 3 volume 1,Total 4 volume 1,Total 5 volume 1,Total 6 volume 1
0,3.489495779037574e+18,8.052851821591226e+19,1.1130180818752053e+19,6.53031309438877e+19,6364642526059765.0,4.585120648525144e+16,1.3989139649667458e+17,4.136034287265637e+17
