t(s),Total solute volume 1,Total retention volume 1,Total 1 volume 1,Total 2 volume 1,Total 3 volume 1,Total 4 volume 1,Total 5 volume 1,Total 6 volume 1
0,5.483142302296937e+18,5.959762385557912e+20,1.00671705467033e+20,4.768663777774811e+20,9.381859611774757e+17,3.865699640282552e+18,3.0513932836985093e+18,5.099734123818464e+18
