t(s),Total solute volume 1,Total retention volume 1,Total 1 volume 1,Total 2 volume 1,Total 3 volume 1,Total 4 volume 1,Total 5 volume 1,Total 6 volume 1
0,9.367034766423861e+18,9.200825841389497e+20,1.00671705467033e+20,8.092422388220478e+20,8.508177250777648e+16,1.6086392919051363e+17,1.4766068026719376e+17,4.079987014804316e+17
