t(s),Total solute volume 1,Total retention volume 1,Total 1 volume 1,Total 2 volume 1,Total 3 volume 1,Total 4 volume 1,Total 5 volume 1,Total 6 volume 1
0,8.553063609334184e+16,1.1947204101660357e+17,9383807851828774.0,1.1205049428947024e+16,8848809863214.602,38074454645673.07,204438295691039.75,1.3101186082285334e+16
