t(s),Total solute volume 1,Total retention volume 1,Total 1 volume 1,Total 2 volume 1,Total 3 volume 1,Total 4 volume 1,Total 5 volume 1,Total 6 volume 1
0,1.4611483665945994e+17,1.7644953633239856e+17,9383807851828774.0,1.9141956437258628e+16,907077046627.1572,2529759634078.9907,16881476004589.613,1788617071167105.5
