t(s),Total solute volume 1,Total retention volume 1,Total 1 volume 1,Total 2 volume 1,Total 3 volume 1,Total 4 volume 1,Total 5 volume 1,Total 6 volume 1
0,1.710368165630296e+19,3.980606411030453e+21,3.850111262848305e+20,3.5784575145069804e+21,7672219545280686.0,6350577544416692.0,5338579173375686.0,1.4727206054274942e+16
