t(s),Total solute volume 1,Total retention volume 1,Total 1 volume 1,Total 2 volume 1,Total 3 volume 1,Total 4 volume 1,Total 5 volume 1,Total 6 volume 1
0,1.001191121344553e+19,2.5535989609417513e+21,3.850111262848305e+20,2.1580146193043056e+21,1.051221803101282e+17,1.6163786435928035e+17,1.1044069303112147e+17,1.841034014627551e+17
