t(s),Total solute volume 1,Total retention volume 1,Total 1 volume 1,Total 2 volume 1,Total 3 volume 1,Total 4 volume 1,Total 5 volume 1,Total 6 volume 1
0,4.1904446013324595e+17,2.822442410055257e+22,3.250257609819086e+17,6.591645730832125e+17,3.902833621935245e+18,2.7598790280940356e+19,3.510220715542834e+20,2.784049717030123e+22
