t(s),Total solute volume 1,Total retention volume 1,Total 1 volume 1,Total 2 volume 1,Total 3 volume 1,Total 4 volume 1,Total 5 volume 1,Total 6 volume 1
0,7.158676193942945e+17,3.2550750696613284e+18,3.250257609819086e+17,1.1260624170802307e+18,189088006920719.06,970232033206852.0,1.4205491868341682e+16,1.0727544602964251e+18
