t(s),Total solute volume 1,Total retention volume 1,Total 1 volume 1,Total 2 volume 1,Total 3 volume 1,Total 4 volume 1,Total 5 volume 1,Total 6 volume 1
0,4.1904446013324595e+17,1.3594305190552805e+19,3.250257609819086e+17,6.591645730832125e+17,1844618779682475.5,1.4611472856284566e+16,1.7421326665503075e+17,1.2000401038063428e+19
