t(s),Total solute volume 1,Total retention volume 1,Total 1 volume 1,Total 2 volume 1,Total 3 volume 1,Total 4 volume 1,Total 5 volume 1,Total 6 volume 1
0,3.434508319345575e+19,1.7656888819951834e+22,1.8076337742290042e+21,1.5814876313513265e+22,9523456055879674.0,5859686436929537.0,4862117329988846.0,1.3403756305821362e+16
