t(s),Total solute volume 1,Total retention volume 1,Total 1 volume 1,Total 2 volume 1,Total 3 volume 1,Total 4 volume 1,Total 5 volume 1,Total 6 volume 1
0,2.0104438942510703e+19,1.2464822808020196e+22,1.8076337742290045e+21,1.0636512866415753e+22,1.5294923573399834e+17,1.505237617573889e+17,1.0059457607397115e+17,1.676608593909284e+17
