t(s),Total solute volume 1,Total retention volume 1,Total 1 volume 1,Total 2 volume 1,Total 3 volume 1,Total 4 volume 1,Total 5 volume 1,Total 6 volume 1
0,1.2266054339042045e+17,1.5200089405869875e+17,6351323389472384.0,1.22219832432844e+16,7364181683524.197,19201664835786.184,117141950323765.94,1.062333623867684e+16
