t(s),Total solute volume 1,Total retention volume 1,Total 1 volume 1,Total 2 volume 1,Total 3 volume 1,Total 4 volume 1,Total 5 volume 1,Total 6 volume 1
0,7.180129369195402e+16,1.6478962001195853e+17,6351323389472384.0,7154332371437873.0,71765304194438.84,288586487319009.94,1416894366448956.0,7.770542440113238e+16
