t(s),Total solute volume 1,Total retention volume 1,Total 1 volume 1,Total 2 volume 1,Total 3 volume 1,Total 4 volume 1,Total 5 volume 1,Total 6 volume 1
0,1.355755053821572e+18,3.17933239136685e+19,4.460907519859345e+18,1.337749223333267e+19,3.2316181031185104e+16,3.844630471890997e+17,3.334440245108543e+18,8.84794963332605e+18
