t(s),Total solute volume 1,Total retention volume 1,Total 1 volume 1,Total 2 volume 1,Total 3 volume 1,Total 4 volume 1,Total 5 volume 1,Total 6 volume 1
0,2.3160815502785014e+18,3.0552830381986865e+19,4.460907519859345e+18,2.284893514595476e+19,3304160520321852.0,2.470122764002256e+16,1.906403507817895e+17,7.082604269519822e+17
