t(s),Total solute volume 1,Total retention volume 1,Total 1 volume 1,Total 2 volume 1,Total 3 volume 1,Total 4 volume 1,Total 5 volume 1,Total 6 volume 1
0,1.1477277462414928e+17,2.143221521098628e+17,1.8083672627208548e+16,2.3817359628092044e+16,22750421058784.734,109611520620143.31,684302043059507.8,5.6831681245673736e+16
