t(s),Total solute volume 1,Total retention volume 1,Total 1 volume 1,Total 2 volume 1,Total 3 volume 1,Total 4 volume 1,Total 5 volume 1,Total 6 volume 1
0,1.9607015664959024e+17,2.626409328160609e+17,1.8083672627208548e+16,4.068797579280357e+16,2332121497509.3467,7282879150885.132,56503192448326.39,7733009553364511.0
