t(s),Total solute volume 1,Total retention volume 1,Total 1 volume 1,Total 2 volume 1
0,2.3091608011640064e+17,3.1885447874414874e+17,2.6047523684028044e+16,6.18908749437171e+16
