t(s),Total solute volume 1,Total retention volume 1,Total 1 volume 1,Total 2 volume 1
0,1.3517038836082043e+17,1.9744673527173686e+17,2.6047523684028044e+16,3.622882322688759e+16
