t(s),Total solute volume 1,Total retention volume 1,Total 1 volume 1,Total 2 volume 1,Total 3 volume 1,Total 4 volume 1,Total 5 volume 1,Total 6 volume 1
0,1.1477277462414928e+17,3.007790693217204e+17,1.8083672627208548e+16,2.3817359628092044e+16,56867949620140.71,273976650202193.06,1710477266805316.5,1.4206394057564272e+17
