t(s),Total solute volume 1,Total retention volume 1,Total 1 volume 1,Total 2 volume 1,Total 3 volume 1,Total 4 volume 1,Total 5 volume 1,Total 6 volume 1
0,9.566309649021271e+17,5.032890331071109e+18,6.205788698891987e+17,2.368112616809924e+18,381214092116887.5,2181247006296969.8,3.497458684512199e+16,1.0500308315263322e+18
