t(s),Total solute volume 1,Total retention volume 1,Total 1 volume 1,Total 2 volume 1,Total 3 volume 1,Total 4 volume 1,Total 5 volume 1,Total 6 volume 1
0,5.599791014061281e+17,1.573744856488542e+19,6.205788698891987e+17,1.3862391755847913e+18,3719367359260123.0,3.288825600914519e+16,4.3945415612040224e+17,1.2694589638516498e+19
