t(s),Total solute volume 1,Total retention volume 1,Total 1 volume 1,Total 2 volume 1,Total 3 volume 1,Total 4 volume 1,Total 5 volume 1,Total 6 volume 1
0,6.561971943550011e+17,2.1795300994419013e+18,2.6766928604882394e+17,9.008356262596815e+17,51900086299938.73,257638541290899.6,3637487744277392.5,3.508809664065305e+17
