t(s),Total solute volume 1,Total retention volume 1,Total 1 volume 1,Total 2 volume 1,Total 3 volume 1,Total 4 volume 1,Total 5 volume 1,Total 6 volume 1
0,3.841154308419529e+17,4.997778293433019e+18,2.6766928604882394e+17,5.273223096638238e+17,506345698380796.75,3879822214499140.5,4.445635809667087e+16,3.7698287408688666e+18
