t(s),Total solute volume 1,Total retention volume 1,Total 1 volume 1,Total 2 volume 1,Total 3 volume 1,Total 4 volume 1,Total 5 volume 1,Total 6 volume 1
0,1.194648755498281e+18,2.7171841715460313e+19,3.3640731614648397e+18,9.67235389752105e+18,2.43913782016048e+16,2.8074412654639187e+17,2.9592879845811635e+18,9.676342411646867e+18
