t(s),Total solute volume 1,Total retention volume 1,Total 1 volume 1,Total 2 volume 1,Total 3 volume 1,Total 4 volume 1,Total 5 volume 1,Total 6 volume 1
0,2.0408582906428972e+18,2.290160742067693e+19,3.3640731614648397e+18,1.6521366587680283e+19,2495909250302088.0,1.8238220086331224e+16,1.7965860428595046e+17,7.749166472664173e+17
