t(s),Total solute volume 1,Total retention volume 1,Total 1 volume 1,Total 2 volume 1,Total 3 volume 1,Total 4 volume 1,Total 5 volume 1,Total 6 volume 1
0,7.801667161565198e+18,5.8445527505692787e+20,6.696388307350977e+19,5.094009276905076e+20,2.132500846220122e+16,5.64397487917017e+16,5.601247500181027e+16,1.550198990913803e+17
