t(s),Total solute volume 1,Total retention volume 1,Total 1 volume 1,Total 2 volume 1,Total 3 volume 1,Total 4 volume 1,Total 5 volume 1,Total 6 volume 1
0,4.566829557989454e+18,3.755832589192039e+20,6.696388307350977e+19,2.9943637271575534e+20,2.2516921549574102e+17,1.297084237892349e+18,1.1561952063254136e+18,1.937724912237106e+18
