t(s),Total solute volume 1,Total retention volume 1,Total 1 volume 1,Total 2 volume 1,Total 3 volume 1,Total 4 volume 1,Total 5 volume 1,Total 6 volume 1
0,4.7566518870554744e+16,6.7908498620030264e+16,2534742031225782.5,2489019978208205.5,28604842593093.08,98165977232010.3,390261190938267.06,1.480118572927844e+16
