t(s),Total solute volume 1,Total retention volume 1,Total 1 volume 1,Total 2 volume 1,Total 3 volume 1,Total 4 volume 1,Total 5 volume 1,Total 6 volume 1
0,8.125946973719792e+16,9.011296468252142e+16,2534742031225782.5,4252075647885005.0,2936406945746.933,6535103665599.932,32279583842284.31,2024926171759444.2
