t(s),Total solute volume 1,Total retention volume 1,Total 1 volume 1,Total 2 volume 1,Total 3 volume 1,Total 4 volume 1,Total 5 volume 1,Total 6 volume 1
0,3.8340070142403466e+18,2.4364661148338668e+20,4.533611706929847e+19,1.916287548066981e+20,9.324951043263608e+16,7.129813962074124e+17,7.603842784629135e+17,1.2811174080460024e+18
