t(s),Total solute volume 1,Total retention volume 1,Total 1 volume 1,Total 2 volume 1,Total 3 volume 1,Total 4 volume 1,Total 5 volume 1,Total 6 volume 1
0,6.549761982660554e+18,3.785568935960798e+20,4.533611706929847e+19,3.264895769282699e+20,9089559058294194.0,3.293986706702759e+16,3.691749530063786e+16,1.0249069442588338e+17
