t(s),Total solute volume 1,Total retention volume 1,Total 1 volume 1,Total 2 volume 1,Total 3 volume 1,Total 4 volume 1,Total 5 volume 1,Total 6 volume 1
0,4.1904446013324595e+17,2.0365767471716254e+19,3.250257609819086e+17,6.591645730832125e+17,2869137395708137.0,2.2726105137426864e+16,2.709693896020079e+17,1.8665968045382738e+19
