t(s),Total solute volume 1,Total retention volume 1,Total 1 volume 1,Total 2 volume 1,Total 3 volume 1,Total 4 volume 1,Total 5 volume 1,Total 6 volume 1
0,7.158676193942945e+17,3.859575373235702e+18,3.250257609819086e+17,1.1260624170802307e+18,294135148967802.25,1509242222864596.5,2.209731260256653e+16,1.6687188858048648e+18
