t(s),Total solute volume 1,Total retention volume 1,Total 1 volume 1,Total 2 volume 1,Total 3 volume 1,Total 4 volume 1,Total 5 volume 1,Total 6 volume 1
0,1.2266054339042045e+17,1.5050557201971456e+17,6351323389472384.0,1.22219832432844e+16,6341445392603.075,16534914256871.115,100873196832732.55,9147972440053898.0
