t(s),Total solute volume 1,Total retention volume 1,Total 1 volume 1,Total 2 volume 1,Total 3 volume 1,Total 4 volume 1,Total 5 volume 1,Total 6 volume 1
0,7.180129369195402e+16,1.537590316414613e+17,6351323389472384.0,7154332371437873.0,61808157338244.38,248560111118458.66,1220334297520485.5,6.6921379622621336e+16
