t(s),Total solute volume 1,Total retention volume 1,Total 1 volume 1,Total 2 volume 1,Total 3 volume 1,Total 4 volume 1,Total 5 volume 1,Total 6 volume 1
0,6.1674638455494386e+19,6.141231925734e+22,1.961934451448198e+22,4.172998634441791e+22,3.744219775294724e+17,3.381486177500936e+17,2.2544577072257747e+17,3.7574361867509664e+17
