t(s),Total solute volume 1,Total retention volume 1,Total 1 volume 1,Total 2 volume 1,Total 3 volume 1,Total 4 volume 1,Total 5 volume 1,Total 6 volume 1
0,1.0536084069480294e+20,6.4718260416811165e+22,1.961934451448198e+22,4.49934784566537e+22,2.249820499757742e+16,1.3150610955992572e+16,1.0896593370765428e+16,3.0059571345198988e+16
