t(s),Total solute volume 1,Total retention volume 1,Total 1 volume 1,Total 2 volume 1,Total 3 volume 1,Total 4 volume 1,Total 5 volume 1,Total 6 volume 1
0,3.8340070142403466e+18,2.4568065730823045e+20,4.533611706929847e+19,1.916287548066981e+20,1.598547637967549e+17,1.2222380938528735e+18,1.3035015914584724e+18,2.1961839688848084e+18
