t(s),Total solute volume 1,Total retention volume 1,Total 1 volume 1,Total 2 volume 1,Total 3 volume 1,Total 4 volume 1,Total 5 volume 1,Total 6 volume 1
0,6.549761982660554e+18,3.7868649199640556e+20,4.533611706929847e+19,3.264895769282699e+20,1.5582091736680846e+16,5.6468314373615624e+16,6.328709989950816e+16,1.7569851016795965e+17
