t(s),Total solute volume 1,Total retention volume 1,Total 1 volume 1,Total 2 volume 1,Total 3 volume 1,Total 4 volume 1,Total 5 volume 1,Total 6 volume 1
0,4.751131107528108e+17,1.2008242558046198e+18,1.3024520054842829e+17,3.9361074833054605e+17,21033055904635.84,92286251834156.47,1120702254336096.8,2.0062117461077328e+17
