t(s),Total solute volume 1,Total retention volume 1,Total 1 volume 1,Total 2 volume 1,Total 3 volume 1,Total 4 volume 1,Total 5 volume 1,Total 6 volume 1
0,2.781149916601816e+17,2.4304139313676667e+18,1.3024520054842829e+17,2.3040703518610144e+17,205193415925593.8,1389258568156330.2,1.3608342363091414e+16,1.776443909625787e+18
