t(s),Total solute volume 1,Total retention volume 1,Total 1 volume 1,Total 2 volume 1,Total 3 volume 1,Total 4 volume 1,Total 5 volume 1,Total 6 volume 1
0,7.523525865105635e+17,9.959989593810385e+18,1.1991975012111887e+18,2.955764414391274e+18,3027210295678754.0,2.986702400655869e+16,4.192934396687652e+17,4.600487417726343e+18
