t(s),Total solute volume 1,Total retention volume 1,Total 1 volume 1,Total 2 volume 1,Total 3 volume 1,Total 4 volume 1,Total 5 volume 1,Total 6 volume 1
0,1.2852690019555497e+18,7.938529338602208e+18,1.1991975012111887e+18,5.049221861376426e+18,310161849288993.8,1974466756265543.0,3.132212988981657e+16,3.712342155636335e+17
