t(s),Total solute volume 1,Total retention volume 1,Total 1 volume 1,Total 2 volume 1,Total 3 volume 1,Total 4 volume 1,Total 5 volume 1,Total 6 volume 1
0,1.8614795258035258e+17,2.4421354515764477e+17,1.6105550931134632e+16,3.561535913744106e+16,2076796866581.485,6357303894566.686,48027775610493.45,6288220632346023.0
