t(s),Total solute volume 1,Total retention volume 1,Total 1 volume 1,Total 2 volume 1,Total 3 volume 1,Total 4 volume 1,Total 5 volume 1,Total 6 volume 1
0,1.0896465516898744e+17,1.92784701425838e+17,1.6105550931134632e+16,2.0848021191923476e+16,20259592825335.06,95680493768209.1,581645796558486.9,4.616888825064047e+16
