t(s),Total solute volume 1,Total retention volume 1,Total 1 volume 1,Total 2 volume 1,Total 3 volume 1,Total 4 volume 1,Total 5 volume 1,Total 6 volume 1
0,7.180129369195402e+16,9.85641376851162e+16,6351323389472384.0,7154332371437873.0,11972804703692.16,48161783155019.96,236417358427869.44,1.2960636285965034e+16
