t(s),Total solute volume 1,Total retention volume 1,Total 1 volume 1,Total 2 volume 1,Total 3 volume 1,Total 4 volume 1,Total 5 volume 1,Total 6 volume 1
0,1.2266054339042045e+17,1.4302847436150416e+17,6351323389472384.0,1.22219832432844e+16,1227441100076.4321,3200448555671.308,19524775406408.004,1770671673264719.8
