t(s),Total solute volume 1,Total retention volume 1,Total 1 volume 1,Total 2 volume 1,Total 3 volume 1,Total 4 volume 1,Total 5 volume 1,Total 6 volume 1
0,7.180129369195402e+16,1.5596537291174006e+17,6351323389472384.0,7154332371437873.0,63799851112323.36,256566805771244.2,1259652260618591.0,6.907840454137414e+16
