t(s),Total solute volume 1,Total retention volume 1,Total 1 volume 1,Total 2 volume 1,Total 3 volume 1,Total 4 volume 1,Total 5 volume 1,Total 6 volume 1
0,1.2266054339042045e+17,1.5080463902716634e+17,6351323389472384.0,1.22219832432844e+16,6545994372495.383,17068268174113.574,104126972350888.1,9443047769092766.0
