t(s),Total solute volume 1,Total retention volume 1,Total 1 volume 1,Total 2 volume 1,Total 3 volume 1,Total 4 volume 1,Total 5 volume 1,Total 6 volume 1
0,1.5302805924424387e+17,1.9949249988618218e+17,1.0403170291897824e+16,2.15508874098567e+16,6704515637381.363,19033814224795.492,130060886066025.69,1.435458372425449e+16
