t(s),Total solute volume 1,Total retention volume 1,Total 1 volume 1,Total 2 volume 1,Total 3 volume 1,Total 4 volume 1,Total 5 volume 1,Total 6 volume 1
0,8.957740053321614e+16,2.1965935806330477e+17,1.040317029189783e+16,1.2615155834536546e+16,65375231929181.72,286294976637317.94,1574257351983219.2,1.0513770384310427e+17
