t(s),Total solute volume 1,Total retention volume 1,Total 1 volume 1,Total 2 volume 1,Total 3 volume 1,Total 4 volume 1,Total 5 volume 1,Total 6 volume 1
0,4.566829557989454e+18,3.836610882397617e+20,6.696388307350977e+19,2.9943637271575534e+20,6.191932406488276e+17,3.5668115683709117e+18,3.1794074370697656e+18,5.3285906464186e+18
