t(s),Total solute volume 1,Total retention volume 1,Total 1 volume 1,Total 2 volume 1,Total 3 volume 1,Total 4 volume 1,Total 5 volume 1,Total 6 volume 1
0,7.801667161565198e+18,5.84960668343144e+20,6.696388307350977e+19,5.094009276905076e+20,5.8643640694649624e+16,1.552090120586813e+17,1.5403399068743075e+17,4.2630377412208986e+17
