t(s),Total solute volume 1,Total retention volume 1,Total 1 volume 1,Total 2 volume 1,Total 3 volume 1,Total 4 volume 1,Total 5 volume 1,Total 6 volume 1
0,2.0408582906428972e+18,2.2689584715627065e+19,3.364073161464839e+18,1.6521366587680283e+19,1953323028767812.0,1.4273406623426952e+16,1.4060256508506496e+17,6.064573811018575e+17
