t(s),Total solute volume 1,Total retention volume 1,Total 1 volume 1,Total 2 volume 1,Total 3 volume 1,Total 4 volume 1,Total 5 volume 1,Total 6 volume 1
0,1.194648755498281e+18,2.4358824001457373e+19,3.364073161464839e+18,9.67235389752105e+18,1.90893283527273e+16,2.1971930916954483e+17,2.3160231075506934e+18,7.572916441900092e+18
