t(s),Total solute volume 1,Total retention volume 1,Total 1 volume 1,Total 2 volume 1,Total 3 volume 1,Total 4 volume 1,Total 5 volume 1,Total 6 volume 1
0,1.1477277462414928e+17,5.456387203376816e+17,1.8083672627208548e+16,2.3817359628092044e+16,153481509658998.47,739338288629126.8,4616164460564629.0,3.834559291993777e+17
