t(s),Total solute volume 1,Total retention volume 1,Total 1 volume 1,Total 2 volume 1,Total 3 volume 1,Total 4 volume 1,Total 5 volume 1,Total 6 volume 1
0,3.122399397307938e+17,9.171606896224658e+17,5.1059153534519e+16,1.3415637957682182e+17,59316499473990.375,221523513214418.8,2179655974404100.5,4.172447207932313e+17
