t(s),Total solute volume 1,Total retention volume 1,Total 1 volume 1,Total 2 volume 1,Total 3 volume 1,Total 4 volume 1,Total 5 volume 1,Total 6 volume 1
0,1.827745988668061e+17,3.5121363671183775e+18,5.1059153534519e+16,7.853065002362187e+16,578369675614056.2,3331962823349665.0,2.63944822754848e+16,3.169467149918986e+18
