t(s),Total solute volume 1,Total retention volume 1,Total 1 volume 1,Total 2 volume 1,Total 3 volume 1,Total 4 volume 1,Total 5 volume 1,Total 6 volume 1
0,1.2852690019555497e+18,9.00122454554615e+18,1.1991975012111887e+18,5.049221861376426e+18,1124327460448846.8,7157392165776778.0,1.1354187491973264e+17,1.3457125864569859e+18
