t(s),Total solute volume 1,Total retention volume 1,Total 1 volume 1,Total 2 volume 1,Total 3 volume 1,Total 4 volume 1,Total 5 volume 1,Total 6 volume 1
0,7.523525865105635e+17,2.3221384697850376e+19,1.1991975012111887e+18,2.955764414391274e+18,1.0972213117113028e+16,1.08249191267358e+17,1.519713843449967e+18,1.6675134947902913e+19
