t(s),Total solute volume 1,Total retention volume 1,Total 1 volume 1,Total 2 volume 1,Total 3 volume 1,Total 4 volume 1,Total 5 volume 1,Total 6 volume 1
0,1.0860966694806053e+17,1.2735643166682056e+17,4841705944743442.0,8946718178722158.0,4209375566066.283,10473938374944.97,60033465590819.31,4883623815762773.0
