t(s),Total solute volume 1,Total retention volume 1,Total 1 volume 1,Total 2 volume 1,Total 3 volume 1,Total 4 volume 1,Total 5 volume 1,Total 6 volume 1
0,6.357639040862142e+16,1.1029948710373322e+17,4841705944743442.0,5237103708245424.0,41029477837888.086,157459085077133.2,726303491136777.4,3.5719494988071508e+16
