t(s),Total solute volume 1,Total retention volume 1,Total 1 volume 1,Total 2 volume 1,Total 3 volume 1,Total 4 volume 1,Total 5 volume 1,Total 6 volume 1
0,1.1562292854379274e+18,6.058746307107351e+18,9.470815640223638e+17,3.849586369903471e+18,61243390001127.16,375553699502762.3,6091025716213290.0,9.932126493789446e+16
