t(s),Total solute volume 1,Total retention volume 1,Total 1 volume 1,Total 2 volume 1,Total 3 volume 1,Total 4 volume 1,Total 5 volume 1,Total 6 volume 1
0,6.768171426953814e+17,5.187025894555891e+18,9.470815640223639e+17,2.2534875290841032e+18,597688697509525.8,5672759129354716.0,7.921277705757445e+16,1.22415643386961e+18
