t(s),Total solute volume 1,Total retention volume 1,Total 1 volume 1,Total 2 volume 1,Total 3 volume 1,Total 4 volume 1,Total 5 volume 1,Total 6 volume 1
0,6.1151907207788056e+16,1.1330234108953861e+17,4439458008290587.5,4740171994361016.0,51529650661514.16,194794278265601.88,880849771203282.5,4.184363017896765e+16
