t(s),Total solute volume 1,Total retention volume 1,Total 1 volume 1,Total 2 volume 1,Total 3 volume 1,Total 4 volume 1,Total 5 volume 1,Total 6 volume 1
0,1.0446784147997133e+17,1.228189475630692e+17,4439458008290587.5,8097793286123659.0,5288610266450.637,12964063872598.105,72839283515865.38,5722762831030179.0
