t(s),Total solute volume 1,Total retention volume 1,Total 1 volume 1,Total 2 volume 1,Total 3 volume 1,Total 4 volume 1,Total 5 volume 1,Total 6 volume 1
0,5.274852243967814e+16,7.784057047234715e+16,3192384722575143.5,3244736830869188.5,29039164020973.3,103713897397183.0,434736848545142.8,1.8087436569261576e+16
