t(s),Total solute volume 1,Total retention volume 1,Total 1 volume 1,Total 2 volume 1,Total 3 volume 1,Total 4 volume 1,Total 5 volume 1,Total 6 volume 1
0,8.394286150660815e+17,1.970657570795587e+19,1.531053857194819e+18,3.9139595666919296e+18,1.062756298101142e+16,1.0904910792929056e+17,1.5069781149609859e+18,1.1795478883131793e+19
