t(s),Total solute volume 1,Total retention volume 1,Total 1 volume 1,Total 2 volume 1,Total 3 volume 1,Total 4 volume 1,Total 5 volume 1,Total 6 volume 1
0,1.4340238840712154e+18,1.0716252735533273e+19,1.531053857194819e+18,6.68598110410038e+18,1088767242651162.2,7194165351422833.0,1.0831268818822778e+17,9.485982693845196e+17
