t(s),Total solute volume 1,Total retention volume 1,Total 1 volume 1,Total 2 volume 1,Total 3 volume 1,Total 4 volume 1,Total 5 volume 1,Total 6 volume 1
0,4.7566518870554744e+16,6.025411108023374e+16,2534742031225782.5,2489019978208205.5,14313899151759.56,49135596550113.38,195309093161430.22,7405071611381174.0
