t(s),Total solute volume 1,Total retention volume 1,Total 1 volume 1,Total 2 volume 1,Total 3 volume 1,Total 4 volume 1,Total 5 volume 1,Total 6 volume 1
0,4.7566518870554744e+16,1.0806943936656952e+18,2534742031225782.5,2489019978208205.5,1873641980372041.2,6214130815825663.0,2.5197618061433124e+16,9.948187219280654e+17
