t(s),Total solute volume 1,Total retention volume 1,Total 1 volume 1,Total 2 volume 1,Total 3 volume 1,Total 4 volume 1,Total 5 volume 1,Total 6 volume 1
0,8.125946973719792e+16,8.907968028237246e+16,2534742031225782.5,4252075647885005.0,1468278151503.8525,3267692568274.414,16140535895760.477,1012516359448420.6
