t(s),Total solute volume 1,Total retention volume 1,Total 1 volume 1,Total 2 volume 1,Total 3 volume 1,Total 4 volume 1,Total 5 volume 1,Total 6 volume 1
0,1.4611483665945994e+17,1.8730271150259075e+17,9383807851828782.0,1.9141956437258628e+16,6349327132805.446,17707816323395.85,118166753144231.6,1.2519886657444046e+16
