t(s),Total solute volume 1,Total retention volume 1,Total 1 volume 1,Total 2 volume 1,Total 3 volume 1,Total 4 volume 1,Total 5 volume 1,Total 6 volume 1
0,8.125946973719792e+16,8.856299740864731e+16,2534742031225782.5,4252075647885005.0,734157746833.9769,1633881470278.936,8070453954395.316,506271499167587.8
