t(s),Total solute volume 1,Total retention volume 1,Total 1 volume 1,Total 2 volume 1,Total 3 volume 1,Total 4 volume 1,Total 5 volume 1,Total 6 volume 1
0,4.7566518870554744e+16,5.642337741527606e+16,2534742031225782.5,2489019978208205.5,7159822495235.561,24580971414681.71,97699232262773.55,3703656509114388.0
