t(s),Total solute volume 1,Total retention volume 1,Total 1 volume 1,Total 2 volume 1,Total 3 volume 1,Total 4 volume 1,Total 5 volume 1,Total 6 volume 1
0,1.6043878280498112e+17,2.1210727793176006e+17,1.1560640218829554e+16,2.4329176620616796e+16,6706101480960.458,19387729715162.777,135729407332007.98,1.5616855048803822e+16
