t(s),Total solute volume 1,Total retention volume 1,Total 1 volume 1,Total 2 volume 1,Total 3 volume 1,Total 4 volume 1,Total 5 volume 1,Total 6 volume 1
0,9.391538505657402e+16,2.3614596949725677e+17,1.1560640218829556e+16,1.4241472081799574e+16,65395216524302.28,291646112236552.0,1643011493953378.2,1.1442841931733941e+17
