t(s),Total solute volume 1,Total retention volume 1,Total 1 volume 1,Total 2 volume 1,Total 3 volume 1,Total 4 volume 1,Total 5 volume 1,Total 6 volume 1
0,1.9607015664959024e+17,3.2892960322589446e+17,1.8083672627208548e+16,4.068797579280357e+16,22154021223676.523,69184355847384.734,536755450967830.2,7.345970432825414e+16
