t(s),Total solute volume 1,Total retention volume 1,Total 1 volume 1,Total 2 volume 1,Total 3 volume 1,Total 4 volume 1,Total 5 volume 1,Total 6 volume 1
0,1.1477277462414928e+17,7.039973232381679e+17,1.8083672627208548e+16,2.3817359628092044e+16,215954630810541.78,1040187450004723.1,6494891100562015.0,5.395724831773367e+17
