t(s),Total solute volume 1,Total retention volume 1,Total 1 volume 1,Total 2 volume 1,Total 3 volume 1,Total 4 volume 1,Total 5 volume 1,Total 6 volume 1
0,2.9302339152982e+17,6.731959089213649e+17,4.431341940307482e+16,1.1399288614301397e+17,34315920833885.46,125065314941924.61,1191437054774084.0,2.2051539355490224e+17
