t(s),Total solute volume 1,Total retention volume 1,Total 1 volume 1,Total 2 volume 1,Total 3 volume 1,Total 4 volume 1,Total 5 volume 1,Total 6 volume 1
0,1.7152588772477386e+17,1.9589717810724403e+18,4.431341940307482e+16,6.672760546581345e+16,334657416379610.9,1881553431728568.0,1.442889181739554e+16,1.6597597658132536e+18
