t(s),Total solute volume 1,Total retention volume 1,Total 1 volume 1,Total 2 volume 1,Total 3 volume 1,Total 4 volume 1,Total 5 volume 1,Total 6 volume 1
0,5.831083637207589e+19,3.810663291138923e+22,5.744900751039818e+21,3.230313354759354e+22,8.394325361467534e+16,4.953353220705967e+16,4.105214742419613e+16,1.1324745053220421e+17
