t(s),Total solute volume 1,Total retention volume 1,Total 1 volume 1,Total 2 volume 1,Total 3 volume 1,Total 4 volume 1,Total 5 volume 1,Total 6 volume 1
0,1.6062657215105326e+18,1.2891566588185547e+19,1.9718743661304888e+18,8.94244010427008e+18,509722328148791.6,3492743210027169.0,4.797193858031958e+16,3.190119921560228e+17
