t(s),Total solute volume 1,Total retention volume 1,Total 1 volume 1,Total 2 volume 1,Total 3 volume 1,Total 4 volume 1,Total 5 volume 1,Total 6 volume 1
0,9.402531052744658e+17,1.2881731874428385e+19,1.9718743661304886e+18,5.234982861726286e+18,4977082102910377.0,5.311968894059618e+16,7.010260266770729e+17,3.975498743576582e+18
