t(s),Total solute volume 1,Total retention volume 1,Total 1 volume 1,Total 2 volume 1,Total 3 volume 1,Total 4 volume 1,Total 5 volume 1,Total 6 volume 1
0,1.7152588772477386e+17,4.223088161951217e+17,4.431341940307482e+16,6.672760546581344e+16,27899046986093.09,156878206552133.53,1202944824015849.8,1.3835418152390675e+17
