t(s),Total solute volume 1,Total retention volume 1,Total 1 volume 1,Total 2 volume 1,Total 3 volume 1,Total 4 volume 1,Total 5 volume 1,Total 6 volume 1
0,2.9302339152982e+17,4.698190224180623e+17,4.431341940307482e+16,1.1399288614301397e+17,2859731046983.8906,10422328621628.47,99288654516514.75,1.8376754627962744e+16
