t(s),Total solute volume 1,Total retention volume 1,Total 1 volume 1,Total 2 volume 1,Total 3 volume 1,Total 4 volume 1,Total 5 volume 1,Total 6 volume 1
0,1.1477277462414928e+17,6.896036825753541e+17,1.8083672627208548e+16,2.3817359628092044e+16,210276603846527.34,1012846193914408.6,6324143966317551.0,5.253826089318261e+17
