t(s),Total solute volume 1,Total retention volume 1,Total 1 volume 1,Total 2 volume 1,Total 3 volume 1,Total 4 volume 1,Total 5 volume 1,Total 6 volume 1
0,1.9607015664959024e+17,3.26980036450625e+17,1.8083672627208548e+16,4.068797579280357e+16,21571053110218.97,67363800701650.59,522631019919428.94,7.152666550729324e+16
