t(s),Total solute volume 1,Total retention volume 1,Total 1 volume 1,Total 2 volume 1,Total 3 volume 1,Total 4 volume 1,Total 5 volume 1,Total 6 volume 1
0,8.405294887353384e+16,9.332949431874491e+16,2733248773475387.0,4637024230775944.0,2550919025607.6094,5751447688075.229,28905499742850.266,1869064574502974.2
