t(s),Total solute volume 1,Total retention volume 1,Total 1 volume 1,Total 2 volume 1,Total 3 volume 1,Total 4 volume 1,Total 5 volume 1,Total 6 volume 1
0,4.920172616987362e+16,6.877552393440146e+16,2733248773475387.0,2714355750467661.0,24857613184091.156,86432385921159.64,349598227928024.0,1.366530501355134e+16
