t(s),Total solute volume 1,Total retention volume 1,Total 1 volume 1,Total 2 volume 1,Total 3 volume 1,Total 4 volume 1,Total 5 volume 1,Total 6 volume 1
0,1.9607015664959024e+17,2.899371162132577e+17,1.8083672627208548e+16,4.068797579280357e+16,10494325744008.693,32772371788184.96,254259513658094.12,3.4797784932467216e+16
