t(s),Total solute volume 1,Total retention volume 1,Total 1 volume 1,Total 2 volume 1,Total 3 volume 1,Total 4 volume 1,Total 5 volume 1,Total 6 volume 1
0,1.1477277462414928e+17,4.160258472493045e+17,1.8083672627208548e+16,2.3817359628092044e+16,102342868515425.05,493032862694799.1,3078192514863037.5,2.5567847212378477e+17
