t(s),Total solute volume 1,Total retention volume 1,Total 1 volume 1,Total 2 volume 1,Total 3 volume 1,Total 4 volume 1,Total 5 volume 1,Total 6 volume 1
0,2.1836778534678442e+17,3.755866655088224e+17,2.2995109404381096e+16,5.36299248106901e+16,20020980376755.16,65166880065196.48,534244973997987.3,7.997441311252726e+16
