t(s),Total solute volume 1,Total retention volume 1,Total 1 volume 1,Total 2 volume 1,Total 3 volume 1,Total 4 volume 1,Total 5 volume 1,Total 6 volume 1
0,1.6062657215105326e+18,1.4236375404820425e+19,1.9718743661304888e+18,8.94244010427008e+18,2357442951917076.0,1.6153804962044638e+16,2.218682699594294e+17,1.4754156950359808e+18
