t(s),Total solute volume 1,Total retention volume 1,Total 1 volume 1,Total 2 volume 1,Total 3 volume 1,Total 4 volume 1,Total 5 volume 1,Total 6 volume 1
0,8.516285748348854e+19,8.217090958193256e+22,3.579686312483719e+22,4.628721412782856e+22,4.765306763819202e+17,4.294526960653454e+17,2.8630779391571763e+17,4.771806162116808e+17
