t(s),Total solute volume 1,Total retention volume 1,Total 1 volume 1,Total 2 volume 1,Total 3 volume 1,Total 4 volume 1,Total 5 volume 1,Total 6 volume 1
0,1.454865482009603e+20,8.391704761889996e+22,3.579686312483719e+22,4.797460062369274e+22,2.8608116867864052e+16,1.670118447276336e+16,1.3838285703880766e+16,3.817458130689891e+16
