t(s),Total solute volume 1,Total retention volume 1,Total 1 volume 1,Total 2 volume 1,Total 3 volume 1,Total 4 volume 1,Total 5 volume 1,Total 6 volume 1
0,2.0861979911880643e+17,9.654177604264973e+17,6.858169948084933e+16,1.1023516579767e+17,86387836533862.22,523728808653706.6,4437378470675392.0,5.729336009133041e+17
