t(s),Total solute volume 1,Total retention volume 1,Total 1 volume 1,Total 2 volume 1,Total 3 volume 1,Total 4 volume 1,Total 5 volume 1,Total 6 volume 1
0,3.563921568279588e+17,6.86953390839707e+17,6.858169948084933e+16,1.8831811750643e+17,8855174838445.973,34794346053794.516,366090481092762.25,7.325167702248379e+16
