t(s),Total solute volume 1,Total retention volume 1,Total 1 volume 1,Total 2 volume 1,Total 3 volume 1,Total 4 volume 1,Total 5 volume 1,Total 6 volume 1
0,5.483142302296937e+18,5.833811075193456e+20,1.0067170546703298e+20,4.768663777774882e+20,2.6062081320333708e+16,1.0738803278552483e+17,8.476596816624874e+16,1.4166589025856426e+17
