t(s),Total solute volume 1,Total retention volume 1,Total 1 volume 1,Total 2 volume 1,Total 3 volume 1,Total 4 volume 1,Total 5 volume 1,Total 6 volume 1
0,9.367034766423861e+18,9.193032457446864e+20,1.00671705467033e+20,8.092422388220401e+20,2363390381900588.0,4468454984256284.0,4101697807543130.5,1.1333146011532934e+16
