t(s),Total solute volume 1,Total retention volume 1,Total 1 volume 1,Total 2 volume 1,Total 3 volume 1,Total 4 volume 1,Total 5 volume 1,Total 6 volume 1
0,7.831248687372006e+17,4.289186133106615e+18,3.971127163555371e+17,1.417606166617462e+18,359416289086146.7,1907978773001877.8,2.8905984340692024e+16,1.6601690019936187e+18
