t(s),Total solute volume 1,Total retention volume 1,Total 1 volume 1,Total 2 volume 1,Total 3 volume 1,Total 4 volume 1,Total 5 volume 1,Total 6 volume 1
0,4.5495789518832886e+19,4.5201019837071084e+22,1.0574109797244612e+22,3.4581088036988603e+22,9.263503559872307e+16,8.407946129136822e+16,5.60620167774973e+16,9.343680525283448e+16
