t(s),Total solute volume 1,Total retention volume 1,Total 1 volume 1,Total 2 volume 1,Total 3 volume 1,Total 4 volume 1,Total 5 volume 1,Total 6 volume 1
0,7.772197376133865e+19,5.045233826790761e+22,1.0574109797244612e+22,3.980048746435125e+22,5577952634658179.0,3269980473545885.0,2709667933160547.0,7474949481916870.0
