t(s),Total solute volume 1,Total retention volume 1,Total 1 volume 1,Total 2 volume 1,Total 3 volume 1,Total 4 volume 1,Total 5 volume 1,Total 6 volume 1
0,1.2796251387281995e+17,1.613227913955863e+17,6980090150537523.0,1.3622739088267018e+16,8093938856941.095,21450741976442.08,133732845441230.77,1.2594170757687574e+16
