t(s),Total solute volume 1,Total retention volume 1,Total 1 volume 1,Total 2 volume 1,Total 3 volume 1,Total 4 volume 1,Total 5 volume 1,Total 6 volume 1
0,7.49048861694545e+16,1.840116443374486e+17,6980090150537523.0,7974287186130815.0,78879560616229.7,322403244529616.8,1617636727234833.2,9.213346129894333e+16
