t(s),Total solute volume 1,Total retention volume 1,Total 1 volume 1,Total 2 volume 1,Total 3 volume 1,Total 4 volume 1,Total 5 volume 1,Total 6 volume 1
0,2.445311007127456e+17,4.5268544660638944e+17,2.9598370758294e+16,7.168383321791445e+16,21957609139535.207,74648773936440.53,648437995669243.5,1.0612709753869203e+17
