t(s),Total solute volume 1,Total retention volume 1,Total 1 volume 1,Total 2 volume 1,Total 3 volume 1,Total 4 volume 1,Total 5 volume 1,Total 6 volume 1
0,1.1477277462414928e+17,6.46419645824378e+17,1.8083672627208548e+16,2.3817359628092044e+16,193240905999782.9,930812026745777.0,5811847138083936.0,4.8280993887409926e+17
