t(s),Total solute volume 1,Total retention volume 1,Total 1 volume 1,Total 2 volume 1,Total 3 volume 1,Total 4 volume 1,Total 5 volume 1,Total 6 volume 1
0,1.9607015664959024e+17,3.2113129976233376e+17,1.8083672627208548e+16,4.068797579280357e+16,19822138247661.797,61902107439400.81,480257495736895.06,6.5727512951310264e+16
