t(s),Total solute volume 1,Total retention volume 1,Total 1 volume 1,Total 2 volume 1,Total 3 volume 1,Total 4 volume 1,Total 5 volume 1,Total 6 volume 1
0,3.122399397307938e+17,9.63792523963741e+17,5.1059153534519e+16,1.3415637957682182e+17,65906937447009.13,246136338184198.38,2421830507616077.0,4.636031773383654e+17
