t(s),Total solute volume 1,Total retention volume 1,Total 1 volume 1,Total 2 volume 1,Total 3 volume 1,Total 4 volume 1,Total 5 volume 1,Total 6 volume 1
0,7.158676193942945e+17,2.8319204358306657e+18,3.250257609819086e+17,1.1260624170802307e+18,115554263450807.33,592921667672832.6,8681166697816646.0,6.555749957452902e+17
