t(s),Total solute volume 1,Total retention volume 1,Total 1 volume 1,Total 2 volume 1,Total 3 volume 1,Total 4 volume 1,Total 5 volume 1,Total 6 volume 1
0,4.1904446013324595e+17,8.853705931682882e+18,3.250257609819086e+17,6.591645730832125e+17,1127341182471734.5,8930018055315904.0,1.0647164633799526e+17,7.333942131908738e+18
