t(s),Total solute volume 1,Total retention volume 1,Total 1 volume 1,Total 2 volume 1,Total 3 volume 1,Total 4 volume 1,Total 5 volume 1,Total 6 volume 1
0,5.599791014061281e+17,2.2668191015470686e+19,6.205788698891987e+17,1.3862391755847913e+18,5676495705012267.0,5.0192744825466136e+16,6.70687439517351e+17,1.9374837188542763e+19
