t(s),Total solute volume 1,Total retention volume 1,Total 1 volume 1,Total 2 volume 1,Total 3 volume 1,Total 4 volume 1,Total 5 volume 1,Total 6 volume 1
0,9.566309649021271e+17,5.605286208808787e+18,6.205788698891987e+17,2.368112616809924e+18,581850273906764.9,3329258111992260.5,5.33820301590104e+16,1.602670618662639e+18
