t(s),Total solute volume 1,Total retention volume 1,Total 1 volume 1,Total 2 volume 1,Total 3 volume 1,Total 4 volume 1,Total 5 volume 1,Total 6 volume 1
0,1.2782504508104443e+17,2.485635243458367e+17,2.2995109404381096e+16,3.139314052066766e+16,21702397451593.297,108985261868114.61,718984519770859.9,6.550055716065421e+16
