t(s),Total solute volume 1,Total retention volume 1,Total 1 volume 1,Total 2 volume 1,Total 3 volume 1,Total 4 volume 1,Total 5 volume 1,Total 6 volume 1
0,2.1836778534678442e+17,3.039480006352848e+17,2.2995109404381096e+16,5.36299248106901e+16,2224627722756.652,7240969367849.377,59362350585040.25,8886353125750263.0
