t(s),Total solute volume 1,Total retention volume 1,Total 1 volume 1,Total 2 volume 1,Total 3 volume 1,Total 4 volume 1,Total 5 volume 1,Total 6 volume 1
0,3.332883936767457e+17,1.0060762313881363e+18,5.905751296626006e+16,1.5858298787719715e+17,59087528659669.71,226269803017109.84,2301312388433717.0,4.525606671478284e+17
