t(s),Total solute volume 1,Total retention volume 1,Total 1 volume 1,Total 2 volume 1,Total 3 volume 1,Total 4 volume 1,Total 5 volume 1,Total 6 volume 1
0,1.1300816793349946e+17,1.3595523923194853e+17,5290051337496820.0,9905407456456888.0,6132608622496.775,15494227946425.086,90634426162666.48,7639351241764800.0
