t(s),Total solute volume 1,Total retention volume 1,Total 1 volume 1,Total 2 volume 1,Total 3 volume 1,Total 4 volume 1,Total 5 volume 1,Total 6 volume 1
0,6.615112269277926e+16,1.3449552872132816e+17,5290051337496820.0,5798287762430659.0,59759351460131.07,232844858159184.44,1096181692079221.0,5.586728102692222e+16
