t(s),Total solute volume 1,Total retention volume 1,Total 1 volume 1,Total 2 volume 1,Total 3 volume 1,Total 4 volume 1,Total 5 volume 1,Total 6 volume 1
0,6.357639040862142e+16,1.1707945415569634e+17,4841705944743442.0,5237103708245424.0,48618725353001.766,186573055253297.22,860626500638796.6,4.232843581284217e+16
