t(s),Total solute volume 1,Total retention volume 1,Total 1 volume 1,Total 2 volume 1,Total 3 volume 1,Total 4 volume 1,Total 5 volume 1,Total 6 volume 1
0,1.0860966694806053e+17,1.2827457323962229e+17,4841705944743442.0,8946718178722158.0,4988832293032.782,12413435931401.375,71150033867306.95,5787929866004962.0
