t(s),Total solute volume 1,Total retention volume 1,Total 1 volume 1,Total 2 volume 1,Total 3 volume 1,Total 4 volume 1,Total 5 volume 1,Total 6 volume 1
0,4.584145573095851e+17,1.0775859491225815e+19,3.971127163555371e+17,8.29827887724081e+17,1628029476742208.2,1.334501149953746e+16,1.654353363672596e+17,8.910095952493043e+18
