t(s),Total solute volume 1,Total retention volume 1,Total 1 volume 1,Total 2 volume 1,Total 3 volume 1,Total 4 volume 1,Total 5 volume 1,Total 6 volume 1
0,7.831248687372006e+17,3.3831166425532247e+18,3.971127163555371e+17,1.417606166617462e+18,166873245575520.5,885853567505470.2,1.342073741232547e+16,7.707994266176084e+17
