t(s),Total solute volume 1,Total retention volume 1,Total 1 volume 1,Total 2 volume 1,Total 3 volume 1,Total 4 volume 1,Total 5 volume 1,Total 6 volume 1
0,1.950956450790701e+17,4.652620846196007e+18,5.905751296626006e+16,9.282918675798294e+16,706225523634603.1,4171847310037389.5,3.416519857382404e+16,4.2665952299851336e+18
