t(s),Total solute volume 1,Total retention volume 1,Total 1 volume 1,Total 2 volume 1,Total 3 volume 1,Total 4 volume 1,Total 5 volume 1,Total 6 volume 1
0,3.332883936767457e+17,1.108847282957501e+18,5.905751296626006e+16,1.5858298787719715e+17,72429352223743.86,277361292918168.88,2820945161756078.0,5.5474765263039686e+17
