t(s),Total solute volume 1,Total retention volume 1,Total 1 volume 1,Total 2 volume 1,Total 3 volume 1,Total 4 volume 1,Total 5 volume 1,Total 6 volume 1
0,2.6900722401125917e+19,1.0972965770634467e+22,1.0530177027067483e+21,9.893021029122424e+21,7159704676615315.0,4644664826952477.0,3860859876631972.0,1.0651174719452714e+16
