t(s),Total solute volume 1,Total retention volume 1,Total 1 volume 1,Total 2 volume 1,Total 3 volume 1,Total 4 volume 1,Total 5 volume 1,Total 6 volume 1
0,1.5746764332366418e+19,7.371367195625405e+21,1.0530177027067483e+21,6.302159391947708e+21,1.1116171597484254e+17,1.1916008434485306e+17,7.987816120527109e+16,1.3313667707436288e+17
