t(s),Total solute volume 1,Total retention volume 1,Total 1 volume 1,Total 2 volume 1,Total 3 volume 1,Total 4 volume 1,Total 5 volume 1,Total 6 volume 1
0,1.4340238840712154e+18,1.0861505107284062e+19,1.531053857194819e+18,6.685981104100381e+18,1237234159528227.5,8175180382315019.0,1.2308247909129514e+17,1.0779513682844863e+18
