t(s),Total solute volume 1,Total retention volume 1,Total 1 volume 1,Total 2 volume 1,Total 3 volume 1,Total 4 volume 1,Total 5 volume 1,Total 6 volume 1
0,8.394286150660815e+17,2.153665689138349e+19,1.531053857194819e+18,3.9139595666919296e+18,1.2076569081190014e+16,1.2391660294530038e+17,1.712441664140834e+18,1.3403780016263367e+19
