t(s),Total solute volume 1,Total retention volume 1,Total 1 volume 1,Total 2 volume 1,Total 3 volume 1,Total 4 volume 1,Total 5 volume 1,Total 6 volume 1
0,5.483142302296937e+18,5.930974692966642e+20,1.0067170546703298e+20,4.768663777774811e+20,7.297088968060339e+17,3.0067031913690527e+18,2.37333816179029e+18,3.966493499884541e+18
