t(s),Total solute volume 1,Total retention volume 1,Total 1 volume 1,Total 2 volume 1,Total 3 volume 1,Total 4 volume 1,Total 5 volume 1,Total 6 volume 1
0,9.367034766423861e+18,9.199044462453553e+20,1.00671705467033e+20,8.092422388220405e+20,6.617476194864283e+16,1.2511646940471749e+17,1.1484727352950826e+17,3.1732868497085434e+17
