t(s),Total solute volume 1,Total retention volume 1,Total 1 volume 1,Total 2 volume 1,Total 3 volume 1,Total 4 volume 1,Total 5 volume 1,Total 6 volume 1
0,2.445311007127456e+17,4.0157349717256205e+17,2.9598370758294e+16,7.168383321791445e+16,11456305727669.1,38947652268710.57,338319806997667.6,5.537146871861341e+16
