t(s),Total solute volume 1,Total retention volume 1,Total 1 volume 1,Total 2 volume 1,Total 3 volume 1,Total 4 volume 1,Total 5 volume 1,Total 6 volume 1
0,6.549761982660554e+18,3.789975268158082e+20,4.533611706929847e+19,3.264895769282699e+20,3.116413784411937e+16,1.1293648872611048e+17,1.2657403175350515e+17,3.5139617725662854e+17
