t(s),Total solute volume 1,Total retention volume 1,Total 1 volume 1,Total 2 volume 1,Total 3 volume 1,Total 4 volume 1,Total 5 volume 1,Total 6 volume 1
0,3.8340070142403466e+18,2.5056220737170063e+20,4.533611706929847e+19,1.916287548066981e+20,3.197021367857466e+17,2.444400695599883e+18,2.606934479142911e+18,4.3922911699343544e+18
