t(s),Total solute volume 1,Total retention volume 1,Total 1 volume 1,Total 2 volume 1,Total 3 volume 1,Total 4 volume 1,Total 5 volume 1,Total 6 volume 1
0,1.0446784147997133e+17,1.1904791799540798e+17,4439458008290587.5,8097793286123659.0,1858265640086.6177,4555159884797.262,25593494719573.293,2010818300777931.5
