t(s),Total solute volume 1,Total retention volume 1,Total 1 volume 1,Total 2 volume 1,Total 3 volume 1,Total 4 volume 1,Total 5 volume 1,Total 6 volume 1
0,6.030890236958341e+17,3.070350723821317e+18,2.2173507663096877e+17,7.255463282409612e+17,193441398735178.16,929862751051296.4,1.2645378526271012e+16,1.5062116125774922e+18
