t(s),Total solute volume 1,Total retention volume 1,Total 1 volume 1,Total 2 volume 1,Total 3 volume 1,Total 4 volume 1,Total 5 volume 1,Total 6 volume 1
0,3.5302772118780864e+17,1.6611822655704936e+19,2.2173507663096877e+17,4.247125719959892e+17,1886818738302930.8,1.3997051167276754e+16,1.5412333167425405e+17,1.5442340084310331e+19
