t(s),Total solute volume 1,Total retention volume 1,Total 1 volume 1,Total 2 volume 1,Total 3 volume 1,Total 4 volume 1,Total 5 volume 1,Total 6 volume 1
0,5.467373305480017e+16,6.763177199796536e+16,3458157710870755.0,3557120067332162.0,8685980589831.294,31462082293945.348,134303026348076.69,5768310075729692.0
