t(s),Total solute volume 1,Total retention volume 1,Total 1 volume 1,Total 2 volume 1,Total 3 volume 1,Total 4 volume 1,Total 5 volume 1,Total 6 volume 1
0,9.340096063528438e+16,1.0373834568768742e+17,3458157710870755.0,6076746478966877.0,890582258583.1752,2091053524870.784,11093147669075.229,788406079113047.1
