t(s),Total solute volume 1,Total retention volume 1,Total 1 volume 1,Total 2 volume 1,Total 3 volume 1,Total 4 volume 1,Total 5 volume 1,Total 6 volume 1
0,5.483142302296937e+18,5.8877919574506104e+20,1.00671705467033e+20,4.7686637777748774e+20,4.1698397392249574e+17,1.7181571815665933e+18,1.3562209043766948e+18,2.2666081383808118e+18
