t(s),Total solute volume 1,Total retention volume 1,Total 1 volume 1,Total 2 volume 1,Total 3 volume 1,Total 4 volume 1,Total 5 volume 1,Total 6 volume 1
0,9.367034766423861e+18,9.196372485831836e+20,1.00671705467033e+20,8.092422388220477e+20,3.781419254069933e+16,7.1495193992914696e+16,6.562708133604223e+16,1.8133305981079027e+17
