t(s),Total solute volume 1,Total retention volume 1,Total 1 volume 1,Total 2 volume 1,Total 3 volume 1,Total 4 volume 1,Total 5 volume 1,Total 6 volume 1
0,2.6900722401125917e+19,1.0973413155906672e+22,1.0530177027067483e+21,9.893021029122664e+21,1.2887448972269178e+17,8.36038600721999e+16,6.949538336933474e+16,1.91727943017238e+17
