t(s),Total solute volume 1,Total retention volume 1,Total 1 volume 1,Total 2 volume 1,Total 3 volume 1,Total 4 volume 1,Total 5 volume 1,Total 6 volume 1
0,1.5746764332366418e+19,7.378903720451021e+21,1.0530177027067483e+21,6.302159391947708e+21,2.0008632180813379e+18,2.144813253174216e+18,1.437767852110177e+18,2.3964171407725256e+18
