t(s),Total solute volume 1,Total retention volume 1,Total 1 volume 1,Total 2 volume 1,Total 3 volume 1,Total 4 volume 1,Total 5 volume 1,Total 6 volume 1
0,1.0357694112375635e+17,1.649749025847184e+17,1.4382961689890436e+16,1.830613831100575e+16,13568417015403.955,62842795018079.9,372222299803848.56,2.826022794822949e+16
