t(s),Total solute volume 1,Total retention volume 1,Total 1 volume 1,Total 2 volume 1,Total 3 volume 1,Total 4 volume 1,Total 5 volume 1,Total 6 volume 1
0,7.772197376133865e+19,5.045243343062558e+22,1.0574109797244612e+22,3.980048746435125e+22,3.3467705384223456e+16,1.9619877666864064e+16,1.6258003010024626e+16,4.4849682441108696e+16
