t(s),Total solute volume 1,Total retention volume 1,Total 1 volume 1,Total 2 volume 1,Total 3 volume 1,Total 4 volume 1,Total 5 volume 1,Total 6 volume 1
0,4.5495789518832886e+19,4.520265089365355e+22,1.0574109797244612e+22,3.4581088036988603e+22,5.55807480283768e+17,5.044734534728411e+17,3.363702149042026e+17,5.6061875284933146e+17
