t(s),Total solute volume 1,Total retention volume 1,Total 1 volume 1,Total 2 volume 1,Total 3 volume 1,Total 4 volume 1,Total 5 volume 1,Total 6 volume 1
0,7.523525865105635e+17,2.7009855503750676e+19,1.1991975012111887e+18,2.955764414391274e+18,1.3241835152694748e+16,1.3063910443561835e+17,1.8340598687927101e+18,2.0124600193256632e+19
