t(s),Total solute volume 1,Total retention volume 1,Total 1 volume 1,Total 2 volume 1,Total 3 volume 1,Total 4 volume 1,Total 5 volume 1,Total 6 volume 1
0,1.2852690019555497e+18,9.304848462450975e+18,1.1991975012111887e+18,5.049221861376426e+18,1356943747739613.2,8638214743096251.0,1.3703300561942318e+17,1.624131933797512e+18
