t(s),Total solute volume 1,Total retention volume 1,Total 1 volume 1,Total 2 volume 1,Total 3 volume 1,Total 4 volume 1,Total 5 volume 1,Total 6 volume 1
0,2.1328894422529733e+19,6.631329586271816e+21,6.290856345856501e+20,5.980718300898713e+21,4.9868253319560136e+16,3.551273686689914e+16,2.963050307770003e+16,8.174487167665334e+16
