t(s),Total solute volume 1,Total retention volume 1,Total 1 volume 1,Total 2 volume 1,Total 3 volume 1,Total 4 volume 1,Total 5 volume 1,Total 6 volume 1
0,2.1836778534678442e+17,3.099180783909892e+17,2.2995109404381096e+16,5.36299248106901e+16,3707702544894.4683,12068253818432.637,98937001257216.83,1.4810545871514998e+16
