t(s),Total solute volume 1,Total retention volume 1,Total 1 volume 1,Total 2 volume 1,Total 3 volume 1,Total 4 volume 1,Total 5 volume 1,Total 6 volume 1
0,1.2782504508104443e+17,2.9279331895970854e+17,2.2995109404381096e+16,3.139314052066766e+16,36169071966319.9,181631433443151.34,1198247466657778.2,1.0916397598154942e+17
