t(s),Total solute volume 1,Total retention volume 1,Total 1 volume 1,Total 2 volume 1,Total 3 volume 1,Total 4 volume 1,Total 5 volume 1,Total 6 volume 1
0,2.5802946377090512e+17,4.046693236393797e+18,1.1018915844204802e+17,1.9011722470774906e+17,416529714186143.0,2740010224399005.5,2.5850871723864092e+16,3.4593499778106537e+18
