t(s),Total solute volume 1,Total retention volume 1,Total 1 volume 1,Total 2 volume 1,Total 3 volume 1,Total 4 volume 1,Total 5 volume 1,Total 6 volume 1
0,4.408003339419685e+17,1.285159308405975e+18,1.1018915844204802e+17,3.247827274525352e+17,42699846116473.36,182044434706789.84,2130571075238937.8,4.070317732133686e+17
