t(s),Total solute volume 1,Total retention volume 1,Total 1 volume 1,Total 2 volume 1,Total 3 volume 1,Total 4 volume 1,Total 5 volume 1,Total 6 volume 1
0,3.5302772118780864e+17,6.782618189059322e+18,2.2173507663096877e+17,4.247125719959892e+17,698947967461545.0,5185343800800384.0,5.709446817380814e+16,5.720164059302496e+18
