t(s),Total solute volume 1,Total retention volume 1,Total 1 volume 1,Total 2 volume 1,Total 3 volume 1,Total 4 volume 1,Total 5 volume 1,Total 6 volume 1
0,6.030890236958341e+17,2.113332747905962e+18,2.2173507663096877e+17,7.255463282409612e+17,71645782085728.98,344396947567645.4,4683522082582395.0,5.57862754525964e+17
