t(s),Total solute volume 1,Total retention volume 1,Total 1 volume 1,Total 2 volume 1,Total 3 volume 1,Total 4 volume 1,Total 5 volume 1,Total 6 volume 1
0,3.027606909858182e+18,5.688832179445609e+19,8.108748995498785e+18,4.539357696078196e+19,2593449850256660.0,1.942158629898551e+16,8.203574915141771e+16,2.5433814301640074e+17
