t(s),Total solute volume 1,Total retention volume 1,Total 1 volume 1,Total 2 volume 1,Total 3 volume 1,Total 4 volume 1,Total 5 volume 1,Total 6 volume 1
0,1.772257703331625e+18,4.1556121644018565e+19,8.108748995498784e+18,2.6581741941542703e+19,2.544456436574754e+16,3.151273136627096e+17,1.574125434012476e+18,3.178675691604493e+18
