t(s),Total solute volume 1,Total retention volume 1,Total 1 volume 1,Total 2 volume 1,Total 3 volume 1,Total 4 volume 1,Total 5 volume 1,Total 6 volume 1
0,1.806632037606207e+18,1.7922411575196332e+19,2.563088576888768e+18,1.2087386361672243e+19,2731263011420677.0,1.936660520375154e+16,2.312880038804778e+17,1.2119187269334979e+18
