t(s),Total solute volume 1,Total retention volume 1,Total 1 volume 1,Total 2 volume 1,Total 3 volume 1,Total 4 volume 1,Total 5 volume 1,Total 6 volume 1
0,1.0575407049402066e+18,2.9720804459146076e+19,2.563088576888768e+18,7.076244436375885e+18,2.667563369658603e+16,2.9592225020217286e+17,3.580274566918016e+18,1.5121058290124394e+19
