t(s),Total solute volume 1,Total retention volume 1,Total 1 volume 1,Total 2 volume 1,Total 3 volume 1,Total 4 volume 1,Total 5 volume 1,Total 6 volume 1
0,8.394286150660815e+17,2.580665056993345e+19,1.531053857194819e+18,3.913959566691929e+18,1.545739011891673e+16,1.586047766050986e+17,2.191825383341895e+18,1.715632098091477e+19
