t(s),Total solute volume 1,Total retention volume 1,Total 1 volume 1,Total 2 volume 1,Total 3 volume 1,Total 4 volume 1,Total 5 volume 1,Total 6 volume 1
0,4.920172616987362e+16,7.0721817423225464e+16,2733248773475387.0,2714355750467661.0,28281328746508.883,98331247586402.7,397739794828647.75,1.5548134358247014e+16
