t(s),Total solute volume 1,Total retention volume 1,Total 1 volume 1,Total 2 volume 1,Total 3 volume 1,Total 4 volume 1,Total 5 volume 1,Total 6 volume 1
0,8.405294887353384e+16,9.35924037529304e+16,2733248773475387.0,4637024230775944.0,2902737901061.386,6544689675654.628,32892136358107.07,2126842311209578.2
