t(s),Total solute volume 1,Total retention volume 1,Total 1 volume 1,Total 2 volume 1,Total 3 volume 1,Total 4 volume 1,Total 5 volume 1,Total 6 volume 1
0,1.2104370031327629e+17,7.739670673012966e+17,2.0362204049155636e+16,2.7298126560537492e+16,217619355500148.8,1069916222659798.0,6864927171887515.0,5.971105736282802e+17
