t(s),Total solute volume 1,Total retention volume 1,Total 1 volume 1,Total 2 volume 1,Total 3 volume 1,Total 4 volume 1,Total 5 volume 1,Total 6 volume 1
0,2.067829880351787e+17,3.556237295912696e+17,2.0362204049155636e+16,4.663428171230368e+16,22322177609480.01,71150118844169.2,567247910128454.0,8.11835355880492e+16
