t(s),Total solute volume 1,Total retention volume 1,Total 1 volume 1,Total 2 volume 1,Total 3 volume 1,Total 4 volume 1,Total 5 volume 1,Total 6 volume 1
0,6.1151907207788056e+16,1.0285832012456037e+17,4439458008290587.5,4740171994361015.0,39008479630258.33,147477860248764.06,666843643854990.8,3.1673452930387196e+16
