t(s),Total solute volume 1,Total retention volume 1,Total 1 volume 1,Total 2 volume 1,Total 3 volume 1,Total 4 volume 1,Total 5 volume 1,Total 6 volume 1
0,1.0446784147997133e+17,1.2140486317167443e+17,4439458008290587.5,8097793286123659.0,4002276580754.5728,9810819425601.453,55122681251626.26,4330834620030199.0
