t(s),Total solute volume 1,Total retention volume 1,Total 1 volume 1,Total 2 volume 1,Total 3 volume 1,Total 4 volume 1,Total 5 volume 1,Total 6 volume 1
0,2.600924566469286e+19,2.041549091332512e+22,3.1834588077439205e+21,1.7201685979806866e+22,1.2008377801952044e+18,1.1282189067824315e+18,7.529281328993837e+17,1.2548952898599432e+18
