t(s),Total solute volume 1,Total retention volume 1,Total 1 volume 1,Total 2 volume 1,Total 3 volume 1,Total 4 volume 1,Total 5 volume 1,Total 6 volume 1
0,4.443246134384989e+19,2.690937174321672e+22,3.1834588077439205e+21,2.3681226433136985e+22,7.336139525128917e+16,4.389490925472449e+16,3.639215110894672e+16,1.0039253620682723e+17
