t(s),Total solute volume 1,Total retention volume 1,Total 1 volume 1,Total 2 volume 1,Total 3 volume 1,Total 4 volume 1,Total 5 volume 1,Total 6 volume 1
0,1.8614795258035258e+17,2.5055814578710445e+17,1.6105550931134632e+16,3.561535913744106e+16,4153567795762.784,12714540557472.42,96055007628526.86,1.2576360022195004e+16
