t(s),Total solute volume 1,Total retention volume 1,Total 1 volume 1,Total 2 volume 1,Total 3 volume 1,Total 4 volume 1,Total 5 volume 1,Total 6 volume 1
0,1.0896465516898744e+17,2.3964415217162128e+17,1.6105550931134632e+16,2.0848021191923476e+16,40515191259627.5,191335787530016.0,1163160864302050.5,9.233091303648254e+16
