t(s),Total solute volume 1,Total retention volume 1,Total 1 volume 1,Total 2 volume 1,Total 3 volume 1,Total 4 volume 1,Total 5 volume 1,Total 6 volume 1
0,9.391538505657402e+16,2.2321378985371203e+17,1.1560640218829556e+16,1.4241472081799574e+16,58132267451182.04,259259968439022.75,1460545911045889.8,1.0171835434957221e+17
