t(s),Total solute volume 1,Total retention volume 1,Total 1 volume 1,Total 2 volume 1,Total 3 volume 1,Total 4 volume 1,Total 5 volume 1,Total 6 volume 1
0,1.6043878280498112e+17,2.1035414177655485e+17,1.1560640218829554e+16,2.4329176620616796e+16,5960999795304.25,17233588202660.887,120648741778291.22,1.388169880235234e+16
