t(s),Total solute volume 1,Total retention volume 1,Total 1 volume 1,Total 2 volume 1,Total 3 volume 1,Total 4 volume 1,Total 5 volume 1,Total 6 volume 1
0,6.8888290702006904e+16,1.5406055723059456e+17,5790815030907821.0,6433524569071775.0,70868800883767.02,280464873605055.25,1348120968588178.2,7.124847228553022e+16
