t(s),Total solute volume 1,Total retention volume 1,Total 1 volume 1,Total 2 volume 1,Total 3 volume 1,Total 4 volume 1,Total 5 volume 1,Total 6 volume 1
0,1.5746764332366418e+19,7.379347033792205e+21,1.0530177027067483e+21,6.302159391947708e+21,2.11201932595837e+18,2.2639653064815296e+18,1.5176414193163932e+18,2.529548753595821e+18
