t(s),Total solute volume 1,Total retention volume 1,Total 1 volume 1,Total 2 volume 1,Total 3 volume 1,Total 4 volume 1,Total 5 volume 1,Total 6 volume 1
0,2.6900722401125917e+19,1.0973439460756058e+22,1.0530177027067483e+21,9.89302102912233e+21,1.3603417152167568e+17,8.824851232190842e+16,7.335623106440229e+16,2.0236761090446454e+17
