t(s),Total solute volume 1,Total retention volume 1,Total 1 volume 1,Total 2 volume 1,Total 3 volume 1,Total 4 volume 1,Total 5 volume 1,Total 6 volume 1
0,1.0860966694806053e+17,1.2643826832998197e+17,4841705944743442.0,8946718178722158.0,3429900944144.4194,8534403113499.294,48916666022963.88,3979296288375696.5
