t(s),Total solute volume 1,Total retention volume 1,Total 1 volume 1,Total 2 volume 1,Total 3 volume 1,Total 4 volume 1,Total 5 volume 1,Total 6 volume 1
0,6.357639040862142e+16,1.0351764244561238e+17,4841705944743442.0,5237103708245424.0,33437481285125.668,128331030016302.6,591925020495603.5,2.9108748852205172e+16
