t(s),Total solute volume 1,Total retention volume 1,Total 1 volume 1,Total 2 volume 1,Total 3 volume 1,Total 4 volume 1,Total 5 volume 1,Total 6 volume 1
0,5.599791014061281e+17,6.726267473535549e+18,6.205788698891987e+17,1.3862391755847913e+18,1174653656940895.8,1.0387142377032544e+16,1.3879070140674851e+17,4.009117829214716e+18
