t(s),Total solute volume 1,Total retention volume 1,Total 1 volume 1,Total 2 volume 1,Total 3 volume 1,Total 4 volume 1,Total 5 volume 1,Total 6 volume 1
0,9.566309649021271e+17,4.2887671638736333e+18,6.205788698891987e+17,2.368112616809924e+18,120384154404418.75,688818511328182.0,1.1044669303449154e+16,3.315908403032165e+17
