t(s),Total solute volume 1,Total retention volume 1,Total 1 volume 1,Total 2 volume 1,Total 3 volume 1,Total 4 volume 1,Total 5 volume 1,Total 6 volume 1
0,4.566829557989454e+18,3.7904525591675024e+20,6.696388307350977e+19,2.9943637271575534e+20,3.940400991860814e+17,2.2698510279799918e+18,2.0233063230624566e+18,3.390973119268368e+18
