t(s),Total solute volume 1,Total retention volume 1,Total 1 volume 1,Total 2 volume 1,Total 3 volume 1,Total 4 volume 1,Total 5 volume 1,Total 6 volume 1
0,7.801667161565198e+18,5.846718744087134e+20,6.696388307350977e+19,5.094009276905077e+20,3.731872865163071e+16,9.876947936010091e+16,9.802174570668285e+16,2.71286529412737e+17
