t(s),Total solute volume 1,Total retention volume 1,Total 1 volume 1,Total 2 volume 1,Total 3 volume 1,Total 4 volume 1,Total 5 volume 1,Total 6 volume 1
0,2.5802946377090512e+17,4.918650861696181e+18,1.1018915844204802e+17,1.9011722470774906e+17,520641375154603.9,3424830286287889.0,3.2312120363953264e+16,4.3240574227500723e+18
