t(s),Total solute volume 1,Total retention volume 1,Total 1 volume 1,Total 2 volume 1,Total 3 volume 1,Total 4 volume 1,Total 5 volume 1,Total 6 volume 1
0,4.408003339419685e+17,1.3875047439735534e+18,1.1018915844204802e+17,3.247827274525352e+17,53374672786678.34,227555056528964.9,2663207745901428.5,5.087883866617836e+17
