t(s),Total solute volume 1,Total retention volume 1,Total 1 volume 1,Total 2 volume 1,Total 3 volume 1,Total 4 volume 1,Total 5 volume 1,Total 6 volume 1
0,7.49048861694545e+16,1.3695628141310891e+17,6980090150537523.0,7974287186130815.0,39462652150047.75,161326486368276.03,809353035381751.2,4.608687573308657e+16
