t(s),Total solute volume 1,Total retention volume 1,Total 1 volume 1,Total 2 volume 1,Total 3 volume 1,Total 4 volume 1,Total 5 volume 1,Total 6 volume 1
0,6.1151907207788056e+16,9.124757000071813e+16,4439458008290587.5,4740171994361016.0,25086220882256.74,94854364701782.08,428867223358367.7,2.0367224981336716e+16
