t(s),Total solute volume 1,Total retention volume 1,Total 1 volume 1,Total 2 volume 1,Total 3 volume 1,Total 4 volume 1,Total 5 volume 1,Total 6 volume 1
0,1.0446784147997133e+17,1.1983358553522683e+17,4439458008290587.5,8097793286123659.0,2572952824469.815,6307081417665.24,35436767473768.33,2784175959125161.5
