t(s),Total solute volume 1,Total retention volume 1,Total 1 volume 1,Total 2 volume 1,Total 3 volume 1,Total 4 volume 1,Total 5 volume 1,Total 6 volume 1
0,6.639539189064714e+18,9.481835689318433e+20,1.542273968290348e+20,7.742999917924197e+20,1.3674491890245507e+18,3.9451612890059704e+18,2.8865980807313966e+18,4.817432562556241e+18
