t(s),Total solute volume 1,Total retention volume 1,Total 1 volume 1,Total 2 volume 1,Total 3 volume 1,Total 4 volume 1,Total 5 volume 1,Total 6 volume 1
0,1.1342546114652189e+19,1.4749433886020366e+21,1.542273968290348e+20,1.308572353258079e+21,1.1670483974110779e+17,1.593837333080807e+17,1.3960280300520107e+17,3.854010242229413e+17
