t(s),Total solute volume 1,Total retention volume 1,Total 1 volume 1,Total 2 volume 1,Total 3 volume 1,Total 4 volume 1,Total 5 volume 1,Total 6 volume 1
0,1.2104370031327629e+17,4.002124989185454e+17,2.036220404915564e+16,2.729812656053749e+16,83247338263495.11,409347901897376.4,2626261270592758.5,2.2838961148482294e+17
