t(s),Total solute volume 1,Total retention volume 1,Total 1 volume 1,Total 2 volume 1,Total 3 volume 1,Total 4 volume 1,Total 5 volume 1,Total 6 volume 1
0,2.067829880351787e+17,3.050738490574205e+17,2.0362204049155636e+16,4.663428171230368e+16,8535209784682.983,27205157663783.87,216894883489687.47,3.1041740009844548e+16
