t(s),Total solute volume 1,Total retention volume 1,Total 1 volume 1,Total 2 volume 1
0,9.688003471877627e+16,1.0730630818326414e+17,3752113566455123.5,6674159898032270.0
