t(s),Total solute volume 1,Total retention volume 1,Total 1 volume 1,Total 2 volume 1
0,5.67102642256257e+16,6.43692033120062e+16,3752113566455123.5,3906825519925697.5
