t(s),Total solute volume 1,Total retention volume 1,Total 1 volume 1,Total 2 volume 1,Total 3 volume 1,Total 4 volume 1,Total 5 volume 1,Total 6 volume 1
0,1.6043878280498112e+17,2.1298384129191277e+17,1.1560640218829554e+16,2.4329176620616796e+16,7078650383122.829,20464795720477.246,143269704512551.06,1.6484428496869298e+16
