t(s),Total solute volume 1,Total retention volume 1,Total 1 volume 1,Total 2 volume 1,Total 3 volume 1,Total 4 volume 1,Total 5 volume 1,Total 6 volume 1
0,9.391538505657402e+16,2.4261165473701984e+17,1.1560640218829556e+16,1.4241472081799574e+16,69026392519857.61,307837406017979.5,1734235735819944.8,1.2078305784546029e+17
