t(s),Total solute volume 1,Total retention volume 1,Total 1 volume 1,Total 2 volume 1,Total 3 volume 1,Total 4 volume 1,Total 5 volume 1,Total 6 volume 1
0,2.0861979911880643e+17,1.687817872885872e+18,6.858169948084933e+16,1.1023516579767e+17,194357585994719.34,1178267963533267.8,9983220515683400.0,1.2890253624233313e+18
