t(s),Total solute volume 1,Total retention volume 1,Total 1 volume 1,Total 2 volume 1,Total 3 volume 1,Total 4 volume 1,Total 5 volume 1,Total 6 volume 1
0,3.563921568279588e+17,7.79029322041495e+17,6.858169948084933e+16,1.8831811750643e+17,19924045694145.887,78286953578404.14,823699922297082.1,1.6481543730468858e+17
