t(s),Total solute volume 1,Total retention volume 1,Total 1 volume 1,Total 2 volume 1,Total 3 volume 1,Total 4 volume 1,Total 5 volume 1,Total 6 volume 1
0,5.556772250990977e+17,3.3558385566518344e+18,1.8471874136236307e+17,5.881523663147372e+17,232734417924946.1,1084287184488209.0,1.4197172981065018e+16,2.0117760292921503e+18
