t(s),Total solute volume 1,Total retention volume 1,Total 1 volume 1,Total 2 volume 1,Total 3 volume 1,Total 4 volume 1,Total 5 volume 1,Total 6 volume 1
0,3.2527447322874304e+17,2.0661434910776308e+19,1.8471874136236307e+17,3.4428597201944646e+17,2269733058950062.0,1.631680856413829e+16,1.7270029947696867e+17,1.961586888306567e+19
