t(s),Total solute volume 1,Total retention volume 1,Total 1 volume 1,Total 2 volume 1,Total 3 volume 1,Total 4 volume 1,Total 5 volume 1,Total 6 volume 1
0,2.0104438942510703e+19,1.2471683385370752e+22,1.8076337742290045e+21,1.0636512866415753e+22,1.9882979559608896e+18,1.9567535409248028e+18,1.3076979170180685e+18,2.1795563695777672e+18
