t(s),Total solute volume 1,Total retention volume 1,Total 1 volume 1,Total 2 volume 1,Total 3 volume 1,Total 4 volume 1,Total 5 volume 1,Total 6 volume 1
0,1.6043878280498112e+17,1.998350606611046e+17,1.1560640218829554e+16,2.4329176620616796e+16,1490281001256.732,4308473069337.7607,30162755015211.484,3470499507592417.0
