t(s),Total solute volume 1,Total retention volume 1,Total 1 volume 1,Total 2 volume 1,Total 3 volume 1,Total 4 volume 1,Total 5 volume 1,Total 6 volume 1
0,1.8614795258035258e+17,2.965540517952733e+17,1.6105550931134632e+16,3.561535913744106e+16,19209381386756.52,58802495815021.7,444236183798236.06,5.8162941085344104e+16
