t(s),Total solute volume 1,Total retention volume 1,Total 1 volume 1,Total 2 volume 1,Total 3 volume 1,Total 4 volume 1,Total 5 volume 1,Total 6 volume 1
0,1.0896465516898744e+17,5.79165273018864e+17,1.6105550931134632e+16,2.0848021191923476e+16,187248931502479.47,884083946754814.1,5375239557551267.0,4.26800473291008e+17
