t(s),Total solute volume 1,Total retention volume 1,Total 1 volume 1,Total 2 volume 1,Total 3 volume 1,Total 4 volume 1,Total 5 volume 1,Total 6 volume 1
0,5.67102642256257e+16,6.780871570955317e+16,3752113566455123.5,3906825519925697.5,4713294307607.863,17315143897830.635,75310413571625.25,3342173545769187.5
