t(s),Total solute volume 1,Total retention volume 1,Total 1 volume 1,Total 2 volume 1,Total 3 volume 1,Total 4 volume 1,Total 5 volume 1,Total 6 volume 1
0,9.688003471877627e+16,1.0777090216400035e+17,3752113566455123.5,6674159898032270.0,483183770145.304,1150565873961.3516,6219361419790.747,456740869673050.06
