t(s),Total solute volume 1,Total retention volume 1,Total 1 volume 1,Total 2 volume 1,Total 3 volume 1,Total 4 volume 1,Total 5 volume 1,Total 6 volume 1
0,1.827745988668061e+17,2.179259099721531e+18,5.1059153534519e+16,7.853065002362187e+16,337468422381106.94,1944307639643099.2,1.540126106365964e+16,1.849211660170882e+18
