t(s),Total solute volume 1,Total retention volume 1,Total 1 volume 1,Total 2 volume 1,Total 3 volume 1,Total 4 volume 1,Total 5 volume 1,Total 6 volume 1
0,3.122399397307938e+17,7.422876083619354e+17,5.1059153534519e+16,1.3415637957682182e+17,34601850871842.85,129223818762168.83,1271484617554793.0,2.4339682523261005e+17
