t(s),Total solute volume 1,Total retention volume 1,Total 1 volume 1,Total 2 volume 1,Total 3 volume 1,Total 4 volume 1,Total 5 volume 1,Total 6 volume 1
0,1.3517038836082043e+17,1.3005139288275812e+18,2.6047523684028044e+16,3.622882322688759e+16,327558396333111.06,1680222249086003.8,1.1408024025288706e+16,1.0896513888851497e+18
