t(s),Total solute volume 1,Total retention volume 1,Total 1 volume 1,Total 2 volume 1,Total 3 volume 1,Total 4 volume 1,Total 5 volume 1,Total 6 volume 1
0,2.3091608011640064e+17,4.675282537221333e+17,2.6047523684028044e+16,6.18908749437171e+16,33601211688009.28,111744984069455.66,942657593780583.8,1.475857711884526e+17
