t(s),Total solute volume 1,Total retention volume 1,Total 1 volume 1,Total 2 volume 1,Total 3 volume 1,Total 4 volume 1,Total 5 volume 1,Total 6 volume 1
0,1.3517038836082043e+17,5.077745980847084e+20,2.6047523684028044e+16,3.622882322688759e+16,1.3781010321074886e+17,6.317184567936526e+17,4.572736875188939e+18,5.02234885914248e+20
