t(s),Total solute volume 1,Total retention volume 1,Total 1 volume 1,Total 2 volume 1,Total 3 volume 1,Total 4 volume 1,Total 5 volume 1,Total 6 volume 1
0,4.751131107528108e+17,2.129336706884368e+18,1.3024520054842829e+17,3.9361074833054605e+17,117782950696076.1,516794976236329.5,6275828208346815.0,1.1234572411173006e+18
