t(s),Total solute volume 1,Total retention volume 1,Total 1 volume 1,Total 2 volume 1,Total 3 volume 1,Total 4 volume 1,Total 5 volume 1,Total 6 volume 1
0,2.781149916601816e+17,1.066978658005498e+19,1.3024520054842829e+17,2.3040703518610144e+17,1148750151478346.2,7776836574408674.0,7.61815439209933e+16,9.945912222013405e+18
