t(s),Total solute volume 1,Total retention volume 1,Total 1 volume 1,Total 2 volume 1,Total 3 volume 1,Total 4 volume 1,Total 5 volume 1,Total 6 volume 1
0,9.011205916778291e+16,1.0180143897987643e+17,3192384722575143.5,5543091834178185.0,3493587466224.774,8090577519493.927,42138996022116.6,2900180094332254.5
