t(s),Total solute volume 1,Total retention volume 1,Total 1 volume 1,Total 2 volume 1,Total 3 volume 1,Total 4 volume 1,Total 5 volume 1,Total 6 volume 1
0,5.274852243967814e+16,8.105346728028981e+16,3192384722575143.5,3244736830869188.5,34038872739704.715,121562011946340.97,509571289237726.75,2.1202651113243812e+16
