t(s),Total solute volume 1,Total retention volume 1,Total 1 volume 1,Total 2 volume 1,Total 3 volume 1,Total 4 volume 1,Total 5 volume 1,Total 6 volume 1
0,1.194648755498281e+18,3.3922648494779863e+19,3.364073161464839e+18,9.67235389752105e+18,3.711533766215551e+16,4.271889251581361e+17,4.5029908911204644e+18,1.4724277526354766e+19
