t(s),Total solute volume 1,Total retention volume 1,Total 1 volume 1,Total 2 volume 1,Total 3 volume 1,Total 4 volume 1,Total 5 volume 1,Total 6 volume 1
0,2.0408582906428972e+18,2.3410459430116848e+19,3.3640731614648397e+18,1.6521366587680283e+19,3798109957954254.0,2.7753733885485256e+16,2.733926923435643e+17,1.179216854141901e+18
