t(s),Total solute volume 1,Total retention volume 1,Total 1 volume 1,Total 2 volume 1,Total 3 volume 1,Total 4 volume 1,Total 5 volume 1,Total 6 volume 1
0,7.158676193942945e+17,3.0737235295903396e+18,3.250257609819086e+17,1.1260624170802307e+18,157573620463130.4,808527916831243.5,1.1837929046377856e+16,8.939637015502303e+17
