t(s),Total solute volume 1,Total retention volume 1,Total 1 volume 1,Total 2 volume 1,Total 3 volume 1,Total 4 volume 1,Total 5 volume 1,Total 6 volume 1
0,4.1904446013324595e+17,1.15626778493229e+19,3.250257609819086e+17,6.591645730832125e+17,1537225649448078.8,1.217668591489302e+16,1.4518238762555587e+17,1.0000546755934636e+19
