t(s),Total solute volume 1,Total retention volume 1,Total 1 volume 1,Total 2 volume 1,Total 3 volume 1,Total 4 volume 1,Total 5 volume 1,Total 6 volume 1
0,5.483142302296937e+18,5.956164066347728e+20,1.00671705467033e+20,4.768663777774812e+20,9.121266001413384e+17,3.758326581486891e+18,2.966637405830379e+18,4.95809050050062e+18
