t(s),Total solute volume 1,Total retention volume 1,Total 1 volume 1,Total 2 volume 1,Total 3 volume 1,Total 4 volume 1,Total 5 volume 1,Total 6 volume 1
0,1.5746764332366418e+19,7.371810530969647e+21,1.0530177027067483e+21,6.302159391947708e+21,2.2232312037756067e+17,2.383197224996564e+17,1.5975606717797443e+17,2.6627307279386458e+17
