t(s),Total solute volume 1,Total retention volume 1,Total 1 volume 1,Total 2 volume 1,Total 3 volume 1,Total 4 volume 1,Total 5 volume 1,Total 6 volume 1
0,2.6900722401125917e+19,1.0972992085736863e+22,1.0530177027067483e+21,9.893021029122267e+21,1.4319408082225142e+16,9289328954577318.0,7721719018981259.0,2.130105062980002e+16
