t(s),Total solute volume 1,Total retention volume 1,Total 1 volume 1,Total 2 volume 1,Total 3 volume 1,Total 4 volume 1,Total 5 volume 1,Total 6 volume 1
0,3.2527447322874304e+17,8.473976894352295e+18,1.8471874136236307e+17,3.4428597201944646e+17,873210262707978.1,6277962076826945.0,6.644366324230918e+16,7.546102872159934e+18
