t(s),Total solute volume 1,Total retention volume 1,Total 1 volume 1,Total 2 volume 1,Total 3 volume 1,Total 4 volume 1,Total 5 volume 1,Total 6 volume 1
0,5.556772250990977e+17,2.1082891417890092e+18,1.8471874136236307e+17,5.881523663147372e+17,89514770571016.58,417039579885886.4,5460535889924775.0,7.737737187724285e+17
