t(s),Total solute volume 1,Total retention volume 1,Total 1 volume 1,Total 2 volume 1,Total 3 volume 1,Total 4 volume 1,Total 5 volume 1,Total 6 volume 1
0,2.0861979911880643e+17,5.587314954210273e+18,6.858169948084933e+16,1.1023516579767e+17,777105506861783.9,4710441506868704.0,3.9913862269343336e+16,5.154476880529869e+18
