t(s),Total solute volume 1,Total retention volume 1,Total 1 volume 1,Total 2 volume 1,Total 3 volume 1,Total 4 volume 1,Total 5 volume 1,Total 6 volume 1
0,3.563921568279588e+17,1.276223221606927e+18,6.858169948084933e+16,1.8831811750643e+17,79694072687877.52,313140793579267.2,3294720631945136.5,6.592436922934826e+17
