t(s),Total solute volume 1,Total retention volume 1,Total 1 volume 1,Total 2 volume 1
0,4.566829557989454e+18,3.70967085347254e+20,6.696388307350977e+19,2.9943637271575534e+20
