t(s),Total solute volume 1,Total retention volume 1,Total 1 volume 1,Total 2 volume 1
0,7.801667161565198e+18,5.8416647792558146e+20,6.696388307350977e+19,5.094009276905077e+20
