t(s),Total solute volume 1,Total retention volume 1,Total 1 volume 1,Total 2 volume 1,Total 3 volume 1,Total 4 volume 1,Total 5 volume 1,Total 6 volume 1
0,7.772197376133865e+19,5.045245246316248e+22,1.0574109797244612e+22,3.980048746435126e+22,3.9045653849392856e+16,2.288985607064574e+16,1.896766910761032e+16,5.2324626142870104e+16
