t(s),Total solute volume 1,Total retention volume 1,Total 1 volume 1,Total 2 volume 1,Total 3 volume 1,Total 4 volume 1,Total 5 volume 1,Total 6 volume 1
0,4.5495789518832886e+19,4.520297710296775e+22,1.0574109797244612e+22,3.4581088036988603e+22,6.484414225628348e+17,5.885515890601473e+17,3.924314773803441e+17,6.540547266372613e+17
