t(s),Total solute volume 1,Total retention volume 1,Total 1 volume 1,Total 2 volume 1,Total 3 volume 1,Total 4 volume 1,Total 5 volume 1,Total 6 volume 1
0,1.1562292854379274e+18,6.482140823118752e+18,9.470815640223638e+17,3.849586369903471e+18,306215915517225.56,1877763125880629.5,3.0455035340481108e+16,4.9660458937313555e+17
