t(s),Total solute volume 1,Total retention volume 1,Total 1 volume 1,Total 2 volume 1,Total 3 volume 1,Total 4 volume 1,Total 5 volume 1,Total 6 volume 1
0,6.768171426953814e+17,1.0425312115326996e+19,9.470815640223639e+17,2.2534875290841032e+18,2988284089872843.5,2.836177459380549e+16,3.960398027099121e+17,6.120536018131558e+18
