t(s),Total solute volume 1,Total retention volume 1,Total 1 volume 1,Total 2 volume 1,Total 3 volume 1,Total 4 volume 1,Total 5 volume 1,Total 6 volume 1
0,7.523525865105635e+17,2.3852811900656595e+19,1.1991975012111887e+18,2.955764414391274e+18,1.1350495145236024e+16,1.1198099750085637e+17,1.572106693199441e+18,1.7250059212698028e+19
