t(s),Total solute volume 1,Total retention volume 1,Total 1 volume 1,Total 2 volume 1,Total 3 volume 1,Total 4 volume 1,Total 5 volume 1,Total 6 volume 1
0,1.2852690019555497e+18,9.051828632986856e+18,1.1991975012111887e+18,5.049221861376426e+18,1163096917550810.5,7404196337733509.0,1.1745707031477786e+17,1.3921159048735923e+18
