t(s),Total solute volume 1,Total retention volume 1,Total 1 volume 1,Total 2 volume 1,Total 3 volume 1,Total 4 volume 1,Total 5 volume 1,Total 6 volume 1
0,9.688003471877627e+16,1.0858391862769056e+17,3752113566455123.5,6674159898032270.0,1328732192634.6597,3164009423661.168,17102973566298.14,1256014729243206.0
