t(s),Total solute volume 1,Total retention volume 1,Total 1 volume 1,Total 2 volume 1,Total 3 volume 1,Total 4 volume 1,Total 5 volume 1,Total 6 volume 1
0,5.67102642256257e+16,7.3825868542287e+16,3752113566455123.5,3906825519925697.5,12957991315263.432,47599137049027.81,207038648659046.94,9189069453258236.0
