t(s),Total solute volume 1,Total retention volume 1,Total 1 volume 1,Total 2 volume 1
0,1.194648755498281e+18,1.4231075814484394e+19,3.364073161464839e+18,9.67235389752105e+18
