t(s),Total solute volume 1,Total retention volume 1,Total 1 volume 1,Total 2 volume 1
0,2.0408582906428972e+18,2.1926298039787913e+19,3.3640731614648397e+18,1.6521366587680283e+19
