t(s),Total solute volume 1,Total retention volume 1,Total 1 volume 1,Total 2 volume 1,Total 3 volume 1,Total 4 volume 1,Total 5 volume 1,Total 6 volume 1
0,1.612352649698545e+17,2.45797982365986e+18,3.860071170759496e+16,5.693890508297374e+16,485642852767986.3,2665974372286636.5,1.9809356402383764e+16,2.1782439682720028e+18
