t(s),Total solute volume 1,Total retention volume 1,Total 1 volume 1,Total 2 volume 1,Total 3 volume 1,Total 4 volume 1,Total 5 volume 1,Total 6 volume 1
0,2.7544357765683786e+17,7.046646716819478e+17,3.860071170759496e+16,9.727055195100429e+16,49812875958673.92,177278391019183.84,1636425068672426.8,2.914863140308609e+17
