t(s),Total solute volume 1,Total retention volume 1,Total 1 volume 1,Total 2 volume 1,Total 3 volume 1,Total 4 volume 1,Total 5 volume 1,Total 6 volume 1
0,4.0983010737537254e+17,1.2523541734479506e+18,9.36616297076456e+16,2.6944503277455203e+17,51410717654185.164,213139918967491.0,2405698083222286.0,4.767471548705436e+17
