t(s),Total solute volume 1,Total retention volume 1,Total 1 volume 1,Total 2 volume 1,Total 3 volume 1,Total 4 volume 1,Total 5 volume 1,Total 6 volume 1
0,2.399005506587524e+17,4.4395825476827105e+18,9.36616297076456e+16,1.5772427002204848e+17,501463983310531.94,3207616936679113.0,2.9172288812211108e+16,3.915414727562043e+18
