t(s),Total solute volume 1,Total retention volume 1,Total 1 volume 1,Total 2 volume 1
0,3.8340070142403466e+18,2.4079887889023864e+20,4.533611706929847e+19,1.916287548066981e+20
