t(s),Total solute volume 1,Total retention volume 1,Total 1 volume 1,Total 2 volume 1
0,6.549761982660554e+18,3.783754559802283e+20,4.533611706929847e+19,3.264895769282699e+20
