t(s),Total solute volume 1,Total retention volume 1,Total 1 volume 1,Total 2 volume 1,Total 3 volume 1,Total 4 volume 1,Total 5 volume 1,Total 6 volume 1
0,1.0860966694806053e+17,1.2845819894256651e+17,4841705944743442.0,8946718178722158.0,5144721491085.655,12801330918190.75,73373319768275.77,5968788498863351.0
