t(s),Total solute volume 1,Total retention volume 1,Total 1 volume 1,Total 2 volume 1,Total 3 volume 1,Total 4 volume 1,Total 5 volume 1,Total 6 volume 1
0,6.357639040862142e+16,1.1843522232247717e+17,4841705944743442.0,5237103708245424.0,50136245102896.98,192394160001345.38,887484450223876.0,4.365000740553962e+16
