t(s),Total solute volume 1,Total retention volume 1,Total 1 volume 1,Total 2 volume 1,Total 3 volume 1,Total 4 volume 1,Total 5 volume 1,Total 6 volume 1
0,1.0357694112375635e+17,2.223825836291144e+17,1.4382961689890436e+16,1.830613831100575e+16,40699009629162.71,188489769515424.22,1116471714035534.6,8.477088201128267e+16
