t(s),Total solute volume 1,Total retention volume 1,Total 1 volume 1,Total 2 volume 1,Total 3 volume 1,Total 4 volume 1,Total 5 volume 1,Total 6 volume 1
0,1.7694394108641648e+17,2.3426421810917693e+17,1.4382961689890436e+16,3.1272978263682056e+16,4172541879672.726,12525961693161.785,92203846033968.1,1.1555434719581552e+16
