t(s),Total solute volume 1,Total retention volume 1,Total 1 volume 1,Total 2 volume 1,Total 3 volume 1,Total 4 volume 1,Total 5 volume 1,Total 6 volume 1
0,2.6900722401125917e+19,1.097339998661638e+22,1.0530177027067483e+21,9.89302102912233e+21,1.2529464834600397e+17,8.12815336704298e+16,6.756495781663445e+16,1.8639124624110422e+17
