t(s),Total solute volume 1,Total retention volume 1,Total 1 volume 1,Total 2 volume 1,Total 3 volume 1,Total 4 volume 1,Total 5 volume 1,Total 6 volume 1
0,1.5746764332366418e+19,7.37868206329496e+21,1.0530177027067483e+21,6.302159391947708e+21,1.9452850473116867e+18,2.0852370592154286e+18,1.3978309728027356e+18,2.329851228858537e+18
