t(s),Total solute volume 1,Total retention volume 1,Total 1 volume 1,Total 2 volume 1,Total 3 volume 1,Total 4 volume 1,Total 5 volume 1,Total 6 volume 1
0,3.434508319345575e+19,1.7657180532705465e+22,1.8076337742290042e+21,1.581487631351659e+22,9.205998602977629e+16,5.664358914975865e+16,4.700043244915075e+16,1.2965775906023597e+17
