t(s),Total solute volume 1,Total retention volume 1,Total 1 volume 1,Total 2 volume 1,Total 3 volume 1,Total 4 volume 1,Total 5 volume 1,Total 6 volume 1
0,2.0104438942510703e+19,1.2469777691587243e+22,1.8076337742290042e+21,1.0636512866415753e+22,1.4784866647610737e+18,1.45503329867485e+18,9.723972790085399e+17,1.6206947575336335e+18
