t(s),Total solute volume 1,Total retention volume 1,Total 1 volume 1,Total 2 volume 1,Total 3 volume 1,Total 4 volume 1,Total 5 volume 1,Total 6 volume 1
0,2.781149916601816e+17,3.863608168401169e+18,1.3024520054842829e+17,2.3040703518610144e+17,369329530548719.56,2500497029299282.0,2.4493608665666656e+16,3.1974775057809464e+18
