t(s),Total solute volume 1,Total retention volume 1,Total 1 volume 1,Total 2 volume 1,Total 3 volume 1,Total 4 volume 1,Total 5 volume 1,Total 6 volume 1
0,4.751131107528108e+17,1.3623072135812099e+18,1.3024520054842829e+17,3.9361074833054605e+17,37859379748691.945,166114804188170.3,2017258220809091.2,3.611169215446844e+17
