t(s),Total solute volume 1,Total retention volume 1,Total 1 volume 1,Total 2 volume 1,Total 3 volume 1,Total 4 volume 1,Total 5 volume 1,Total 6 volume 1
0,8.175062817381762e+16,1.967357172838104e+17,8483748054658170.0,9978813516605722.0,69279032949373.24,292886084171075.25,1536817459263815.5,9.46235449623453e+16
