t(s),Total solute volume 1,Total retention volume 1,Total 1 volume 1,Total 2 volume 1,Total 3 volume 1,Total 4 volume 1,Total 5 volume 1,Total 6 volume 1
0,1.3965732313027035e+17,1.7826909311270432e+17,8483748054658170.0,1.7047137375161364e+16,7106332433026.6455,19477523793449.51,126999228847941.89,1.2927301467538662e+16
