t(s),Total solute volume 1,Total retention volume 1,Total 1 volume 1,Total 2 volume 1,Total 3 volume 1,Total 4 volume 1,Total 5 volume 1,Total 6 volume 1
0,4.0983010737537254e+17,1.5061573342069243e+18,9.36616297076456e+16,2.6944503277455203e+17,78627528516234.62,325976495310898.06,3679276323692414.0,7.291366840018404e+17
