t(s),Total solute volume 1,Total retention volume 1,Total 1 volume 1,Total 2 volume 1,Total 3 volume 1,Total 4 volume 1,Total 5 volume 1,Total 6 volume 1
0,2.399005506587524e+17,6.529280473235689e+18,9.36616297076456e+16,1.5772427002204848e+17,766848245292126.1,4904941100441911.0,4.4610030992873736e+16,5.987712202508656e+18
