t(s),Total solute volume 1,Total retention volume 1,Total 1 volume 1,Total 2 volume 1,Total 3 volume 1,Total 4 volume 1,Total 5 volume 1,Total 6 volume 1
0,1.806632037606207e+18,1.6989948485223471e+19,2.563088576888768e+18,1.2087386361672243e+19,993192948391126.0,7042440312087312.0,8.410521974450563e+16,4.407006560512921e+17
