t(s),Total solute volume 1,Total retention volume 1,Total 1 volume 1,Total 2 volume 1,Total 3 volume 1,Total 4 volume 1,Total 5 volume 1,Total 6 volume 1
0,1.0575407049402066e+18,1.7615255014935691e+19,2.563088576888768e+18,7.076244436375885e+18,9701217152219154.0,1.0762271387181157e+17,1.3020689960393464e+18,5.498988369667429e+18
