t(s),Total solute volume 1,Total retention volume 1,Total 1 volume 1,Total 2 volume 1,Total 3 volume 1,Total 4 volume 1,Total 5 volume 1,Total 6 volume 1
0,1.3965732313027035e+17,1.8430597002328054e+17,8483748054658170.0,1.7047137375161364e+16,10385939173864.615,28466595464962.195,185610386754625.75,1.8893298541796652e+16
