t(s),Total solute volume 1,Total retention volume 1,Total 1 volume 1,Total 2 volume 1,Total 3 volume 1,Total 4 volume 1,Total 5 volume 1,Total 6 volume 1
0,8.175062817381762e+16,2.4124554777452077e+17,8483748054658170.0,9978813516605722.0,101217221897849.73,427856802278720.06,2245188634193219.0,1.3825809537106856e+17
