t(s),Total solute volume 1,Total retention volume 1,Total 1 volume 1,Total 2 volume 1,Total 3 volume 1,Total 4 volume 1,Total 5 volume 1,Total 6 volume 1
0,2.399005506587524e+17,2.813986046738499e+18,9.36616297076456e+16,1.5772427002204848e+17,295007738677180.8,1887080653935686.8,1.7162088116256526e+16,2.3033554198411807e+18
