t(s),Total solute volume 1,Total retention volume 1,Total 1 volume 1,Total 2 volume 1,Total 3 volume 1,Total 4 volume 1,Total 5 volume 1,Total 6 volume 1
0,8.957740053321614e+16,2.3036063760361664e+17,1.040317029189783e+16,1.2615155834536546e+16,71908678558279.44,314900629708481.6,1731571188834069.0,1.1564653044686742e+17
