t(s),Total solute volume 1,Total retention volume 1,Total 1 volume 1,Total 2 volume 1,Total 3 volume 1,Total 4 volume 1,Total 5 volume 1,Total 6 volume 1
0,5.599791014061281e+17,2.682624616277396e+19,6.205788698891987e+17,1.3862391755847913e+18,6850629273081511.0,6.057374395288758e+16,8.094080904039603e+17,2.338261655226389e+19
