t(s),Total solute volume 1,Total retention volume 1,Total 1 volume 1,Total 2 volume 1,Total 3 volume 1,Total 4 volume 1,Total 5 volume 1,Total 6 volume 1
0,9.566309649021271e+17,5.948720998443303e+18,6.205788698891987e+17,2.368112616809924e+18,702231051445189.2,4018060261997388.5,6.442641869540137e+16,1.9342518368332196e+18
