t(s),Total solute volume 1,Total retention volume 1,Total 1 volume 1,Total 2 volume 1,Total 3 volume 1,Total 4 volume 1,Total 5 volume 1,Total 6 volume 1
0,1.0896465516898744e+17,4.3871850001182125e+17,1.6105550931134632e+16,2.0848021191923476e+16,126556949624888.88,597589879707665.8,3633142482741107.5,2.8844298340770157e+17
