t(s),Total solute volume 1,Total retention volume 1,Total 1 volume 1,Total 2 volume 1,Total 3 volume 1,Total 4 volume 1,Total 5 volume 1,Total 6 volume 1
0,5.88665732355986e+16,7.522849253263117e+16,4077840541915392.0,4299130609532137.0,10244182878379.602,38176012815014.25,169255585602518.5,7767272364289560.0
