t(s),Total solute volume 1,Total retention volume 1,Total 1 volume 1,Total 2 volume 1,Total 3 volume 1,Total 4 volume 1,Total 5 volume 1,Total 6 volume 1
0,7.49048861694545e+16,1.813985493631364e+17,6980090150537523.0,7974287186130815.0,76690931081413.12,313461077394231.94,1572760095415583.5,8.957637375312139e+16
