t(s),Total solute volume 1,Total retention volume 1,Total 1 volume 1,Total 2 volume 1,Total 3 volume 1,Total 4 volume 1,Total 5 volume 1,Total 6 volume 1
0,6.110165178850669e+17,7.1615408680832e+18,7.538773491030418e+17,1.7336694297627313e+18,1427113228782140.5,1.3039493560222766e+16,1.785810316350701e+17,3.8699299329082977e+18
