t(s),Total solute volume 1,Total retention volume 1,Total 1 volume 1,Total 2 volume 1,Total 3 volume 1,Total 4 volume 1,Total 5 volume 1,Total 6 volume 1
0,1.0438198847203212e+18,5.09098689599416e+18,7.538773491030418e+17,2.961613368357028e+18,146248849687215.38,864160156671458.5,1.4023029002590906e+16,3.1664285580482214e+17
