t(s),Total solute volume 1,Total retention volume 1,Total 1 volume 1,Total 2 volume 1,Total 3 volume 1,Total 4 volume 1,Total 5 volume 1,Total 6 volume 1
0,5.556772250990977e+17,1.8483774554681021e+18,1.8471874136236307e+17,5.881523663147372e+17,59676726622246.23,278027226520645.38,3640369030081881.0,5.158510497086759e+17
