t(s),Total solute volume 1,Total retention volume 1,Total 1 volume 1,Total 2 volume 1,Total 3 volume 1,Total 4 volume 1,Total 5 volume 1,Total 6 volume 1
0,3.2527447322874304e+17,5.934294502641806e+18,1.8471874136236307e+17,3.4428597201944646e+17,582172964911992.0,4185622976826182.0,4.429861976705457e+16,5.030948900322438e+18
