t(s),Total solute volume 1,Total retention volume 1,Total 1 volume 1,Total 2 volume 1,Total 3 volume 1,Total 4 volume 1,Total 5 volume 1,Total 6 volume 1
0,7.801667161565198e+18,5.843830757905297e+20,6.696388307350977e+19,5.094009276905076e+20,1.599376151197783e+16,4.232982316966966e+16,4.200936853317651e+16,1.1626491173399317e+17
