t(s),Total solute volume 1,Total retention volume 1,Total 1 volume 1,Total 2 volume 1,Total 3 volume 1,Total 4 volume 1,Total 5 volume 1,Total 6 volume 1
0,4.566829557989454e+18,3.744292352546651e+20,6.696388307350977e+19,2.9943637271575534e+20,1.6887777277244182e+17,9.728198055084808e+17,8.671514463096997e+17,1.4533008828205258e+18
