t(s),Total solute volume 1,Total retention volume 1,Total 1 volume 1,Total 2 volume 1,Total 3 volume 1,Total 4 volume 1,Total 5 volume 1,Total 6 volume 1
0,9.566309649021271e+17,4.3460077495845596e+18,6.205788698891987e+17,2.368112616809924e+18,140448112211724.66,803621267437153.4,1.2885441872978602e+16,3.8685578673068205e+17
