t(s),Total solute volume 1,Total retention volume 1,Total 1 volume 1,Total 2 volume 1,Total 3 volume 1,Total 4 volume 1,Total 5 volume 1,Total 6 volume 1
0,5.599791014061281e+17,7.419484055109103e+18,6.205788698891987e+17,1.3862391755847913e+18,1370418801717680.2,1.2118209152296692e+16,1.6192107542782826e+17,4.677277204847149e+18
