t(s),Total solute volume 1,Total retention volume 1,Total 1 volume 1,Total 2 volume 1,Total 3 volume 1,Total 4 volume 1,Total 5 volume 1,Total 6 volume 1
0,3.004256454956098e+17,1.8027751845676784e+19,1.5471077007747866e+17,2.8081807250400992e+17,1949384334540222.5,1.3593058485480676e+16,1.3836464891970416e+17,1.7137890265859959e+19
