t(s),Total solute volume 1,Total retention volume 1,Total 1 volume 1,Total 2 volume 1,Total 3 volume 1,Total 4 volume 1,Total 5 volume 1,Total 6 volume 1
0,5.132271443883372e+17,3.0079683042342497e+18,1.5471077007747866e+17,4.797289871713226e+17,199895080143138.97,903396362451652.4,1.1389517833065314e+16,1.8478085933214502e+18
