t(s),Total solute volume 1,Total retention volume 1,Total 1 volume 1,Total 2 volume 1,Total 3 volume 1,Total 4 volume 1,Total 5 volume 1,Total 6 volume 1
0,3.841154308419529e+17,9.452455083995625e+18,2.6766928604882394e+17,5.273223096638238e+17,1097005544171083.5,8405495313304281.0,9.631442218882426e+16,8.167531134394732e+18
