t(s),Total solute volume 1,Total retention volume 1,Total 1 volume 1,Total 2 volume 1,Total 3 volume 1,Total 4 volume 1,Total 5 volume 1,Total 6 volume 1
0,6.561971943550011e+17,2.5934925694046735e+18,2.6766928604882394e+17,9.008356262596815e+17,112449688350754.1,558214743462798.6,7881191774892717.0,7.602386065344631e+17
