t(s),Total solute volume 1,Total retention volume 1,Total 1 volume 1,Total 2 volume 1,Total 3 volume 1,Total 4 volume 1,Total 5 volume 1,Total 6 volume 1
0,1.710368165630296e+19,3.981100729455503e+21,3.850111262848306e+20,3.578457514507153e+21,1.1891919129999477e+17,9.843380364705718e+16,8.27478482907259e+16,2.2830616398375754e+17
