t(s),Total solute volume 1,Total retention volume 1,Total 1 volume 1,Total 2 volume 1,Total 3 volume 1,Total 4 volume 1,Total 5 volume 1,Total 6 volume 1
0,1.001191121344553e+19,2.561737841517475e+21,3.850111262848306e+20,2.1580146193043675e+21,1.629348006546039e+18,2.505292842704872e+18,1.711775951593812e+18,2.8537679140128353e+18
