t(s),Total solute volume 1,Total retention volume 1,Total 1 volume 1,Total 2 volume 1,Total 3 volume 1,Total 4 volume 1,Total 5 volume 1,Total 6 volume 1
0,4.751131107528108e+17,1.1200823771965403e+18,1.3024520054842829e+17,3.9361074833054605e+17,12619853689486.828,55371825953016.88,672422325438522.8,1.2037290355967147e+17
