t(s),Total solute volume 1,Total retention volume 1,Total 1 volume 1,Total 2 volume 1,Total 3 volume 1,Total 4 volume 1,Total 5 volume 1,Total 6 volume 1
0,2.781149916601816e+17,1.7137757719815642e+18,1.3024520054842829e+17,2.3040703518610144e+17,123119152809558.16,833583209292651.2,8165240036060904.0,1.065886602188685e+18
