t(s),Total solute volume 1,Total retention volume 1,Total 1 volume 1,Total 2 volume 1,Total 3 volume 1,Total 4 volume 1,Total 5 volume 1,Total 6 volume 1
0,2.781149916601816e+17,1.1744220714587828e+19,1.3024520054842829e+17,2.3040703518610144e+17,1271782455312218.5,8609634377665380.0,8.434021827918421e+16,1.1011231852080978e+19
