t(s),Total solute volume 1,Total retention volume 1,Total 1 volume 1,Total 2 volume 1,Total 3 volume 1,Total 4 volume 1,Total 5 volume 1,Total 6 volume 1
0,4.751131107528108e+17,2.2504444285134472e+18,1.3024520054842829e+17,3.9361074833054605e+17,130402240295152.33,572164706373265.2,6948223295111716.0,1.2438245786398881e+18
