t(s),Total solute volume 1,Total retention volume 1,Total 1 volume 1,Total 2 volume 1,Total 3 volume 1,Total 4 volume 1,Total 5 volume 1,Total 6 volume 1
0,2.0861979911880643e+17,2.843481848309778e+18,6.858169948084933e+16,1.1023516579767e+17,367074420828063.2,2225249087728562.8,1.8854532209487524e+16,2.434598328194412e+18
