t(s),Total solute volume 1,Total retention volume 1,Total 1 volume 1,Total 2 volume 1,Total 3 volume 1,Total 4 volume 1,Total 5 volume 1,Total 6 volume 1
0,8.553063609334184e+16,2.173360915371586e+17,9383807851828776.0,1.1205049428947024e+16,73692558494536.36,317014011564660.94,1702400914827069.0,1.0912349067815237e+17
