t(s),Total solute volume 1,Total retention volume 1,Total 1 volume 1,Total 2 volume 1,Total 3 volume 1,Total 4 volume 1,Total 5 volume 1,Total 6 volume 1
0,1.4611483665945994e+17,1.8971442644556326e+17,9383807851828780.0,1.9141956437258628e+16,7558666643573.255,21080601152765.895,140673759363393.47,1.4904512469857552e+16
