t(s),Total solute volume 1,Total retention volume 1,Total 1 volume 1,Total 2 volume 1,Total 3 volume 1,Total 4 volume 1,Total 5 volume 1,Total 6 volume 1
0,8.553063609334184e+16,1.417223123207705e+17,9383807851828774.0,1.1205049428947024e+16,23593368310799.61,101512003254411.6,545077715045368.3,3.4932635860041004e+16
