t(s),Total solute volume 1,Total retention volume 1,Total 1 volume 1,Total 2 volume 1,Total 3 volume 1,Total 4 volume 1,Total 5 volume 1,Total 6 volume 1
0,1.4611483665945994e+17,1.7946438238021408e+17,9383807851828780.0,1.9141956437258628e+16,2418849669449.538,6745972661734.579,45016890618992.836,4769599718717273.0
