t(s),Total solute volume 1,Total retention volume 1,Total 1 volume 1,Total 2 volume 1,Total 3 volume 1,Total 4 volume 1,Total 5 volume 1,Total 6 volume 1
0,5.556772250990977e+17,1.3805315900517307e+18,1.8471874136236307e+17,5.881523663147372e+17,5967710986089.876,27802873840752.812,364039021651128.6,5.15854476690509e+16
