t(s),Total solute volume 1,Total retention volume 1,Total 1 volume 1,Total 2 volume 1,Total 3 volume 1,Total 4 volume 1,Total 5 volume 1,Total 6 volume 1
0,3.2527447322874304e+17,1.3623197548490086e+18,1.8471874136236307e+17,3.4428597201944646e+17,58223199581345.8,418618996236876.0,4430374037756077.5,5.0313335200487654e+17
