t(s),Total solute volume 1,Total retention volume 1,Total 1 volume 1,Total 2 volume 1,Total 3 volume 1,Total 4 volume 1,Total 5 volume 1,Total 6 volume 1
0,1.001191121344553e+19,2.5555635730760016e+21,3.850111262848306e+20,2.1580146193043675e+21,4.7304660258574874e+17,7.273637984311876e+17,4.969792897295691e+17,8.2852658264013e+17
