t(s),Total solute volume 1,Total retention volume 1,Total 1 volume 1,Total 2 volume 1,Total 3 volume 1,Total 4 volume 1,Total 5 volume 1,Total 6 volume 1
0,1.710368165630296e+19,3.980725719063428e+21,3.850111262848305e+20,3.578457514506966e+21,3.452497312142552e+16,2.857758855064442e+16,2.4023596672707736e+16,6.627045697861927e+16
