t(s),Total solute volume 1,Total retention volume 1,Total 1 volume 1,Total 2 volume 1,Total 3 volume 1,Total 4 volume 1,Total 5 volume 1,Total 6 volume 1
0,3.2527447322874304e+17,7.966057761466178e+18,1.8471874136236307e+17,3.4428597201944646e+17,815005425916962.6,5859519445567716.0,6.201488204812512e+16,7.043089167935958e+18
