t(s),Total solute volume 1,Total retention volume 1,Total 1 volume 1,Total 2 volume 1,Total 3 volume 1,Total 4 volume 1,Total 5 volume 1,Total 6 volume 1
0,4.920172616987362e+16,6.9748735670155144e+16,2733248773475387.0,2714355750467661.0,26569619877544.97,92382507832660.42,373671397957449.3,1.4606781450671548e+16
