t(s),Total solute volume 1,Total retention volume 1,Total 1 volume 1,Total 2 volume 1,Total 3 volume 1,Total 4 volume 1,Total 5 volume 1,Total 6 volume 1
0,8.405294887353384e+16,9.346094978412309e+16,2733248773475387.0,4637024230775944.0,2726829433694.8555,6148070534512.96,30898828015358.5,1997954178353944.2
