t(s),Total solute volume 1,Total retention volume 1,Total 1 volume 1,Total 2 volume 1,Total 3 volume 1,Total 4 volume 1,Total 5 volume 1,Total 6 volume 1
0,1.772257703331625e+18,4.461199643813227e+19,8.108748995498784e+18,2.6581741941542703e+19,4.071048539811343e+16,5.041901748015823e+17,2.518543033721671e+18,5.085804103837783e+18
