t(s),Total solute volume 1,Total retention volume 1,Total 1 volume 1,Total 2 volume 1,Total 3 volume 1,Total 4 volume 1,Total 5 volume 1,Total 6 volume 1
0,1.194648755498281e+18,2.492143610971688e+19,3.364073161464839e+18,9.67235389752105e+18,2.014975715083485e+16,2.3192456214478765e+17,2.444678687064527e+18,7.993607288872439e+18
