t(s),Total solute volume 1,Total retention volume 1,Total 1 volume 1,Total 2 volume 1,Total 3 volume 1,Total 4 volume 1,Total 5 volume 1,Total 6 volume 1
0,2.0408582906428972e+18,2.273198931003266e+19,3.3640731614648397e+18,1.6521366587680283e+19,2061840395115037.0,1.5066370071144872e+16,1.4841378088824262e+17,6.401492788901879e+17
