t(s),Total solute volume 1,Total retention volume 1,Total 1 volume 1,Total 2 volume 1,Total 3 volume 1,Total 4 volume 1,Total 5 volume 1,Total 6 volume 1
0,2.3160815502785014e+18,3.023042947314923e+19,4.460907519859345e+18,2.284893514595476e+19,2154891723048320.8,1.6109524312449906e+16,1.2433089503769784e+17,4.619099459833091e+17
