t(s),Total solute volume 1,Total retention volume 1,Total 1 volume 1,Total 2 volume 1,Total 3 volume 1,Total 4 volume 1,Total 5 volume 1,Total 6 volume 1
0,1.355755053821572e+18,2.7411237286108045e+19,4.460907519859345e+18,1.337749223333267e+19,2.1076453881090664e+16,2.5074763519886678e+17,2.174715356816551e+18,5.770543033197949e+18
