t(s),Total solute volume 1,Total retention volume 1,Total 1 volume 1,Total 2 volume 1,Total 3 volume 1,Total 4 volume 1,Total 5 volume 1,Total 6 volume 1
0,7.82153398870977e+16,1.3214858858374042e+17,7687035129498278.0,8909437720794750.0,28981470012292.97,120473994429701.53,617928425931013.4,3.6569391955977144e+16
