t(s),Total solute volume 1,Total retention volume 1,Total 1 volume 1,Total 2 volume 1,Total 3 volume 1,Total 4 volume 1,Total 5 volume 1,Total 6 volume 1
0,1.3361787230712443e+17,1.6158269026679827e+17,7687035129498279.0,1.522028754057002e+16,2971642482805.1797,8007539887411.932,51041677009453.26,4995474430226701.0
