t(s),Total solute volume 1,Total retention volume 1,Total 1 volume 1,Total 2 volume 1,Total 3 volume 1,Total 4 volume 1,Total 5 volume 1,Total 6 volume 1
0,1.5460920402662884e+18,4.693157937048851e+19,5.979897840391367e+18,1.873360234042119e+19,7.334618393692325e+16,8.956544830328033e+17,6.038984227988055e+18,1.3664002254451841e+19
