t(s),Total solute volume 1,Total retention volume 1,Total 1 volume 1,Total 2 volume 1,Total 3 volume 1,Total 4 volume 1,Total 5 volume 1,Total 6 volume 1
0,2.641240568788231e+18,4.210140304291754e+19,5.979897840391367e+18,3.199484310387922e+19,7490535543419426.0,5.659599688992594e+16,3.277925401578964e+17,1.0935424572673929e+18
