t(s),Total solute volume 1,Total retention volume 1,Total 1 volume 1,Total 2 volume 1,Total 3 volume 1,Total 4 volume 1,Total 5 volume 1,Total 6 volume 1
0,8.591862577826981e+17,5.517597678465023e+18,4.883330109832728e+17,1.7979335094057503e+18,631462629920665.2,3471173997993391.5,5.420775729623019e+16,2.313834506369168e+18
