t(s),Total solute volume 1,Total retention volume 1,Total 1 volume 1,Total 2 volume 1,Total 3 volume 1,Total 4 volume 1,Total 5 volume 1,Total 6 volume 1
0,5.0293829723865024e+17,3.019475454753216e+19,4.883330109832728e+17,1.0524643962722104e+18,6159565812369201.0,5.229556073741361e+16,6.729193085998488e+17,2.741964440788837e+19
