t(s),Total solute volume 1,Total retention volume 1,Total 1 volume 1,Total 2 volume 1,Total 3 volume 1,Total 4 volume 1,Total 5 volume 1,Total 6 volume 1
0,2.781149916601816e+17,4.938432030836083e+18,1.3024520054842829e+17,2.3040703518610144e+17,492420757589926.06,3333827665526689.0,3.265673744120163e+16,4.2631818175770624e+18
