t(s),Total solute volume 1,Total retention volume 1,Total 1 volume 1,Total 2 volume 1,Total 3 volume 1,Total 4 volume 1,Total 5 volume 1,Total 6 volume 1
0,4.751131107528108e+17,1.4834187324092677e+18,1.3024520054842829e+17,3.9361074833054605e+17,50479052119278.56,221485956473041.28,2689671790779177.5,4.81488035978114e+17
