t(s),Total solute volume 1,Total retention volume 1,Total 1 volume 1,Total 2 volume 1,Total 3 volume 1,Total 4 volume 1,Total 5 volume 1,Total 6 volume 1
0,4.0452254584778307e+18,1.1501155561292931e+20,1.5476103569735987e+19,9.533228108352348e+19,2431847073499358.0,1.6147260677635784e+16,3.600461109402964e+16,1.0336178234715018e+17
