t(s),Total solute volume 1,Total retention volume 1,Total 1 volume 1,Total 2 volume 1,Total 3 volume 1,Total 4 volume 1,Total 5 volume 1,Total 6 volume 1
0,2.3679368537431424e+18,7.60180571055464e+19,1.5476103569735983e+19,5.584790903245229e+19,2.4037678400666044e+16,2.8528437266523088e+17,7.248243323678624e+17,1.2919612661810432e+18
