t(s),Total solute volume 1,Total retention volume 1,Total 1 volume 1,Total 2 volume 1,Total 3 volume 1,Total 4 volume 1,Total 5 volume 1,Total 6 volume 1
0,8.957740053321614e+16,2.5710979505031645e+17,1.040317029189783e+16,1.2615155834536546e+16,88239054891050.31,386395814480722.06,2124766848547078.5,1.4191466667274843e+17
