t(s),Total solute volume 1,Total retention volume 1,Total 1 volume 1,Total 2 volume 1,Total 3 volume 1,Total 4 volume 1,Total 5 volume 1,Total 6 volume 1
0,1.5302805924424387e+17,2.0457087947796413e+17,1.0403170291897824e+16,2.15508874098567e+16,9050982311131.584,25695375633154.914,175580195548834.06,1.9378435978473656e+16
