t(s),Total solute volume 1,Total retention volume 1,Total 1 volume 1,Total 2 volume 1,Total 3 volume 1,Total 4 volume 1,Total 5 volume 1,Total 6 volume 1
0,5.556772250990977e+17,2.31621711085162e+18,1.8471874136236307e+17,5.881523663147372e+17,113385052438182.34,528248857835385.1,6916660903408214.0,9.801104832617375e+17
