t(s),Total solute volume 1,Total retention volume 1,Total 1 volume 1,Total 2 volume 1,Total 3 volume 1,Total 4 volume 1,Total 5 volume 1,Total 6 volume 1
0,3.2527447322874304e+17,1.0505566705292122e+19,1.8471874136236307e+17,3.4428597201944646e+17,1106016497360647.4,7951606675215157.0,8.41576506461682e+16,9.558072244862788e+18
