t(s),Total solute volume 1,Total retention volume 1,Total 1 volume 1,Total 2 volume 1,Total 3 volume 1,Total 4 volume 1,Total 5 volume 1,Total 6 volume 1
0,1.2104370031327629e+17,2.577581169281211e+17,2.036220404915564e+16,2.729812656053749e+16,32024062571321.84,157479965145611.62,1010311076359035.4,8.785427090107758e+16
