t(s),Total solute volume 1,Total retention volume 1,Total 1 volume 1,Total 2 volume 1,Total 3 volume 1,Total 4 volume 1,Total 5 volume 1,Total 6 volume 1
0,2.067829880351787e+17,2.8581591605913264e+17,2.0362204049155636e+16,4.663428171230368e+16,3282811020941.418,10463624813333.191,83421984771243.23,1.1939273841890702e+16
