t(s),Total solute volume 1,Total retention volume 1,Total 1 volume 1,Total 2 volume 1,Total 3 volume 1,Total 4 volume 1,Total 5 volume 1,Total 6 volume 1
0,1.0438198847203212e+18,5.643776585729869e+18,7.538773491030419e+17,2.961613368357028e+18,389995160492773.6,2304418218305064.5,3.739459002738312e+16,8.443769801432911e+17
