t(s),Total solute volume 1,Total retention volume 1,Total 1 volume 1,Total 2 volume 1,Total 3 volume 1,Total 4 volume 1,Total 5 volume 1,Total 6 volume 1
0,6.110165178850669e+17,1.3932569443257715e+19,7.538773491030419e+17,1.7336694297627313e+18,3805362283295881.5,3.476865068200067e+16,4.7617714157530605e+17,1.031925499196628e+19
