t(s),Total solute volume 1,Total retention volume 1,Total 1 volume 1,Total 2 volume 1,Total 3 volume 1,Total 4 volume 1,Total 5 volume 1,Total 6 volume 1
0,1.2782504508104443e+17,6.465253948237664e+17,2.2995109404381096e+16,3.1393140520667656e+16,151856684178125.5,762493708972971.2,5030622042620822.0,4.583671273819049e+17
