t(s),Total solute volume 1,Total retention volume 1,Total 1 volume 1,Total 2 volume 1,Total 3 volume 1,Total 4 volume 1,Total 5 volume 1,Total 6 volume 1
0,2.1836778534678442e+17,3.576774632287262e+17,2.2995109404381096e+16,5.36299248106901e+16,15572003731336.648,50685709757489.56,415527014951174.3,6.220285893843017e+16
