t(s),Total solute volume 1,Total retention volume 1,Total 1 volume 1,Total 2 volume 1,Total 3 volume 1,Total 4 volume 1,Total 5 volume 1,Total 6 volume 1
0,8.591862577826981e+17,3.916411082735577e+18,4.883330109832728e+17,1.79793350940575e+18,205228248866046.94,1128145020868035.5,1.76177462764279e+16,7.520071850177018e+17
