t(s),Total solute volume 1,Total retention volume 1,Total 1 volume 1,Total 2 volume 1,Total 3 volume 1,Total 4 volume 1,Total 5 volume 1,Total 6 volume 1
0,5.0293829723865024e+17,1.1194373806024884e+19,4.883330109832728e+17,1.0524643962722106e+18,2002304592782502.0,1.70011123603128e+16,2.1875428354346784e+17,8.912880401034189e+18
