t(s),Total solute volume 1,Total retention volume 1,Total 1 volume 1,Total 2 volume 1,Total 3 volume 1,Total 4 volume 1,Total 5 volume 1,Total 6 volume 1
0,5.5346593079818586e+17,1.2232968958149444e+19,6.045923551720415e+17,1.3452732373157307e+18,2670046820380912.0,2.350617438117887e+16,3.1290938969392416e+17,9.390551823968014e+18
