t(s),Total solute volume 1,Total retention volume 1,Total 1 volume 1,Total 2 volume 1,Total 3 volume 1,Total 4 volume 1,Total 5 volume 1,Total 6 volume 1
0,9.455042984468884e+17,4.653096706820012e+18,6.045923551720416e+17,2.298131816040415e+18,273656896648414.8,1559036415853556.0,2.494011927947359e+16,7.780954245686847e+17
