t(s),Total solute volume 1,Total retention volume 1,Total 1 volume 1,Total 2 volume 1,Total 3 volume 1,Total 4 volume 1,Total 5 volume 1,Total 6 volume 1
0,3.563921568279588e+17,1.0368369637232174e+18,6.8581699480849336e+16,1.8831811750643e+17,50916306632750.1,200064333320875.4,2104984722489219.5,4.2118902454553286e+17
