t(s),Total solute volume 1,Total retention volume 1,Total 1 volume 1,Total 2 volume 1,Total 3 volume 1,Total 4 volume 1,Total 5 volume 1,Total 6 volume 1
0,2.0861979911880643e+17,3.7100875426367805e+18,6.858169948084933e+16,1.1023516579767e+17,496583976349859.3,3010257635744889.0,2.5506372410165516e+16,3.293637664217215e+18
