t(s),Total solute volume 1,Total retention volume 1,Total 1 volume 1,Total 2 volume 1,Total 3 volume 1,Total 4 volume 1,Total 5 volume 1,Total 6 volume 1
0,1.3361787230712443e+17,1.6116124180398093e+17,7687035129498279.0,1.522028754057002e+16,2724011001005.26,7340257199559.838,46788287853630.08,4579194270733873.0
