t(s),Total solute volume 1,Total retention volume 1,Total 1 volume 1,Total 2 volume 1,Total 3 volume 1,Total 4 volume 1,Total 5 volume 1,Total 6 volume 1
0,7.82153398870977e+16,1.2903800592320443e+17,7687035129498278.0,8909437720794750.0,26567177520287.945,110439103734780.05,566454564089081.8,3.3522732340470588e+16
