t(s),Total solute volume 1,Total retention volume 1,Total 1 volume 1,Total 2 volume 1,Total 3 volume 1,Total 4 volume 1,Total 5 volume 1,Total 6 volume 1
0,8.175062817381762e+16,2.3753733589976717e+17,8483748054658170.0,9978813516605722.0,98556591657197.73,416614239826091.44,2186180089049787.2,1.3462279523415054e+17
