t(s),Total solute volume 1,Total retention volume 1,Total 1 volume 1,Total 2 volume 1,Total 3 volume 1,Total 4 volume 1,Total 5 volume 1,Total 6 volume 1
0,1.3965732313027035e+17,1.8380290790851693e+17,8483748054658170.0,1.7047137375161364e+16,10112644377009.203,27717519538991.83,180726216964109.78,1.839614296754476e+16
