t(s),Total solute volume 1,Total retention volume 1,Total 1 volume 1,Total 2 volume 1,Total 3 volume 1,Total 4 volume 1,Total 5 volume 1,Total 6 volume 1
0,3.434508319345575e+19,1.7657281506907806e+22,1.807633774229004e+21,1.581487631351659e+22,1.206302860718116e+17,7.422261298339506e+16,6.158675483874259e+16,1.698963150065809e+17
