t(s),Total solute volume 1,Total retention volume 1,Total 1 volume 1,Total 2 volume 1,Total 3 volume 1,Total 4 volume 1,Total 5 volume 1,Total 6 volume 1
0,3.434508319345575e+19,1.7657146874623687e+22,1.8076337742290045e+21,1.581487631351659e+22,8.253654842454509e+16,5.078391232013746e+16,4.213832301592166e+16,1.1624490087450251e+17
