t(s),Total solute volume 1,Total retention volume 1,Total 1 volume 1,Total 2 volume 1,Total 3 volume 1,Total 4 volume 1,Total 5 volume 1,Total 6 volume 1
0,1.2485206491236938e+19,4.327263798164549e+21,6.290856345856501e+20,3.681406950378976e+21,9.599711493412805e+17,1.1882438958106893e+18,8.01623091190433e+17,1.336168572350196e+18
