t(s),Total solute volume 1,Total retention volume 1,Total 1 volume 1,Total 2 volume 1,Total 3 volume 1,Total 4 volume 1,Total 5 volume 1,Total 6 volume 1
0,2.1328894422529733e+19,6.631390126639359e+21,6.290856345856501e+20,5.980718300898713e+21,6.521231759539211e+16,4.64397245835542e+16,3.874757358758087e+16,1.0689711670636325e+17
