t(s),Total solute volume 1,Total retention volume 1,Total 1 volume 1,Total 2 volume 1,Total 3 volume 1,Total 4 volume 1,Total 5 volume 1,Total 6 volume 1
0,4.751131107528108e+17,1.0393402321072869e+18,1.3024520054842829e+17,3.9361074833054605e+17,4206624612085.521,18457300268580.39,224141099426069.38,4.0124367451192376e+16
