t(s),Total solute volume 1,Total retention volume 1,Total 1 volume 1,Total 2 volume 1,Total 3 volume 1,Total 4 volume 1,Total 5 volume 1,Total 6 volume 1
0,2.781149916601816e+17,9.971102499189924e+17,1.3024520054842829e+17,2.3040703518610144e+17,41040752073401.234,277870426527289.66,2721824889250325.5,3.553022864564334e+17
