t(s),Total solute volume 1,Total retention volume 1,Total 1 volume 1,Total 2 volume 1,Total 3 volume 1,Total 4 volume 1,Total 5 volume 1,Total 6 volume 1
0,1.806632037606207e+18,1.6767931672644127e+19,2.563088576888768e+18,1.2087386361672243e+19,579363441955196.5,4108095518172289.0,4.906144638779595e+16,2.5707579112901933e+17
