t(s),Total solute volume 1,Total retention volume 1,Total 1 volume 1,Total 2 volume 1,Total 3 volume 1,Total 4 volume 1,Total 5 volume 1,Total 6 volume 1
0,2.1328894422529733e+19,6.631526342376046e+21,6.290856345856501e+20,5.980718300898714e+21,9.973643869793128e+16,7.102543276428222e+16,5.926096957098694e+16,1.6348962814262605e+17
