t(s),Total solute volume 1,Total retention volume 1,Total 1 volume 1,Total 2 volume 1,Total 3 volume 1,Total 4 volume 1,Total 5 volume 1,Total 6 volume 1
0,1.2485206491236938e+19,4.3295328592541893e+21,6.290856345856501e+20,3.6814069503789776e+21,1.4681802370786168e+18,1.8172961157302454e+18,1.226001388118054e+18,2.0435900573777574e+18
