t(s),Total solute volume 1,Total retention volume 1,Total 1 volume 1,Total 2 volume 1,Total 3 volume 1,Total 4 volume 1,Total 5 volume 1,Total 6 volume 1
0,1.0536084069480294e+20,6.47182553098131e+22,1.961934451448198e+22,4.49934784566537e+22,2.0998325015072732e+16,1.2273903732490764e+16,1.0170153966631152e+16,2.805560040686314e+16
