t(s),Total solute volume 1,Total retention volume 1,Total 1 volume 1,Total 2 volume 1,Total 3 volume 1,Total 4 volume 1,Total 5 volume 1,Total 6 volume 1
0,6.1674638455494386e+19,6.1412231673676925e+22,1.961934451448198e+22,4.172998634441791e+22,3.4946060450642746e+17,3.156054877415749e+17,2.1041611592432022e+17,3.50694113816907e+17
