t(s),Total solute volume 1,Total retention volume 1,Total 1 volume 1,Total 2 volume 1,Total 3 volume 1,Total 4 volume 1,Total 5 volume 1,Total 6 volume 1
0,1.4314015651477992e+17,4.2220739064520134e+17,2.9598370758294e+16,4.196129288420449e+16,55878672553441.56,293087228282461.3,2048871842576816.8,2.0510973274450838e+17
