t(s),Total solute volume 1,Total retention volume 1,Total 1 volume 1,Total 2 volume 1,Total 3 volume 1,Total 4 volume 1,Total 5 volume 1,Total 6 volume 1
0,2.445311007127456e+17,3.7369362296083296e+17,2.9598370758294e+16,7.168383321791445e+16,5728196999920.231,19473953191364.914,169161084703017.6,2.7685955036983372e+16
