t(s),Total solute volume 1,Total retention volume 1,Total 1 volume 1,Total 2 volume 1,Total 3 volume 1,Total 4 volume 1,Total 5 volume 1,Total 6 volume 1
0,1.1768416328259624e+17,1.4105228598377398e+17,5790815030907821.0,1.0990603481902652e+16,4848890632469.614,12443360445912.553,74317265267146.38,6495094672023018.0
