t(s),Total solute volume 1,Total retention volume 1,Total 1 volume 1,Total 2 volume 1,Total 3 volume 1,Total 4 volume 1,Total 5 volume 1,Total 6 volume 1
0,6.357639040862142e+16,2.9069783800408453e+18,4841705944743442.0,5237103708245424.0,3117495991784535.5,1.167652412778354e+16,5.462524774489326e+16,2.7639039121147776e+18
