t(s),Total solute volume 1,Total retention volume 1,Total 1 volume 1,Total 2 volume 1,Total 3 volume 1,Total 4 volume 1,Total 5 volume 1,Total 6 volume 1
0,8.394286150660815e+17,1.3605941509809164e+19,1.531053857194819e+18,3.913959566691929e+18,5797183813459936.0,5.948587266194106e+16,8.220416136353015e+17,6.43417480074568e+18
