t(s),Total solute volume 1,Total retention volume 1,Total 1 volume 1,Total 2 volume 1,Total 3 volume 1,Total 4 volume 1,Total 5 volume 1,Total 6 volume 1
0,1.4340238840712154e+18,1.0328911505849117e+19,1.531053857194819e+18,6.685981104100383e+18,692853887965221.5,4578116449100703.0,6.892643699699605e+16,6.036552531486108e+17
