t(s),Total solute volume 1,Total retention volume 1,Total 1 volume 1,Total 2 volume 1,Total 3 volume 1,Total 4 volume 1,Total 5 volume 1,Total 6 volume 1
0,8.394286150660815e+17,1.4826113097348434e+19,1.531053857194819e+18,3.913959566691929e+18,6763303813884714.0,6.939912512591721e+16,9.590360533728764e+17,7.506472576082955e+18
