t(s),Total solute volume 1,Total retention volume 1,Total 1 volume 1,Total 2 volume 1,Total 3 volume 1,Total 4 volume 1,Total 5 volume 1,Total 6 volume 1
0,8.70000992795148e+16,9.63756321541472e+16,2951661998355005.5,5065423436879563.0,1710027243058.7158,3906949828482.5083,19985581872924.51,1332844880453458.0
