t(s),Total solute volume 1,Total retention volume 1,Total 1 volume 1,Total 2 volume 1,Total 3 volume 1,Total 4 volume 1,Total 5 volume 1,Total 6 volume 1
0,5.092688738313051e+16,6.6909261981902104e+16,2951661998355005.5,2965126037401479.5,16671252456798.451,58750861908299.02,241846439589586.72,9748318009059900.0
