t(s),Total solute volume 1,Total retention volume 1,Total 1 volume 1,Total 2 volume 1,Total 3 volume 1,Total 4 volume 1,Total 5 volume 1,Total 6 volume 1
0,1.827745988668061e+17,1.5570732262952172e+18,5.1059153534519e+16,7.853065002362187e+16,225005748561539.44,1296411356888890.2,1.0268901666322656e+16,1.2329185050984812e+18
