t(s),Total solute volume 1,Total retention volume 1,Total 1 volume 1,Total 2 volume 1,Total 3 volume 1,Total 4 volume 1,Total 5 volume 1,Total 6 volume 1
0,3.122399397307938e+17,6.606781697436869e+17,5.1059153534519e+16,1.3415637957682182e+17,23068074655761.47,86149762995151.78,847662208601125.0,1.622658168553003e+17
