t(s),Total solute volume 1,Total retention volume 1,Total 1 volume 1,Total 2 volume 1,Total 3 volume 1,Total 4 volume 1,Total 5 volume 1,Total 6 volume 1
0,2.0861979911880643e+17,4.865372134477607e+18,6.858169948084933e+16,1.1023516579767e+17,669225968984744.8,4056632777422452.5,3.437330210205272e+16,4.438836309231862e+18
