t(s),Total solute volume 1,Total retention volume 1,Total 1 volume 1,Total 2 volume 1,Total 3 volume 1,Total 4 volume 1,Total 5 volume 1,Total 6 volume 1
0,3.563921568279588e+17,1.1841523306378243e+18,6.858169948084933e+16,1.8831811750643e+17,68625787959307.04,269650136234352.4,2837133150793410.5,5.676849477475968e+17
