t(s),Total solute volume 1,Total retention volume 1,Total 1 volume 1,Total 2 volume 1,Total 3 volume 1,Total 4 volume 1,Total 5 volume 1,Total 6 volume 1
0,1.7152588772477386e+17,2.44771862131016e+18,4.431341940307482e+16,6.672760546581344e+16,432211957702923.9,2429935289155663.0,1.863467091924303e+16,2.143654890550403e+18
