t(s),Total solute volume 1,Total retention volume 1,Total 1 volume 1,Total 2 volume 1,Total 3 volume 1,Total 4 volume 1,Total 5 volume 1,Total 6 volume 1
0,2.9302339152982e+17,7.379045480226696e+17,4.431341940307482e+16,1.1399288614301397e+17,44324381040461.41,161541618215664.75,1538928515252485.8,2.848300564322433e+17
