t(s),Total solute volume 1,Total retention volume 1,Total 1 volume 1,Total 2 volume 1,Total 3 volume 1,Total 4 volume 1,Total 5 volume 1,Total 6 volume 1
0,6.561971943550011e+17,2.8891777260297375e+18,2.6766928604882394e+17,9.008356262596815e+17,155699075336439.53,772910648763222.2,1.091238805782808e+16,1.0526346215843098e+18
