t(s),Total solute volume 1,Total retention volume 1,Total 1 volume 1,Total 2 volume 1,Total 3 volume 1,Total 4 volume 1,Total 5 volume 1,Total 6 volume 1
0,3.841154308419529e+17,1.2634077212993837e+19,2.6766928604882394e+17,5.273223096638238e+17,1518854804243865.2,1.1637600738338546e+16,1.3335082921515018e+17,1.1308462901681486e+19
