t(s),Total solute volume 1,Total retention volume 1,Total 1 volume 1,Total 2 volume 1,Total 3 volume 1,Total 4 volume 1,Total 5 volume 1,Total 6 volume 1
0,1.806632037606207e+18,1.6945545179437855e+19,2.563088576888768e+18,1.2087386361672243e+19,910427148672402.8,6455571963145154.0,7.709647286824779e+16,4.039757312906019e+17
