t(s),Total solute volume 1,Total retention volume 1,Total 1 volume 1,Total 2 volume 1,Total 3 volume 1,Total 4 volume 1,Total 5 volume 1,Total 6 volume 1
0,1.0575407049402066e+18,1.703874890781334e+19,2.563088576888768e+18,7.076244436375885e+18,8892825465108377.0,9.865479277408142e+16,1.1935698372010598e+18,5.040757734168206e+18
