t(s),Total solute volume 1,Total retention volume 1,Total 1 volume 1,Total 2 volume 1,Total 3 volume 1,Total 4 volume 1,Total 5 volume 1,Total 6 volume 1
0,6.357639040862142e+16,1.2521293728380021e+17,4841705944743442.0,5237103708245424.0,57722195743306.89,221491241797071.4,1021740951669473.1,5.025678283298057e+16
