t(s),Total solute volume 1,Total retention volume 1,Total 1 volume 1,Total 2 volume 1,Total 3 volume 1,Total 4 volume 1,Total 5 volume 1,Total 6 volume 1
0,1.0860966694806053e+17,1.2937631439954835e+17,4841705944743442.0,8946718178722158.0,5924156744919.253,14740783230111.348,84489610504649.88,6873068777541763.0
