t(s),Total solute volume 1,Total retention volume 1,Total 1 volume 1,Total 2 volume 1,Total 3 volume 1,Total 4 volume 1,Total 5 volume 1,Total 6 volume 1
0,1.2485206491236938e+19,4.33255818211761e+21,6.290856345856501e+20,3.6814069503789776e+21,2.1457805809639204e+18,2.656012941079135e+18,1.791827903366251e+18,2.9867692363250427e+18
