t(s),Total solute volume 1,Total retention volume 1,Total 1 volume 1,Total 2 volume 1,Total 3 volume 1,Total 4 volume 1,Total 5 volume 1,Total 6 volume 1
0,2.1328894422529733e+19,6.631707963163961e+21,6.290856345856501e+20,5.980718300898714e+21,1.4576854951371654e+17,1.0380634645999003e+17,8.661213693963069e+16,2.389462241611159e+17
