t(s),Total solute volume 1,Total retention volume 1,Total 1 volume 1,Total 2 volume 1,Total 3 volume 1,Total 4 volume 1,Total 5 volume 1,Total 6 volume 1
0,7.772197376133865e+19,5.045257300250747e+22,1.0574109797244612e+22,3.980048746435125e+22,7.437264465801056e+16,4.359971128385022e+16,3.612888062130298e+16,9.966591388270214e+16
