t(s),Total solute volume 1,Total retention volume 1,Total 1 volume 1,Total 2 volume 1,Total 3 volume 1,Total 4 volume 1,Total 5 volume 1,Total 6 volume 1
0,4.5495789518832886e+19,4.520504307979106e+22,1.0574109797244612e+22,3.4581088036988603e+22,1.235118825510753e+18,1.1210413169208707e+18,7.474832203554911e+17,1.2458126759214275e+18
