t(s),Total solute volume 1,Total retention volume 1,Total 1 volume 1,Total 2 volume 1,Total 3 volume 1,Total 4 volume 1,Total 5 volume 1,Total 6 volume 1
0,1.5746764332366418e+19,7.376908794399066e+21,1.0530177027067483e+21,6.302159391947708e+21,1.5006568771862236e+18,1.6086234921803702e+18,1.0783336414189032e+18,1.797321401475925e+18
