t(s),Total solute volume 1,Total retention volume 1,Total 1 volume 1,Total 2 volume 1,Total 3 volume 1,Total 4 volume 1,Total 5 volume 1,Total 6 volume 1
0,1.194648755498281e+18,3.6735303115589886e+19,3.364073161464839e+18,9.67235389752105e+18,4.241658740280337e+16,4.8820144076014534e+17,5.146145109033276e+18,1.6827464163909366e+19
