t(s),Total solute volume 1,Total retention volume 1,Total 1 volume 1,Total 2 volume 1,Total 3 volume 1,Total 4 volume 1,Total 5 volume 1,Total 6 volume 1
0,2.0408582906428972e+18,2.362248008935816e+19,3.3640731614648397e+18,1.6521366587680283e+19,4340690992812825.5,3.171851525529567e+16,3.12448393199976e+17,1.3476744501220913e+18
