t(s),Total solute volume 1,Total retention volume 1,Total 1 volume 1,Total 2 volume 1,Total 3 volume 1,Total 4 volume 1,Total 5 volume 1,Total 6 volume 1
0,3.8340070142403466e+18,2.469010671070945e+20,4.533611706929847e+19,1.916287548066981e+20,1.9981729991221117e+17,1.5277858214058862e+18,1.6293662545857992e+18,2.7452188409529984e+18
