t(s),Total solute volume 1,Total retention volume 1,Total 1 volume 1,Total 2 volume 1,Total 3 volume 1,Total 4 volume 1,Total 5 volume 1,Total 6 volume 1
0,6.549761982660554e+18,3.787642506713841e+20,4.533611706929847e+19,3.264895769282699e+20,1.9477607541273124e+16,7.0585371088192344e+16,7.910884857375066e+16,2.1962286395307213e+17
