t(s),Total solute volume 1,Total retention volume 1,Total 1 volume 1,Total 2 volume 1,Total 3 volume 1,Total 4 volume 1,Total 5 volume 1,Total 6 volume 1
0,9.402531052744658e+17,2.5900257841019687e+19,1.9718743661304886e+18,5.234982861726286e+18,1.8661894545426324e+16,1.9916798967045568e+17,2.6285002403179085e+18,1.4906817383354655e+19
