t(s),Total solute volume 1,Total retention volume 1,Total 1 volume 1,Total 2 volume 1,Total 3 volume 1,Total 4 volume 1,Total 5 volume 1,Total 6 volume 1
0,1.6062657215105326e+18,1.391176880185051e+19,1.9718743661304888e+18,8.94244010427008e+18,1911444696593305.2,1.3097705608122662e+16,1.7989357270899475e+17,1.1962858869257715e+18
