t(s),Total solute volume 1,Total retention volume 1,Total 1 volume 1,Total 2 volume 1,Total 3 volume 1,Total 4 volume 1,Total 5 volume 1,Total 6 volume 1
0,4.566829557989454e+18,3.8404573541122304e+20,6.696388307350977e+19,2.9943637271575534e+20,6.3795558785655e+17,3.674888423091519e+18,3.275746771189468e+18,5.490059281832284e+18
