t(s),Total solute volume 1,Total retention volume 1,Total 1 volume 1,Total 2 volume 1,Total 3 volume 1,Total 4 volume 1,Total 5 volume 1,Total 6 volume 1
0,7.801667161565198e+18,5.8498473777369344e+20,6.696388307350977e+19,5.094009276905077e+20,6.042071421128722e+16,1.5991230088840797e+17,1.5870167271874102e+17,4.3922516029289197e+17
