t(s),Total solute volume 1,Total retention volume 1,Total 1 volume 1,Total 2 volume 1,Total 3 volume 1,Total 4 volume 1,Total 5 volume 1,Total 6 volume 1
0,2.3160815502785014e+18,3.0190129267858362e+19,4.460907519859345e+18,2.284893514595476e+19,2011232791351347.0,1.503555929459893e+16,1.1604219570885082e+17,4.3111606397079366e+17
