t(s),Total solute volume 1,Total retention volume 1,Total 1 volume 1,Total 2 volume 1,Total 3 volume 1,Total 4 volume 1,Total 5 volume 1,Total 6 volume 1
0,1.355755053821572e+18,2.686345896158831e+19,4.460907519859345e+18,1.337749223333267e+19,1.967143671698733e+16,2.3403239386490864e+17,2.0297437150848195e+18,5.385856608907977e+18
