t(s),Total solute volume 1,Total retention volume 1,Total 1 volume 1,Total 2 volume 1,Total 3 volume 1,Total 4 volume 1,Total 5 volume 1,Total 6 volume 1
0,6.110165178850669e+17,4.4529191919770644e+18,7.538773491030418e+17,1.7336694297627313e+18,475718060637813.4,4346664483025642.5,5.9528957907216024e+16,1.2900045547753564e+18
