t(s),Total solute volume 1,Total retention volume 1,Total 1 volume 1,Total 2 volume 1,Total 3 volume 1,Total 4 volume 1,Total 5 volume 1,Total 6 volume 1
0,1.0438198847203212e+18,4.869869573509247e+18,7.538773491030418e+17,2.961613368357028e+18,48749705163291.734,288053828867148.3,4674350699885732.0,1.0554781709494824e+17
