t(s),Total solute volume 1,Total retention volume 1,Total 1 volume 1,Total 2 volume 1,Total 3 volume 1,Total 4 volume 1,Total 5 volume 1,Total 6 volume 1
0,8.113418985332498e+18,1.5377371243165917e+21,2.4107704894684447e+20,1.281474549652156e+21,1.0268431173896916e+18,2.1081600252170516e+18,1.475839302210165e+18,2.4612642874470344e+18
