t(s),Total solute volume 1,Total retention volume 1,Total 1 volume 1,Total 2 volume 1,Total 3 volume 1,Total 4 volume 1,Total 5 volume 1,Total 6 volume 1
0,1.3860424099942965e+19,2.4059599128090955e+21,2.4107704894684447e+20,2.1505892778574658e+21,8.12445477237456e+16,8.366139512192973e+16,7.13522687303863e+16,1.9690369324736435e+17
