t(s),Total solute volume 1,Total retention volume 1,Total 1 volume 1,Total 2 volume 1,Total 3 volume 1,Total 4 volume 1,Total 5 volume 1,Total 6 volume 1
0,9.85717952218855e+16,1.5112730886546003e+17,1.2878448802488326e+16,1.6122851276236812e+16,12147843688194.264,55201691821956.31,318767707469179.25,2.3168096321869536e+16
