t(s),Total solute volume 1,Total retention volume 1,Total 1 volume 1,Total 2 volume 1,Total 3 volume 1,Total 4 volume 1,Total 5 volume 1,Total 6 volume 1
0,1.6839348350405472e+17,2.1200597431330138e+17,1.2878448802488326e+16,2.7543198044355056e+16,1245245221646.9524,3667687136403.132,26321423990684.88,3159609606053390.5
