t(s),Total solute volume 1,Total retention volume 1,Total 1 volume 1,Total 2 volume 1,Total 3 volume 1,Total 4 volume 1,Total 5 volume 1,Total 6 volume 1
0,9.402531052744658e+17,1.051446191614764e+19,1.9718743661304886e+18,5.234982861726286e+18,2488593503258107.0,2.656059233701316e+16,3.50521435495614e+17,1.9877809616805248e+18
