t(s),Total solute volume 1,Total retention volume 1,Total 1 volume 1,Total 2 volume 1,Total 3 volume 1,Total 4 volume 1,Total 5 volume 1,Total 6 volume 1
0,4.0452254584778307e+18,1.1611716660409218e+20,1.547610356973599e+19,9.533228108352348e+19,1.9454659281024876e+16,1.2917742586080522e+17,2.8803531478744544e+17,8.26889092425986e+17
