t(s),Total solute volume 1,Total retention volume 1,Total 1 volume 1,Total 2 volume 1,Total 3 volume 1,Total 4 volume 1,Total 5 volume 1,Total 6 volume 1
0,2.3679368537431424e+18,9.229912948703027e+19,1.5476103569735987e+19,5.584790903245229e+19,1.9228312078325728e+17,2.281984740025661e+18,5.797965380788622e+18,1.0334946789501088e+19
