t(s),Total solute volume 1,Total retention volume 1,Total 1 volume 1,Total 2 volume 1,Total 3 volume 1,Total 4 volume 1,Total 5 volume 1,Total 6 volume 1
0,2.0104438942510703e+19,1.246939655986258e+22,1.8076337742290045e+21,1.0636512866415753e+22,1.376523686739053e+18,1.3546883039195727e+18,9.053366128822116e+17,1.5089316717385644e+18
