t(s),Total solute volume 1,Total retention volume 1,Total 1 volume 1,Total 2 volume 1,Total 3 volume 1,Total 4 volume 1,Total 5 volume 1,Total 6 volume 1
0,3.434508319345575e+19,1.765715809398514e+22,1.8076337742290042e+21,1.581487631351659e+22,8.571102786283787e+16,5.27371380532561e+16,4.3759026269777704e+16,1.207158539477252e+17
