t(s),Total solute volume 1,Total retention volume 1,Total 1 volume 1,Total 2 volume 1,Total 3 volume 1,Total 4 volume 1,Total 5 volume 1,Total 6 volume 1
0,4.751131107528108e+17,1.2411950951785032e+18,1.3024520054842829e+17,3.9361074833054605e+17,25239646938905.777,110743427348617.42,1344841732368554.8,2.407452107400628e+17
