t(s),Total solute volume 1,Total retention volume 1,Total 1 volume 1,Total 2 volume 1,Total 3 volume 1,Total 4 volume 1,Total 5 volume 1,Total 6 volume 1
0,2.781149916601816e+17,2.788722750549155e+18,1.3024520054842829e+17,2.3040703518610144e+17,246228995973836.75,1667082214806386.2,1.6329776227615524e+16,2.1317124357160543e+18
