t(s),Total solute volume 1,Total retention volume 1,Total 1 volume 1,Total 2 volume 1,Total 3 volume 1,Total 4 volume 1,Total 5 volume 1,Total 6 volume 1
0,1.2796251387281995e+17,1.531724228531148e+17,6980090150537523.0,1.3622739088267018e+16,2922948498570.526,7746409266835.804,48294471461115.92,4548115912263931.0
