t(s),Total solute volume 1,Total retention volume 1,Total 1 volume 1,Total 2 volume 1,Total 3 volume 1,Total 4 volume 1,Total 5 volume 1,Total 6 volume 1
0,7.49048861694545e+16,1.2387795717104445e+17,6980090150537523.0,7974287186130815.0,28505396218043.816,116538648183857.36,584640102793479.6,3.328900951772561e+16
