t(s),Total solute volume 1,Total retention volume 1,Total 1 volume 1,Total 2 volume 1,Total 3 volume 1,Total 4 volume 1,Total 5 volume 1,Total 6 volume 1
0,9.688003471877627e+16,1.1020986373260432e+17,3752113566455123.5,6674159898032270.0,3019740555749.971,7190718109856.45,38869165717459.57,2854475924956978.0
