t(s),Total solute volume 1,Total retention volume 1,Total 1 volume 1,Total 2 volume 1,Total 3 volume 1,Total 4 volume 1,Total 5 volume 1,Total 6 volume 1
0,5.67102642256257e+16,8.585256705329874e+16,3752113566455123.5,3906825519925697.5,29433775327054.203,108100359791640.62,470247258218738.9,2.0875582347954836e+16
