t(s),Total solute volume 1,Total retention volume 1,Total 1 volume 1,Total 2 volume 1,Total 3 volume 1,Total 4 volume 1,Total 5 volume 1,Total 6 volume 1
0,3.4133172510483444e+19,3.150454597460012e+22,5.744900751039818e+21,2.57204529767919e+22,1.4250524969808192e+18,1.3078897534283384e+18,8.722949579876202e+17,1.4538370495290066e+18
