t(s),Total solute volume 1,Total retention volume 1,Total 1 volume 1,Total 2 volume 1,Total 3 volume 1,Total 4 volume 1,Total 5 volume 1,Total 6 volume 1
0,1.5180265269236467e+17,6.26217769449835e+17,3.3743667340789536e+16,4.87842065642926e+16,95563186449659.34,512679528372555.25,3693385238875139.0,3.875856148986869e+17
