t(s),Total solute volume 1,Total retention volume 1,Total 1 volume 1,Total 2 volume 1,Total 3 volume 1,Total 4 volume 1,Total 5 volume 1,Total 6 volume 1
0,2.5932953168279194e+17,4.288771840925546e+17,3.3743667340789536e+16,8.333962927494267e+16,9796792053124.014,34066774251645.73,304938530412819.9,5.2115553697311944e+16
