t(s),Total solute volume 1,Total retention volume 1,Total 1 volume 1,Total 2 volume 1,Total 3 volume 1,Total 4 volume 1,Total 5 volume 1,Total 6 volume 1
0,4.566829557989454e+18,3.851996551887623e+20,6.696388307350977e+19,2.9943637271575534e+20,6.942422468000014e+17,3.9991160423591946e+18,3.564762527587205e+18,5.974449024762575e+18
