t(s),Total solute volume 1,Total retention volume 1,Total 1 volume 1,Total 2 volume 1,Total 3 volume 1,Total 4 volume 1,Total 5 volume 1,Total 6 volume 1
0,7.801667161565198e+18,5.850569366829867e+20,6.696388307350977e+19,5.094009276905077e+20,6.575193246539323e+16,1.7402216219925094e+17,1.7270471088536672e+17,4.779799518543591e+17
