t(s),Total solute volume 1,Total retention volume 1,Total 1 volume 1,Total 2 volume 1,Total 3 volume 1,Total 4 volume 1,Total 5 volume 1,Total 6 volume 1
0,6.1151907207788056e+16,1.0169754278426136e+17,4439458008290587.5,4740171994361016.0,37616720341872.05,142217865968738.12,643055092562170.2,3.054311589494914e+16
