t(s),Total solute volume 1,Total retention volume 1,Total 1 volume 1,Total 2 volume 1,Total 3 volume 1,Total 4 volume 1,Total 5 volume 1,Total 6 volume 1
0,1.0446784147997133e+17,1.2124773885450192e+17,4439458008290587.5,8097793286123659.0,3859347241774.663,9460451928099.412,53154127776536.81,4176172153170887.5
