t(s),Total solute volume 1,Total retention volume 1,Total 1 volume 1,Total 2 volume 1,Total 3 volume 1,Total 4 volume 1,Total 5 volume 1,Total 6 volume 1
0,1.612352649698545e+17,6.9721473770201e+17,3.860071170759496e+16,5.693890508297374e+16,97186436144594.53,533619224033938.2,3964562006957392.5,4.3584448827445024e+17
