t(s),Total solute volume 1,Total retention volume 1,Total 1 volume 1,Total 2 volume 1,Total 3 volume 1,Total 4 volume 1,Total 5 volume 1,Total 6 volume 1
0,1.4611483665945994e+17,1.9514064977873846e+17,9383807851828782.0,1.9141956437258628e+16,10279614870662.47,28669211925431.68,191313415709859.7,2.026978658768645e+16
