t(s),Total solute volume 1,Total retention volume 1,Total 1 volume 1,Total 2 volume 1,Total 3 volume 1,Total 4 volume 1,Total 5 volume 1,Total 6 volume 1
0,8.553063609334184e+16,2.5734369265256506e+17,9383807851828776.0,1.1205049428947024e+16,100195463099535.72,430987291220427.1,2314569648244579.5,1.4837844687588243e+17
