t(s),Total solute volume 1,Total retention volume 1,Total 1 volume 1,Total 2 volume 1,Total 3 volume 1,Total 4 volume 1,Total 5 volume 1,Total 6 volume 1
0,1.3517038836082043e+17,3.54409285435173e+19,2.6047523684028044e+16,3.622882322688759e+16,1.0400100670284198e+16,5.28865383650921e+16,3.6089735822776186e+17,3.4819297810982003e+19
