t(s),Total solute volume 1,Total retention volume 1,Total 1 volume 1,Total 2 volume 1,Total 3 volume 1,Total 4 volume 1,Total 5 volume 1,Total 6 volume 1
0,2.3091608011640064e+17,3.2628855810793005e+17,2.6047523684028044e+16,6.18908749437171e+16,1680146002550.909,5587489745548.608,47135051376489.5,7379676676659215.0
