t(s),Total solute volume 1,Total retention volume 1,Total 1 volume 1,Total 2 volume 1,Total 3 volume 1,Total 4 volume 1,Total 5 volume 1,Total 6 volume 1
0,1.3517038836082043e+17,2.5263369563399584e+17,2.6047523684028044e+16,3.622882322688759e+16,16391067051713.38,84101205734513.34,570923186718799.0,5.451554490275606e+16
