t(s),Total solute volume 1,Total retention volume 1,Total 1 volume 1,Total 2 volume 1,Total 3 volume 1,Total 4 volume 1,Total 5 volume 1,Total 6 volume 1
0,6.357639040862142e+16,6.677816292694592e+17,4841705944743442.0,5237103708245424.0,662900959458409.5,2531419725686535.0,1.1710372852246638e+16,5.792217356704513e+17
