t(s),Total solute volume 1,Total retention volume 1,Total 1 volume 1,Total 2 volume 1,Total 3 volume 1,Total 4 volume 1,Total 5 volume 1,Total 6 volume 1
0,6.357639040862142e+16,7.637147202712632e+16,4841705944743442.0,5237103708245424.0,3041974802577.6724,11677756306923.842,53855838984693.54,2647696395422183.0
