t(s),Total solute volume 1,Total retention volume 1,Total 1 volume 1,Total 2 volume 1,Total 3 volume 1,Total 4 volume 1,Total 5 volume 1,Total 6 volume 1
0,1.0860966694806053e+17,1.2276539732678754e+17,4841705944743442.0,8946718178722158.0,311823494578.22076,775884995834.0262,4447154693491.055,361771392076173.4
