t(s),Total solute volume 1,Total retention volume 1,Total 1 volume 1,Total 2 volume 1,Total 3 volume 1,Total 4 volume 1,Total 5 volume 1,Total 6 volume 1
0,5.599791014061281e+17,2.6133257298185015e+19,6.205788698891987e+17,1.3862391755847913e+18,6654947815015659.0,5.8843665655776056e+16,7.862889879973048e+17,2.2714672549836833e+19
