t(s),Total solute volume 1,Total retention volume 1,Total 1 volume 1,Total 2 volume 1,Total 3 volume 1,Total 4 volume 1,Total 5 volume 1,Total 6 volume 1
0,9.566309649021271e+17,5.891482010025352e+18,6.205788698891987e+17,2.368112616809924e+18,682167637039240.4,3903260138735336.0,6.258569130660766e+16,1.8789884393417388e+18
