t(s),Total solute volume 1,Total retention volume 1,Total 1 volume 1,Total 2 volume 1,Total 3 volume 1,Total 4 volume 1,Total 5 volume 1,Total 6 volume 1
0,3.332883936767457e+17,8.592577889798513e+17,5.905751296626006e+16,1.5858298787719715e+17,40027447353856.26,153280879334936.03,1558968088813943.5,3.065766180441487e+17
