t(s),Total solute volume 1,Total retention volume 1,Total 1 volume 1,Total 2 volume 1,Total 3 volume 1,Total 4 volume 1,Total 5 volume 1,Total 6 volume 1
0,1.950956450790701e+17,2.7269118747183795e+18,5.905751296626006e+16,9.282918675798294e+16,390390272084966.5,2306344767833663.5,1.8886709531996336e+16,2.358346085343164e+18
