t(s),Total solute volume 1,Total retention volume 1,Total 1 volume 1,Total 2 volume 1,Total 3 volume 1,Total 4 volume 1,Total 5 volume 1,Total 6 volume 1
0,3.434508319345575e+19,1.7657135655261152e+22,1.8076337742290045e+21,1.581487631351659e+22,7.936206874970216e+16,4.883068646377354e+16,4.0517619652619544e+16,1.1177394745663544e+17
