t(s),Total solute volume 1,Total retention volume 1,Total 1 volume 1,Total 2 volume 1,Total 3 volume 1,Total 4 volume 1,Total 5 volume 1,Total 6 volume 1
0,2.0104438942510703e+19,1.2469015419010358e+22,1.8076337742290045e+21,1.0636512866415753e+22,1.274560468787355e+18,1.254342993710643e+18,8.382757659070339e+17,1.397160194713413e+18
