t(s),Total solute volume 1,Total retention volume 1,Total 1 volume 1,Total 2 volume 1,Total 3 volume 1,Total 4 volume 1,Total 5 volume 1,Total 6 volume 1
0,2.3160815502785014e+18,3.047223026639822e+19,4.460907519859345e+18,2.284893514595476e+19,3016843763719676.5,2.2553304610662188e+16,1.740630099888912e+17,6.466728919422002e+17
