t(s),Total solute volume 1,Total retention volume 1,Total 1 volume 1,Total 2 volume 1,Total 3 volume 1,Total 4 volume 1,Total 5 volume 1,Total 6 volume 1
0,1.355755053821572e+18,3.069782549524101e+19,4.460907519859345e+18,1.337749223333267e+19,2.9506317602176868e+16,3.5103528059723584e+17,3.044517063656535e+18,8.078612026371457e+18
