t(s),Total solute volume 1,Total retention volume 1,Total 1 volume 1,Total 2 volume 1,Total 3 volume 1,Total 4 volume 1,Total 5 volume 1,Total 6 volume 1
0,8.394286150660815e+17,2.7026598430330446e+19,1.531053857194819e+18,3.913959566691929e+18,1.6423289311267636e+16,1.6851500250175277e+17,2.3287841305993303e+18,1.8228433968965292e+19
