t(s),Total solute volume 1,Total retention volume 1,Total 1 volume 1,Total 2 volume 1,Total 3 volume 1,Total 4 volume 1,Total 5 volume 1,Total 6 volume 1
0,1.0536084069480294e+20,6.47182910587924e+22,1.961934451448198e+22,4.49934784566537e+22,3.1497483840605464e+16,1.841085377631047e+16,1.5255229333821276e+16,4.208339552117885e+16
