t(s),Total solute volume 1,Total retention volume 1,Total 1 volume 1,Total 2 volume 1,Total 3 volume 1,Total 4 volume 1,Total 5 volume 1,Total 6 volume 1
0,6.1674638455494386e+19,6.1412844758307195e+22,1.961934451448198e+22,4.172998634441791e+22,5.241899392324945e+17,4.734070642792169e+17,3.156235097635848e+17,5.260404386646978e+17
