t(s),Total solute volume 1,Total retention volume 1,Total 1 volume 1,Total 2 volume 1,Total 3 volume 1,Total 4 volume 1,Total 5 volume 1,Total 6 volume 1
0,3.563921568279588e+17,8.342744327260006e+17,6.858169948084933e+16,1.8831811750643e+17,26565316105588.508,104382344738824.67,1098263634954281.0,2.197532476149615e+17
