t(s),Total solute volume 1,Total retention volume 1,Total 1 volume 1,Total 2 volume 1,Total 3 volume 1,Total 4 volume 1,Total 5 volume 1,Total 6 volume 1
0,2.0861979911880643e+17,2.1212172753916849e+18,6.858169948084933e+16,1.1023516579767e+17,259131412518547.25,1570926482755861.2,1.3310255952420314e+16,1.718640297146656e+18
