t(s),Total solute volume 1,Total retention volume 1,Total 1 volume 1,Total 2 volume 1,Total 3 volume 1,Total 4 volume 1,Total 5 volume 1,Total 6 volume 1
0,5.467373305480017e+16,8.766689431955762e+16,3458157710870755.0,3557120067332162.0,37959786176936.83,137446472825620.05,586846509543603.5,2.521563071800805e+16
