t(s),Total solute volume 1,Total retention volume 1,Total 1 volume 1,Total 2 volume 1,Total 3 volume 1,Total 4 volume 1,Total 5 volume 1,Total 6 volume 1
0,9.340096063528438e+16,1.0644646835866045e+17,3458157710870755.0,6076746478966877.0,3896028326293.5776,9147824230462.662,48529483851450.42,3449030197130760.5
