t(s),Total solute volume 1,Total retention volume 1,Total 1 volume 1,Total 2 volume 1,Total 3 volume 1,Total 4 volume 1,Total 5 volume 1,Total 6 volume 1
0,1.194648755498281e+18,2.7734432437480944e+19,3.364073161464839e+18,9.67235389752105e+18,2.5451759929508788e+16,2.9294865578482566e+17,3.0879370539347707e+18,1.0097019153347512e+19
