t(s),Total solute volume 1,Total retention volume 1,Total 1 volume 1,Total 2 volume 1,Total 3 volume 1,Total 4 volume 1,Total 5 volume 1,Total 6 volume 1
0,2.0408582906428972e+18,2.294401188727892e+19,3.3640731614648397e+18,1.6521366587680283e+19,2604426311548682.0,1.903118164620832e+16,1.8746980018369594e+17,8.086084393495071e+17
