t(s),Total solute volume 1,Total retention volume 1,Total 1 volume 1,Total 2 volume 1,Total 3 volume 1,Total 4 volume 1,Total 5 volume 1,Total 6 volume 1
0,1.1999214403838232e+20,4.2655183464081024e+23,6.1524972335763196e+22,4.870349495676083e+22,8.98941167968647e+22,6.141263985607393e+22,4.7647900339311645e+22,1.172487182119943e+23
