t(s),Total solute volume 1,Total retention volume 1,Total 1 volume 1,Total 2 volume 1,Total 3 volume 1,Total 4 volume 1,Total 5 volume 1,Total 6 volume 1
0,2.0498657939890205e+20,1.1119343581039473e+23,6.1524972335763196e+22,4.946344516545733e+22,9330381324497168.0,5444281812794775.0,4510993149682638.0,1.2444119008694104e+16
