t(s),Total solute volume 1,Total retention volume 1,Total 1 volume 1,Total 2 volume 1,Total 3 volume 1,Total 4 volume 1,Total 5 volume 1,Total 6 volume 1
0,1.1999214403838232e+20,1.1034900378791933e+23,6.1524972335763196e+22,4.870349495676083e+22,1.554741637669475e+17,1.3999515327390075e+17,9.333072656359131e+16,1.5555131226205338e+17
