t(s),Total solute volume 1,Total retention volume 1,Total 1 volume 1,Total 2 volume 1,Total 3 volume 1,Total 4 volume 1,Total 5 volume 1,Total 6 volume 1
0,7.82153398870977e+16,1.8500582866493686e+17,7687035129498278.0,8909437720794750.0,70001373942748.484,290939081722324.6,1492423462168003.2,8.834065200971344e+16
