t(s),Total solute volume 1,Total retention volume 1,Total 1 volume 1,Total 2 volume 1,Total 3 volume 1,Total 4 volume 1,Total 5 volume 1,Total 6 volume 1
0,1.3361787230712443e+17,1.687470504901143e+17,7687035129498279.0,1.522028754057002e+16,7181227692853.352,19351003356966.367,123346958047265.81,1.2071976323824396e+16
