t(s),Total solute volume 1,Total retention volume 1,Total 1 volume 1,Total 2 volume 1,Total 3 volume 1,Total 4 volume 1,Total 5 volume 1,Total 6 volume 1
0,9.340096063528438e+16,1.03537728649942e+17,3458157710870754.5,6076746478966877.0,667940110762.3367,1568296936979.373,8319899322027.614,591307688450922.8
