t(s),Total solute volume 1,Total retention volume 1,Total 1 volume 1,Total 2 volume 1,Total 3 volume 1,Total 4 volume 1,Total 5 volume 1,Total 6 volume 1
0,5.467373305480017e+16,6.614635746854691e+16,3458157710870755.5,3557120067332162.0,6515011504019.853,23599107120494.36,100736542194112.5,4326495974725341.0
