t(s),Total solute volume 1,Total retention volume 1,Total 1 volume 1,Total 2 volume 1,Total 3 volume 1,Total 4 volume 1,Total 5 volume 1,Total 6 volume 1
0,9.367034766423861e+18,9.195704481549092e+20,1.00671705467033e+20,8.092422388220477e+20,3.0724040144397756e+16,5.808985905611546e+16,5.3322017283397416e+16,1.4733318292116422e+17
