t(s),Total solute volume 1,Total retention volume 1,Total 1 volume 1,Total 2 volume 1,Total 3 volume 1,Total 4 volume 1,Total 5 volume 1,Total 6 volume 1
0,4.443246134384989e+19,2.6909437605628734e+22,3.1834588077439205e+21,2.3681226433136985e+22,9.238099620515934e+16,5.527506076136221e+16,4.582714424036658e+16,1.2642020241322109e+17
