t(s),Total solute volume 1,Total retention volume 1,Total 1 volume 1,Total 2 volume 1,Total 3 volume 1,Total 4 volume 1,Total 5 volume 1,Total 6 volume 1
0,2.600924566469286e+19,2.041661527018946e+22,3.1834588077439205e+21,1.7201685979806866e+22,1.51216091495064e+18,1.4207136049247555e+18,9.481280213248923e+17,1.580234432850902e+18
