t(s),Total solute volume 1,Total retention volume 1,Total 1 volume 1,Total 2 volume 1
0,3.5302772118780864e+17,9.994753698147607e+17,2.2173507663096877e+17,4.247125719959892e+17
