t(s),Total solute volume 1,Total retention volume 1,Total 1 volume 1,Total 2 volume 1
0,6.030890236958341e+17,1.5503704285677665e+18,2.2173507663096877e+17,7.255463282409612e+17
