t(s),Total solute volume 1,Total retention volume 1,Total 1 volume 1,Total 2 volume 1,Total 3 volume 1,Total 4 volume 1,Total 5 volume 1,Total 6 volume 1
0,2.3160815502785014e+18,3.067373035687137e+19,4.460907519859345e+18,2.284893514595476e+19,3735135101831334.5,2.792310868089447e+16,2.1550633301667786e+17,8.00641563979233e+17
