t(s),Total solute volume 1,Total retention volume 1,Total 1 volume 1,Total 2 volume 1,Total 3 volume 1,Total 4 volume 1,Total 5 volume 1,Total 6 volume 1
0,1.355755053821572e+18,3.343654221030933e+19,4.460907519859345e+18,1.337749223333267e+19,3.6530890730364984e+16,4.3460333915064864e+17,3.769314966875121e+18,1.0001938206539583e+19
