t(s),Total solute volume 1,Total retention volume 1,Total 1 volume 1,Total 2 volume 1,Total 3 volume 1,Total 4 volume 1,Total 5 volume 1,Total 6 volume 1
0,9.566309649021271e+17,5.548046877889193e+18,6.205788698891987e+17,2.368112616809924e+18,561786743059519.1,3214457424556352.0,5.154129308876775e+16,1.5474068890315666e+18
