t(s),Total solute volume 1,Total retention volume 1,Total 1 volume 1,Total 2 volume 1,Total 3 volume 1,Total 4 volume 1,Total 5 volume 1,Total 6 volume 1
0,6.549761982660554e+18,3.7871241118167296e+20,4.533611706929847e+19,3.264895769282699e+20,1.6880597321744914e+16,6.117400091614945e+16,6.8561017174473144e+16,1.903395860324911e+17
