t(s),Total solute volume 1,Total retention volume 1,Total 1 volume 1,Total 2 volume 1,Total 3 volume 1,Total 4 volume 1,Total 5 volume 1,Total 6 volume 1
0,3.8340070142403466e+18,2.4608746358228648e+20,4.533611706929847e+19,1.916287548066981e+20,1.7317566049323773e+17,1.324087860623273e+18,1.4121236236536384e+18,2.3791975472786345e+18
