t(s),Total solute volume 1,Total retention volume 1,Total 1 volume 1,Total 2 volume 1
0,1.7152588772477386e+17,2.825669125936601e+17,4.431341940307482e+16,6.672760546581344e+16
