t(s),Total solute volume 1,Total retention volume 1,Total 1 volume 1,Total 2 volume 1
0,2.9302339152982e+17,4.513296970759148e+17,4.431341940307482e+16,1.1399288614301397e+17
