t(s),Total solute volume 1,Total retention volume 1,Total 1 volume 1,Total 2 volume 1,Total 3 volume 1,Total 4 volume 1,Total 5 volume 1,Total 6 volume 1
0,2.067829880351787e+17,3.026666326471084e+17,2.0362204049155636e+16,4.663428171230368e+16,7878666593795.421,25112484018330.152,200210924401399.16,2.8653956775453028e+16
