t(s),Total solute volume 1,Total retention volume 1,Total 1 volume 1,Total 2 volume 1,Total 3 volume 1,Total 4 volume 1,Total 5 volume 1,Total 6 volume 1
0,1.2104370031327629e+17,3.824078650375217e+17,2.036220404915564e+16,2.7298126560537492e+16,76845453241622.86,377871138609938.44,2424304337633082.5,2.108248131850669e+17
