t(s),Total solute volume 1,Total retention volume 1,Total 1 volume 1,Total 2 volume 1,Total 3 volume 1,Total 4 volume 1,Total 5 volume 1,Total 6 volume 1
0,2.2349716812900077e+17,6.863524419072986e+18,7.99733013773092e+16,1.3153125251363437e+17,881171237856471.8,5484596639527152.0,4.8127201419607096e+16,6.37402972775604e+18
