t(s),Total solute volume 1,Total retention volume 1,Total 1 volume 1,Total 2 volume 1,Total 3 volume 1,Total 4 volume 1,Total 5 volume 1,Total 6 volume 1
0,3.818076622203744e+17,1.488795811346344e+18,7.99733013773092e+16,2.2469880913100803e+17,90362540772205.53,364579080719986.0,3971448437282624.0,7.978896485588799e+17
