t(s),Total solute volume 1,Total retention volume 1,Total 1 volume 1,Total 2 volume 1,Total 3 volume 1,Total 4 volume 1,Total 5 volume 1,Total 6 volume 1
0,3.027606909858182e+18,5.789180274815167e+19,8.108748995498786e+18,4.539357696078196e+19,9855050933198892.0,7.380165698701715e+16,3.117341698506234e+17,9.664790042417262e+17
