t(s),Total solute volume 1,Total retention volume 1,Total 1 volume 1,Total 2 volume 1,Total 3 volume 1,Total 4 volume 1,Total 5 volume 1,Total 6 volume 1
0,1.1562292854379274e+18,6.270443932017696e+18,9.470815640223638e+17,3.849586369903471e+18,183729859656334.2,1126659487016033.8,1.8273049176417892e+16,2.979632741308713e+17
