t(s),Total solute volume 1,Total retention volume 1,Total 1 volume 1,Total 2 volume 1,Total 3 volume 1,Total 4 volume 1,Total 5 volume 1,Total 6 volume 1
0,6.768171426953814e+17,7.806223487070711e+18,9.470815640223639e+17,2.2534875290841032e+18,1793018271950818.8,1.7017671050571554e+16,2.3763110617970883e+17,3.672395455766648e+18
