t(s),Total solute volume 1,Total retention volume 1,Total 1 volume 1,Total 2 volume 1,Total 3 volume 1,Total 4 volume 1,Total 5 volume 1,Total 6 volume 1
0,1.3361787230712443e+17,1.6958988365989965e+17,7687035129498279.0,1.522028754057002e+16,7676454387384.172,20685485974059.26,131853171790137.2,1.2904473570555412e+16
