t(s),Total solute volume 1,Total retention volume 1,Total 1 volume 1,Total 2 volume 1,Total 3 volume 1,Total 4 volume 1,Total 5 volume 1,Total 6 volume 1
0,7.82153398870977e+16,1.9122151422031034e+17,7687035129498279.0,8909437720794750.0,74824382074862.48,310977908941056.44,1595235661825879.2,9.442866353007763e+16
