t(s),Total solute volume 1,Total retention volume 1,Total 1 volume 1,Total 2 volume 1,Total 3 volume 1,Total 4 volume 1,Total 5 volume 1,Total 6 volume 1
0,3.8340070142403466e+18,2.432397965892503e+20,4.533611706929847e+19,1.916287548066981e+20,7.992830578138422e+16,6.111284838765386e+17,6.517593840126755e+17,1.0981015253418033e+18
