t(s),Total solute volume 1,Total retention volume 1,Total 1 volume 1,Total 2 volume 1,Total 3 volume 1,Total 4 volume 1,Total 5 volume 1,Total 6 volume 1
0,6.549761982660554e+18,3.785309739559582e+20,4.533611706929847e+19,3.264895769282699e+20,7791051572006897.0,2.8234174688831548e+16,3.1643570899774916e+16,8.784917856946171e+16
