t(s),Total solute volume 1,Total retention volume 1,Total 1 volume 1,Total 2 volume 1,Total 3 volume 1,Total 4 volume 1,Total 5 volume 1,Total 6 volume 1
0,4.5495789518832886e+19,4.5201454787124594e+22,1.0574109797244612e+22,3.4581088036988603e+22,2.161481329417764e+17,1.9618506597557302e+17,1.3081117691964442e+17,2.1801899669049046e+17
