t(s),Total solute volume 1,Total retention volume 1,Total 1 volume 1,Total 2 volume 1,Total 3 volume 1,Total 4 volume 1,Total 5 volume 1,Total 6 volume 1
0,7.772197376133865e+19,5.045236364463801e+22,1.0574109797244612e+22,3.980048746435125e+22,1.301522173322332e+16,7629953901668010.0,6322558034817880.0,1.744154729257975e+16
