t(s),Total solute volume 1,Total retention volume 1,Total 1 volume 1,Total 2 volume 1,Total 3 volume 1,Total 4 volume 1,Total 5 volume 1,Total 6 volume 1
0,1.0357694112375635e+17,4.901081884224111e+17,1.4382961689890436e+16,1.830613831100575e+16,167198511923586.4,774162398587777.9,4586198307271629.0,3.483145880799723e+17
