t(s),Total solute volume 1,Total retention volume 1,Total 1 volume 1,Total 2 volume 1,Total 3 volume 1,Total 4 volume 1,Total 5 volume 1,Total 6 volume 1
0,7.831248687372006e+17,4.772416792439841e+18,3.971127163555371e+17,1.417606166617462e+18,462104594056210.7,2453106290252499.5,3.716468662266859e+16,2.134493143222652e+18
