t(s),Total solute volume 1,Total retention volume 1,Total 1 volume 1,Total 2 volume 1,Total 3 volume 1,Total 4 volume 1,Total 5 volume 1,Total 6 volume 1
0,4.584145573095851e+17,2.6855172787990913e+19,3.971127163555371e+17,8.29827887724081e+17,4507475782443450.0,3.6945413626178616e+16,4.580228012688491e+17,2.4670341935924265e+19
