t(s),Total solute volume 1,Total retention volume 1,Total 1 volume 1,Total 2 volume 1,Total 3 volume 1,Total 4 volume 1,Total 5 volume 1,Total 6 volume 1
0,1.0357694112375635e+17,4.709945878774407e+17,1.4382961689890436e+16,1.830613831100575e+16,158168832855705.53,732365737244019.4,4338548272429127.5,3.29499463910261e+17
