t(s),Total solute volume 1,Total retention volume 1,Total 1 volume 1,Total 2 volume 1,Total 3 volume 1,Total 4 volume 1,Total 5 volume 1,Total 6 volume 1
0,9.367034766423861e+18,9.196595154004945e+20,1.00671705467033e+20,8.092422388220477e+20,4.017757577997305e+16,7.596363754248851e+16,6.972876795293401e+16,1.926663637152147e+17
