t(s),Total solute volume 1,Total retention volume 1,Total 1 volume 1,Total 2 volume 1,Total 3 volume 1,Total 4 volume 1,Total 5 volume 1,Total 6 volume 1
0,5.483142302296937e+18,5.8913905005096056e+20,1.0067170546703298e+20,4.768663777774811e+20,4.43044811631427e+17,1.82553836868311e+18,1.4409822578403604e+18,2.4082590659913467e+18
