t(s),Total solute volume 1,Total retention volume 1,Total 1 volume 1,Total 2 volume 1,Total 3 volume 1,Total 4 volume 1,Total 5 volume 1,Total 6 volume 1
0,2.641240568788231e+18,4.16443531478112e+19,5.979897840391367e+18,3.199484310387922e+19,5185769922782021.0,3.918193706894466e+16,2.2693387392599475e+17,7.57070053834577e+17
