t(s),Total solute volume 1,Total retention volume 1,Total 1 volume 1,Total 2 volume 1,Total 3 volume 1,Total 4 volume 1,Total 5 volume 1,Total 6 volume 1
0,1.5460920402662884e+18,4.057153374536672e+19,5.979897840391367e+18,1.873360234042119e+19,5.078037614869611e+16,6.201051731174235e+17,4.181046310049292e+18,9.46000966497244e+18
