t(s),Total solute volume 1,Total retention volume 1,Total 1 volume 1,Total 2 volume 1,Total 3 volume 1,Total 4 volume 1,Total 5 volume 1,Total 6 volume 1
0,4.408003339419685e+17,1.1486978960098532e+18,1.1018915844204802e+17,3.247827274525352e+17,28466659977885.836,121363302680580.8,1420385053309378.8,2.7135546115733792e+17
