t(s),Total solute volume 1,Total retention volume 1,Total 1 volume 1,Total 2 volume 1,Total 3 volume 1,Total 4 volume 1,Total 5 volume 1,Total 6 volume 1
0,2.5802946377090512e+17,2.884001115546102e+18,1.1018915844204802e+17,1.9011722470774906e+17,277701245554199.9,1826803272730042.8,1.72349594225083e+16,2.3063258046846065e+18
