t(s),Total solute volume 1,Total retention volume 1,Total 1 volume 1,Total 2 volume 1,Total 3 volume 1,Total 4 volume 1,Total 5 volume 1,Total 6 volume 1
0,4.0452254584778307e+18,1.1573810145647616e+20,1.5476103569735985e+19,9.533228108352348e+19,1.3618289650278686e+16,9.042435639649355e+16,2.01625098099629e+17,5.7882360059274e+17
