t(s),Total solute volume 1,Total retention volume 1,Total 1 volume 1,Total 2 volume 1,Total 3 volume 1,Total 4 volume 1,Total 5 volume 1,Total 6 volume 1
0,2.3679368537431424e+18,8.671737853936794e+19,1.5476103569735987e+19,5.584790903245229e+19,1.3460257781471698e+17,1.59745897010684e+18,4.0587267822666813e+18,7.234640753248153e+18
