t(s),Total solute volume 1,Total retention volume 1,Total 1 volume 1,Total 2 volume 1,Total 3 volume 1,Total 4 volume 1,Total 5 volume 1,Total 6 volume 1
0,8.553063609334184e+16,2.2178217418399997e+17,9383807851828778.0,1.1205049428947024e+16,76638015773089.19,329681672967666.75,1770437832710781.8,1.1348592328842912e+17
