t(s),Total solute volume 1,Total retention volume 1,Total 1 volume 1,Total 2 volume 1,Total 3 volume 1,Total 4 volume 1,Total 5 volume 1,Total 6 volume 1
0,1.4611483665945994e+17,1.903173493996582e+17,9383807851828778.0,1.9141956437258628e+16,7860998714721.937,21923790732101.383,146300463582221.03,1.5500663198082444e+16
