t(s),Total solute volume 1,Total retention volume 1,Total 1 volume 1,Total 2 volume 1,Total 3 volume 1,Total 4 volume 1,Total 5 volume 1,Total 6 volume 1
0,4.1904446013324595e+17,2.3751135857040278e+19,3.250257609819086e+17,6.591645730832125e+17,3381324513187506.0,2.678265749471082e+16,3.1933967921751744e+17,2.1998397401616474e+19
