t(s),Total solute volume 1,Total retention volume 1,Total 1 volume 1,Total 2 volume 1,Total 3 volume 1,Total 4 volume 1,Total 5 volume 1,Total 6 volume 1
0,7.158676193942945e+17,4.16182273848482e+18,3.250257609819086e+17,1.1260624170802307e+18,346658251066626.0,1778745280253708.0,2.6043191043649044e+16,1.9666983464534129e+18
