t(s),Total solute volume 1,Total retention volume 1,Total 1 volume 1,Total 2 volume 1,Total 3 volume 1,Total 4 volume 1,Total 5 volume 1,Total 6 volume 1
0,6.8888290702006904e+16,1.2602124999870829e+17,5790815030907821.0,6433524569071775.0,43633942344147.46,172712019601899.25,830098018624903.4,4.386217571615015e+16
