t(s),Total solute volume 1,Total retention volume 1,Total 1 volume 1,Total 2 volume 1,Total 3 volume 1,Total 4 volume 1,Total 5 volume 1,Total 6 volume 1
0,8.70000992795148e+16,9.765848559132442e+16,2951661998355005.5,5065423436879563.0,3324900867806.285,7596552614895.237,38859242593487.29,2591520180498803.5
