t(s),Total solute volume 1,Total retention volume 1,Total 1 volume 1,Total 2 volume 1,Total 3 volume 1,Total 4 volume 1,Total 5 volume 1,Total 6 volume 1
0,4.1904446013324595e+17,1.806727068245956e+22,3.250257609819086e+17,6.591645730832125e+17,2.5783120534724833e+18,1.8921596500368884e+19,2.357106606210913e+20,1.780865687849044e+22
