t(s),Total solute volume 1,Total retention volume 1,Total 1 volume 1,Total 2 volume 1,Total 3 volume 1,Total 4 volume 1,Total 5 volume 1,Total 6 volume 1
0,4.1904446013324595e+17,8.176438761088829e+18,3.250257609819086e+17,6.591645730832125e+17,1024865251080535.0,8118300144046012.0,9.679344265354336e+16,6.667267358841803e+18
