t(s),Total solute volume 1,Total retention volume 1,Total 1 volume 1,Total 2 volume 1,Total 3 volume 1,Total 4 volume 1,Total 5 volume 1,Total 6 volume 1
0,7.158676193942945e+17,2.771469476610131e+18,3.250257609819086e+17,1.1260624170802307e+18,105049392935277.75,539019969550978.25,7891973982224836.0,5.959776358089832e+17
