t(s),Total solute volume 1,Total retention volume 1,Total 1 volume 1,Total 2 volume 1,Total 3 volume 1,Total 4 volume 1,Total 5 volume 1,Total 6 volume 1
0,5.556772250990977e+17,2.264235233587014e+18,1.8471874136236307e+17,5.881523663147372e+17,107417494745637.92,500446588742986.3,6552630356232876.0,9.285264063710894e+17
