t(s),Total solute volume 1,Total retention volume 1,Total 1 volume 1,Total 2 volume 1,Total 3 volume 1,Total 4 volume 1,Total 5 volume 1,Total 6 volume 1
0,3.2527447322874304e+17,9.99768226020265e+18,1.8471874136236307e+17,3.4428597201944646e+17,1047816905485564.0,7533214413478415.0,7.972932439237136e+16,9.055092717880699e+18
