t(s),Total solute volume 1,Total retention volume 1,Total 1 volume 1,Total 2 volume 1,Total 3 volume 1,Total 4 volume 1,Total 5 volume 1,Total 6 volume 1
0,7.180129369195402e+16,1.6037772004091885e+17,6351323389472384.0,7154332371437873.0,67782842029894.61,272578065769068.22,1338279262170966.8,7.339213041808619e+16
