t(s),Total solute volume 1,Total retention volume 1,Total 1 volume 1,Total 2 volume 1,Total 3 volume 1,Total 4 volume 1,Total 5 volume 1,Total 6 volume 1
0,1.2266054339042045e+17,1.5140276914257267e+17,6351323389472384.0,1.22219832432844e+16,6955089749706.913,18134970306388.473,110634486157135.33,1.003319457318221e+16
