t(s),Total solute volume 1,Total retention volume 1,Total 1 volume 1,Total 2 volume 1,Total 3 volume 1,Total 4 volume 1,Total 5 volume 1,Total 6 volume 1
0,8.516285748348854e+19,8.217132694715144e+22,3.579686312483719e+22,4.628721412782856e+22,5.95662597481882e+17,5.368149695299071e+17,3.578842300693872e+17,5.964752055296737e+17
