t(s),Total solute volume 1,Total retention volume 1,Total 1 volume 1,Total 2 volume 1,Total 3 volume 1,Total 4 volume 1,Total 5 volume 1,Total 6 volume 1
0,1.454865482009603e+20,8.391707194943267e+22,3.579686312483719e+22,4.797460062369274e+22,3.576014324081263e+16,2.087647918504273e+16,1.7297855883118498e+16,4.771822270771105e+16
