t(s),Total solute volume 1,Total retention volume 1,Total 1 volume 1,Total 2 volume 1,Total 3 volume 1,Total 4 volume 1,Total 5 volume 1,Total 6 volume 1
0,4.7566518870554744e+16,6.74835022922312e+16,2534742031225782.5,2489019978208205.5,27811502584904.92,95444821740093.14,379439867814959.1,1.4390525220103e+16
