t(s),Total solute volume 1,Total retention volume 1,Total 1 volume 1,Total 2 volume 1,Total 3 volume 1,Total 4 volume 1,Total 5 volume 1,Total 6 volume 1
0,8.125946973719792e+16,9.005556283889083e+16,2534742031225782.5,4252075647885005.0,2854848152891.3364,6353588210509.988,31383009099684.47,1968683977118752.8
