t(s),Total solute volume 1,Total retention volume 1,Total 1 volume 1,Total 2 volume 1,Total 3 volume 1,Total 4 volume 1,Total 5 volume 1,Total 6 volume 1
0,3.027606909858182e+18,5.7748449047451754e+19,8.108748995498786e+18,4.539357696078196e+19,8817684627878278.0,6.603310892904264e+16,2.7892026104894717e+17,8.64745126706826e+17
