t(s),Total solute volume 1,Total retention volume 1,Total 1 volume 1,Total 2 volume 1,Total 3 volume 1,Total 4 volume 1,Total 5 volume 1,Total 6 volume 1
0,3.5302772118780864e+17,2.1236399171097424e+19,2.2173507663096877e+17,4.247125719959892e+17,2445668317973912.5,1.8142266216445024e+16,1.997701524291308e+17,2.0016565714319147e+19
