t(s),Total solute volume 1,Total retention volume 1,Total 1 volume 1,Total 2 volume 1,Total 3 volume 1,Total 4 volume 1,Total 5 volume 1,Total 6 volume 1
0,6.030890236958341e+17,3.520704295705217e+18,2.2173507663096877e+17,7.255463282409612e+17,250756018838543.53,1205372145631099.2,1.6392077378244808e+16,1.9524856615947436e+18
