t(s),Total solute volume 1,Total retention volume 1,Total 1 volume 1,Total 2 volume 1,Total 3 volume 1,Total 4 volume 1,Total 5 volume 1,Total 6 volume 1
0,4.7566518870554744e+16,6.5358084203065384e+16,2534742031225782.5,2489019978208205.5,23843742004109.47,81834186787932.9,325316764061660.8,1.2336808630222444e+16
