t(s),Total solute volume 1,Total retention volume 1,Total 1 volume 1,Total 2 volume 1,Total 3 volume 1,Total 4 volume 1,Total 5 volume 1,Total 6 volume 1
0,8.125946973719792e+16,8.976854859985243e+16,2534742031225782.5,4252075647885005.0,2447047274843.667,5445997905463.042,26900066508434.9,1687468071855084.8
