t(s),Total solute volume 1,Total retention volume 1,Total 1 volume 1,Total 2 volume 1,Total 3 volume 1,Total 4 volume 1,Total 5 volume 1,Total 6 volume 1
0,1.0575407049402066e+18,3.1450000616237515e+19,2.563088576888768e+18,7.076244436375885e+18,2.9100268475765492e+16,3.2281800696844006e+17,3.9056893794184125e+18,1.6495519243170034e+19
