t(s),Total solute volume 1,Total retention volume 1,Total 1 volume 1,Total 2 volume 1,Total 3 volume 1,Total 4 volume 1,Total 5 volume 1,Total 6 volume 1
0,1.806632037606207e+18,1.8055619593783986e+19,2.563088576888768e+18,1.2087386361672243e+19,2979556906506920.0,2.112718921128774e+16,2.523139755977111e+17,1.3220918959012982e+18
