t(s),Total solute volume 1,Total retention volume 1,Total 1 volume 1,Total 2 volume 1
0,3.4133172510483444e+19,3.149948690036155e+22,5.74490075103982e+21,2.5720452976811327e+22
