t(s),Total solute volume 1,Total retention volume 1,Total 1 volume 1,Total 2 volume 1
0,5.831083637207589e+19,3.810634513535991e+22,5.744900751039844e+21,3.230313354794798e+22
