t(s),Total solute volume 1,Total retention volume 1,Total 1 volume 1,Total 2 volume 1
0,4.7566518870554744e+16,5.259028087998926e+16,2534742031225782.5,2489019978208205.5
