t(s),Total solute volume 1,Total retention volume 1,Total 1 volume 1,Total 2 volume 1
0,8.125946973719792e+16,8.804628741630848e+16,2534742031225782.5,4252075647885005.0
