t(s),Total solute volume 1,Total retention volume 1,Total 1 volume 1,Total 2 volume 1,Total 3 volume 1,Total 4 volume 1,Total 5 volume 1,Total 6 volume 1
0,6.8888290702006904e+16,1.2041075184834917e+17,5790815030907821.0,6433524569071775.0,38183617161221.87,151143728133130.12,726420720978206.8,3.838237348009073e+16
