t(s),Total solute volume 1,Total retention volume 1,Total 1 volume 1,Total 2 volume 1,Total 3 volume 1,Total 4 volume 1,Total 5 volume 1,Total 6 volume 1
0,1.2485206491236938e+19,4.3302891943101197e+21,6.290856345856501e+20,3.6814069503789776e+21,1.637581584440517e+18,2.026977407869924e+18,1.3674592174352806e+18,2.2793846444671688e+18
