t(s),Total solute volume 1,Total retention volume 1,Total 1 volume 1,Total 2 volume 1,Total 3 volume 1,Total 4 volume 1,Total 5 volume 1,Total 6 volume 1
0,2.1328894422529733e+19,6.631571747593838e+21,6.290856345856501e+20,5.980718300898714e+21,1.1124447182911653e+17,7.922066446091453e+16,6.609876433556407e+16,1.8235378635044227e+17
