t(s),Total solute volume 1,Total retention volume 1,Total 1 volume 1,Total 2 volume 1,Total 3 volume 1,Total 4 volume 1,Total 5 volume 1,Total 6 volume 1
0,8.113418985332498e+18,1.5368146890879098e+21,2.4107704894684447e+20,1.281474549652156e+21,8.929100759916406e+17,1.8331909064666153e+18,1.2833434654180774e+18,2.1402270557041508e+18
