t(s),Total solute volume 1,Total retention volume 1,Total 1 volume 1,Total 2 volume 1,Total 3 volume 1,Total 4 volume 1,Total 5 volume 1,Total 6 volume 1
0,1.3860424099942965e+19,2.4059034128788436e+21,2.4107704894684447e+20,2.1505892778574658e+21,7.064744792363412e+16,7.274905241954558e+16,6.204546300471922e+16,1.712200112244348e+17
