t(s),Total solute volume 1,Total retention volume 1,Total 1 volume 1,Total 2 volume 1,Total 3 volume 1,Total 4 volume 1,Total 5 volume 1,Total 6 volume 1
0,5.539824915009872e+18,2.4976566003676594e+20,3.120606282469643e+19,2.1299199081623975e+20,936573896746042.4,4426814784488227.5,5911783756993494.0,1.6506308380579134e+16
