t(s),Total solute volume 1,Total retention volume 1,Total 1 volume 1,Total 2 volume 1,Total 3 volume 1,Total 4 volume 1,Total 5 volume 1,Total 6 volume 1
0,4.566829557989454e+18,3.721211467092345e+20,6.696388307350977e+19,2.9943637271575534e+20,5.629316503334097e+16,3.242776866422595e+17,2.890538424422977e+17,4.844366678633859e+17
