t(s),Total solute volume 1,Total retention volume 1,Total 1 volume 1,Total 2 volume 1,Total 3 volume 1,Total 4 volume 1,Total 5 volume 1,Total 6 volume 1
0,7.801667161565198e+18,5.84238677409002e+20,6.696388307350977e+19,5.094009276905076e+20,5331257280883193.0,1.410994877448397e+16,1.4003131080771132e+16,3.8755146284124136e+16
