t(s),Total solute volume 1,Total retention volume 1,Total 1 volume 1,Total 2 volume 1,Total 3 volume 1,Total 4 volume 1,Total 5 volume 1,Total 6 volume 1
0,7.523525865105635e+17,1.501227015310433e+19,1.1991975012111887e+18,2.955764414391274e+18,6054121227068554.0,5.9730102340346536e+16,8.385396105672657e+17,9.200631816856605e+18
