t(s),Total solute volume 1,Total retention volume 1,Total 1 volume 1,Total 2 volume 1,Total 3 volume 1,Total 4 volume 1,Total 5 volume 1,Total 6 volume 1
0,1.2852690019555497e+18,8.343367716827442e+18,1.1991975012111887e+18,5.049221861376426e+18,620321755821564.5,3948923040092182.5,6.264408198053141e+16,7.424660255077952e+17
