t(s),Total solute volume 1,Total retention volume 1,Total 1 volume 1,Total 2 volume 1,Total 3 volume 1,Total 4 volume 1,Total 5 volume 1,Total 6 volume 1
0,2.600924566469286e+19,2.041131466053064e+22,3.1834588077439205e+21,1.7201685979806866e+22,4.44760390822226e+16,4.178659552616221e+16,2.788663152674511e+16,4.647804908129375e+16
