t(s),Total solute volume 1,Total retention volume 1,Total 1 volume 1,Total 2 volume 1,Total 3 volume 1,Total 4 volume 1,Total 5 volume 1,Total 6 volume 1
0,4.443246134384989e+19,2.690912711115786e+22,3.1834588077439205e+21,2.3681226433136985e+22,2717090901951108.5,1625738488846958.5,1347858432540707.8,3718245180516436.5
