t(s),Total solute volume 1,Total retention volume 1,Total 1 volume 1,Total 2 volume 1,Total 3 volume 1,Total 4 volume 1,Total 5 volume 1,Total 6 volume 1
0,1.3860424099942965e+19,2.4055644173614307e+21,2.4107704894684447e+20,2.1505892778574778e+21,7064753864628707.0,7274913153094886.0,6204553554779875.0,1.7122236579728422e+16
