t(s),Total solute volume 1,Total retention volume 1,Total 1 volume 1,Total 2 volume 1,Total 3 volume 1,Total 4 volume 1,Total 5 volume 1,Total 6 volume 1
0,8.113418985332498e+18,1.5312800002648173e+21,2.4107704894684447e+20,1.281474549652156e+21,8.929281807738635e+16,1.8332405634129558e+17,1.2833731362362832e+17,2.140284924450829e+17
