t(s),Total solute volume 1,Total retention volume 1,Total 1 volume 1,Total 2 volume 1,Total 3 volume 1,Total 4 volume 1,Total 5 volume 1,Total 6 volume 1
0,9.688003471877627e+16,1.1160343777395006e+17,3752113566455123.5,6674159898032270.0,4469082404162.965,10641993374743.85,57524806594428.68,4224493708313585.0
