t(s),Total solute volume 1,Total retention volume 1,Total 1 volume 1,Total 2 volume 1,Total 3 volume 1,Total 4 volume 1,Total 5 volume 1,Total 6 volume 1
0,5.67102642256257e+16,9.615310096156352e+16,3752113566455123.5,3906825519925697.5,43541451363990.42,159887822238286.6,695591990750806.8,3.0884876385204052e+16
