t(s),Total solute volume 1,Total retention volume 1,Total 1 volume 1,Total 2 volume 1,Total 3 volume 1,Total 4 volume 1,Total 5 volume 1,Total 6 volume 1
0,9.340096063528438e+16,1.060452893600114e+17,3458157710870755.0,6076746478966877.0,3450803248641.4365,8102428793923.987,42983655636486.86,3054887647210388.0
