t(s),Total solute volume 1,Total retention volume 1,Total 1 volume 1,Total 2 volume 1,Total 3 volume 1,Total 4 volume 1,Total 5 volume 1,Total 6 volume 1
0,7.158676193942945e+17,2.7110184430823255e+18,3.250257609819086e+17,1.1260624170802307e+18,94544509914724.7,485118217096041.06,7102780415250000.0,5.363802024836186e+17
