t(s),Total solute volume 1,Total retention volume 1,Total 1 volume 1,Total 2 volume 1,Total 3 volume 1,Total 4 volume 1,Total 5 volume 1,Total 6 volume 1
0,4.1904446013324595e+17,7.499161913736347e+18,3.250257609819086e+17,6.591645730832125e+17,922387393721902.5,7306561852690778.0,8.711503161073954e+16,6.000583138680852e+18
