t(s),Total solute volume 1,Total retention volume 1,Total 1 volume 1,Total 2 volume 1,Total 3 volume 1,Total 4 volume 1,Total 5 volume 1,Total 6 volume 1
0,9.688003471877627e+16,1.1171956506135638e+17,3752113566455123.5,6674159898032270.0,4589856979652.217,10929591758797.068,59079397701433.69,4338658031652396.0
