t(s),Total solute volume 1,Total retention volume 1,Total 1 volume 1,Total 2 volume 1,Total 3 volume 1,Total 4 volume 1,Total 5 volume 1,Total 6 volume 1
0,5.67102642256257e+16,9.701114302854858e+16,3752113566455123.5,3906825519925697.5,44716490648523.93,164200501262786.44,714359788062793.1,3.171866293656871e+16
