t(s),Total solute volume 1,Total retention volume 1,Total 1 volume 1,Total 2 volume 1,Total 3 volume 1,Total 4 volume 1,Total 5 volume 1,Total 6 volume 1
0,1.772257703331625e+18,4.563059653640105e+19,8.108748995498784e+18,2.6581741941542703e+19,4.579898948593106e+16,5.672088741861952e+17,2.8333392908351493e+18,5.721500741520668e+18
