t(s),Total solute volume 1,Total retention volume 1,Total 1 volume 1,Total 2 volume 1,Total 3 volume 1,Total 4 volume 1,Total 5 volume 1,Total 6 volume 1
0,3.027606909858182e+18,5.717503184637943e+19,8.108748995498786e+18,4.539357696078196e+19,4668201813436126.0,3.495880513435112e+16,1.476641215185491e+17,4.578078517740062e+17
