t(s),Total solute volume 1,Total retention volume 1,Total 1 volume 1,Total 2 volume 1,Total 3 volume 1,Total 4 volume 1,Total 5 volume 1,Total 6 volume 1
0,7.831248687372006e+17,5.014030451968193e+18,3.971127163555371e+17,1.417606166617462e+18,513448402658884.06,2725668503067758.0,4.129401269969819e+16,2.3716535706525573e+18
