t(s),Total solute volume 1,Total retention volume 1,Total 1 volume 1,Total 2 volume 1,Total 3 volume 1,Total 4 volume 1,Total 5 volume 1,Total 6 volume 1
0,4.584145573095851e+17,2.965106827951508e+19,3.971127163555371e+17,8.29827887724081e+17,5008129937889955.0,4.104852728399259e+16,5.088937803811028e+17,2.741076268052289e+19
