t(s),Total solute volume 1,Total retention volume 1,Total 1 volume 1,Total 2 volume 1,Total 3 volume 1,Total 4 volume 1,Total 5 volume 1,Total 6 volume 1
0,7.772197376133865e+19,5.045254762581073e+22,1.0574109797244612e+22,3.980048746435126e+22,6.693538575152321e+16,3.9239742915148616e+16,3.251599500660355e+16,8.96993302012994e+16
