t(s),Total solute volume 1,Total retention volume 1,Total 1 volume 1,Total 2 volume 1,Total 3 volume 1,Total 4 volume 1,Total 5 volume 1,Total 6 volume 1
0,4.5495789518832886e+19,4.520460813952657e+22,1.0574109797244612e+22,3.4581088036988603e+22,1.111608400697956e+18,1.0089389527997453e+18,6.727359040383488e+17,1.1212325169369613e+18
