t(s),Total solute volume 1,Total retention volume 1,Total 1 volume 1,Total 2 volume 1,Total 3 volume 1,Total 4 volume 1,Total 5 volume 1,Total 6 volume 1
0,6.8888290702006904e+16,1.3537012662166683e+17,5790815030907821.0,6433524569071775.0,52715332744071.63,208646039634730.7,1002839636189909.4,5.299329531111029e+16
