t(s),Total solute volume 1,Total retention volume 1,Total 1 volume 1,Total 2 volume 1,Total 3 volume 1,Total 4 volume 1,Total 5 volume 1,Total 6 volume 1
0,5.67102642256257e+16,8.842839808700283e+16,3752113566455123.5,3906825519925697.5,32961941780229.992,121053340675906.4,526606153118706.44,2.3378573339421516e+16
