t(s),Total solute volume 1,Total retention volume 1,Total 1 volume 1,Total 2 volume 1,Total 3 volume 1,Total 4 volume 1,Total 5 volume 1,Total 6 volume 1
0,9.688003471877627e+16,1.1055826530723202e+17,3752113566455123.5,6674159898032270.0,3382084142726.4004,8053553309236.082,43533170714538.13,3196988315801135.0
