t(s),Total solute volume 1,Total retention volume 1,Total 1 volume 1,Total 2 volume 1,Total 3 volume 1,Total 4 volume 1,Total 5 volume 1,Total 6 volume 1
0,2.399005506587524e+17,9.547028739188668e+18,9.36616297076456e+16,1.5772427002204848e+17,1150062980016237.2,7355622765468771.0,6.690116147369045e+16,8.980335441581038e+18
