t(s),Total solute volume 1,Total retention volume 1,Total 1 volume 1,Total 2 volume 1,Total 3 volume 1,Total 4 volume 1,Total 5 volume 1,Total 6 volume 1
0,1.0438198847203212e+18,5.146266097473115e+18,7.538773491030419e+17,2.961613368357028e+18,170623580442818.25,1008186461554532.9,1.6360193766393726e+16,3.694164914843332e+17
