t(s),Total solute volume 1,Total retention volume 1,Total 1 volume 1,Total 2 volume 1,Total 3 volume 1,Total 4 volume 1,Total 5 volume 1,Total 6 volume 1
0,6.110165178850669e+17,7.838677514557817e+18,7.538773491030418e+17,1.7336694297627313e+18,1664953489344319.2,1.5212596692997528e+16,2.0834283303534608e+17,4.5148938345893084e+18
