t(s),Total solute volume 1,Total retention volume 1,Total 1 volume 1,Total 2 volume 1,Total 3 volume 1,Total 4 volume 1,Total 5 volume 1,Total 6 volume 1
0,9.455042984468884e+17,4.883056980913579e+18,6.045923551720417e+17,2.298131816040415e+18,351843895015428.7,2004472080585878.2,3.2065810954414932e+16,1.0004063843242012e+18
