t(s),Total solute volume 1,Total retention volume 1,Total 1 volume 1,Total 2 volume 1,Total 3 volume 1,Total 4 volume 1,Total 5 volume 1,Total 6 volume 1
0,5.5346593079818586e+17,1.5012569521897566e+19,6.045923551720415e+17,1.3452732373157307e+18,3432811611400167.5,3.022098076822087e+16,4.022979473927366e+17,1.2073286258839239e+19
