t(s),Total solute volume 1,Total retention volume 1,Total 1 volume 1,Total 2 volume 1,Total 3 volume 1,Total 4 volume 1,Total 5 volume 1,Total 6 volume 1
0,5.5346593079818586e+17,2.057137624739803e+19,6.045923551720415e+17,1.3452732373157307e+18,4958200249538945.0,4.364893607077467e+16,5.810562336602504e+17,1.743838135413153e+19
