t(s),Total solute volume 1,Total retention volume 1,Total 1 volume 1,Total 2 volume 1,Total 3 volume 1,Total 4 volume 1,Total 5 volume 1,Total 6 volume 1
0,9.455042984468884e+17,5.342974756049511e+18,6.045923551720419e+17,2.298131816040415e+18,508216976574831.44,2895338995130171.0,4.631711871766345e+16,1.4450256117007898e+18
