t(s),Total solute volume 1,Total retention volume 1,Total 1 volume 1,Total 2 volume 1,Total 3 volume 1,Total 4 volume 1,Total 5 volume 1,Total 6 volume 1
0,1.827745988668061e+17,1.9126217661534328e+18,5.1059153534519e+16,7.853065002362187e+16,289273414266430.2,1666663050634195.8,1.320184913464354e+16,1.5850995781289485e+18
