t(s),Total solute volume 1,Total retention volume 1,Total 1 volume 1,Total 2 volume 1,Total 3 volume 1,Total 4 volume 1,Total 5 volume 1,Total 6 volume 1
0,3.122399397307938e+17,7.073122905699672e+17,5.1059153534519e+16,1.3415637957682182e+17,29658825236928.816,110763576553201.27,1089847152100675.8,2.0862654817394157e+17
