t(s),Total solute volume 1,Total retention volume 1,Total 1 volume 1,Total 2 volume 1,Total 3 volume 1,Total 4 volume 1,Total 5 volume 1,Total 6 volume 1
0,5.467373305480017e+16,8.618395797233707e+16,3458157710870755.0,3557120067332162.0,35793542579459.68,129606347680824.66,553363295151961.2,2.377618395392136e+16
