t(s),Total solute volume 1,Total retention volume 1,Total 1 volume 1,Total 2 volume 1,Total 3 volume 1,Total 4 volume 1,Total 5 volume 1,Total 6 volume 1
0,9.340096063528438e+16,1.0624587991839658e+17,3458157710870755.0,6076746478966877.0,3673416926161.53,8625128776218.536,45756582598175.88,3251959964974751.0
