t(s),Total solute volume 1,Total retention volume 1,Total 1 volume 1,Total 2 volume 1,Total 3 volume 1,Total 4 volume 1,Total 5 volume 1,Total 6 volume 1
0,2.2349716812900077e+17,5.210955366926011e+18,7.99733013773092e+16,1.3153125251363435e+17,654671145578352.6,4074993431087073.5,3.5757039384011228e+16,4.735466940945359e+18
