t(s),Total solute volume 1,Total retention volume 1,Total 1 volume 1,Total 2 volume 1,Total 3 volume 1,Total 4 volume 1,Total 5 volume 1,Total 6 volume 1
0,5.67102642256257e+16,7.898140939836184e+16,3752113566455123.5,3906825519925697.5,20021262511715.137,73539125242088.95,319882781933024.0,1.4198762916668674e+16
