t(s),Total solute volume 1,Total retention volume 1,Total 1 volume 1,Total 2 volume 1,Total 3 volume 1,Total 4 volume 1,Total 5 volume 1,Total 6 volume 1
0,9.688003471877627e+16,1.092807665819642e+17,3752113566455123.5,6674159898032270.0,2053464508091.8381,4889770845632.389,26431510139090.508,1941083653206628.0
