t(s),Total solute volume 1,Total retention volume 1,Total 1 volume 1,Total 2 volume 1,Total 3 volume 1,Total 4 volume 1,Total 5 volume 1,Total 6 volume 1
0,1.2852690019555497e+18,9.153036686555573e+18,1.1991975012111887e+18,5.049221861376426e+18,1240635740690443.0,7897804190762277.0,1.2528745277076256e+17,1.4849224293101624e+18
