t(s),Total solute volume 1,Total retention volume 1,Total 1 volume 1,Total 2 volume 1,Total 3 volume 1,Total 4 volume 1,Total 5 volume 1,Total 6 volume 1
0,7.523525865105635e+17,2.5115647829307245e+19,1.1991975012111887e+18,2.955764414391274e+18,1.210704517459068e+16,1.1944442511673064e+17,1.6768901780210406e+18,1.8399891678881847e+19
