t(s),Total solute volume 1,Total retention volume 1,Total 1 volume 1,Total 2 volume 1,Total 3 volume 1,Total 4 volume 1,Total 5 volume 1,Total 6 volume 1
0,1.772257703331625e+18,4.410269172959552e+19,8.108748995498784e+18,2.6581741941542703e+19,3.8166207806575176e+16,4.726804024321522e+17,2.361143103423985e+18,4.767953375559674e+18
