t(s),Total solute volume 1,Total retention volume 1,Total 1 volume 1,Total 2 volume 1,Total 3 volume 1,Total 4 volume 1,Total 5 volume 1,Total 6 volume 1
0,3.027606909858182e+18,5.7067515690116555e+19,8.108748995498786e+18,4.539357696078196e+19,3890170651931385.5,2.9132353300639836e+16,1.2305350552164818e+17,3.8150679450330906e+17
