t(s),Total solute volume 1,Total retention volume 1,Total 1 volume 1,Total 2 volume 1,Total 3 volume 1,Total 4 volume 1,Total 5 volume 1,Total 6 volume 1
0,3.434508319345575e+19,1.7656944925977564e+22,1.8076337742290045e+21,1.581487631351659e+22,2.5395878085291336e+16,1.562582804908231e+16,1.2965645731194936e+16,3.5767686622062744e+16
