t(s),Total solute volume 1,Total retention volume 1,Total 1 volume 1,Total 2 volume 1,Total 3 volume 1,Total 4 volume 1,Total 5 volume 1,Total 6 volume 1
0,2.0104438942510703e+19,1.246577568407375e+22,1.8076337742290045e+21,1.0636512866415753e+22,4.0786342892744525e+17,4.013951207185646e+17,2.682513033596527e+17,4.4709463350450074e+17
