t(s),Total solute volume 1,Total retention volume 1,Total 1 volume 1,Total 2 volume 1,Total 3 volume 1,Total 4 volume 1,Total 5 volume 1,Total 6 volume 1
0,9.85717952218855e+16,3.943542495197126e+17,1.2878448802488326e+16,1.6122851276236812e+16,137562632058826.52,624933817647852.8,3609322887145452.5,2.6240933488224883e+17
