t(s),Total solute volume 1,Total retention volume 1,Total 1 volume 1,Total 2 volume 1,Total 3 volume 1,Total 4 volume 1,Total 5 volume 1,Total 6 volume 1
0,1.6839348350405472e+17,2.4497608593972397e+17,1.2878448802488326e+16,2.754319804435506e+16,14112045404387.002,41565290794110.69,298295415714023.9,3.5806982836915076e+16
