t(s),Total solute volume 1,Total retention volume 1,Total 1 volume 1,Total 2 volume 1,Total 3 volume 1,Total 4 volume 1,Total 5 volume 1,Total 6 volume 1
0,2.7544357765683786e+17,6.679975072527776e+17,3.860071170759496e+16,9.727055195100427e+16,43586523457376.375,155119366615614.72,1431879586232945.0,2.550520804610331e+17
