t(s),Total solute volume 1,Total retention volume 1,Total 1 volume 1,Total 2 volume 1,Total 3 volume 1,Total 4 volume 1,Total 5 volume 1,Total 6 volume 1
0,5.831083637207589e+19,3.8106407356970725e+22,5.744900751039818e+21,3.230313354759354e+22,1.8149906098553548e+16,1.0709959617726138e+16,8876145933596283.0,2.4485953986502644e+16
