t(s),Total solute volume 1,Total retention volume 1,Total 1 volume 1,Total 2 volume 1,Total 3 volume 1,Total 4 volume 1,Total 5 volume 1,Total 6 volume 1
0,3.4133172510483444e+19,3.1500551981993405e+22,5.744900751039818e+21,2.57204529767919e+22,3.0001467668413555e+17,2.753496554787766e+17,1.8364357313032045e+17,3.060737458992884e+17
