t(s),Total solute volume 1,Total retention volume 1,Total 1 volume 1,Total 2 volume 1,Total 3 volume 1,Total 4 volume 1,Total 5 volume 1,Total 6 volume 1
0,1.001191121344553e+19,2.555282917982841e+21,3.850111262848306e+20,2.1580146193043675e+21,4.204862764310095e+17,6.46546435602746e+17,4.417598566599572e+17,7.36468611538921e+17
