t(s),Total solute volume 1,Total retention volume 1,Total 1 volume 1,Total 2 volume 1,Total 3 volume 1,Total 4 volume 1,Total 5 volume 1,Total 6 volume 1
0,1.710368165630296e+19,3.980708676400503e+21,3.850111262848305e+20,3.578457514506978e+21,3.06888668803478e+16,2.5402302256351324e+16,2.1354309524290104e+16,5.890847371217171e+16
