t(s),Total solute volume 1,Total retention volume 1,Total 1 volume 1,Total 2 volume 1,Total 3 volume 1,Total 4 volume 1,Total 5 volume 1,Total 6 volume 1
0,1.0575407049402066e+18,2.683871753058245e+19,2.563088576888768e+18,7.076244436375885e+18,2.2634419148968756e+16,2.5109366861240845e+17,3.037892589207888e+18,1.2830223135408292e+19
