t(s),Total solute volume 1,Total retention volume 1,Total 1 volume 1,Total 2 volume 1,Total 3 volume 1,Total 4 volume 1,Total 5 volume 1,Total 6 volume 1
0,1.806632037606207e+18,1.7700397656401652e+19,2.563088576888768e+18,1.2087386361672243e+19,2317438837279851.5,1.6432292426223556e+16,1.9624463973919696e+17,1.0282963092317728e+18
