t(s),Total solute volume 1,Total retention volume 1,Total 1 volume 1,Total 2 volume 1,Total 3 volume 1,Total 4 volume 1,Total 5 volume 1,Total 6 volume 1
0,6.357639040862142e+16,1.1165563069747738e+17,4841705944743442.0,5237103708245424.0,42547547216135.66,163283005576159.3,753172528829409.6,3.704142755424673e+16
