t(s),Total solute volume 1,Total retention volume 1,Total 1 volume 1,Total 2 volume 1,Total 3 volume 1,Total 4 volume 1,Total 5 volume 1,Total 6 volume 1
0,1.0860966694806053e+17,1.275400617224786e+17,4841705944743442.0,8946718178722158.0,4365268343036.267,10861840902600.146,62256797749195.414,5064486743958330.0
