t(s),Total solute volume 1,Total retention volume 1,Total 1 volume 1,Total 2 volume 1,Total 3 volume 1,Total 4 volume 1,Total 5 volume 1,Total 6 volume 1
0,1.8614795258035258e+17,2.584887814336392e+17,1.6105550931134632e+16,3.561535913744106e+16,6749494983510.58,20660991843206.477,156088283238231.6,2.043642001464286e+16
