t(s),Total solute volume 1,Total retention volume 1,Total 1 volume 1,Total 2 volume 1,Total 3 volume 1,Total 4 volume 1,Total 5 volume 1,Total 6 volume 1
0,1.0896465516898744e+17,2.982085913799299e+17,1.6105550931134632e+16,2.0848021191923476e+16,65829073989509.89,310869482387567.5,1889870928718978.5,1.5002379460278922e+17
