t(s),Total solute volume 1,Total retention volume 1,Total 1 volume 1,Total 2 volume 1,Total 3 volume 1,Total 4 volume 1,Total 5 volume 1,Total 6 volume 1
0,1.827745988668061e+17,3.2456021590310794e+18,5.1059153534519e+16,7.853065002362187e+16,530199260768962.8,3054507462317721.0,2.419634967534806e+16,2.905456700207669e+18
