t(s),Total solute volume 1,Total retention volume 1,Total 1 volume 1,Total 2 volume 1,Total 3 volume 1,Total 4 volume 1,Total 5 volume 1,Total 6 volume 1
0,2.3091608011640064e+17,4.6009495556867296e+17,2.6047523684028044e+16,6.18908749437171e+16,31921236517645.56,106157975398246.53,895526885684220.4,1.4020687072692816e+17
