t(s),Total solute volume 1,Total retention volume 1,Total 1 volume 1,Total 2 volume 1,Total 3 volume 1,Total 4 volume 1,Total 5 volume 1,Total 6 volume 1
0,1.3517038836082043e+17,1.2453941503836434e+18,2.6047523684028044e+16,3.622882322688759e+16,311193613760744.44,1596301138474078.5,1.0838144357332422e+16,1.0352017760023377e+18
