t(s),Total solute volume 1,Total retention volume 1,Total 1 volume 1,Total 2 volume 1,Total 3 volume 1,Total 4 volume 1,Total 5 volume 1,Total 6 volume 1
0,1.6062657215105326e+18,1.386539630293461e+19,1.9718743661304888e+18,8.94244010427008e+18,1847730490013083.5,1.2661118999126012e+16,1.738971728788216e+17,1.1564100886556045e+18
