t(s),Total solute volume 1,Total retention volume 1,Total 1 volume 1,Total 2 volume 1,Total 3 volume 1,Total 4 volume 1,Total 5 volume 1,Total 6 volume 1
0,9.402531052744658e+17,2.5308560223803625e+19,1.9718743661304888e+18,5.234982861726286e+18,1.8039926439264616e+16,1.9253041174150285e+17,2.5408988264929684e+18,1.4409980725998688e+19
