t(s),Total solute volume 1,Total retention volume 1,Total 1 volume 1,Total 2 volume 1,Total 3 volume 1,Total 4 volume 1,Total 5 volume 1,Total 6 volume 1
0,4.751131107528108e+17,2.0485978927159795e+18,1.3024520054842829e+17,3.9361074833054605e+17,109370057387582.44,479881698063989.3,5827563195865775.0,1.0432120181328646e+18
