t(s),Total solute volume 1,Total retention volume 1,Total 1 volume 1,Total 2 volume 1,Total 3 volume 1,Total 4 volume 1,Total 5 volume 1,Total 6 volume 1
0,3.004256454956098e+17,6.357159323563461e+18,1.5471077007747866e+17,2.8081807250400992e+17,633753882714020.1,4419644027145439.5,4.498501522850407e+16,5.571166422347979e+18
