t(s),Total solute volume 1,Total retention volume 1,Total 1 volume 1,Total 2 volume 1,Total 3 volume 1,Total 4 volume 1,Total 5 volume 1,Total 6 volume 1
0,3.242824340493574e+18,1.657407514270124e+20,3.120606282469643e+19,1.2489632049785533e+20,1.4149355378537078e+17,1.3400631266020483e+18,1.819155033124314e+18,3.0948320504562437e+18
