t(s),Total solute volume 1,Total retention volume 1,Total 1 volume 1,Total 2 volume 1,Total 3 volume 1,Total 4 volume 1,Total 5 volume 1,Total 6 volume 1
0,5.539824915009872e+18,2.501546001864286e+20,3.120606282469643e+19,2.1299199081623975e+20,1.4048581396984736e+16,6.640211348705693e+16,8.867660166555707e+16,2.4759433393170032e+17
