t(s),Total solute volume 1,Total retention volume 1,Total 1 volume 1,Total 2 volume 1,Total 3 volume 1,Total 4 volume 1,Total 5 volume 1,Total 6 volume 1
0,5.599791014061281e+17,1.5044329591136584e+19,6.205788698891987e+17,1.3862391755847913e+18,3523638086788937.0,3.1157612971080984e+16,4.163286138003694e+17,1.202652257939822e+19
