t(s),Total solute volume 1,Total retention volume 1,Total 1 volume 1,Total 2 volume 1,Total 3 volume 1,Total 4 volume 1,Total 5 volume 1,Total 6 volume 1
0,1.950956450790701e+17,4.879121889685476e+18,5.905751296626006e+16,9.282918675798294e+16,743371150752152.6,4391227778181440.5,3.5962035869981504e+16,4.491042910083191e+18
