t(s),Total solute volume 1,Total retention volume 1,Total 1 volume 1,Total 2 volume 1,Total 3 volume 1,Total 4 volume 1,Total 5 volume 1,Total 6 volume 1
0,3.332883936767457e+17,1.1382101594945655e+18,5.905751296626006e+16,1.5858298787719715e+17,76241266517529.9,291958747007964.75,2969410422597893.0,5.839436545382499e+17
