t(s),Total solute volume 1,Total retention volume 1,Total 1 volume 1,Total 2 volume 1,Total 3 volume 1,Total 4 volume 1,Total 5 volume 1,Total 6 volume 1
0,1.1999214403838232e+20,1.1034873161247233e+23,6.1524972335763196e+22,4.870349495676083e+22,7.773714552615835e+16,6.9997653194722264e+16,4.666540683495968e+16,7.777570413941115e+16
