t(s),Total solute volume 1,Total retention volume 1,Total 1 volume 1,Total 2 volume 1,Total 3 volume 1,Total 4 volume 1,Total 5 volume 1,Total 6 volume 1
0,2.5802946377090512e+17,8.405954618201302e+18,1.1018915844204802e+17,1.9011722470774906e+17,937004978532049.0,6163380906982273.0,5.8151240165464104e+16,7.782367145229613e+18
