t(s),Total solute volume 1,Total retention volume 1,Total 1 volume 1,Total 2 volume 1,Total 3 volume 1,Total 4 volume 1,Total 5 volume 1,Total 6 volume 1
0,4.408003339419685e+17,1.7968811400589788e+18,1.1018915844204802e+17,3.247827274525352e+17,96073440044113.81,409595596437094.5,4793730036465155.0,9.158095211494872e+17
