t(s),Total solute volume 1,Total retention volume 1,Total 1 volume 1,Total 2 volume 1,Total 3 volume 1,Total 4 volume 1,Total 5 volume 1,Total 6 volume 1
0,2.3679368537431424e+18,8.71825387334532e+19,1.5476103569735981e+19,5.584790903245229e+19,1.3940943354459483e+17,1.654505064304937e+18,4.2036682764174116e+18,7.493006503254619e+18
