t(s),Total solute volume 1,Total retention volume 1,Total 1 volume 1,Total 2 volume 1,Total 3 volume 1,Total 4 volume 1,Total 5 volume 1,Total 6 volume 1
0,4.0452254584778307e+18,1.1576969028867188e+20,1.547610356973599e+19,9.533228108352348e+19,1.410465470786363e+16,9.365378403409083e+16,2.088259618618249e+17,5.994957763310025e+17
