t(s),Total solute volume 1,Total retention volume 1,Total 1 volume 1,Total 2 volume 1,Total 3 volume 1,Total 4 volume 1,Total 5 volume 1,Total 6 volume 1
0,1.6043878280498112e+17,2.2700842735360886e+17,1.1560640218829554e+16,2.4329176620616796e+16,13039256869834.516,37697421065965.4,263911232098371.34,3.036517979914759e+16
