t(s),Total solute volume 1,Total retention volume 1,Total 1 volume 1,Total 2 volume 1,Total 3 volume 1,Total 4 volume 1,Total 5 volume 1,Total 6 volume 1
0,9.391538505657402e+16,3.4602595107609126e+17,1.1560640218829554e+16,1.4241472081799574e+16,127098154817910.55,566737002600706.9,3193048902949756.0,2.2242156965852064e+17
