t(s),Total solute volume 1,Total retention volume 1,Total 1 volume 1,Total 2 volume 1,Total 3 volume 1,Total 4 volume 1,Total 5 volume 1,Total 6 volume 1
0,2.0426316755341617e+18,5.2393564450747875e+19,1.1130180818752053e+19,3.82466985051091e+19,6958515591373710.0,8.568608759769758e+16,3.070043242018939e+17,5.744045239610635e+17
