t(s),Total solute volume 1,Total retention volume 1,Total 1 volume 1,Total 2 volume 1,Total 3 volume 1,Total 4 volume 1,Total 5 volume 1,Total 6 volume 1
0,3.489495779037574e+18,7.999010892929106e+19,1.1130180818752053e+19,6.5303130943887696e+19,707184669752159.0,5094591716627039.0,1.554353165975101e+16,4.595607956731477e+16
