t(s),Total solute volume 1,Total retention volume 1,Total 1 volume 1,Total 2 volume 1,Total 3 volume 1,Total 4 volume 1,Total 5 volume 1,Total 6 volume 1
0,7.180129369195402e+16,1.427256478909483e+17,6351323389472384.0,7154332371437873.0,51847704788198.266,208515987539256.34,1023699845301670.6,5.613463490045428e+16
