t(s),Total solute volume 1,Total retention volume 1,Total 1 volume 1,Total 2 volume 1,Total 3 volume 1,Total 4 volume 1,Total 5 volume 1,Total 6 volume 1
0,3.434508319345575e+19,1.7657012242221954e+22,1.8076337742290042e+21,1.581487631351659e+22,4.444277671416407e+16,2.734519390959305e+16,2.268987543283971e+16,6.2593437113464104e+16
