t(s),Total solute volume 1,Total retention volume 1,Total 1 volume 1,Total 2 volume 1,Total 3 volume 1,Total 4 volume 1,Total 5 volume 1,Total 6 volume 1
0,8.125946973719792e+16,8.988335529965533e+16,2534742031225782.5,4252075647885005.0,2610169008832.304,5809036633426.121,28693257320725.633,1799955420384127.8
