t(s),Total solute volume 1,Total retention volume 1,Total 1 volume 1,Total 2 volume 1,Total 3 volume 1,Total 4 volume 1,Total 5 volume 1,Total 6 volume 1
0,4.7566518870554744e+16,6.620833874083716e+16,2534742031225782.5,2489019978208205.5,25431058382200.695,87279412498512.9,346969303860199.25,1.3158378086106664e+16
