t(s),Total solute volume 1,Total retention volume 1,Total 1 volume 1,Total 2 volume 1,Total 3 volume 1,Total 4 volume 1,Total 5 volume 1,Total 6 volume 1
0,1.5746764332366418e+19,7.374692179157975e+21,1.0530177027067483e+21,6.302159391947708e+21,9.448646545152276e+17,1.012846494796393e+18,6.789562347911894e+17,1.131652787007463e+18
