t(s),Total solute volume 1,Total retention volume 1,Total 1 volume 1,Total 2 volume 1,Total 3 volume 1,Total 4 volume 1,Total 5 volume 1,Total 6 volume 1
0,7.801667161565198e+18,5.845034091290106e+20,6.696388307350977e+19,5.094009276905077e+20,2.487917118261865e+16,6.5846361590107544e+16,6.5347875090342296e+16,1.808577955654086e+17
