t(s),Total solute volume 1,Total retention volume 1,Total 1 volume 1,Total 2 volume 1,Total 3 volume 1,Total 4 volume 1,Total 5 volume 1,Total 6 volume 1
0,4.566829557989454e+18,3.763525984215148e+20,6.696388307350977e+19,2.9943637271575534e+20,2.6269652504083174e+17,1.5132580717352742e+18,1.34888917814197e+18,2.2606692993432868e+18
