t(s),Total solute volume 1,Total retention volume 1,Total 1 volume 1,Total 2 volume 1,Total 3 volume 1,Total 4 volume 1,Total 5 volume 1,Total 6 volume 1
0,7.158676193942945e+17,3.92002499490385e+18,3.250257609819086e+17,1.1260624170802307e+18,304639794396719.75,1563142943005289.8,2.28864899934945e+16,1.7283149247165207e+18
