t(s),Total solute volume 1,Total retention volume 1,Total 1 volume 1,Total 2 volume 1,Total 3 volume 1,Total 4 volume 1,Total 5 volume 1,Total 6 volume 1
0,4.1904446013324595e+17,2.1042860494069645e+19,3.250257609819086e+17,6.591645730832125e+17,2971578668967884.0,2.3537456338368736e+16,2.8064386197536842e+17,1.9332472802888593e+19
