t(s),Total solute volume 1,Total retention volume 1,Total 1 volume 1,Total 2 volume 1,Total 3 volume 1,Total 4 volume 1,Total 5 volume 1,Total 6 volume 1
0,1.3965732313027035e+17,1.762567370335156e+17,8483748054658170.0,1.7047137375161364e+16,6013096643989.588,16481088720506.26,107461632964047.75,1.0938572655096848e+16
