t(s),Total solute volume 1,Total retention volume 1,Total 1 volume 1,Total 2 volume 1,Total 3 volume 1,Total 4 volume 1,Total 5 volume 1,Total 6 volume 1
0,8.175062817381762e+16,1.8189363224927267e+17,8483748054658170.0,9978813516605722.0,58627815598656.336,247866751453180.53,1300563420494737.8,8.007338451664435e+16
