t(s),Total solute volume 1,Total retention volume 1,Total 1 volume 1,Total 2 volume 1,Total 3 volume 1,Total 4 volume 1,Total 5 volume 1,Total 6 volume 1
0,8.591862577826981e+17,3.2640624508865853e+18,4.883330109832728e+17,1.7979335094057503e+18,31573758151425.83,173561616824214.1,2710436616608655.5,1.156941007232873e+17
