t(s),Total solute volume 1,Total retention volume 1,Total 1 volume 1,Total 2 volume 1,Total 3 volume 1,Total 4 volume 1,Total 5 volume 1,Total 6 volume 1
0,5.0293829723865024e+17,3.451623793543469e+18,4.883330109832728e+17,1.0524643962722106e+18,308074805030992.25,2615872725558297.5,3.3657985552950572e+16,1.3713061559658076e+18
