t(s),Total solute volume 1,Total retention volume 1,Total 1 volume 1,Total 2 volume 1,Total 3 volume 1,Total 4 volume 1,Total 5 volume 1,Total 6 volume 1
0,6.561971943550011e+17,3.894492785612875e+18,2.6766928604882394e+17,9.008356262596815e+17,302744941824225.7,1502868112668800.0,2.1218325258819676e+16,2.046766740636066e+18
