t(s),Total solute volume 1,Total retention volume 1,Total 1 volume 1,Total 2 volume 1,Total 3 volume 1,Total 4 volume 1,Total 5 volume 1,Total 6 volume 1
0,3.841154308419529e+17,2.34497860320345e+19,2.6766928604882394e+17,5.273223096638238e+17,2952826787721631.0,2.2623530215486924e+16,2.5924303721803725e+17,2.198585961125865e+19
