t(s),Total solute volume 1,Total retention volume 1,Total 1 volume 1,Total 2 volume 1,Total 3 volume 1,Total 4 volume 1,Total 5 volume 1,Total 6 volume 1
0,2.9302339152982e+17,5.6226435541517696e+17,4.431341940307482e+16,1.1399288614301397e+17,17158192704300.398,62533374332554.77,595725836246150.8,1.1025924093597672e+17
