t(s),Total solute volume 1,Total retention volume 1,Total 1 volume 1,Total 2 volume 1,Total 3 volume 1,Total 4 volume 1,Total 5 volume 1,Total 6 volume 1
0,6.639539189064714e+18,9.388384400488595e+20,1.542273968290348e+20,7.742999917924197e+20,3.857048391136018e+17,1.1127919214309725e+18,8.142024854478502e+17,1.3588129923474796e+18
