t(s),Total solute volume 1,Total retention volume 1,Total 1 volume 1,Total 2 volume 1,Total 3 volume 1,Total 4 volume 1,Total 5 volume 1,Total 6 volume 1
0,1.1342546114652189e+19,1.474368250145584e+21,1.542273968290348e+20,1.3085723532580886e+21,3.29168255723708e+16,4.4954474105024136e+16,3.937523266092881e+16,1.0870741146913179e+17
