t(s),Total solute volume 1,Total retention volume 1,Total 1 volume 1,Total 2 volume 1,Total 3 volume 1,Total 4 volume 1,Total 5 volume 1,Total 6 volume 1
0,5.556772250990977e+17,1.9523423599966026e+18,1.8471874136236307e+17,5.881523663147372e+17,71611969750524.62,333632268657615.9,4368437186423889.0,6.190203457955695e+17
