t(s),Total solute volume 1,Total retention volume 1,Total 1 volume 1,Total 2 volume 1,Total 3 volume 1,Total 4 volume 1,Total 5 volume 1,Total 6 volume 1
0,3.2527447322874304e+17,6.950193477956924e+18,1.8471874136236307e+17,3.4428597201944646e+17,698591818271290.0,5022596401075064.0,5.315697841722132e+16,6.037036124709818e+18
