t(s),Total solute volume 1,Total retention volume 1,Total 1 volume 1,Total 2 volume 1,Total 3 volume 1,Total 4 volume 1,Total 5 volume 1,Total 6 volume 1
0,2.7620042352160896e+18,1.087454497529686e+20,2.1816306119850037e+19,8.283158743020675e+19,2.0123482391259812e+16,2.199288403092272e+17,4.011749487365902e+17,6.943246962584823e+17
