t(s),Total solute volume 1,Total retention volume 1,Total 1 volume 1,Total 2 volume 1,Total 3 volume 1,Total 4 volume 1,Total 5 volume 1,Total 6 volume 1
0,4.718423901827473e+18,1.6796368778915018e+20,2.1816306119850037e+19,1.413400008682567e+20,2021179052295126.0,1.1695603666970384e+16,1.969283420716569e+16,5.554728228999962e+16
