t(s),Total solute volume 1,Total retention volume 1,Total 1 volume 1,Total 2 volume 1,Total 3 volume 1,Total 4 volume 1,Total 5 volume 1,Total 6 volume 1
0,1.3361787230712443e+17,1.649542159341815e+17,7687035129498279.0,1.522028754057002e+16,4952659047034.589,13345720865736.654,85068240926894.89,8325654336149167.0
