t(s),Total solute volume 1,Total retention volume 1,Total 1 volume 1,Total 2 volume 1,Total 3 volume 1,Total 4 volume 1,Total 5 volume 1,Total 6 volume 1
0,7.82153398870977e+16,1.5702791574196512e+17,7687035129498278.0,8909437720794750.0,48290380555786.42,200722978200680.4,1029587368968608.0,6.093750227685022e+16
