t(s),Total solute volume 1,Total retention volume 1,Total 1 volume 1,Total 2 volume 1,Total 3 volume 1,Total 4 volume 1,Total 5 volume 1,Total 6 volume 1
0,1.2796251387281995e+17,1.5388118193441856e+17,6980090150537523.0,1.3622739088267018e+16,3372619112006.8433,8938133634769.197,55724183946943.56,5247803886100858.0
