t(s),Total solute volume 1,Total retention volume 1,Total 1 volume 1,Total 2 volume 1,Total 3 volume 1,Total 4 volume 1,Total 5 volume 1,Total 6 volume 1
0,7.49048861694545e+16,1.2910967263841053e+17,6980090150537523.0,7974287186130815.0,32888722252520.105,134456096550690.36,674535180063106.8,3.84085291334195e+16
