t(s),Total solute volume 1,Total retention volume 1,Total 1 volume 1,Total 2 volume 1,Total 3 volume 1,Total 4 volume 1,Total 5 volume 1,Total 6 volume 1
0,1.0446784147997133e+17,1.1747652546907803e+17,4439458008290587.5,8097793286123659.0,428840655851.57947,1051211756011.5739,5906317446862.267,464046324835023.6
