t(s),Total solute volume 1,Total retention volume 1,Total 1 volume 1,Total 2 volume 1,Total 3 volume 1,Total 4 volume 1,Total 5 volume 1,Total 6 volume 1
0,6.1151907207788056e+16,7.381903326017402e+16,4439458008290587.5,4740171994361016.0,4183374269637.583,15820867668734.818,71523424830451.58,3395968382965352.5
