t(s),Total solute volume 1,Total retention volume 1,Total 1 volume 1,Total 2 volume 1,Total 3 volume 1,Total 4 volume 1,Total 5 volume 1,Total 6 volume 1
0,7.801667161565198e+18,5.8457560705782206e+20,6.696388307350977e+19,5.094009276905076e+20,3.0210412393582836e+16,7.995627434533771e+16,7.93509675651081e+16,2.1961147793673667e+17
