t(s),Total solute volume 1,Total retention volume 1,Total 1 volume 1,Total 2 volume 1,Total 3 volume 1,Total 4 volume 1,Total 5 volume 1,Total 6 volume 1
0,1.0438198847203212e+18,4.814590113667802e+18,7.538773491030418e+17,2.961613368357028e+18,24374863656782.023,144026969847427.88,2337176312322185.5,5.2773933341587016e+16
