t(s),Total solute volume 1,Total retention volume 1,Total 1 volume 1,Total 2 volume 1,Total 3 volume 1,Total 4 volume 1,Total 5 volume 1,Total 6 volume 1
0,6.110165178850669e+17,3.7757449992149734e+18,7.538773491030418e+17,1.7336694297627313e+18,237860736760586.94,2173353071213201.2,2.976472238383599e+16,6.450057662723308e+17
