t(s),Total solute volume 1,Total retention volume 1,Total 1 volume 1,Total 2 volume 1,Total 3 volume 1,Total 4 volume 1,Total 5 volume 1,Total 6 volume 1
0,1.0056372927748115e+17,1.1468363127034995e+17,4077840541915392.0,7344347682422831.0,2625748239321.999,6342904805191.77,34948777973526.477,2653796337512605.5
