t(s),Total solute volume 1,Total retention volume 1,Total 1 volume 1,Total 2 volume 1,Total 3 volume 1,Total 4 volume 1,Total 5 volume 1,Total 6 volume 1
0,5.88665732355986e+16,8.719889699790416e+16,4077840541915392.0,4299130609532137.0,25598694020580.97,95381484007677.27,422917425834298.7,1.9411455006994828e+16
