t(s),Total solute volume 1,Total retention volume 1,Total 1 volume 1,Total 2 volume 1,Total 3 volume 1,Total 4 volume 1,Total 5 volume 1,Total 6 volume 1
0,3.563921568279588e+17,7.237838753302508e+17,6.858169948084933e+16,1.8831811750643e+17,13282736206296.898,52191432402440.14,549134745593431.6,1.0987729260080926e+17
