t(s),Total solute volume 1,Total retention volume 1,Total 1 volume 1,Total 2 volume 1,Total 3 volume 1,Total 4 volume 1,Total 5 volume 1,Total 6 volume 1
0,2.0861979911880643e+17,1.254387972369923e+18,6.858169948084933e+16,1.1023516579767e+17,129577742292705.94,785560716047595.9,6655832748683262.0,8.593803367655734e+17
