t(s),Total solute volume 1,Total retention volume 1,Total 1 volume 1,Total 2 volume 1,Total 3 volume 1,Total 4 volume 1,Total 5 volume 1,Total 6 volume 1
0,1.3860424099942965e+19,2.4056962501154497e+21,2.4107704894684447e+20,2.1505892778574807e+21,3.1791376514378764e+16,3.273709534574038e+16,2.7920478397691108e+16,7.705026091000906e+16
