t(s),Total solute volume 1,Total retention volume 1,Total 1 volume 1,Total 2 volume 1,Total 3 volume 1,Total 4 volume 1,Total 5 volume 1,Total 6 volume 1
0,8.113418985332498e+18,1.5334324065946294e+21,2.4107704894684447e+20,1.281474549652156e+21,4.018145129718973e+17,8.249495634012332e+17,5.77512717303034e+17,9.631122166253092e+17
