t(s),Total solute volume 1,Total retention volume 1,Total 1 volume 1,Total 2 volume 1,Total 3 volume 1,Total 4 volume 1,Total 5 volume 1,Total 6 volume 1
0,1.3860424099942965e+19,2.40612941227157e+21,2.4107704894684447e+20,2.1505892778574778e+21,1.130358199074072e+17,1.1639839949671286e+17,9.927266421576418e+16,2.7395448367269018e+17
