t(s),Total solute volume 1,Total retention volume 1,Total 1 volume 1,Total 2 volume 1,Total 3 volume 1,Total 4 volume 1,Total 5 volume 1,Total 6 volume 1
0,8.113418985332498e+18,1.5405043560613203e+21,2.4107704894684447e+20,1.281474549652156e+21,1.4286368104725169e+18,2.933052485455502e+18,2.0533179047908544e+18,3.424331276275618e+18
