t(s),Total solute volume 1,Total retention volume 1,Total 1 volume 1,Total 2 volume 1,Total 3 volume 1,Total 4 volume 1,Total 5 volume 1,Total 6 volume 1
0,6.561971943550011e+17,3.0074512469057956e+18,2.6766928604882394e+17,9.008356262596815e+17,172998753419583.97,858788688427270.0,1.212486169862378e+16,1.1695924911018263e+18
