t(s),Total solute volume 1,Total retention volume 1,Total 1 volume 1,Total 2 volume 1
0,4.408003339419685e+17,8.757722198365458e+17,1.1018915844204802e+17,3.247827274525352e+17
