t(s),Total solute volume 1,Total retention volume 1,Total 1 volume 1,Total 2 volume 1
0,2.5802946377090512e+17,5.583358469206974e+17,1.1018915844204802e+17,1.9011722470774906e+17
