t(s),Total solute volume 1,Total retention volume 1,Total 1 volume 1,Total 2 volume 1,Total 3 volume 1,Total 4 volume 1,Total 5 volume 1,Total 6 volume 1
0,6.110165178850669e+17,2.4087704625765073e+19,7.538773491030418e+17,1.7336694297627313e+18,7372096178919514.0,6.735457896889722e+16,9.224800574684563e+17,1.999193459639799e+19
