t(s),Total solute volume 1,Total retention volume 1,Total 1 volume 1,Total 2 volume 1,Total 3 volume 1,Total 4 volume 1,Total 5 volume 1,Total 6 volume 1
0,6.768171426953814e+17,5.841835508657571e+18,9.470815640223638e+17,2.2534875290841032e+18,896527068572502.5,8509062899820249.0,1.1881826244165542e+17,1.836225420445677e+18
