t(s),Total solute volume 1,Total retention volume 1,Total 1 volume 1,Total 2 volume 1,Total 3 volume 1,Total 4 volume 1,Total 5 volume 1,Total 6 volume 1
0,6.561971943550011e+17,3.717085870928431e+18,2.6766928604882394e+17,9.008356262596815e+17,276795901395989.25,1374053056977384.0,1.939964507549464e+16,1.8713332702310612e+18
