t(s),Total solute volume 1,Total retention volume 1,Total 1 volume 1,Total 2 volume 1,Total 3 volume 1,Total 4 volume 1,Total 5 volume 1,Total 6 volume 1
0,3.841154308419529e+17,2.154133436542977e+19,2.6766928604882394e+17,5.273223096638239e+17,2699808332120975.0,2.0685199297697536e+16,2.3703031040476867e+17,2.010181202084061e+19
