t(s),Total solute volume 1,Total retention volume 1,Total 1 volume 1,Total 2 volume 1,Total 3 volume 1,Total 4 volume 1,Total 5 volume 1,Total 6 volume 1
0,9.455042984468884e+17,4.250664003594247e+18,6.045923551720417e+17,2.298131816040415e+18,136828915453019.66,779520461410150.6,1.2470098221045e+16,3.8904908633697824e+17
