t(s),Total solute volume 1,Total retention volume 1,Total 1 volume 1,Total 2 volume 1,Total 3 volume 1,Total 4 volume 1,Total 5 volume 1,Total 6 volume 1
0,5.5346593079818586e+17,7.368351593907482e+18,6.045923551720415e+17,1.3452732373157307e+18,1335095370804516.0,1.175393351372675e+16,1.5646430867065245e+17,4.695466733066357e+18
