t(s),Total solute volume 1,Total retention volume 1,Total 1 volume 1,Total 2 volume 1,Total 3 volume 1,Total 4 volume 1,Total 5 volume 1,Total 6 volume 1
0,1.6062657215105326e+18,1.3494415188991937e+19,1.9718743661304888e+18,8.94244010427008e+18,1338015306415024.0,9168417244041898.0,1.2592584366260421e+17,8.374027208678222e+17
