t(s),Total solute volume 1,Total retention volume 1,Total 1 volume 1,Total 2 volume 1,Total 3 volume 1,Total 4 volume 1,Total 5 volume 1,Total 6 volume 1
0,9.402531052744658e+17,2.0574795595087303e+19,1.9718743661304886e+18,5.234982861726286e+18,1.3063945641414314e+16,1.3942642452010926e+17,1.8400496316493635e+18,1.0435145260145183e+19
