t(s),Total solute volume 1,Total retention volume 1,Total 1 volume 1,Total 2 volume 1,Total 3 volume 1,Total 4 volume 1,Total 5 volume 1,Total 6 volume 1
0,5.5346593079818586e+17,8.063321585268748e+18,6.045923551720415e+17,1.3452732373157307e+18,1525811531704954.0,1.3432928689096092e+16,1.7881478307991667e+17,5.366216538682071e+18
