t(s),Total solute volume 1,Total retention volume 1,Total 1 volume 1,Total 2 volume 1,Total 3 volume 1,Total 4 volume 1,Total 5 volume 1,Total 6 volume 1
0,9.455042984468884e+17,4.3081545631010345e+18,6.045923551720417e+17,2.298131816040415e+18,156375827108728.34,890880159409331.1,1.4251534525045938e+16,4.4462730293011475e+17
