t(s),Total solute volume 1,Total retention volume 1,Total 1 volume 1,Total 2 volume 1,Total 3 volume 1,Total 4 volume 1,Total 5 volume 1,Total 6 volume 1
0,2.781149916601816e+17,1.1386082838512005e+19,1.3024520054842829e+17,2.3040703518610144e+17,1230772720730401.5,8332044453298162.0,8.162073827491366e+16,1.0656132055668363e+19
