t(s),Total solute volume 1,Total retention volume 1,Total 1 volume 1,Total 2 volume 1,Total 3 volume 1,Total 4 volume 1,Total 5 volume 1,Total 6 volume 1
0,4.751131107528108e+17,2.2100752545820792e+18,1.3024520054842829e+17,3.9361074833054605e+17,126195817143926.25,553708154610423.9,6724091923783329.0,1.2037021990547597e+18
