t(s),Total solute volume 1,Total retention volume 1,Total 1 volume 1,Total 2 volume 1,Total 3 volume 1,Total 4 volume 1,Total 5 volume 1,Total 6 volume 1
0,3.841154308419529e+17,1.0088798832938387e+19,2.6766928604882394e+17,5.273223096638238e+17,1181378771234084.8,9051950942416768.0,1.0372204138495949e+17,8.795736435285187e+18
