t(s),Total solute volume 1,Total retention volume 1,Total 1 volume 1,Total 2 volume 1,Total 3 volume 1,Total 4 volume 1,Total 5 volume 1,Total 6 volume 1
0,6.561971943550011e+17,2.652629755524738e+18,2.6766928604882394e+17,9.008356262596815e+17,121099587665439.92,601154016653508.6,8487432423592743.0,8.187179628333257e+17
