t(s),Total solute volume 1,Total retention volume 1,Total 1 volume 1,Total 2 volume 1,Total 3 volume 1,Total 4 volume 1,Total 5 volume 1,Total 6 volume 1
0,1.710368165630296e+19,3.9811859562091774e+21,3.850111262848305e+20,3.578457514507153e+21,1.3809966364810037e+17,1.1431019388732597e+17,9.609424871108126e+16,2.6512965465586477e+17
