t(s),Total solute volume 1,Total retention volume 1,Total 1 volume 1,Total 2 volume 1,Total 3 volume 1,Total 4 volume 1,Total 5 volume 1,Total 6 volume 1
0,1.001191121344553e+19,2.563141046031846e+21,3.850111262848306e+20,2.1580146193043675e+21,1.8921369045794012e+18,2.909353502244492e+18,1.9878578673609787e+18,3.314040955053452e+18
