t(s),Total solute volume 1,Total retention volume 1,Total 1 volume 1,Total 2 volume 1,Total 3 volume 1,Total 4 volume 1,Total 5 volume 1,Total 6 volume 1
0,4.751131107528108e+17,1.5641594118692152e+18,1.3024520054842829e+17,3.9361074833054605e+17,58892133455884.51,258399933244364.03,3137945882729423.0,5.617351142880053e+17
