t(s),Total solute volume 1,Total retention volume 1,Total 1 volume 1,Total 2 volume 1,Total 3 volume 1,Total 4 volume 1,Total 5 volume 1,Total 6 volume 1
0,2.781149916601816e+17,5.654947077627407e+18,1.3024520054842829e+17,2.3040703518610144e+17,574476405286635.9,3889334663606449.0,3.809843241286372e+16,4.973617606750941e+18
