t(s),Total solute volume 1,Total retention volume 1,Total 1 volume 1,Total 2 volume 1,Total 3 volume 1,Total 4 volume 1,Total 5 volume 1,Total 6 volume 1
0,6.1674638455494386e+19,6.1411355834407985e+22,1.961934451448198e+22,4.172998634441791e+22,9.98461502757122e+16,9.017331414116728e+16,6.0119070978728104e+16,1.0019851743425336e+17
