t(s),Total solute volume 1,Total retention volume 1,Total 1 volume 1,Total 2 volume 1,Total 3 volume 1,Total 4 volume 1,Total 5 volume 1,Total 6 volume 1
0,1.0536084069480294e+20,6.471820423982852e+22,1.961934451448198e+22,4.49934784566537e+22,5999522434783877.0,3506830133752881.5,2905758715942480.0,8015887215326272.0
