t(s),Total solute volume 1,Total retention volume 1,Total 1 volume 1,Total 2 volume 1
0,8.591862577826981e+17,3.1454527781717304e+18,4.883330109832728e+17,1.7979335094057505e+18
