t(s),Total solute volume 1,Total retention volume 1,Total 1 volume 1,Total 2 volume 1
0,5.0293829723865024e+17,2.0437357044941376e+18,4.883330109832728e+17,1.0524643962722106e+18
