t(s),Total solute volume 1,Total retention volume 1,Total 1 volume 1,Total 2 volume 1,Total 3 volume 1,Total 4 volume 1,Total 5 volume 1,Total 6 volume 1
0,1.5460920402662884e+18,2.9970340122225164e+19,5.979897840391367e+18,1.873360234042119e+19,1.3166254527035044e+16,1.6078386183077376e+17,1.0840661869437944e+18,2.4527315978446653e+18
