t(s),Total solute volume 1,Total retention volume 1,Total 1 volume 1,Total 2 volume 1,Total 3 volume 1,Total 4 volume 1,Total 5 volume 1,Total 6 volume 1
0,2.641240568788231e+18,4.088259762592694e+19,5.979897840391367e+18,3.199484310387922e+19,1344465154470737.8,1.01583201957577e+16,5.883495733097596e+16,1.9627837018680147e+17
