t(s),Total solute volume 1,Total retention volume 1,Total 1 volume 1,Total 2 volume 1,Total 3 volume 1,Total 4 volume 1,Total 5 volume 1,Total 6 volume 1
0,2.2349716812900077e+17,2.088530148163785e+18,7.99733013773092e+16,1.3153125251363435e+17,226673708936130.4,1411046733403669.2,1.2380971666437082e+16,1.6395097340350543e+18
