t(s),Total solute volume 1,Total retention volume 1,Total 1 volume 1,Total 2 volume 1,Total 3 volume 1,Total 4 volume 1,Total 5 volume 1,Total 6 volume 1
0,6.030890236958341e+17,1.8318525668441907e+18,2.2173507663096877e+17,7.255463282409612e+17,35823011572769.12,172198964388084.88,2341768181730218.5,2.7893234811874058e+17
