t(s),Total solute volume 1,Total retention volume 1,Total 1 volume 1,Total 2 volume 1,Total 3 volume 1,Total 4 volume 1,Total 5 volume 1,Total 6 volume 1
0,3.5302772118780864e+17,3.891163266673477e+18,2.2173507663096877e+17,4.247125719959892e+17,349492548735986.2,2592855895465727.5,2.8548962891397108e+16,2.860196585523115e+18
