t(s),Total solute volume 1,Total retention volume 1,Total 1 volume 1,Total 2 volume 1,Total 3 volume 1,Total 4 volume 1,Total 5 volume 1,Total 6 volume 1
0,1.5180265269236467e+17,1.6272350705093527e+18,3.3743667340789536e+16,4.87842065642926e+16,339628378343180.2,1821772524011818.5,1.3125346997503044e+16,1.377617796012036e+18
