t(s),Total solute volume 1,Total retention volume 1,Total 1 volume 1,Total 2 volume 1,Total 3 volume 1,Total 4 volume 1,Total 5 volume 1,Total 6 volume 1
0,2.5932953168279194e+17,5.6294729990028864e+17,3.3743667340789536e+16,8.333962927494267e+16,34832051983510.812,121123403875448.75,1084198060394710.4,1.8529431808551293e+17
