t(s),Total solute volume 1,Total retention volume 1,Total 1 volume 1,Total 2 volume 1,Total 3 volume 1,Total 4 volume 1,Total 5 volume 1,Total 6 volume 1
0,5.539824915009872e+18,2.506268822601182e+20,3.120606282469643e+19,2.129919908162397e+20,2.9970236897253252e+16,1.4165756160634683e+17,1.8917634917388906e+17,5.281995564935856e+17
