t(s),Total solute volume 1,Total retention volume 1,Total 1 volume 1,Total 2 volume 1,Total 3 volume 1,Total 4 volume 1,Total 5 volume 1,Total 6 volume 1
0,3.242824340493574e+18,1.7298853717353136e+20,3.120606282469643e+19,1.2489632049785533e+20,3.018417703567641e+17,2.8586603362357453e+18,3.8807007328919363e+18,6.602126671002483e+18
