t(s),Total solute volume 1,Total retention volume 1,Total 1 volume 1,Total 2 volume 1,Total 3 volume 1,Total 4 volume 1,Total 5 volume 1,Total 6 volume 1
0,1.6043878280498112e+17,2.2350235631302947e+17,1.1560640218829556e+16,2.4329176620616796e+16,11549136297082.695,33389340741000.965,233751419714304.25,2.6895066771848856e+16
