t(s),Total solute volume 1,Total retention volume 1,Total 1 volume 1,Total 2 volume 1,Total 3 volume 1,Total 4 volume 1,Total 5 volume 1,Total 6 volume 1
0,9.391538505657402e+16,3.201788459632421e+17,1.1560640218829556e+16,1.4241472081799574e+16,112584986713351.77,502040520036582.44,2828482267918826.5,1.9701824083136902e+17
