t(s),Total solute volume 1,Total retention volume 1,Total 1 volume 1,Total 2 volume 1,Total 3 volume 1,Total 4 volume 1,Total 5 volume 1,Total 6 volume 1
0,9.566309649021271e+17,5.777003860550435e+18,6.205788698891987e+17,2.368112616809924e+18,642040750006883.4,3673659610124936.5,5.890423168828866e+16,1.7684614769007782e+18
