t(s),Total solute volume 1,Total retention volume 1,Total 1 volume 1,Total 2 volume 1,Total 3 volume 1,Total 4 volume 1,Total 5 volume 1,Total 6 volume 1
0,1.0438198847203212e+18,6.251839276457762e+18,7.538773491030418e+17,2.961613368357028e+18,658113544075945.0,3888689285727873.5,6.3103084849170744e+16,1.4248787865983951e+18
