t(s),Total solute volume 1,Total retention volume 1,Total 1 volume 1,Total 2 volume 1,Total 3 volume 1,Total 4 volume 1,Total 5 volume 1,Total 6 volume 1
0,6.110165178850669e+17,2.137983372422555e+19,7.538773491030418e+17,1.7336694297627313e+18,6421042185288763.0,5.866591397583103e+16,8.034766512764905e+17,1.7412706820037136e+19
