t(s),Total solute volume 1,Total retention volume 1,Total 1 volume 1,Total 2 volume 1,Total 3 volume 1,Total 4 volume 1,Total 5 volume 1,Total 6 volume 1
0,1.1999214403838232e+20,1.1034954813741998e+23,6.1524972335763196e+22,4.870349495676083e+22,3.109478183936684e+17,2.799896940876404e+17,1.8666110470284422e+17,3.1110224045774464e+17
