t(s),Total solute volume 1,Total retention volume 1,Total 1 volume 1,Total 2 volume 1,Total 3 volume 1,Total 4 volume 1,Total 5 volume 1,Total 6 volume 1
0,2.445311007127456e+17,4.1086668989827296e+17,2.9598370758294e+16,7.168383321791445e+16,13365655687899.967,45438828825570.43,394705522791466.5,6.459987520201363e+16
