t(s),Total solute volume 1,Total retention volume 1,Total 1 volume 1,Total 2 volume 1,Total 3 volume 1,Total 4 volume 1,Total 5 volume 1,Total 6 volume 1
0,2.641240568788231e+18,4.122538851130895e+19,5.979897840391367e+18,3.199484310387922e+19,3073056745012276.0,2.321897622630212e+16,1.3447964608172622e+17,4.48635319196989e+17
