t(s),Total solute volume 1,Total retention volume 1,Total 1 volume 1,Total 2 volume 1,Total 3 volume 1,Total 4 volume 1,Total 5 volume 1,Total 6 volume 1
0,1.5460920402662884e+18,3.4741050113449087e+19,5.979897840391367e+18,1.873360234042119e+19,3.009329643305804e+16,3.674896620579527e+17,2.477771741888496e+18,5.606103191990719e+18
