t(s),Total solute volume 1,Total retention volume 1,Total 1 volume 1,Total 2 volume 1,Total 3 volume 1,Total 4 volume 1,Total 5 volume 1,Total 6 volume 1
0,2.3160815502785014e+18,3.103642921288875e+19,4.460907519859345e+18,2.284893514595476e+19,5028054861939161.0,3.75887265808403e+16,2.901040714065927e+17,1.0777841439466277e+18
