t(s),Total solute volume 1,Total retention volume 1,Total 1 volume 1,Total 2 volume 1,Total 3 volume 1,Total 4 volume 1,Total 5 volume 1,Total 6 volume 1
0,1.355755053821572e+18,3.836598757633804e+19,4.460907519859345e+18,1.337749223333267e+19,4.9174404663625624e+16,5.850144387078876e+17,5.073866774743092e+18,1.3463777151209847e+19
