t(s),Total solute volume 1,Total retention volume 1,Total 1 volume 1,Total 2 volume 1,Total 3 volume 1,Total 4 volume 1,Total 5 volume 1,Total 6 volume 1
0,4.443246134384989e+19,2.6909324698619795e+22,3.1834588077439205e+21,2.3681226433136985e+22,5.977596094713041e+16,3.57662270478011e+16,2.965286802988269e+16,8.180133890837862e+16
