t(s),Total solute volume 1,Total retention volume 1,Total 1 volume 1,Total 2 volume 1,Total 3 volume 1,Total 4 volume 1,Total 5 volume 1,Total 6 volume 1
0,5.539824915009872e+18,2.4998791172650874e+20,3.120606282469643e+19,2.1299199081623975e+20,8429155794979240.0,3.984129593583961e+16,5.3206000791564056e+16,1.4855671803911254e+17
