t(s),Total solute volume 1,Total retention volume 1,Total 1 volume 1,Total 2 volume 1,Total 3 volume 1,Total 4 volume 1,Total 5 volume 1,Total 6 volume 1
0,3.242824340493574e+18,1.631825834748264e+20,3.120606282469643e+19,1.2489632049785533e+20,8.489723857061746e+16,8.040518732707283e+17,1.0915092345871241e+18,1.8569174653535183e+18
