t(s),Total solute volume 1,Total retention volume 1,Total 1 volume 1,Total 2 volume 1,Total 3 volume 1,Total 4 volume 1,Total 5 volume 1,Total 6 volume 1
0,5.831083637207589e+19,3.8106430690202065e+22,5.744900751039818e+21,3.230313354759354e+22,2.49561189759035e+16,1.4726193520204634e+16,1.2204699812360148e+16,3.366818406636269e+16
