t(s),Total solute volume 1,Total retention volume 1,Total 1 volume 1,Total 2 volume 1,Total 3 volume 1,Total 4 volume 1,Total 5 volume 1,Total 6 volume 1
0,3.4133172510483444e+19,3.150095138577208e+22,5.744900751039818e+21,2.57204529767919e+22,4.125196820406415e+17,3.786051651927181e+17,2.525095652651575e+17,4.2085101724411706e+17
