t(s),Total solute volume 1,Total retention volume 1,Total 1 volume 1,Total 2 volume 1,Total 3 volume 1,Total 4 volume 1,Total 5 volume 1,Total 6 volume 1
0,4.443246134384989e+19,2.69093999699679e+22,3.1834588077439205e+21,2.3681226433136985e+22,8.151265381322565e+16,4.877211755514815e+16,4.04357200480222e+16,1.1154725172548536e+17
