t(s),Total solute volume 1,Total retention volume 1,Total 1 volume 1,Total 2 volume 1,Total 3 volume 1,Total 4 volume 1,Total 5 volume 1,Total 6 volume 1
0,2.600924566469286e+19,2.0415972781533702e+22,3.1834588077439205e+21,1.7201685979806866e+22,1.3342622419081661e+18,1.2535741051350894e+18,8.365854145703296e+17,1.3943265568692242e+18
