t(s),Total solute volume 1,Total retention volume 1,Total 1 volume 1,Total 2 volume 1,Total 3 volume 1,Total 4 volume 1,Total 5 volume 1,Total 6 volume 1
0,8.175062817381762e+16,1.596253693861654e+17,8483748054658170.0,9978813516605722.0,42646154135212.6,180310453104310.5,946060100433862.0,5.824316293341054e+16
