t(s),Total solute volume 1,Total retention volume 1,Total 1 volume 1,Total 2 volume 1,Total 3 volume 1,Total 4 volume 1,Total 5 volume 1,Total 6 volume 1
0,1.3965732313027035e+17,1.7323814312244554e+17,8483748054658170.0,1.7047137375161364e+16,4373211513396.8633,11986363124947.035,78154729823422.11,7955420257892893.0
