t(s),Total solute volume 1,Total retention volume 1,Total 1 volume 1,Total 2 volume 1,Total 3 volume 1,Total 4 volume 1,Total 5 volume 1,Total 6 volume 1
0,2.0426316755341617e+18,5.628966886325757e+19,1.1130180818752053e+19,3.82466985051091e+19,3.4791736348641516e+16,4.2841659322917274e+17,1.5349792917324434e+18,2.8719702425514916e+18
