t(s),Total solute volume 1,Total retention volume 1,Total 1 volume 1,Total 2 volume 1,Total 3 volume 1,Total 4 volume 1,Total 5 volume 1,Total 6 volume 1
0,3.489495779037574e+18,8.025931396826635e+19,1.1130180818752053e+19,6.5303130943887696e+19,3535917931610888.5,2.547292553742011e+16,7.771755039473766e+16,2.2978003272485062e+17
