t(s),Total solute volume 1,Total retention volume 1,Total 1 volume 1,Total 2 volume 1,Total 3 volume 1,Total 4 volume 1,Total 5 volume 1,Total 6 volume 1
0,8.516285748348854e+19,8.216972704122177e+22,3.579686312483719e+22,4.628721412782856e+22,1.3898860845525077e+17,1.2525763172100514e+17,8.350677859786315e+16,1.3917805308230054e+17
