t(s),Total solute volume 1,Total retention volume 1,Total 1 volume 1,Total 2 volume 1,Total 3 volume 1,Total 4 volume 1,Total 5 volume 1,Total 6 volume 1
0,1.454865482009603e+20,8.391697868236966e+22,3.579686312483719e+22,4.797460062369274e+22,8344035966672681.0,4871179734019841.0,4036167487861005.5,1.113425547664365e+16
