t(s),Total solute volume 1,Total retention volume 1,Total 1 volume 1,Total 2 volume 1,Total 3 volume 1,Total 4 volume 1,Total 5 volume 1,Total 6 volume 1
0,9.391538505657402e+16,2.038134972238964e+17,1.1560640218829554e+16,1.4241472081799574e+16,47236350891013.266,210671860203129.9,1186804780735299.2,8.265128687486214e+16
