t(s),Total solute volume 1,Total retention volume 1,Total 1 volume 1,Total 2 volume 1,Total 3 volume 1,Total 4 volume 1,Total 5 volume 1,Total 6 volume 1
0,1.6043878280498112e+17,2.0772441395625226e+17,1.1560640218829554e+16,2.4329176620616796e+16,4843337563390.331,14002352179016.146,98027565464450.53,1.1278941056619692e+16
