t(s),Total solute volume 1,Total retention volume 1,Total 1 volume 1,Total 2 volume 1,Total 3 volume 1,Total 4 volume 1,Total 5 volume 1,Total 6 volume 1
0,2.445311007127456e+17,4.6662481015895526e+17,2.9598370758294e+16,7.168383321791445e+16,24821549489878.305,84385295255938.5,733014305486179.6,1.19969284319765e+17
