t(s),Total solute volume 1,Total retention volume 1,Total 1 volume 1,Total 2 volume 1,Total 3 volume 1,Total 4 volume 1,Total 5 volume 1,Total 6 volume 1
0,1.4314015651477992e+17,1.1136227493486559e+18,2.9598370758294e+16,4.196129288420449e+16,242042769384543.66,1269357067832083.8,8874342517866775.0,8.885371868363085e+17
