t(s),Total solute volume 1,Total retention volume 1,Total 1 volume 1,Total 2 volume 1,Total 3 volume 1,Total 4 volume 1,Total 5 volume 1,Total 6 volume 1
0,4.920172616987362e+16,5.513689671275327e+16,2733248773475387.0,2714355750467661.0,858204323068.9711,2985282401146.091,12071869657383.25,471650662554555.56
