t(s),Total solute volume 1,Total retention volume 1,Total 1 volume 1,Total 2 volume 1,Total 3 volume 1,Total 4 volume 1,Total 5 volume 1,Total 6 volume 1
0,8.405294887353384e+16,9.148896064917093e+16,2733248773475387.0,4637024230775944.0,87969518723.9026,198338752791.70236,996811135587.0859,64455651978243.49
