t(s),Total solute volume 1,Total retention volume 1,Total 1 volume 1,Total 2 volume 1,Total 3 volume 1,Total 4 volume 1,Total 5 volume 1,Total 6 volume 1
0,5.539824915009872e+18,2.505991017430883e+20,3.120606282469643e+19,2.1299199081623975e+20,2.9033670987907572e+16,1.3723077879269016e+17,1.8326461136550618e+17,5.1169412599511123e+17
