t(s),Total solute volume 1,Total retention volume 1,Total 1 volume 1,Total 2 volume 1,Total 3 volume 1,Total 4 volume 1,Total 5 volume 1,Total 6 volume 1
0,3.242824340493574e+18,1.7256221146922923e+20,3.120606282469643e+19,1.2489632049785533e+20,2.924098500771284e+17,2.7693352353112786e+18,3.759438142478063e+18,6.395820578318291e+18
