t(s),Total solute volume 1,Total retention volume 1,Total 1 volume 1,Total 2 volume 1,Total 3 volume 1,Total 4 volume 1,Total 5 volume 1,Total 6 volume 1
0,2.0426316755341617e+18,6.992465603208762e+19,1.1130180818752053e+19,3.82466985051091e+19,1.3219740595374086e+17,1.6277989457453972e+18,5.83235839899561e+18,1.091279028199704e+19
