t(s),Total solute volume 1,Total retention volume 1,Total 1 volume 1,Total 2 volume 1,Total 3 volume 1,Total 4 volume 1,Total 5 volume 1,Total 6 volume 1
0,3.489495779037574e+18,8.120152514396019e+19,1.1130180818752053e+19,6.5303130943887696e+19,1.3436416092524732e+16,9.679667753673606e+16,2.953252563778749e+17,8.73159252275434e+17
