t(s),Total solute volume 1,Total retention volume 1,Total 1 volume 1,Total 2 volume 1,Total 3 volume 1,Total 4 volume 1,Total 5 volume 1,Total 6 volume 1
0,4.920172616987362e+16,6.488137663849342e+16,2733248773475387.0,2714355750467661.0,18006606610259.266,62618067058998.01,253257787819008.62,9898163483188210.0
