t(s),Total solute volume 1,Total retention volume 1,Total 1 volume 1,Total 2 volume 1,Total 3 volume 1,Total 4 volume 1,Total 5 volume 1,Total 6 volume 1
0,8.405294887353384e+16,9.280365749101096e+16,2733248773475387.0,4637024230775944.0,1847257985409.0999,4164919248326.3066,20931987349242.78,1353491448642341.0
