t(s),Total solute volume 1,Total retention volume 1,Total 1 volume 1,Total 2 volume 1,Total 3 volume 1,Total 4 volume 1,Total 5 volume 1,Total 6 volume 1
0,1.4314015651477992e+17,1.493719951805207e+18,2.9598370758294e+16,4.196129288420449e+16,344368710411173.6,1805855031964440.8,1.2625663635245534e+16,1.2642442442703132e+18
