t(s),Total solute volume 1,Total retention volume 1,Total 1 volume 1,Total 2 volume 1,Total 3 volume 1,Total 4 volume 1,Total 5 volume 1,Total 6 volume 1
0,2.445311007127456e+17,5.177348601420915e+17,2.9598370758294e+16,7.168383321791445e+16,35322475319923.08,120085329945965.38,1043122388952466.0,1.707230252589153e+17
