t(s),Total solute volume 1,Total retention volume 1,Total 1 volume 1,Total 2 volume 1
0,2.1836778534678442e+17,2.9499281956185254e+17,2.2995109404381096e+16,5.36299248106901e+16
