t(s),Total solute volume 1,Total retention volume 1,Total 1 volume 1,Total 2 volume 1
0,1.2782504508104443e+17,1.822132950060938e+17,2.2995109404381096e+16,3.1393140520667656e+16
