t(s),Total solute volume 1,Total retention volume 1,Total 1 volume 1,Total 2 volume 1,Total 3 volume 1,Total 4 volume 1,Total 5 volume 1,Total 6 volume 1
0,2.6900722401125917e+19,1.0973110509279017e+22,1.0530177027067483e+21,9.89302102912233e+21,4.653805767954284e+16,3.01903088941347e+16,2.509557796512893e+16,6.923110424166622e+16
