t(s),Total solute volume 1,Total retention volume 1,Total 1 volume 1,Total 2 volume 1,Total 3 volume 1,Total 4 volume 1,Total 5 volume 1,Total 6 volume 1
0,1.5746764332366418e+19,7.373805524001446e+21,1.0530177027067483e+21,6.302159391947708e+21,7.225455845199073e+17,7.745325726615483e+17,5.192034855849132e+17,8.653833717891219e+17
