t(s),Total solute volume 1,Total retention volume 1,Total 1 volume 1,Total 2 volume 1,Total 3 volume 1,Total 4 volume 1,Total 5 volume 1,Total 6 volume 1
0,5.67102642256257e+16,8.069950911026997e+16,3752113566455123.5,3906825519925697.5,22374945767349.84,82182155918581.52,357484008245403.7,1.5868264688332558e+16
