t(s),Total solute volume 1,Total retention volume 1,Total 1 volume 1,Total 2 volume 1,Total 3 volume 1,Total 4 volume 1,Total 5 volume 1,Total 6 volume 1
0,9.688003471877627e+16,1.0951304445402037e+17,3752113566455123.5,6674159898032270.0,2295037131321.997,5465014943537.316,29540966159923.875,2169435252521476.8
