t(s),Total solute volume 1,Total retention volume 1,Total 1 volume 1,Total 2 volume 1,Total 3 volume 1,Total 4 volume 1,Total 5 volume 1,Total 6 volume 1
0,1.6839348350405472e+17,2.183875627051449e+17,1.2878448802488326e+16,2.7543198044355056e+16,3735698069615.8584,11002967644403.088,78963551798823.03,9478730136734322.0
