t(s),Total solute volume 1,Total retention volume 1,Total 1 volume 1,Total 2 volume 1,Total 3 volume 1,Total 4 volume 1,Total 5 volume 1,Total 6 volume 1
0,9.85717952218855e+16,1.9822719621728848e+17,1.2878448802488326e+16,1.6122851276236812e+16,36437741460568.95,165569931284670.22,956129935783064.6,6.949596330814808e+16
