t(s),Total solute volume 1,Total retention volume 1,Total 1 volume 1,Total 2 volume 1,Total 3 volume 1,Total 4 volume 1,Total 5 volume 1,Total 6 volume 1
0,3.841154308419529e+17,1.3270372655401816e+19,2.6766928604882394e+17,5.273223096638238e+17,1603219593938879.5,1.2283970010648024e+16,1.407576039629945e+17,1.1936620835279653e+19
