t(s),Total solute volume 1,Total retention volume 1,Total 1 volume 1,Total 2 volume 1,Total 3 volume 1,Total 4 volume 1,Total 5 volume 1,Total 6 volume 1
0,6.561971943550011e+17,2.9483145251651374e+18,2.6766928604882394e+17,9.008356262596815e+17,164348919857356.8,815849691627751.5,1.1518625226251766e+16,1.1111135946638988e+18
