t(s),Total solute volume 1,Total retention volume 1,Total 1 volume 1,Total 2 volume 1,Total 3 volume 1,Total 4 volume 1,Total 5 volume 1,Total 6 volume 1
0,2.0498657939890205e+20,1.1119342946443962e+23,6.1524972335763196e+22,4.946344516545733e+22,7464305214408823.0,4355425526726931.0,3608794587576335.0,9955295420549890.0
