t(s),Total solute volume 1,Total retention volume 1,Total 1 volume 1,Total 2 volume 1,Total 3 volume 1,Total 4 volume 1,Total 5 volume 1,Total 6 volume 1
0,1.1999214403838232e+20,1.1034889491779646e+23,6.1524972335763196e+22,4.870349495676083e+22,1.2437937174485611e+17,1.1199617161606208e+17,7.466460912488237e+16,1.2444108053499693e+17
