t(s),Total solute volume 1,Total retention volume 1,Total 1 volume 1,Total 2 volume 1,Total 3 volume 1,Total 4 volume 1,Total 5 volume 1,Total 6 volume 1
0,3.027606909858182e+18,5.699583817615053e+19,8.108748995498786e+18,4.539357696078196e+19,3371482661136856.5,2.5248048591799404e+16,1.066464124293909e+17,3.30639366329139e+17
