t(s),Total solute volume 1,Total retention volume 1,Total 1 volume 1,Total 2 volume 1,Total 3 volume 1,Total 4 volume 1,Total 5 volume 1,Total 6 volume 1
0,1.772257703331625e+18,4.30840730113611e+19,8.108748995498784e+18,2.6581741941542703e+19,3.307760152738472e+16,4.0966001232018176e+17,2.0463396392903475e+18,4.132247117850052e+18
