t(s),Total solute volume 1,Total retention volume 1,Total 1 volume 1,Total 2 volume 1,Total 3 volume 1,Total 4 volume 1,Total 5 volume 1,Total 6 volume 1
0,3.489495779037574e+18,8.04275666662764e+19,1.1130180818752053e+19,6.530313094388769e+19,5303871818850950.0,3.8209357325800824e+16,1.1657622441532851e+17,3.446696710387717e+17
