t(s),Total solute volume 1,Total retention volume 1,Total 1 volume 1,Total 2 volume 1,Total 3 volume 1,Total 4 volume 1,Total 5 volume 1,Total 6 volume 1
0,2.0426316755341617e+18,5.87246452197947e+19,1.1130180818752053e+19,3.824669850510911e+19,5.218681554626368e+16,6.426119110634392e+17,2.3024292556628337e+18,4.307906238126329e+18
