t(s),Total solute volume 1,Total retention volume 1,Total 1 volume 1,Total 2 volume 1,Total 3 volume 1,Total 4 volume 1,Total 5 volume 1,Total 6 volume 1
0,9.85717952218855e+16,3.8651295793215616e+17,1.2878448802488326e+16,1.6122851276236812e+16,133520205236534.86,606574846522634.1,3503271992416359.0,2.54696495587369e+17
