t(s),Total solute volume 1,Total retention volume 1,Total 1 volume 1,Total 2 volume 1,Total 3 volume 1,Total 4 volume 1,Total 5 volume 1,Total 6 volume 1
0,1.6839348350405472e+17,2.439125892423084e+17,1.2878448802488326e+16,2.7543198044355056e+16,13697008218235.89,40342839537581.39,289522461203273.3,3.4753896582449104e+16
