t(s),Total solute volume 1,Total retention volume 1,Total 1 volume 1,Total 2 volume 1,Total 3 volume 1,Total 4 volume 1,Total 5 volume 1,Total 6 volume 1
0,1.6062657215105326e+18,1.2752446925673048e+19,1.9718743661304888e+18,8.94244010427008e+18,318576774049398.0,2182966356950068.5,2.9982488816756028e+16,1.9938270181427344e+17
