t(s),Total solute volume 1,Total retention volume 1,Total 1 volume 1,Total 2 volume 1,Total 3 volume 1,Total 4 volume 1,Total 5 volume 1,Total 6 volume 1
0,9.402531052744658e+17,1.1106287058192243e+19,1.9718743661304886e+18,5.234982861726286e+18,3110725487625138.0,3.3200506707982988e+16,4.381491623980512e+17,2.484716330467353e+18
