t(s),Total solute volume 1,Total retention volume 1,Total 1 volume 1,Total 2 volume 1,Total 3 volume 1,Total 4 volume 1,Total 5 volume 1,Total 6 volume 1
0,3.242824340493574e+18,1.6616710843932738e+20,3.120606282469643e+19,1.2489632049785533e+20,1.5092612958363587e+17,1.4293965211171978e+18,1.9404272322643822e+18,3.301150893317823e+18
