t(s),Total solute volume 1,Total retention volume 1,Total 1 volume 1,Total 2 volume 1,Total 3 volume 1,Total 4 volume 1,Total 5 volume 1,Total 6 volume 1
0,5.539824915009872e+18,2.5018238134755803e+20,3.120606282469643e+19,2.1299199081623975e+20,1.4985151428847552e+16,7.082891280220644e+16,9.45883632408776e+16,2.6410036413878653e+17
