t(s),Total solute volume 1,Total retention volume 1,Total 1 volume 1,Total 2 volume 1,Total 3 volume 1,Total 4 volume 1,Total 5 volume 1,Total 6 volume 1
0,1.0896465516898744e+17,5.08949775796944e+17,1.6105550931134632e+16,2.0848021191923476e+16,156907425294177.2,740865187762697.0,4504337755853401.0,3.576294381359856e+17
