t(s),Total solute volume 1,Total retention volume 1,Total 1 volume 1,Total 2 volume 1,Total 3 volume 1,Total 4 volume 1,Total 5 volume 1,Total 6 volume 1
0,1.710368165630296e+19,3.9811518655138476e+21,3.850111262848305e+20,3.578457514507153e+21,1.3042747612144443e+17,1.0795963878131002e+17,9.075568943371491e+16,2.5040026119248454e+17
