t(s),Total solute volume 1,Total retention volume 1,Total 1 volume 1,Total 2 volume 1,Total 3 volume 1,Total 4 volume 1,Total 5 volume 1,Total 6 volume 1
0,1.001191121344553e+19,2.562579765928867e+21,3.850111262848305e+20,2.1580146193043675e+21,1.787021650940614e+18,2.74772986610834e+18,1.8774254670287398e+18,3.1299321421731937e+18
