t(s),Total solute volume 1,Total retention volume 1,Total 1 volume 1,Total 2 volume 1,Total 3 volume 1,Total 4 volume 1,Total 5 volume 1,Total 6 volume 1
0,4.920172616987362e+16,7.023529279288241e+16,2733248773475387.0,2714355750467661.0,27425511535230.56,95357050449149.3,385706192949094.9,1.507747334413266e+16
