t(s),Total solute volume 1,Total retention volume 1,Total 1 volume 1,Total 2 volume 1,Total 3 volume 1,Total 4 volume 1,Total 5 volume 1,Total 6 volume 1
0,5.88665732355986e+16,9.716780680955005e+16,4077840541915392.0,4299130609532137.0,38383349438708.67,142999123240783.88,634099481727018.6,2.9108780468097316e+16
