t(s),Total solute volume 1,Total retention volume 1,Total 1 volume 1,Total 2 volume 1,Total 3 volume 1,Total 4 volume 1,Total 5 volume 1,Total 6 volume 1
0,1.0056372927748115e+17,1.1603238681693834e+17,4077840541915392.0,7344347682422831.0,3938526814929.3203,9514161768788.219,52422014479864.516,3980594612054072.0
