t(s),Total solute volume 1,Total retention volume 1,Total 1 volume 1,Total 2 volume 1,Total 3 volume 1,Total 4 volume 1,Total 5 volume 1,Total 6 volume 1
0,5.67102642256257e+16,7.0387806160843176e+16,3752113566455123.5,3906825519925697.5,8247291785949.2295,30296725725856.43,131775496390801.0,5848283334935080.0
