t(s),Total solute volume 1,Total retention volume 1,Total 1 volume 1,Total 2 volume 1,Total 3 volume 1,Total 4 volume 1,Total 5 volume 1,Total 6 volume 1
0,2.781149916601816e+17,3.5053198688718787e+18,1.3024520054842829e+17,2.3040703518610144e+17,328297053246298.3,2222701444905437.5,2.1772409375533084e+16,2.842229233603493e+18
