t(s),Total solute volume 1,Total retention volume 1,Total 1 volume 1,Total 2 volume 1,Total 3 volume 1,Total 4 volume 1,Total 5 volume 1,Total 6 volume 1
0,4.751131107528108e+17,1.3219365740654303e+18,1.3024520054842829e+17,3.9361074833054605e+17,33652808860917.56,147657703525574.47,1793119715604344.5,3.2099308420565856e+17
