t(s),Total solute volume 1,Total retention volume 1,Total 1 volume 1,Total 2 volume 1,Total 3 volume 1,Total 4 volume 1,Total 5 volume 1,Total 6 volume 1
0,7.158676193942945e+17,4.464068246072854e+18,3.250257609819086e+17,1.1260624170802307e+18,399181040552700.06,2048246979363329.5,2.9989048200941336e+16,2.264675972395557e+18
