t(s),Total solute volume 1,Total retention volume 1,Total 1 volume 1,Total 2 volume 1,Total 3 volume 1,Total 4 volume 1,Total 5 volume 1,Total 6 volume 1
0,4.1904446013324595e+17,2.7136262440647524e+19,3.250257609819086e+17,6.591645730832125e+17,3893463512687338.5,3.0838700790934016e+16,3.677047887041319e+17,2.5330590693441425e+19
