t(s),Total solute volume 1,Total retention volume 1,Total 1 volume 1,Total 2 volume 1,Total 3 volume 1,Total 4 volume 1,Total 5 volume 1,Total 6 volume 1
0,4.751131107528108e+17,2.1697060140443886e+18,1.3024520054842829e+17,3.9361074833054605e+17,121989387277574.56,535251577898135.4,6499960228195282.0,1.163579753219249e+18
