t(s),Total solute volume 1,Total retention volume 1,Total 1 volume 1,Total 2 volume 1,Total 3 volume 1,Total 4 volume 1,Total 5 volume 1,Total 6 volume 1
0,2.781149916601816e+17,1.102793812705862e+19,1.3024520054842829e+17,2.3040703518610144e+17,1189761952798788.5,8054445185703014.0,7.890118015663818e+16,1.0301025512368783e+19
