t(s),Total solute volume 1,Total retention volume 1,Total 1 volume 1,Total 2 volume 1,Total 3 volume 1,Total 4 volume 1,Total 5 volume 1,Total 6 volume 1
0,2.3160815502785014e+18,2.970652518678214e+19,4.460907519859345e+18,2.284893514595476e+19,287319855635305.75,2147942647208401.0,1.657750282774515e+16,6.158820535877941e+16
