t(s),Total solute volume 1,Total retention volume 1,Total 1 volume 1,Total 2 volume 1,Total 3 volume 1,Total 4 volume 1,Total 5 volume 1,Total 6 volume 1
0,1.355755053821572e+18,2.028981630811784e+19,4.460907519859345e+18,1.337749223333267e+19,2810341986153386.5,3.343537244112096e+16,2.899794723786753e+17,7.69436314298307e+17
