t(s),Total solute volume 1,Total retention volume 1,Total 1 volume 1,Total 2 volume 1,Total 3 volume 1,Total 4 volume 1,Total 5 volume 1,Total 6 volume 1
0,1.8614795258035258e+17,2.806938806621195e+17,1.6105550931134632e+16,3.561535913744106e+16,14017875516682.277,42910496606675.89,324176936563222.94,4.244391270450167e+16
