t(s),Total solute volume 1,Total retention volume 1,Total 1 volume 1,Total 2 volume 1,Total 3 volume 1,Total 4 volume 1,Total 5 volume 1,Total 6 volume 1
0,1.0896465516898744e+17,4.6213067877694534e+17,1.6105550931134632e+16,2.0848021191923476e+16,136674771700261.75,645354601022493.5,3923573524202955.0,3.1150684858797306e+17
