t(s),Total solute volume 1,Total retention volume 1,Total 1 volume 1,Total 2 volume 1,Total 3 volume 1,Total 4 volume 1,Total 5 volume 1,Total 6 volume 1
0,1.6839348350405472e+17,2.481665539170765e+17,1.2878448802488326e+16,2.7543198044355056e+16,15357148609612.55,45232623729795.76,324614119230162.9,3.8966219674606936e+16
