t(s),Total solute volume 1,Total retention volume 1,Total 1 volume 1,Total 2 volume 1,Total 3 volume 1,Total 4 volume 1,Total 5 volume 1,Total 6 volume 1
0,9.85717952218855e+16,4.1787623008354176e+17,1.2878448802488326e+16,1.6122851276236812e+16,149688629076402.72,680002946568144.1,3927437192105758.5,2.8554600601518006e+17
