t(s),Total solute volume 1,Total retention volume 1,Total 1 volume 1,Total 2 volume 1,Total 3 volume 1,Total 4 volume 1,Total 5 volume 1,Total 6 volume 1
0,9.455042984468884e+17,6.14782196652927e+18,6.045923551720419e+17,2.298131816040415e+18,781866933155769.2,4454341931198592.0,7.125666479902259e+16,2.2231006232065298e+18
