t(s),Total solute volume 1,Total retention volume 1,Total 1 volume 1,Total 2 volume 1,Total 3 volume 1,Total 4 volume 1,Total 5 volume 1,Total 6 volume 1
0,5.5346593079818586e+17,3.0298022847185514e+19,6.045923551720415e+17,1.3452732373157307e+18,7627178261780152.0,6.7142541550883256e+16,8.938228382864115e+17,2.6826098765800473e+19
