t(s),Total solute volume 1,Total retention volume 1,Total 1 volume 1,Total 2 volume 1,Total 3 volume 1,Total 4 volume 1,Total 5 volume 1,Total 6 volume 1
0,8.113418985332498e+18,1.5337398902307042e+21,2.4107704894684447e+20,1.281474549652156e+21,4.464600670564641e+17,9.166092466367334e+17,6.41679972884836e+17,1.0701233597982991e+18
