t(s),Total solute volume 1,Total retention volume 1,Total 1 volume 1,Total 2 volume 1,Total 3 volume 1,Total 4 volume 1,Total 5 volume 1,Total 6 volume 1
0,1.3860424099942965e+19,2.4057150829784146e+21,2.4107704894684447e+20,2.1505892778574778e+21,3.5323749162555516e+16,3.637454818594383e+16,3.102275171100642e+16,8.561102507493205e+16
