t(s),Total solute volume 1,Total retention volume 1,Total 1 volume 1,Total 2 volume 1,Total 3 volume 1,Total 4 volume 1,Total 5 volume 1,Total 6 volume 1
0,7.82153398870977e+16,1.5080897282429427e+17,7687035129498278.0,8909437720794750.0,43464057620812.164,180665754422181.9,926694619677484.5,5.4846335655184184e+16
