t(s),Total solute volume 1,Total retention volume 1,Total 1 volume 1,Total 2 volume 1,Total 3 volume 1,Total 4 volume 1,Total 5 volume 1,Total 6 volume 1
0,5.132271443883372e+17,2.961462185153553e+18,1.5471077007747862e+17,4.797289871713226e+17,194897850344977.28,880812016729082.5,1.1104787488335126e+16,1.8016147861610028e+18
