t(s),Total solute volume 1,Total retention volume 1,Total 1 volume 1,Total 2 volume 1,Total 3 volume 1,Total 4 volume 1,Total 5 volume 1,Total 6 volume 1
0,3.004256454956098e+17,1.7595609175224451e+19,1.5471077007747866e+17,2.8081807250400992e+17,1900672382928946.0,1.3253443049208258e+16,1.3490736586322181e+17,1.6709593205852004e+19
