t(s),Total solute volume 1,Total retention volume 1,Total 1 volume 1,Total 2 volume 1,Total 3 volume 1,Total 4 volume 1,Total 5 volume 1,Total 6 volume 1
0,3.8340070142403466e+18,2.4974863036375397e+20,4.533611706929847e+19,1.916287548066981e+20,2.9306142118302906e+17,2.2407121708464038e+18,2.3897004347972244e+18,4.026277446689987e+18
