t(s),Total solute volume 1,Total retention volume 1,Total 1 volume 1,Total 2 volume 1,Total 3 volume 1,Total 4 volume 1,Total 5 volume 1,Total 6 volume 1
0,6.549761982660554e+18,3.789456874381151e+20,4.533611706929847e+19,3.264895769282699e+20,2.856713332823256e+16,1.0352513605653832e+17,1.1602622134836896e+17,3.2211296715450854e+17
