t(s),Total solute volume 1,Total retention volume 1,Total 1 volume 1,Total 2 volume 1,Total 3 volume 1,Total 4 volume 1,Total 5 volume 1,Total 6 volume 1
0,5.274852243967814e+16,6.047329395732228e+16,3192384722575143.5,3244736830869188.5,2004941343579.7148,7163371846166.828,30020086808041.062,1248461564202476.5
