t(s),Total solute volume 1,Total retention volume 1,Total 1 volume 1,Total 2 volume 1,Total 3 volume 1,Total 4 volume 1,Total 5 volume 1,Total 6 volume 1
0,9.011205916778291e+16,9.902130979957957e+16,3192384722575143.5,5543091834178185.0,205522402651.9685,475950166655.6925,2478953114887.2607,170613649358682.9
