t(s),Total solute volume 1,Total retention volume 1,Total 1 volume 1,Total 2 volume 1,Total 3 volume 1,Total 4 volume 1,Total 5 volume 1,Total 6 volume 1
0,8.957740053321614e+16,2.4106099333429984e+17,1.040317029189783e+16,1.2615155834536546e+16,78441384498124.11,343501951337938.5,1888864696305819.0,1.261544586425085e+17
