t(s),Total solute volume 1,Total retention volume 1,Total 1 volume 1,Total 2 volume 1,Total 3 volume 1,Total 4 volume 1,Total 5 volume 1,Total 6 volume 1
0,1.5302805924424387e+17,2.0239444723551466e+17,1.0403170291897824e+16,2.15508874098567e+16,8045360961710.23,22840438112767.81,156072047076020.22,1.7225372443365722e+16
