t(s),Total solute volume 1,Total retention volume 1,Total 1 volume 1,Total 2 volume 1,Total 3 volume 1,Total 4 volume 1,Total 5 volume 1,Total 6 volume 1
0,5.5346593079818586e+17,1.9181723863943565e+19,6.045923551720415e+17,1.3452732373157307e+18,4576870706635334.0,4.029215440776813e+16,5.363690155280646e+17,1.6097154300015147e+19
