t(s),Total solute volume 1,Total retention volume 1,Total 1 volume 1,Total 2 volume 1,Total 3 volume 1,Total 4 volume 1,Total 5 volume 1,Total 6 volume 1
0,5.831083637207589e+19,3.810644624568701e+22,5.744900751039818e+21,3.230313354759354e+22,2.9493593648801484e+16,1.7403682499381626e+16,1.4423735475071028e+16,3.978966997866966e+16
