t(s),Total solute volume 1,Total retention volume 1,Total 1 volume 1,Total 2 volume 1,Total 3 volume 1,Total 4 volume 1,Total 5 volume 1,Total 6 volume 1
0,3.4133172510483444e+19,3.150121765440013e+22,5.744900751039818e+21,2.57204529767919e+22,4.8752286791545645e+17,4.47441986491008e+17,2.9842012129839194e+17,4.9736908196919386e+17
