t(s),Total solute volume 1,Total retention volume 1,Total 1 volume 1,Total 2 volume 1,Total 3 volume 1,Total 4 volume 1,Total 5 volume 1,Total 6 volume 1
0,3.242824340493574e+18,1.717095550307281e+20,3.120606282469643e+19,1.2489632049785533e+20,2.7354588661384858e+17,2.590683478514418e+18,3.51691116059086e+18,5.983206841964536e+18
