t(s),Total solute volume 1,Total retention volume 1,Total 1 volume 1,Total 2 volume 1,Total 3 volume 1,Total 4 volume 1,Total 5 volume 1,Total 6 volume 1
0,5.539824915009872e+18,2.5054353880760707e+20,3.120606282469643e+19,2.1299199081623975e+20,2.7160538396239064e+16,1.2837721006575466e+17,1.7144113066607872e+17,4.786813725316937e+17
