t(s),Total solute volume 1,Total retention volume 1,Total 1 volume 1,Total 2 volume 1,Total 3 volume 1,Total 4 volume 1,Total 5 volume 1,Total 6 volume 1
0,5.483142302296937e+18,5.912982152670735e+20,1.00671705467033e+20,4.768663777774843e+20,5.994082057203084e+17,2.4698165074283223e+18,1.949544350161483e+18,3.2582206569487493e+18
