t(s),Total solute volume 1,Total retention volume 1,Total 1 volume 1,Total 2 volume 1,Total 3 volume 1,Total 4 volume 1,Total 5 volume 1,Total 6 volume 1
0,2.3091608011640064e+17,4.229278480956057e+17,2.6047523684028044e+16,6.18908749437171e+16,23521225806608.906,78222552266471.2,659869916488294.4,1.033117556569004e+17
