t(s),Total solute volume 1,Total retention volume 1,Total 1 volume 1,Total 2 volume 1,Total 3 volume 1,Total 4 volume 1,Total 5 volume 1,Total 6 volume 1
0,1.3517038836082043e+17,9.697422590397775e+17,2.6047523684028044e+16,3.622882322688759e+16,229348970144244.5,1176553589452028.0,7987923098826299.0,7.629016981096118e+17
