t(s),Total solute volume 1,Total retention volume 1,Total 1 volume 1,Total 2 volume 1,Total 3 volume 1,Total 4 volume 1,Total 5 volume 1,Total 6 volume 1
0,1.1768416328259624e+17,1.359856585057627e+17,5790815030907821.0,1.0990603481902652e+16,1119023274155.1868,2871650137618.8657,17150811971710.957,1498935224971955.0
