t(s),Total solute volume 1,Total retention volume 1,Total 1 volume 1,Total 2 volume 1,Total 3 volume 1,Total 4 volume 1,Total 5 volume 1,Total 6 volume 1
0,6.8888290702006904e+16,9.234506612970293e+16,5790815030907821.0,6433524569071775.0,10915204936407.863,43213533785800.48,207670226473510.34,1.0970636862520362e+16
