t(s),Total solute volume 1,Total retention volume 1,Total 1 volume 1,Total 2 volume 1,Total 3 volume 1,Total 4 volume 1,Total 5 volume 1,Total 6 volume 1
0,1.4340238840712154e+18,1.1539345252735476e+19,1.531053857194819e+18,6.685981104100379e+18,1930075508357342.8,1.2753226672724572e+16,1.9200778561455578e+17,1.681595319573394e+18
