t(s),Total solute volume 1,Total retention volume 1,Total 1 volume 1,Total 2 volume 1,Total 3 volume 1,Total 4 volume 1,Total 5 volume 1,Total 6 volume 1
0,5.831083637207589e+19,3.810659402271918e+22,5.744900751039818e+21,3.230313354759354e+22,7.25995799524652e+16,4.283981626480571e+16,3.55045640378767e+16,9.794375392240021e+16
