t(s),Total solute volume 1,Total retention volume 1,Total 1 volume 1,Total 2 volume 1,Total 3 volume 1,Total 4 volume 1,Total 5 volume 1,Total 6 volume 1
0,2.5932953168279194e+17,5.0465690959592864e+17,3.3743667340789536e+16,8.333962927494267e+16,23947330590019.06,83273208367911.25,745394483810846.8,1.2739146627464005e+17
