t(s),Total solute volume 1,Total retention volume 1,Total 1 volume 1,Total 2 volume 1,Total 3 volume 1,Total 4 volume 1,Total 5 volume 1,Total 6 volume 1
0,1.5180265269236467e+17,1.192093555874707e+18,3.3743667340789536e+16,4.87842065642926e+16,233539885644442.66,1252793724272653.5,9025675036067068.0,9.472510206312673e+17
