t(s),Total solute volume 1,Total retention volume 1,Total 1 volume 1,Total 2 volume 1,Total 3 volume 1,Total 4 volume 1,Total 5 volume 1,Total 6 volume 1
0,3.841154308419529e+17,1.5179201019197387e+19,2.6766928604882394e+17,5.273223096638238e+17,1856303839296080.2,1.4222974214640344e+16,1.62976914995635e+17,1.3821037799593198e+19
