t(s),Total solute volume 1,Total retention volume 1,Total 1 volume 1,Total 2 volume 1,Total 3 volume 1,Total 4 volume 1,Total 5 volume 1,Total 6 volume 1
0,6.561971943550011e+17,3.125724458231792e+18,2.6766928604882394e+17,9.008356262596815e+17,190298387668047.47,944666543831540.2,1.333733255521768e+16,1.2865500540815716e+18
