t(s),Total solute volume 1,Total retention volume 1,Total 1 volume 1,Total 2 volume 1,Total 3 volume 1,Total 4 volume 1,Total 5 volume 1,Total 6 volume 1
0,1.4314015651477992e+17,1.5282678679688996e+18,2.9598370758294e+16,4.196129288420449e+16,353668806966678.4,1854611736355626.2,1.2966598313916748e+16,1.2983931689543867e+18
