t(s),Total solute volume 1,Total retention volume 1,Total 1 volume 1,Total 2 volume 1,Total 3 volume 1,Total 4 volume 1,Total 5 volume 1,Total 6 volume 1
0,1.7152588772477386e+17,1.1907543977586916e+18,4.431341940307482e+16,6.672760546581344e+16,181308279349263.62,1019441489238143.1,7817395155381655.0,8.991693402410591e+17
