t(s),Total solute volume 1,Total retention volume 1,Total 1 volume 1,Total 2 volume 1,Total 3 volume 1,Total 4 volume 1,Total 5 volume 1,Total 6 volume 1
0,2.9302339152982e+17,5.7150877012625766e+17,4.431341940307482e+16,1.1399288614301397e+17,18588021125679.016,67744424142916.2,645368996098357.1,1.1944737160897413e+17
