t(s),Total solute volume 1,Total retention volume 1,Total 1 volume 1,Total 2 volume 1,Total 3 volume 1,Total 4 volume 1,Total 5 volume 1,Total 6 volume 1
0,1.0860966694806053e+17,1.2900907082827827e+17,4841705944743442.0,8946718178722158.0,5612384790652.277,13965006829713.172,80043121963562.7,6511359243168665.0
