t(s),Total solute volume 1,Total retention volume 1,Total 1 volume 1,Total 2 volume 1,Total 3 volume 1,Total 4 volume 1,Total 5 volume 1,Total 6 volume 1
0,6.357639040862142e+16,1.2250207644866842e+17,4841705944743442.0,5237103708245424.0,54688145061220.95,209854097141180.3,968044999289652.5,4.761428914556623e+16
