t(s),Total solute volume 1,Total retention volume 1,Total 1 volume 1,Total 2 volume 1,Total 3 volume 1,Total 4 volume 1,Total 5 volume 1,Total 6 volume 1
0,2.399005506587524e+17,9.082813940075229e+18,9.36616297076456e+16,1.5772427002204848e+17,1091115948140725.2,6978672387493514.0,6.3472358934102216e+16,8.519985342417041e+18
