t(s),Total solute volume 1,Total retention volume 1,Total 1 volume 1,Total 2 volume 1,Total 3 volume 1,Total 4 volume 1,Total 5 volume 1,Total 6 volume 1
0,4.0983010737537254e+17,1.816355506782865e+18,9.36616297076456e+16,2.6944503277455203e+17,111891929259613.2,463885794048844.56,5235846917635884.0,1.0376071122843525e+18
