t(s),Total solute volume 1,Total retention volume 1,Total 1 volume 1,Total 2 volume 1,Total 3 volume 1,Total 4 volume 1,Total 5 volume 1,Total 6 volume 1
0,9.340096063528438e+16,1.036380374336352e+17,3458157710870755.0,6076746478966877.0,779261469403.072,1829675797027.0205,9706526709684.383,689857144536834.6
