t(s),Total solute volume 1,Total retention volume 1,Total 1 volume 1,Total 2 volume 1,Total 3 volume 1,Total 4 volume 1,Total 5 volume 1,Total 6 volume 1
0,5.467373305480017e+16,6.68890877083892e+16,3458157710870755.0,3557120067332162.0,7600539873006.355,27530806743809.414,117520556724902.7,5047424972043572.0
