t(s),Total solute volume 1,Total retention volume 1,Total 1 volume 1,Total 2 volume 1,Total 3 volume 1,Total 4 volume 1,Total 5 volume 1,Total 6 volume 1
0,1.355755053821572e+18,3.6722874061519774e+19,4.460907519859345e+18,1.337749223333267e+19,4.496000254284397e+16,5.3487903483061856e+17,4.63902823120158e+18,1.2309851985931145e+19
