t(s),Total solute volume 1,Total retention volume 1,Total 1 volume 1,Total 2 volume 1,Total 3 volume 1,Total 4 volume 1,Total 5 volume 1,Total 6 volume 1
0,2.3160815502785014e+18,3.0915529782033183e+19,4.460907519859345e+18,2.284893514595476e+19,4597082272638403.0,3.4366858151296664e+16,2.6523819333322662e+17,9.854034321832492e+17
