t(s),Total solute volume 1,Total retention volume 1,Total 1 volume 1,Total 2 volume 1,Total 3 volume 1,Total 4 volume 1,Total 5 volume 1,Total 6 volume 1
0,1.2485206491236938e+19,4.332053939022256e+21,6.290856345856501e+20,3.681406950378977e+21,2.0328481246731615e+18,2.516228348483004e+18,1.6975243688191255e+18,2.8295467244123756e+18
