t(s),Total solute volume 1,Total retention volume 1,Total 1 volume 1,Total 2 volume 1,Total 3 volume 1,Total 4 volume 1,Total 5 volume 1,Total 6 volume 1
0,2.1328894422529733e+19,6.631677678706163e+21,6.290856345856501e+20,5.980718300898578e+21,1.3809653506396907e+17,9.834286325057464e+16,8.20536096680048e+16,2.263557914110852e+17
