t(s),Total solute volume 1,Total retention volume 1,Total 1 volume 1,Total 2 volume 1,Total 3 volume 1,Total 4 volume 1,Total 5 volume 1,Total 6 volume 1
0,5.483142302296937e+18,5.909383701433198e+20,1.00671705467033e+20,4.7686637777748827e+20,5.733478343426784e+17,2.3624378872619843e+18,1.8647847266728786e+18,3.116574148227072e+18
