t(s),Total solute volume 1,Total retention volume 1,Total 1 volume 1,Total 2 volume 1,Total 3 volume 1,Total 4 volume 1,Total 5 volume 1,Total 6 volume 1
0,9.367034766423861e+18,9.197708496944241e+20,1.00671705467033e+20,8.09242238822048e+20,5.1994485280149656e+16,9.830584457065072e+16,9.023719056579229e+16,2.4933311850269062e+17
