t(s),Total solute volume 1,Total retention volume 1,Total 1 volume 1,Total 2 volume 1,Total 3 volume 1,Total 4 volume 1,Total 5 volume 1,Total 6 volume 1
0,5.599791014061281e+17,1.2271772361337545e+19,6.205788698891987e+17,1.3862391755847913e+18,2740691106397758.0,2.4234687753113852e+16,3.2382241857582925e+17,9.354177417022108e+18
