t(s),Total solute volume 1,Total retention volume 1,Total 1 volume 1,Total 2 volume 1,Total 3 volume 1,Total 4 volume 1,Total 5 volume 1,Total 6 volume 1
0,9.566309649021271e+17,4.746690253233284e+18,6.205788698891987e+17,2.368112616809924e+18,280895273452448.88,1607237927315835.0,2.5770804678280316e+16,7.737088637530016e+17
