t(s),Total solute volume 1,Total retention volume 1,Total 1 volume 1,Total 2 volume 1,Total 3 volume 1,Total 4 volume 1,Total 5 volume 1,Total 6 volume 1
0,5.539824915009872e+18,2.502101629448659e+20,3.120606282469643e+19,2.1299199081623975e+20,1.5921721203054342e+16,7.52557110875081e+16,1.0050012349835014e+17,2.8060683312971712e+17
