t(s),Total solute volume 1,Total retention volume 1,Total 1 volume 1,Total 2 volume 1,Total 3 volume 1,Total 4 volume 1,Total 5 volume 1,Total 6 volume 1
0,3.027606909858182e+18,5.692416060246272e+19,8.108748995498786e+18,4.539357696078196e+19,2852794230508596.0,2.136374109386432e+16,9.023930672903349e+16,2.7977189427019117e+17
