t(s),Total solute volume 1,Total retention volume 1,Total 1 volume 1,Total 2 volume 1,Total 3 volume 1,Total 4 volume 1,Total 5 volume 1,Total 6 volume 1
0,1.772257703331625e+18,4.206544186486773e+19,8.108748995498784e+18,2.6581741941542703e+19,2.7988927118901304e+16,3.4663849501883955e+17,1.7315313703288945e+18,3.496534432027989e+18
