t(s),Total solute volume 1,Total retention volume 1,Total 1 volume 1,Total 2 volume 1,Total 3 volume 1,Total 4 volume 1,Total 5 volume 1,Total 6 volume 1
0,1.1300816793349946e+17,1.357399340269562e+17,5290051337496820.0,9905407456456890.0,5962271687354.863,15063861189425.363,88116981407883.8,7427164185218012.0
