t(s),Total solute volume 1,Total retention volume 1,Total 1 volume 1,Total 2 volume 1,Total 3 volume 1,Total 4 volume 1,Total 5 volume 1,Total 6 volume 1
0,6.615112269277926e+16,1.3290657949309832e+17,5290051337496820.0,5798287762430659.0,58101414136119.33,226387584132494.66,1065774949828158.6,5.431685375229328e+16
