t(s),Total solute volume 1,Total retention volume 1,Total 1 volume 1,Total 2 volume 1,Total 3 volume 1,Total 4 volume 1,Total 5 volume 1,Total 6 volume 1
0,3.004256454956098e+17,1.0680264729169766e+19,1.5471077007747866e+17,2.8081807250400995e+17,1121123184157174.2,7818124837844008.0,7.957805579489726e+16,9.855792937275759e+18
