t(s),Total solute volume 1,Total retention volume 1,Total 1 volume 1,Total 2 volume 1,Total 3 volume 1,Total 4 volume 1,Total 5 volume 1,Total 6 volume 1
0,5.132271443883372e+17,2.2173544044522143e+18,1.5471077007747866e+17,4.797289871713226e+17,114941146928810.48,519458556299233.06,6549048960711842.0,1.0625040541511314e+18
