t(s),Total solute volume 1,Total retention volume 1,Total 1 volume 1,Total 2 volume 1,Total 3 volume 1,Total 4 volume 1,Total 5 volume 1,Total 6 volume 1
0,5.539824915009872e+18,2.4987678600925073e+20,3.120606282469643e+19,2.1299199081623975e+20,4682866907136054.0,2.2134063610351916e+16,2.9558904089432068e+16,8.253161869647381e+16
