t(s),Total solute volume 1,Total retention volume 1,Total 1 volume 1,Total 2 volume 1,Total 3 volume 1,Total 4 volume 1,Total 5 volume 1,Total 6 volume 1
0,3.242824340493574e+18,1.6147710219760688e+20,3.120606282469643e+19,1.2489632049785533e+20,4.716554228864924e+16,4.4670066949243526e+17,6.064000252306697e+17,1.0316282975505315e+18
