t(s),Total solute volume 1,Total retention volume 1,Total 1 volume 1,Total 2 volume 1,Total 3 volume 1,Total 4 volume 1,Total 5 volume 1,Total 6 volume 1
0,2.7620042352160896e+18,1.096358073686144e+20,2.1816306119850037e+19,8.283158743020675e+19,3.3538973894705644e+16,3.665456811331851e+17,6.686212005822158e+17,1.1572037277311677e+18
