t(s),Total solute volume 1,Total retention volume 1,Total 1 volume 1,Total 2 volume 1,Total 3 volume 1,Total 4 volume 1,Total 5 volume 1,Total 6 volume 1
0,3.841154308419529e+17,2.2813645134054056e+19,2.6766928604882394e+17,5.273223096638238e+17,2868488989100890.0,2.1977437168694388e+16,2.5183896373460074e+17,2.135785321760701e+19
