t(s),Total solute volume 1,Total retention volume 1,Total 1 volume 1,Total 2 volume 1,Total 3 volume 1,Total 4 volume 1,Total 5 volume 1,Total 6 volume 1
0,6.561971943550011e+17,3.835357224740904e+18,2.6766928604882394e+17,9.008356262596815e+17,294095272639866.8,1459929806835585.8,2.06120992270787e+16,1.9882889937708516e+18
