t(s),Total solute volume 1,Total retention volume 1,Total 1 volume 1,Total 2 volume 1,Total 3 volume 1,Total 4 volume 1,Total 5 volume 1,Total 6 volume 1
0,1.0357694112375635e+17,3.849650061959536e+17,1.4382961689890436e+16,1.830613831100575e+16,117523859566691.86,544210173514045.8,3223766170931724.0,2.448134648672886e+17
