t(s),Total solute volume 1,Total retention volume 1,Total 1 volume 1,Total 2 volume 1,Total 3 volume 1,Total 4 volume 1,Total 5 volume 1,Total 6 volume 1
0,7.180129369195402e+16,9.414552315003712e+16,6351323389472384.0,7154332371437873.0,7982400173339.728,32110705490634.305,157623511063973.34,8640857080445170.0
