t(s),Total solute volume 1,Total retention volume 1,Total 1 volume 1,Total 2 volume 1,Total 3 volume 1,Total 4 volume 1,Total 5 volume 1,Total 6 volume 1
0,1.2266054339042045e+17,1.424302714490506e+17,6351323389472384.0,1.22219832432844e+16,818297510778.667,2133639974571.822,13016566585929.164,1180452921800520.8
