t(s),Total solute volume 1,Total retention volume 1,Total 1 volume 1,Total 2 volume 1,Total 3 volume 1,Total 4 volume 1,Total 5 volume 1,Total 6 volume 1
0,2.641240568788231e+18,4.076833368704203e+19,5.979897840391367e+18,3.199484310387922e+19,768266341323437.8,5804757844585649.0,3.3619996985670732e+16,1.1215915281155603e+17
