t(s),Total solute volume 1,Total retention volume 1,Total 1 volume 1,Total 2 volume 1,Total 3 volume 1,Total 4 volume 1,Total 5 volume 1,Total 6 volume 1
0,1.5460920402662884e+18,2.838004055841948e+19,5.979897840391367e+18,1.873360234042119e+19,7523657321532823.0,9.187785154188414e+16,6.194742119552778e+17,1.4015726165218877e+18
