t(s),Total solute volume 1,Total retention volume 1,Total 1 volume 1,Total 2 volume 1,Total 3 volume 1,Total 4 volume 1,Total 5 volume 1,Total 6 volume 1
0,1.4314015651477992e+17,2.838732664024411e+17,2.9598370758294e+16,4.196129288420449e+16,18627734842531.734,97706327915466.17,683020425611939.8,6.837409175679523e+16
