t(s),Total solute volume 1,Total retention volume 1,Total 1 volume 1,Total 2 volume 1,Total 3 volume 1,Total 4 volume 1,Total 5 volume 1,Total 6 volume 1
0,2.445311007127456e+17,3.551067934535859e+17,2.9598370758294e+16,7.168383321791445e+16,1909408808118.3862,6491345965653.089,56387290727213.0,9228700719129782.0
