t(s),Total solute volume 1,Total retention volume 1,Total 1 volume 1,Total 2 volume 1,Total 3 volume 1,Total 4 volume 1,Total 5 volume 1,Total 6 volume 1
0,1.2796251387281995e+17,1.591966845084674e+17,6980090150537523.0,1.3622739088267018e+16,6745031666795.898,17875803724847.1,111445274983699.66,1.0495275286468192e+16
