t(s),Total solute volume 1,Total retention volume 1,Total 1 volume 1,Total 2 volume 1,Total 3 volume 1,Total 4 volume 1,Total 5 volume 1,Total 6 volume 1
0,7.49048861694545e+16,1.6833114826068854e+17,6980090150537523.0,7974287186130816.0,65745668848424.71,268738703584851.4,1348327515049714.0,7.67890728670824e+16
