t(s),Total solute volume 1,Total retention volume 1,Total 1 volume 1,Total 2 volume 1,Total 3 volume 1,Total 4 volume 1,Total 5 volume 1,Total 6 volume 1
0,3.4133172510483444e+19,3.1503081522301374e+22,5.744900751039818e+21,2.57204529767919e+22,1.0125417860036704e+18,9.292955876415141e+17,6.197916528158972e+17,1.0329929328185189e+18
