t(s),Total solute volume 1,Total retention volume 1,Total 1 volume 1,Total 2 volume 1,Total 3 volume 1,Total 4 volume 1,Total 5 volume 1,Total 6 volume 1
0,5.831083637207589e+19,3.810655513404033e+22,5.744900751039818e+21,3.230313354759354e+22,6.125590339691422e+16,3.614609887684404e+16,2.9956979369233504e+16,8.264005327460717e+16
