t(s),Total solute volume 1,Total retention volume 1,Total 1 volume 1,Total 2 volume 1,Total 3 volume 1,Total 4 volume 1,Total 5 volume 1,Total 6 volume 1
0,2.3679368537431424e+18,7.927450677659682e+19,1.5476103569735985e+19,5.584790903245229e+19,5.768932969261811e+16,6.846650781466382e+17,1.7395406376042458e+18,3.100662275221718e+18
