t(s),Total solute volume 1,Total retention volume 1,Total 1 volume 1,Total 2 volume 1,Total 3 volume 1,Total 4 volume 1,Total 5 volume 1,Total 6 volume 1
0,8.516285748348854e+19,8.21711878255336e+22,3.579686312483719e+22,4.628721412782856e+22,5.559519903592816e+17,5.0102758506593683e+17,3.340254407880227e+17,5.5671036752289664e+17
