t(s),Total solute volume 1,Total retention volume 1,Total 1 volume 1,Total 2 volume 1,Total 3 volume 1,Total 4 volume 1,Total 5 volume 1,Total 6 volume 1
0,8.70000992795148e+16,9.531907366098851e+16,2951661998355005.5,5065423436879563.0,380020370953.9534,868238771312.2279,4441392055745.436,296199295041462.75
