t(s),Total solute volume 1,Total retention volume 1,Total 1 volume 1,Total 2 volume 1,Total 3 volume 1,Total 4 volume 1,Total 5 volume 1,Total 6 volume 1
0,5.092688738313051e+16,5.908149295848617e+16,2951661998355005.5,2965126037401479.5,3706926272722.548,13066120495231.98,53780093373978.79,2167264399456968.8
