t(s),Total solute volume 1,Total retention volume 1,Total 1 volume 1,Total 2 volume 1,Total 3 volume 1,Total 4 volume 1,Total 5 volume 1,Total 6 volume 1
0,7.82153398870977e+16,1.7257268130062448e+17,7687035129498278.0,8909437720794750.0,60353550253526.54,250851397610323.94,1286755144673178.8,7.616290847069781e+16
