t(s),Total solute volume 1,Total retention volume 1,Total 1 volume 1,Total 2 volume 1,Total 3 volume 1,Total 4 volume 1,Total 5 volume 1,Total 6 volume 1
0,1.3361787230712443e+17,1.6706136347393142e+17,7687035129498278.0,1.522028754057002e+16,6190762541379.669,16682011283172.367,106334347465601.69,1.0406961375447898e+16
