t(s),Total solute volume 1,Total retention volume 1,Total 1 volume 1,Total 2 volume 1,Total 3 volume 1,Total 4 volume 1,Total 5 volume 1,Total 6 volume 1
0,7.801667161565198e+18,5.84599674235278e+20,6.696388307350977e+19,5.094009276905077e+20,3.198749203202243e+16,8.465957688644342e+16,8.401866355412438e+16,2.3253057722423296e+17
