t(s),Total solute volume 1,Total retention volume 1,Total 1 volume 1,Total 2 volume 1,Total 3 volume 1,Total 4 volume 1,Total 5 volume 1,Total 6 volume 1
0,4.566829557989454e+18,3.778912727519654e+20,6.696388307350977e+19,2.9943637271575534e+20,3.377503786938051e+17,1.945599849058398e+18,1.7342726461622377e+18,2.906564530797703e+18
