t(s),Total solute volume 1,Total retention volume 1,Total 1 volume 1,Total 2 volume 1,Total 3 volume 1,Total 4 volume 1,Total 5 volume 1,Total 6 volume 1
0,2.7620042352160896e+18,1.0919062964803147e+20,2.1816306119850037e+19,8.283158743020675e+19,2.683124448522954e+16,2.932374993231211e+17,5.348984460857053e+17,9.257646728643466e+17
