t(s),Total solute volume 1,Total retention volume 1,Total 1 volume 1,Total 2 volume 1,Total 3 volume 1,Total 4 volume 1,Total 5 volume 1,Total 6 volume 1
0,2.5932953168279194e+17,5.920919386907671e+17,3.3743667340789536e+16,8.333962927494267e+16,40274312167327.73,140048205662154.08,1253597013364101.0,2.1424519086104842e+17
