t(s),Total solute volume 1,Total retention volume 1,Total 1 volume 1,Total 2 volume 1,Total 3 volume 1,Total 4 volume 1,Total 5 volume 1,Total 6 volume 1
0,6.1151907207788056e+16,8.776305460668826e+16,4439458008290587.5,4740171994361016.0,20907520479517.83,79057103753157.84,357434883855084.7,1.697411788816134e+16
