t(s),Total solute volume 1,Total retention volume 1,Total 1 volume 1,Total 2 volume 1,Total 3 volume 1,Total 4 volume 1,Total 5 volume 1,Total 6 volume 1
0,1.0446784147997133e+17,1.1936218730913466e+17,4439458008290587.5,8097793286123659.0,2144142538401.3108,5255932700365.641,29530829091175.074,2320163630420325.5
