t(s),Total solute volume 1,Total retention volume 1,Total 1 volume 1,Total 2 volume 1,Total 3 volume 1,Total 4 volume 1,Total 5 volume 1,Total 6 volume 1
0,7.523525865105635e+17,2.9535379472712258e+19,1.1991975012111887e+18,2.955764414391274e+18,1.4754823004075348e+16,1.4556448099570192e+17,2.043609122417216e+18,2.242413654418223e+19
