t(s),Total solute volume 1,Total retention volume 1,Total 1 volume 1,Total 2 volume 1,Total 3 volume 1,Total 4 volume 1,Total 5 volume 1,Total 6 volume 1
0,1.2852690019555497e+18,9.507263595854057e+18,1.1991975012111887e+18,5.049221861376426e+18,1512020665507538.0,9625426522091032.0,1.5269370385855552e+17,1.809744080264693e+18
