t(s),Total solute volume 1,Total retention volume 1,Total 1 volume 1,Total 2 volume 1,Total 3 volume 1,Total 4 volume 1,Total 5 volume 1,Total 6 volume 1
0,6.030890236958341e+17,2.7888771971388324e+18,2.2173507663096877e+17,7.255463282409612e+17,157619447807370.72,757668103917992.6,1.0303673179426914e+16,1.2272878078399137e+18
