t(s),Total solute volume 1,Total retention volume 1,Total 1 volume 1,Total 2 volume 1,Total 3 volume 1,Total 4 volume 1,Total 5 volume 1,Total 6 volume 1
0,3.5302772118780864e+17,1.3721159635601848e+19,2.2173507663096877e+17,4.247125719959892e+17,1537489517363328.8,1.1405813842577134e+16,1.2558957756514408e+17,1.2583151384862005e+19
