t(s),Total solute volume 1,Total retention volume 1,Total 1 volume 1,Total 2 volume 1,Total 3 volume 1,Total 4 volume 1,Total 5 volume 1,Total 6 volume 1
0,3.242824340493574e+18,1.704305579107626e+20,3.120606282469643e+19,1.2489632049785533e+20,2.4524963415491965e+17,2.322701955882169e+18,3.1531161851089894e+18,5.36428247257188e+18
