t(s),Total solute volume 1,Total retention volume 1,Total 1 volume 1,Total 2 volume 1,Total 3 volume 1,Total 4 volume 1,Total 5 volume 1,Total 6 volume 1
0,5.092688738313051e+16,5.740318450537428e+16,2951661998355005.5,2965126037401479.5,926849698334.125,3267086378158.204,13446977100911.182,541868173310103.0
