t(s),Total solute volume 1,Total retention volume 1,Total 1 volume 1,Total 2 volume 1,Total 3 volume 1,Total 4 volume 1,Total 5 volume 1,Total 6 volume 1
0,8.70000992795148e+16,9.509265758013248e+16,2951661998355005.5,5065423436879563.0,95005859752.55403,217061176723.90198,1110356137819.9224,74050442209076.12
