t(s),Total solute volume 1,Total retention volume 1,Total 1 volume 1,Total 2 volume 1,Total 3 volume 1,Total 4 volume 1,Total 5 volume 1,Total 6 volume 1
0,1.2852690019555497e+18,8.495181438874873e+18,1.1991975012111887e+18,5.049221861376426e+18,736631219908109.2,4689341446618584.0,7.438976817598771e+16,8.816773334891457e+17
