t(s),Total solute volume 1,Total retention volume 1,Total 1 volume 1,Total 2 volume 1,Total 3 volume 1,Total 4 volume 1,Total 5 volume 1,Total 6 volume 1
0,7.523525865105635e+17,1.6906773654467334e+19,1.1991975012111887e+18,2.955764414391274e+18,7189135655547285.0,7.092773963133517e+16,9.957447398056338e+17,1.09255975372618e+19
