t(s),Total solute volume 1,Total retention volume 1,Total 1 volume 1,Total 2 volume 1,Total 3 volume 1,Total 4 volume 1,Total 5 volume 1,Total 6 volume 1
0,6.1151907207788056e+16,7.614369926192328e+16,4439458008290587.5,4740171994361016.0,6971770763087.666,26365487330888.03,119195579288484.48,5659629214101855.0
