t(s),Total solute volume 1,Total retention volume 1,Total 1 volume 1,Total 2 volume 1,Total 3 volume 1,Total 4 volume 1,Total 5 volume 1,Total 6 volume 1
0,1.0446784147997133e+17,1.1779081010218674e+17,4439458008290587.5,8097793286123659.0,714731051847.6025,1752012588785.278,9843820291472.873,773406763868645.4
