t(s),Total solute volume 1,Total retention volume 1,Total 1 volume 1,Total 2 volume 1,Total 3 volume 1,Total 4 volume 1,Total 5 volume 1,Total 6 volume 1
0,6.561971943550011e+17,2.7709038955714606e+18,2.6766928604882394e+17,9.008356262596815e+17,138399353418447.66,687032424838835.6,9699911632820894.0,9.356764454968792e+17
