t(s),Total solute volume 1,Total retention volume 1,Total 1 volume 1,Total 2 volume 1,Total 3 volume 1,Total 4 volume 1,Total 5 volume 1,Total 6 volume 1
0,3.841154308419529e+17,1.1361457345540524e+19,2.6766928604882394e+17,5.273223096638238e+17,1350120162686167.5,1.0344810383098724e+16,1.1853677307937238e+17,1.0052118615360768e+19
