t(s),Total solute volume 1,Total retention volume 1,Total 1 volume 1,Total 2 volume 1,Total 3 volume 1,Total 4 volume 1,Total 5 volume 1,Total 6 volume 1
0,3.004256454956098e+17,4.627698459213454e+18,1.5471077007747866e+17,2.8081807250400986e+17,438773616175470.0,3059948527271257.5,3.114516554637856e+16,3.8571000834465213e+18
