t(s),Total solute volume 1,Total retention volume 1,Total 1 volume 1,Total 2 volume 1,Total 3 volume 1,Total 4 volume 1,Total 5 volume 1,Total 6 volume 1
0,5.132271443883372e+17,1.5662448471901115e+18,1.5471077007747862e+17,4.797289871713226e+17,44977446140976.7,203268211667448.16,2562695890631180.0,4.157670040045322e+17
