t(s),Total solute volume 1,Total retention volume 1,Total 1 volume 1,Total 2 volume 1,Total 3 volume 1,Total 4 volume 1,Total 5 volume 1,Total 6 volume 1
0,7.49048861694545e+16,1.4218671108999645e+17,6980090150537523.0,7974287186130815.0,43844566138174.836,179236225586068.5,899215102780234.8,5.120515168936924e+16
