t(s),Total solute volume 1,Total retention volume 1,Total 1 volume 1,Total 2 volume 1,Total 3 volume 1,Total 4 volume 1,Total 5 volume 1,Total 6 volume 1
0,4.718423901827473e+18,1.6897186035398725e+20,2.1816306119850037e+19,1.413400008682567e+20,2.49277442006815e+16,1.4424513776408003e+17,2.4287713381978266e+17,6.850794482690776e+17
