t(s),Total solute volume 1,Total retention volume 1,Total 1 volume 1,Total 2 volume 1,Total 3 volume 1,Total 4 volume 1,Total 5 volume 1,Total 6 volume 1
0,2.7620042352160896e+18,1.2388038371627059e+20,2.1816306119850037e+19,8.283158743020675e+19,2.481690590147292e+17,2.7121555634115195e+18,4.947357179163852e+18,8.562804129407417e+18
