t(s),Total solute volume 1,Total retention volume 1,Total 1 volume 1,Total 2 volume 1,Total 3 volume 1,Total 4 volume 1,Total 5 volume 1,Total 6 volume 1
0,1.2796251387281995e+17,1.5777925003123872e+17,6980090150537523.0,1.3622739088267018e+16,5845741847819.179,15492470356492.209,96586619777235.53,9095982087634680.0
