t(s),Total solute volume 1,Total retention volume 1,Total 1 volume 1,Total 2 volume 1,Total 3 volume 1,Total 4 volume 1,Total 5 volume 1,Total 6 volume 1
0,7.49048861694545e+16,1.578749153300461e+17,6980090150537523.0,7974287186130816.0,56986920774043.11,232946952822266.2,1168722123459842.5,6.6556995826866536e+16
