t(s),Total solute volume 1,Total retention volume 1,Total 1 volume 1,Total 2 volume 1,Total 3 volume 1,Total 4 volume 1,Total 5 volume 1,Total 6 volume 1
0,1.6043878280498112e+17,2.1736661091887085e+17,1.1560640218829554e+16,2.4329176620616796e+16,8941375487547.156,25850078238243.215,180970834456582.97,2.0822248986260696e+16
