t(s),Total solute volume 1,Total retention volume 1,Total 1 volume 1,Total 2 volume 1,Total 3 volume 1,Total 4 volume 1,Total 5 volume 1,Total 6 volume 1
0,9.391538505657402e+16,2.749360357941695e+17,1.1560640218829556e+16,1.4241472081799574e+16,87179287741980.83,388776098957521.06,2190271470642946.0,1.5255231157962646e+17
