t(s),Total solute volume 1,Total retention volume 1,Total 1 volume 1,Total 2 volume 1
0,1.6043878280498112e+17,1.9632859964442688e+17,1.1560640218829554e+16,2.4329176620616796e+16
