t(s),Total solute volume 1,Total retention volume 1,Total 1 volume 1,Total 2 volume 1
0,9.391538505657402e+16,1.197174973572042e+17,1.1560640218829554e+16,1.4241472081799574e+16
