t(s),Total solute volume 1,Total retention volume 1,Total 1 volume 1,Total 2 volume 1,Total 3 volume 1,Total 4 volume 1,Total 5 volume 1,Total 6 volume 1
0,2.6900722401125917e+19,1.0973321029265322e+22,1.0530177027067483e+21,9.893021029122244e+21,1.0381559341539949e+17,6.734757164676545e+16,5.5982406339684056e+16,1.544294638090882e+17
