t(s),Total solute volume 1,Total retention volume 1,Total 1 volume 1,Total 2 volume 1,Total 3 volume 1,Total 4 volume 1,Total 5 volume 1,Total 6 volume 1
0,1.5746764332366418e+19,7.377352113564447e+21,1.0530177027067483e+21,6.302159391947708e+21,1.6118143870479375e+18,1.72777755317095e+18,1.1582083570877153e+18,1.9304542803349187e+18
