t(s),Total solute volume 1,Total retention volume 1,Total 1 volume 1,Total 2 volume 1,Total 3 volume 1,Total 4 volume 1,Total 5 volume 1,Total 6 volume 1
0,2.0408582906428972e+18,2.264718010623546e+19,3.3640731614648397e+18,1.6521366587680283e+19,1844805601400316.8,1.3480442798141476e+16,1.3279134530461128e+17,5.727654727433219e+17
