t(s),Total solute volume 1,Total retention volume 1,Total 1 volume 1,Total 2 volume 1,Total 3 volume 1,Total 4 volume 1,Total 5 volume 1,Total 6 volume 1
0,1.194648755498281e+18,2.379620763815251e+19,3.364073161464839e+18,9.67235389752105e+18,1.802889014020236e+16,2.0751391143922125e+17,2.1873662259540183e+18,7.152222796134777e+18
