t(s),Total solute volume 1,Total retention volume 1,Total 1 volume 1,Total 2 volume 1,Total 3 volume 1,Total 4 volume 1,Total 5 volume 1,Total 6 volume 1
0,1.2266054339042045e+17,1.4601941092168454e+17,6351323389472384.0,1.22219832432844e+16,3273107387388.8003,8534377402556.91,52065074806671.88,4721688338910616.0
