t(s),Total solute volume 1,Total retention volume 1,Total 1 volume 1,Total 2 volume 1,Total 3 volume 1,Total 4 volume 1,Total 5 volume 1,Total 6 volume 1
0,7.180129369195402e+16,1.2065048997025018e+17,6351323389472384.0,7154332371437873.0,31916876019578.16,128374451009679.84,630207622037971.6,3.4553041568317628e+16
