t(s),Total solute volume 1,Total retention volume 1,Total 1 volume 1,Total 2 volume 1,Total 3 volume 1,Total 4 volume 1,Total 5 volume 1,Total 6 volume 1
0,4.920172616987362e+16,5.6599399215926984e+16,2733248773475387.0,2714355750467661.0,3432368841282.6836,11939045735449.877,48280287566576.93,1886416819967417.5
