t(s),Total solute volume 1,Total retention volume 1,Total 1 volume 1,Total 2 volume 1,Total 3 volume 1,Total 4 volume 1,Total 5 volume 1,Total 6 volume 1
0,8.405294887353384e+16,9.168617471790747e+16,2733248773475387.0,4637024230775944.0,351875163107.8528,793349452080.3848,3987214641132.4526,257820400865896.28
