t(s),Total solute volume 1,Total retention volume 1,Total 1 volume 1,Total 2 volume 1,Total 3 volume 1,Total 4 volume 1,Total 5 volume 1,Total 6 volume 1
0,1.1300816793349946e+17,1.329408760708209e+17,5290051337496820.0,9905407456456888.0,3747822351173.1006,9468945343165.691,55389273027201.42,4668643302647703.0
