t(s),Total solute volume 1,Total retention volume 1,Total 1 volume 1,Total 2 volume 1,Total 3 volume 1,Total 4 volume 1,Total 5 volume 1,Total 6 volume 1
0,3.4133172510483444e+19,3.1502149591083575e+22,5.744900751039818e+21,2.57204529767919e+22,7.500330669958852e+17,6.88369694423195e+17,4.591064034614509e+17,7.651815766292735e+17
