t(s),Total solute volume 1,Total retention volume 1,Total 1 volume 1,Total 2 volume 1,Total 3 volume 1,Total 4 volume 1,Total 5 volume 1,Total 6 volume 1
0,3.434508319345575e+19,1.765695614535371e+22,1.8076337742290042e+21,1.581487631351659e+22,2.857036178147803e+16,1.7579056000613604e+16,1.4586350955085038e+16,4.023864589891134e+16
