t(s),Total solute volume 1,Total retention volume 1,Total 1 volume 1,Total 2 volume 1,Total 3 volume 1,Total 4 volume 1,Total 5 volume 1,Total 6 volume 1
0,2.0104438942510703e+19,1.2465966258584239e+22,1.8076337742290045e+21,1.0636512866415753e+22,4.5884608761260026e+17,4.5156915591730074e+17,3.017825138919603e+17,5.029812395971117e+17
