t(s),Total solute volume 1,Total retention volume 1,Total 1 volume 1,Total 2 volume 1,Total 3 volume 1,Total 4 volume 1,Total 5 volume 1,Total 6 volume 1
0,1.0438198847203212e+18,6.307117393148085e+18,7.538773491030418e+17,2.961613368357028e+18,682487809685978.4,4032713263271932.5,6.544020919383465e+16,1.477651380700911e+18
