t(s),Total solute volume 1,Total retention volume 1,Total 1 volume 1,Total 2 volume 1,Total 3 volume 1,Total 4 volume 1,Total 5 volume 1,Total 6 volume 1
0,4.566829557989454e+18,3.8327644331938696e+20,6.696388307350977e+19,2.9943637271575534e+20,6.004308296606527e+17,3.4587342228635387e+18,3.0830677311673057e+18,5.167125188442069e+18
