t(s),Total solute volume 1,Total retention volume 1,Total 1 volume 1,Total 2 volume 1,Total 3 volume 1,Total 4 volume 1,Total 5 volume 1,Total 6 volume 1
0,7.801667161565198e+18,5.84936604913149e+20,6.696388307350977e+19,5.094009276905077e+20,5.6866566795479064e+16,1.5050572239295504e+17,1.493663093268266e+17,4.1338838905122106e+17
