t(s),Total solute volume 1,Total retention volume 1,Total 1 volume 1,Total 2 volume 1,Total 3 volume 1,Total 4 volume 1,Total 5 volume 1,Total 6 volume 1
0,1.0056372927748115e+17,1.1414411013610794e+17,4077840541915392.0,7344347682422831.0,2100618974881.2996,5074365539005.739,27959268248879.582,2123058381524671.8
