t(s),Total solute volume 1,Total retention volume 1,Total 1 volume 1,Total 2 volume 1,Total 3 volume 1,Total 4 volume 1,Total 5 volume 1,Total 6 volume 1
0,5.88665732355986e+16,8.320969743438037e+16,4077840541915391.5,4299130609532137.0,20482091102556.113,76320793627643.02,338392996889568.2,1.5530957165713792e+16
