t(s),Total solute volume 1,Total retention volume 1,Total 1 volume 1,Total 2 volume 1,Total 3 volume 1,Total 4 volume 1,Total 5 volume 1,Total 6 volume 1
0,1.827745988668061e+17,1.6459638002873615e+18,5.1059153534519e+16,7.853065002362187e+16,241073485237789.5,1388980592800378.5,1.1002181205829712e+16,1.3209671625785385e+18
