t(s),Total solute volume 1,Total retention volume 1,Total 1 volume 1,Total 2 volume 1,Total 3 volume 1,Total 4 volume 1,Total 5 volume 1,Total 6 volume 1
0,3.122399397307938e+17,6.723367389259003e+17,5.1059153534519e+16,1.3415637957682182e+17,24715767629796.426,92303233236123.98,908208621929984.5,1.7385603846096874e+17
