t(s),Total solute volume 1,Total retention volume 1,Total 1 volume 1,Total 2 volume 1,Total 3 volume 1,Total 4 volume 1,Total 5 volume 1,Total 6 volume 1
0,7.180129369195402e+16,1.581716023753741e+17,6351323389472384.0,7154332371437873.0,65791412671818.62,264572790623321.16,1298967248722862.5,7.123532147049325e+16
