t(s),Total solute volume 1,Total retention volume 1,Total 1 volume 1,Total 2 volume 1,Total 3 volume 1,Total 4 volume 1,Total 5 volume 1,Total 6 volume 1
0,1.2266054339042045e+17,1.511037047347862e+17,6351323389472384.0,1.22219832432844e+16,6750542491528.15,17601620190615.777,107380735458998.05,9738121813466000.0
