t(s),Total solute volume 1,Total retention volume 1,Total 1 volume 1,Total 2 volume 1,Total 3 volume 1,Total 4 volume 1,Total 5 volume 1,Total 6 volume 1
0,9.688003471877627e+16,1.0823548658514126e+17,3752113566455123.5,6674159898032270.0,966357908939.6753,2301112327651.1973,12438610490508.133,913472321150597.9
