t(s),Total solute volume 1,Total retention volume 1,Total 1 volume 1,Total 2 volume 1,Total 3 volume 1,Total 4 volume 1,Total 5 volume 1,Total 6 volume 1
0,5.67102642256257e+16,7.1247399413229256e+16,3752113566455123.5,3906825519925697.5,9425105622322.043,34623010318440.562,150593815235059.34,6683554170046702.0
