t(s),Total solute volume 1,Total retention volume 1,Total 1 volume 1,Total 2 volume 1,Total 3 volume 1,Total 4 volume 1,Total 5 volume 1,Total 6 volume 1
0,3.004256454956098e+17,1.2409288224939262e+19,1.5471077007747866e+17,2.8081807250400986e+17,1316038365757542.0,9177214073437384.0,9.341263921011653e+16,1.156942784521284e+19
