t(s),Total solute volume 1,Total retention volume 1,Total 1 volume 1,Total 2 volume 1,Total 3 volume 1,Total 4 volume 1,Total 5 volume 1,Total 6 volume 1
0,5.132271443883372e+17,2.4033830923626383e+18,1.5471077007747862e+17,4.797289871713226e+17,134930503957381.22,609797614742212.2,7687992947749286.0,1.2472834696590492e+18
