t(s),Total solute volume 1,Total retention volume 1,Total 1 volume 1,Total 2 volume 1,Total 3 volume 1,Total 4 volume 1,Total 5 volume 1,Total 6 volume 1
0,3.004256454956098e+17,1.1544792094383354e+19,1.5471077007747866e+17,2.808180725040099e+17,1218583098837471.5,8497691100695171.0,8.649553552978909e+16,1.0712625796576956e+19
