t(s),Total solute volume 1,Total retention volume 1,Total 1 volume 1,Total 2 volume 1,Total 3 volume 1,Total 4 volume 1,Total 5 volume 1,Total 6 volume 1
0,5.132271443883372e+17,2.310368893631373e+18,1.5471077007747866e+17,4.797289871713226e+17,124935840541135.05,564628143299203.1,7118521733832334.0,1.154893906276563e+18
