t(s),Total solute volume 1,Total retention volume 1,Total 1 volume 1,Total 2 volume 1,Total 3 volume 1,Total 4 volume 1,Total 5 volume 1,Total 6 volume 1
0,1.2266054339042045e+17,1.4721574914604454e+17,6351323389472384.0,1.22219832432844e+16,4091349795509.7114,10667895715476.336,65080847049720.164,5902059030306897.0
