t(s),Total solute volume 1,Total retention volume 1,Total 1 volume 1,Total 2 volume 1,Total 3 volume 1,Total 4 volume 1,Total 5 volume 1,Total 6 volume 1
0,7.180129369195402e+16,1.2948189598243656e+17,6351323389472384.0,7154332371437873.0,39890795893952.375,160439596080545.5,787640257232667.1,4.318697588036618e+16
