t(s),Total solute volume 1,Total retention volume 1,Total 1 volume 1,Total 2 volume 1,Total 3 volume 1,Total 4 volume 1,Total 5 volume 1,Total 6 volume 1
0,7.180129369195402e+16,1.0960871365887798e+17,6351323389472384.0,7154332371437873.0,21946496504783.02,88277014415496.5,433349766435606.75,2.375819092865875e+16
