t(s),Total solute volume 1,Total retention volume 1,Total 1 volume 1,Total 2 volume 1,Total 3 volume 1,Total 4 volume 1,Total 5 volume 1,Total 6 volume 1
0,1.2266054339042045e+17,1.4452395889178234e+17,6351323389472384.0,1.22219832432844e+16,2250285005902.509,5867436741028.535,35795080250745.695,3246196066608603.5
