t(s),Total solute volume 1,Total retention volume 1,Total 1 volume 1,Total 2 volume 1,Total 3 volume 1,Total 4 volume 1,Total 5 volume 1,Total 6 volume 1
0,3.5302772118780864e+17,8.517379326458927e+18,2.2173507663096877e+17,4.247125719959892e+17,908603398753284.5,6740659941326376.0,7.422011195223726e+16,7.436034581351847e+18
