t(s),Total solute volume 1,Total retention volume 1,Total 1 volume 1,Total 2 volume 1,Total 3 volume 1,Total 4 volume 1,Total 5 volume 1,Total 6 volume 1
0,6.030890236958341e+17,2.2822199170883625e+18,2.2173507663096877e+17,7.255463282409612e+17,93139328685809.0,447715266498779.8,6088567568326657.0,7.25220066357086e+17
