t(s),Total solute volume 1,Total retention volume 1,Total 1 volume 1,Total 2 volume 1,Total 3 volume 1,Total 4 volume 1,Total 5 volume 1,Total 6 volume 1
0,3.5302772118780864e+17,2.3548463928725795e+19,2.2173507663096877e+17,4.247125719959892e+17,2725057495548534.0,2.021452090136733e+16,2.2259024695699888e+17,2.2303458733557047e+19
