t(s),Total solute volume 1,Total retention volume 1,Total 1 volume 1,Total 2 volume 1,Total 3 volume 1,Total 4 volume 1,Total 5 volume 1,Total 6 volume 1
0,6.030890236958341e+17,3.7458792028316273e+18,2.2173507663096877e+17,7.255463282409612e+17,279413097486203.4,1343125901006966.8,1.8265413095307788e+16,2.175620822170059e+18
