t(s),Total solute volume 1,Total retention volume 1,Total 1 volume 1,Total 2 volume 1,Total 3 volume 1,Total 4 volume 1,Total 5 volume 1,Total 6 volume 1
0,3.563921568279588e+17,8.526893949487503e+17,6.858169948084933e+16,1.8831811750643e+17,28779064225815.906,113080779566791.61,1189784547165038.2,2.3806577674255862e+17
