t(s),Total solute volume 1,Total retention volume 1,Total 1 volume 1,Total 2 volume 1,Total 3 volume 1,Total 4 volume 1,Total 5 volume 1,Total 6 volume 1
0,2.0861979911880643e+17,2.2656769661158408e+18,6.858169948084933e+16,1.1023516579767e+17,280721351020681.44,1701801828894695.2,1.4419189478723746e+16,1.8618385890598784e+18
