t(s),Total solute volume 1,Total retention volume 1,Total 1 volume 1,Total 2 volume 1,Total 3 volume 1,Total 4 volume 1,Total 5 volume 1,Total 6 volume 1
0,1.612352649698545e+17,3.6689417267887744e+17,3.860071170759496e+16,5.693890508297374e+16,24299323404913.21,133424716196769.56,991266731277790.0,1.0897030014757437e+17
