t(s),Total solute volume 1,Total retention volume 1,Total 1 volume 1,Total 2 volume 1,Total 3 volume 1,Total 4 volume 1,Total 5 volume 1,Total 6 volume 1
0,2.7544357765683786e+17,4.259830122431781e+17,3.860071170759496e+16,9.727055195100427e+16,2490755410898.816,8864255904963.037,81824576333598.92,1.4574991340090438e+16
