t(s),Total solute volume 1,Total retention volume 1,Total 1 volume 1,Total 2 volume 1,Total 3 volume 1,Total 4 volume 1,Total 5 volume 1,Total 6 volume 1
0,1.454865482009603e+20,8.39170395087206e+22,3.579686312483719e+22,4.797460062369274e+22,2.6224107824079532e+16,1.530941944370035e+16,1.268509553331441e+16,3.499336715765761e+16
