t(s),Total solute volume 1,Total retention volume 1,Total 1 volume 1,Total 2 volume 1,Total 3 volume 1,Total 4 volume 1,Total 5 volume 1,Total 6 volume 1
0,8.516285748348854e+19,8.217077045994933e+22,3.579686312483719e+22,4.628721412782856e+22,4.368199695270822e+17,3.936651915286084e+17,2.6244893632470976e+17,4.374157029072004e+17
