t(s),Total solute volume 1,Total retention volume 1,Total 1 volume 1,Total 2 volume 1,Total 3 volume 1,Total 4 volume 1,Total 5 volume 1,Total 6 volume 1
0,3.818076622203744e+17,7.323278634547905e+17,7.99733013773092e+16,2.2469880913100803e+17,5163732818466.404,20833633742551.062,226946246038805.5,4.559514711349886e+16
