t(s),Total solute volume 1,Total retention volume 1,Total 1 volume 1,Total 2 volume 1,Total 3 volume 1,Total 4 volume 1,Total 5 volume 1,Total 6 volume 1
0,2.2349716812900077e+17,4.783500446793693e+20,7.99733013773092e+16,1.3153125251363435e+17,6.491315780530228e+16,3.990119705369283e+17,3.5268835866842665e+18,4.7392423424232286e+20
