t(s),Total solute volume 1,Total retention volume 1,Total 1 volume 1,Total 2 volume 1,Total 3 volume 1,Total 4 volume 1,Total 5 volume 1,Total 6 volume 1
0,2.2349716812900077e+17,8.024811959354143e+17,7.99733013773092e+16,1.3153125251363437e+17,50377132156701.83,313609158414462.94,2751650627498885.0,3.643638369973964e+17
