t(s),Total solute volume 1,Total retention volume 1,Total 1 volume 1,Total 2 volume 1,Total 3 volume 1,Total 4 volume 1,Total 5 volume 1,Total 6 volume 1
0,7.158676193942945e+17,3.557326150287519e+18,3.250257609819086e+17,1.1260624170802307e+18,241611734253429.25,1239737807185735.2,1.8151412877521424e+16,1.3707375904121183e+18
