t(s),Total solute volume 1,Total retention volume 1,Total 1 volume 1,Total 2 volume 1,Total 3 volume 1,Total 4 volume 1,Total 5 volume 1,Total 6 volume 1
0,2.1328894422529733e+19,6.631193371889293e+21,6.290856345856501e+20,5.980718300898826e+21,1.5344085180895146e+16,1.092700032455986e+16,9117081931577810.0,2.5153814846754028e+16
