t(s),Total solute volume 1,Total retention volume 1,Total 1 volume 1,Total 2 volume 1,Total 3 volume 1,Total 4 volume 1,Total 5 volume 1,Total 6 volume 1
0,1.3965732313027035e+17,1.6770386792509462e+17,8483748054658170.0,1.7047137375161364e+16,1366657426764.3042,3745805385183.018,24423819976595.75,2486123082215303.0
