t(s),Total solute volume 1,Total retention volume 1,Total 1 volume 1,Total 2 volume 1,Total 3 volume 1,Total 4 volume 1,Total 5 volume 1,Total 6 volume 1
0,8.175062817381762e+16,1.1878420795044278e+17,8483748054658170.0,9978813516605722.0,13331361424227.557,56372084470802.45,295756021201605.9,1.8205558738264308e+16
