t(s),Total solute volume 1,Total retention volume 1,Total 1 volume 1,Total 2 volume 1,Total 3 volume 1,Total 4 volume 1,Total 5 volume 1,Total 6 volume 1
0,1.1477277462414928e+17,3.4400050929571795e+17,1.8083672627208548e+16,2.3817359628092044e+16,73923068664231.83,356135756562589.6,2223439894290668.5,1.8467320369674992e+17
