t(s),Total solute volume 1,Total retention volume 1,Total 1 volume 1,Total 2 volume 1,Total 3 volume 1,Total 4 volume 1,Total 5 volume 1,Total 6 volume 1
0,1.9607015664959024e+17,2.8018861566068416e+17,1.8083672627208548e+16,4.068797579280357e+16,7579292261412.868,23669085914349.676,183633122560568.34,2.513192909034821e+16
