t(s),Total solute volume 1,Total retention volume 1,Total 1 volume 1,Total 2 volume 1,Total 3 volume 1,Total 4 volume 1,Total 5 volume 1,Total 6 volume 1
0,9.85717952218855e+16,3.002379079579296e+17,1.2878448802488326e+16,1.6122851276236812e+16,89039386643732.14,404540489727398.44,2336289787834557.5,1.6983494299311424e+17
