t(s),Total solute volume 1,Total retention volume 1,Total 1 volume 1,Total 2 volume 1,Total 3 volume 1,Total 4 volume 1,Total 5 volume 1,Total 6 volume 1
0,1.6839348350405472e+17,2.322138823003764e+17,1.2878448802488326e+16,2.754319804435506e+16,9131507282759.104,26895646537968.26,193018201367572.4,2.3169706594288056e+16
