t(s),Total solute volume 1,Total retention volume 1,Total 1 volume 1,Total 2 volume 1,Total 3 volume 1,Total 4 volume 1,Total 5 volume 1,Total 6 volume 1
0,6.639539189064714e+18,9.425097928270381e+20,1.542273968290348e+20,7.742999917924144e+20,7.713986448180321e+17,2.2255413169949238e+18,1.6283784036812972e+18,2.717546651027198e+18
