t(s),Total solute volume 1,Total retention volume 1,Total 1 volume 1,Total 2 volume 1,Total 3 volume 1,Total 4 volume 1,Total 5 volume 1,Total 6 volume 1
0,1.1342546114652189e+19,1.4745942010394116e+21,1.542273968290348e+20,1.3085723532580836e+21,6.583359150755242e+16,8.990887923615938e+16,7.875040016981056e+16,2.1741196672879917e+17
