t(s),Total solute volume 1,Total retention volume 1,Total 1 volume 1,Total 2 volume 1,Total 3 volume 1,Total 4 volume 1,Total 5 volume 1,Total 6 volume 1
0,2.399005506587524e+17,8.386454813945269e+18,9.36616297076456e+16,1.5772427002204848e+17,1002689209321799.2,6413193939474208.0,5.8328744620489176e+16,7.829423735787526e+18
