t(s),Total solute volume 1,Total retention volume 1,Total 1 volume 1,Total 2 volume 1,Total 3 volume 1,Total 4 volume 1,Total 5 volume 1,Total 6 volume 1
0,3.8340070142403466e+18,2.41612524353089e+20,4.533611706929847e+19,1.916287548066981e+20,2.66429739050845e+16,2.0371159177898186e+17,2.1725503650265955e+17,3.660358606645785e+17
