t(s),Total solute volume 1,Total retention volume 1,Total 1 volume 1,Total 2 volume 1,Total 3 volume 1,Total 4 volume 1,Total 5 volume 1,Total 6 volume 1
0,6.549761982660554e+18,3.7842729532872747e+20,4.533611706929847e+19,3.264895769282699e+20,2597018458152153.5,9411395452395040.0,1.0547861631479052e+16,2.928307295783735e+16
