t(s),Total solute volume 1,Total retention volume 1,Total 1 volume 1,Total 2 volume 1,Total 3 volume 1,Total 4 volume 1,Total 5 volume 1,Total 6 volume 1
0,2.3160815502785014e+18,3.1157328459830845e+19,4.460907519859345e+18,2.284893514595476e+19,5459026787173360.0,4.08105908066231e+16,3.14969914758479e+17,1.1701647113858007e+18
