t(s),Total solute volume 1,Total retention volume 1,Total 1 volume 1,Total 2 volume 1,Total 3 volume 1,Total 4 volume 1,Total 5 volume 1,Total 6 volume 1
0,1.355755053821572e+18,4.0009066123917754e+19,4.460907519859345e+18,1.337749223333267e+19,5.338870426575651e+16,6.351482133825686e+17,5.508693259857731e+18,1.461768113939812e+19
