t(s),Total solute volume 1,Total retention volume 1,Total 1 volume 1,Total 2 volume 1,Total 3 volume 1,Total 4 volume 1,Total 5 volume 1,Total 6 volume 1
0,3.332883936767457e+17,1.1235287368399546e+18,5.905751296626006e+16,1.5858298787719715e+17,74335311331506.33,284660026321543.9,2895177861388779.5,5.693456691206979e+17
