t(s),Total solute volume 1,Total retention volume 1,Total 1 volume 1,Total 2 volume 1,Total 3 volume 1,Total 4 volume 1,Total 5 volume 1,Total 6 volume 1
0,1.950956450790701e+17,4.765872761135419e+18,5.905751296626006e+16,9.282918675798294e+16,724798638718399.2,4281539922632641.5,3.506363384801725e+16,4.37882044392274e+18
