t(s),Total solute volume 1,Total retention volume 1,Total 1 volume 1,Total 2 volume 1,Total 3 volume 1,Total 4 volume 1,Total 5 volume 1,Total 6 volume 1
0,6.110165178850669e+17,1.7317802178937821e+19,7.538773491030418e+17,1.7336694297627313e+18,4994358864146204.0,4.563166761410812e+16,6.249569452496504e+17,1.354365591045909e+19
