t(s),Total solute volume 1,Total retention volume 1,Total 1 volume 1,Total 2 volume 1,Total 3 volume 1,Total 4 volume 1,Total 5 volume 1,Total 6 volume 1
0,2.2349716812900077e+17,6.312704950641163e+18,7.99733013773092e+16,1.3153125251363435e+17,805677880676957.5,5014784379327566.0,4.4004229546691336e+16,5.827878536814529e+18
