t(s),Total solute volume 1,Total retention volume 1,Total 1 volume 1,Total 2 volume 1,Total 3 volume 1,Total 4 volume 1,Total 5 volume 1,Total 6 volume 1
0,3.818076622203744e+17,1.4200279886786145e+18,7.99733013773092e+16,2.2469880913100803e+17,82617411488188.6,333330235633787.2,3631047786031504.0,7.295012205167667e+17
