t(s),Total solute volume 1,Total retention volume 1,Total 1 volume 1,Total 2 volume 1,Total 3 volume 1,Total 4 volume 1,Total 5 volume 1,Total 6 volume 1
0,1.5746764332366418e+19,7.375135504794817e+21,1.0530177027067483e+21,6.302159391947708e+21,1.0560237221687871e+18,1.1320027866056796e+18,7.58832226558626e+17,1.264787072593947e+18
