t(s),Total solute volume 1,Total retention volume 1,Total 1 volume 1,Total 2 volume 1,Total 3 volume 1,Total 4 volume 1,Total 5 volume 1,Total 6 volume 1
0,2.6900722401125917e+19,1.0973189444187263e+22,1.0530177027067483e+21,9.893021029121971e+21,6.801714311231385e+16,4.412428765354256e+16,3.667814238054044e+16,1.0117038423712888e+17
