t(s),Total solute volume 1,Total retention volume 1,Total 1 volume 1,Total 2 volume 1,Total 3 volume 1,Total 4 volume 1,Total 5 volume 1,Total 6 volume 1
0,6.1151907207788056e+16,9.357024932666752e+16,4439458008290587.5,4740171994361016.0,27871502335087.414,105383252424247.48,476478673606360.8,2.2628978687862612e+16
