t(s),Total solute volume 1,Total retention volume 1,Total 1 volume 1,Total 2 volume 1,Total 3 volume 1,Total 4 volume 1,Total 5 volume 1,Total 6 volume 1
0,1.0446784147997133e+17,1.2014784718968445e+17,4439458008290587.5,8097793286123659.0,2858822974302.2554,7007840225260.957,39374017612920.78,3093513734487081.0
