t(s),Total solute volume 1,Total retention volume 1,Total 1 volume 1,Total 2 volume 1,Total 3 volume 1,Total 4 volume 1,Total 5 volume 1,Total 6 volume 1
0,3.332883936767457e+17,7.271185206715973e+17,5.905751296626006e+16,1.5858298787719715e+17,22873038851593.973,87589760671357.03,890846383353502.8,1.751883169685217e+17
