t(s),Total solute volume 1,Total retention volume 1,Total 1 volume 1,Total 2 volume 1,Total 3 volume 1,Total 4 volume 1,Total 5 volume 1,Total 6 volume 1
0,1.950956450790701e+17,1.7070926972133396e+18,5.905751296626006e+16,9.282918675798294e+16,223112764629773.8,1318168644891214.5,1.079420386149355e+16,1.3477748671390116e+18
