t(s),Total solute volume 1,Total retention volume 1,Total 1 volume 1,Total 2 volume 1,Total 3 volume 1,Total 4 volume 1,Total 5 volume 1,Total 6 volume 1
0,1.2485206491236938e+19,2.9028973914035376e+23,6.290856345856501e+20,3.6814069503789776e+21,6.372141692369255e+22,6.004243385223045e+22,4.7059561649454614e+22,1.151433489235212e+23
