t(s),Total solute volume 1,Total retention volume 1,Total 1 volume 1,Total 2 volume 1,Total 3 volume 1,Total 4 volume 1,Total 5 volume 1,Total 6 volume 1
0,2.1328894422529733e+19,6.631738233273702e+21,6.290856345856501e+20,5.980718300898714e+21,1.5344056235477024e+17,1.0926982868202744e+17,9.117066180375229e+16,2.515223139534879e+17
