t(s),Total solute volume 1,Total retention volume 1,Total 1 volume 1,Total 2 volume 1,Total 3 volume 1,Total 4 volume 1,Total 5 volume 1,Total 6 volume 1
0,2.0104438942510703e+19,1.2470539976817661e+22,1.8076337742290045e+21,1.0636512866415753e+22,1.6824119010209802e+18,1.6557223418950428e+18,1.1065180744562143e+18,1.8442449130074918e+18
