t(s),Total solute volume 1,Total retention volume 1,Total 1 volume 1,Total 2 volume 1,Total 3 volume 1,Total 4 volume 1,Total 5 volume 1,Total 6 volume 1
0,3.434508319345575e+19,1.7657225410137058e+22,1.8076337742290045e+21,1.581487631351659e+22,1.0475789952506142e+17,6.44564898638253e+16,5.3483243494542264e+16,1.4754156514950813e+17
