t(s),Total solute volume 1,Total retention volume 1,Total 1 volume 1,Total 2 volume 1,Total 3 volume 1,Total 4 volume 1,Total 5 volume 1,Total 6 volume 1
0,1.2852690019555497e+18,7.837319338627952e+18,1.1991975012111887e+18,5.049221861376426e+18,232621569100871.16,1480851048993547.5,2.349161408610059e+16,2.7842588738054874e+17
