t(s),Total solute volume 1,Total retention volume 1,Total 1 volume 1,Total 2 volume 1,Total 3 volume 1,Total 4 volume 1,Total 5 volume 1,Total 6 volume 1
0,7.523525865105635e+17,8.69685781268937e+18,1.1991975012111887e+18,2.955764414391274e+18,2270435788895919.0,2.2400637942285816e+16,3.144745115111735e+17,3.450397725333976e+18
