t(s),Total solute volume 1,Total retention volume 1,Total 1 volume 1,Total 2 volume 1,Total 3 volume 1,Total 4 volume 1,Total 5 volume 1,Total 6 volume 1
0,3.2527447322874304e+17,2.1169137303384855e+19,1.8471874136236307e+17,3.4428597201944646e+17,2327905126643936.5,1.6734936535031814e+16,1.7712623844340662e+17,2.0118669036669293e+19
