t(s),Total solute volume 1,Total retention volume 1,Total 1 volume 1,Total 2 volume 1,Total 3 volume 1,Total 4 volume 1,Total 5 volume 1,Total 6 volume 1
0,5.556772250990977e+17,3.40781882401111e+18,1.8471874136236307e+17,5.881523663147372e+17,238701796782484.6,1112088748065783.6,1.456119364172566e+16,2.0633585070483336e+18
