t(s),Total solute volume 1,Total retention volume 1,Total 1 volume 1,Total 2 volume 1,Total 3 volume 1,Total 4 volume 1,Total 5 volume 1,Total 6 volume 1
0,4.408003339419685e+17,1.6263086812155177e+18,1.1018915844204802e+17,3.247827274525352e+17,78282391907178.97,333745750130010.56,3906017158266388.5,7.462184160786665e+17
