t(s),Total solute volume 1,Total retention volume 1,Total 1 volume 1,Total 2 volume 1,Total 3 volume 1,Total 4 volume 1,Total 5 volume 1,Total 6 volume 1
0,2.5802946377090512e+17,6.95301379856754e+18,1.1018915844204802e+17,1.9011722470774906e+17,763536288408020.0,5022459995054663.0,4.738608238927075e+16,6.341505872974095e+18
