t(s),Total solute volume 1,Total retention volume 1,Total 1 volume 1,Total 2 volume 1,Total 3 volume 1,Total 4 volume 1,Total 5 volume 1,Total 6 volume 1
0,1.8614795258035258e+17,2.5690266453888957e+17,1.6105550931134632e+16,3.561535913744106e+16,6230312788029.793,19071709989783.875,144081696063330.72,1.8864418171121348e+16
