t(s),Total solute volume 1,Total retention volume 1,Total 1 volume 1,Total 2 volume 1,Total 3 volume 1,Total 4 volume 1,Total 5 volume 1,Total 6 volume 1
0,1.8614795258035258e+17,2.55316542526889e+17,1.6105550931134632e+16,3.561535913744106e+16,5711128971522.164,17482423934516.113,132075074915051.33,1.7292411250140022e+16
