t(s),Total solute volume 1,Total retention volume 1,Total 1 volume 1,Total 2 volume 1,Total 3 volume 1,Total 4 volume 1,Total 5 volume 1,Total 6 volume 1
0,1.0896465516898744e+17,2.7478413208641005e+17,1.6105550931134632e+16,2.0848021191923476e+16,55704269476799.83,263060726335520.16,1599211400835550.0,1.2694792839771829e+17
