t(s),Total solute volume 1,Total retention volume 1,Total 1 volume 1,Total 2 volume 1,Total 3 volume 1,Total 4 volume 1,Total 5 volume 1,Total 6 volume 1
0,2.067829880351787e+17,3.219241622184041e+17,2.0362204049155636e+16,4.663428171230368e+16,13130958885412.102,41853729497778.07,333681371119691.5,4.775602236226046e+16
