t(s),Total solute volume 1,Total retention volume 1,Total 1 volume 1,Total 2 volume 1,Total 3 volume 1,Total 4 volume 1,Total 5 volume 1,Total 6 volume 1
0,1.2104370031327629e+17,5.248276296683895e+17,2.036220404915564e+16,2.7298126560537492e+16,128052340708725.14,629631439104541.4,4039665185920384.0,3.513262497796842e+17
