t(s),Total solute volume 1,Total retention volume 1,Total 1 volume 1,Total 2 volume 1,Total 3 volume 1,Total 4 volume 1,Total 5 volume 1,Total 6 volume 1
0,6.639539189064714e+18,9.448461005375211e+20,1.542273968290348e+20,7.742999917924197e+20,1.0168344130897164e+18,2.9336324286565903e+18,2.146476543282138e+18,3.5822293419741373e+18
