t(s),Total solute volume 1,Total retention volume 1,Total 1 volume 1,Total 2 volume 1,Total 3 volume 1,Total 4 volume 1,Total 5 volume 1,Total 6 volume 1
0,1.1342546114652189e+19,1.4747379860404309e+21,1.542273968290348e+20,1.3085723532580815e+21,8.678059332469022e+16,1.1851619204308526e+17,1.0380729096118717e+17,2.8658576233638787e+17
