t(s),Total solute volume 1,Total retention volume 1,Total 1 volume 1,Total 2 volume 1,Total 3 volume 1,Total 4 volume 1,Total 5 volume 1,Total 6 volume 1
0,1.1300816793349946e+17,1.3186427066700506e+17,5290051337496820.0,9905407456456888.0,2896076857013.188,7316981441020.335,42801234669957.8,3607629646585321.5
