t(s),Total solute volume 1,Total retention volume 1,Total 1 volume 1,Total 2 volume 1,Total 3 volume 1,Total 4 volume 1,Total 5 volume 1,Total 6 volume 1
0,7.523525865105635e+17,6.80211389948401e+18,1.1991975012111887e+18,2.955764414391274e+18,1135238945451158.0,1.12005964356237e+16,1.5724057969226698e+17,1.7252229822976274e+18
