t(s),Total solute volume 1,Total retention volume 1,Total 1 volume 1,Total 2 volume 1,Total 3 volume 1,Total 4 volume 1,Total 5 volume 1,Total 6 volume 1
0,8.113418985332498e+18,1.5426566025408634e+21,2.4107704894684443e+20,1.281474549652156e+21,1.741137384061613e+18,3.574620062946087e+18,2.502458699850845e+18,4.173368809677411e+18
