t(s),Total solute volume 1,Total retention volume 1,Total 1 volume 1,Total 2 volume 1,Total 3 volume 1,Total 4 volume 1,Total 5 volume 1,Total 6 volume 1
0,1.3860424099942965e+19,2.406261259050835e+21,2.4107704894684447e+20,2.1505892778575407e+21,1.3776233671509789e+17,1.4186048942988806e+17,1.209885071225756e+17,3.338968132626555e+17
