t(s),Total solute volume 1,Total retention volume 1,Total 1 volume 1,Total 2 volume 1,Total 3 volume 1,Total 4 volume 1,Total 5 volume 1,Total 6 volume 1
0,5.599791014061281e+17,1.0885444944466794e+19,6.205788698891987e+17,1.3862391755847913e+18,2349199680939580.5,2.0773013289579104e+16,2.775669052497328e+17,8.017958679366435e+18
