t(s),Total solute volume 1,Total retention volume 1,Total 1 volume 1,Total 2 volume 1,Total 3 volume 1,Total 4 volume 1,Total 5 volume 1,Total 6 volume 1
0,9.566309649021271e+17,4.632209823040255e+18,6.205788698891987e+17,2.368112616809924e+18,240767610135250.4,1377633637507214.2,2.2089280516282012e+16,6.631796896750935e+17
