t(s),Total solute volume 1,Total retention volume 1,Total 1 volume 1,Total 2 volume 1,Total 3 volume 1,Total 4 volume 1,Total 5 volume 1,Total 6 volume 1
0,1.3965732313027035e+17,1.6820699381823834e+17,8483748054658170.0,1.7047137375161364e+16,1639985767093.8198,4494959162977.124,29308533035745.168,2983341780182001.5
