t(s),Total solute volume 1,Total retention volume 1,Total 1 volume 1,Total 2 volume 1,Total 3 volume 1,Total 4 volume 1,Total 5 volume 1,Total 6 volume 1
0,8.175062817381762e+16,1.2249789742849437e+17,8483748054658170.0,9978813516605722.0,15997149389003.934,67643765581645.734,354894976872589.6,2.1846171791570704e+16
