t(s),Total solute volume 1,Total retention volume 1,Total 1 volume 1,Total 2 volume 1,Total 3 volume 1,Total 4 volume 1,Total 5 volume 1,Total 6 volume 1
0,1.710368165630296e+19,3.9812541342689117e+21,3.850111262848305e+20,3.5784575145071503e+21,1.5344403305090934e+17,1.2701130013350954e+17,1.0677136326941475e+17,2.945851241691916e+17
