t(s),Total solute volume 1,Total retention volume 1,Total 1 volume 1,Total 2 volume 1,Total 3 volume 1,Total 4 volume 1,Total 5 volume 1,Total 6 volume 1
0,1.001191121344553e+19,2.564263599426845e+21,3.850111262848306e+20,2.1580146193043675e+21,2.102366189569479e+18,3.2325982638273044e+18,2.2087212041415173e+18,3.6822569666805765e+18
