t(s),Total solute volume 1,Total retention volume 1,Total 1 volume 1,Total 2 volume 1,Total 3 volume 1,Total 4 volume 1,Total 5 volume 1,Total 6 volume 1
0,1.612352649698545e+17,2.1279574966445435e+18,3.860071170759496e+16,5.693890508297374e+16,412842514185736.44,2266416151490850.5,1.6840095932158812e+16,1.851663260286277e+18
