t(s),Total solute volume 1,Total retention volume 1,Total 1 volume 1,Total 2 volume 1,Total 3 volume 1,Total 4 volume 1,Total 5 volume 1,Total 6 volume 1
0,1.4611483665945994e+17,1.909202700411188e+17,9383807851828776.0,1.9141956437258628e+16,8163329663265.771,22766977660258.895,151927148866850.0,1.609681163638202e+16
