t(s),Total solute volume 1,Total retention volume 1,Total 1 volume 1,Total 2 volume 1,Total 3 volume 1,Total 4 volume 1,Total 5 volume 1,Total 6 volume 1
0,9.402531052744658e+17,1.5840704552323205e+19,1.9718743661304886e+18,5.234982861726286e+18,8087545341884799.0,8.631645651241246e+16,1.1391330801880701e+18,6.460057137149614e+18
