t(s),Total solute volume 1,Total retention volume 1,Total 1 volume 1,Total 2 volume 1,Total 3 volume 1,Total 4 volume 1,Total 5 volume 1,Total 6 volume 1
0,1.6062657215105326e+18,1.3123432063885552e+19,1.9718743661304888e+18,8.94244010427008e+18,828297401101062.6,5675699696685721.0,7.795428230926482e+16,5.1839359256747104e+17
