t(s),Total solute volume 1,Total retention volume 1,Total 1 volume 1,Total 2 volume 1,Total 3 volume 1,Total 4 volume 1,Total 5 volume 1,Total 6 volume 1
0,4.718423901827473e+18,1.683788188099316e+20,2.1816306119850037e+19,1.413400008682567e+20,1.1453323221216282e+16,6.6274966214049944e+16,1.115925086656666e+17,3.1476712189726374e+17
