t(s),Total solute volume 1,Total retention volume 1,Total 1 volume 1,Total 2 volume 1,Total 3 volume 1,Total 4 volume 1,Total 5 volume 1,Total 6 volume 1
0,2.7620042352160896e+18,1.1497777535057102e+20,2.1816306119850037e+19,8.283158743020675e+19,1.1402917750487238e+17,1.2462066426642632e+18,2.2732363174442644e+18,3.934405427684552e+18
