t(s),Total solute volume 1,Total retention volume 1,Total 1 volume 1,Total 2 volume 1,Total 3 volume 1,Total 4 volume 1,Total 5 volume 1,Total 6 volume 1
0,7.49048861694545e+16,1.264938792061796e+17,6980090150537523.0,7974287186130816.0,30697129854661.41,125497757949154.14,629589292376540.6,3.584883151987508e+16
