t(s),Total solute volume 1,Total retention volume 1,Total 1 volume 1,Total 2 volume 1,Total 3 volume 1,Total 4 volume 1,Total 5 volume 1,Total 6 volume 1
0,1.2796251387281995e+17,1.5352680314098912e+17,6980090150537523.0,1.3622739088267018e+16,3147784264307.535,8342272480907.045,52009334577201.48,4897960638044323.0
