t(s),Total solute volume 1,Total retention volume 1,Total 1 volume 1,Total 2 volume 1,Total 3 volume 1,Total 4 volume 1,Total 5 volume 1,Total 6 volume 1
0,5.274852243967814e+16,6.948226510558938e+16,3192384722575143.5,3244736830869188.5,16030232331786.48,57262602225570.37,240001991932819.38,9983326285976350.0
