t(s),Total solute volume 1,Total retention volume 1,Total 1 volume 1,Total 2 volume 1,Total 3 volume 1,Total 4 volume 1,Total 5 volume 1,Total 6 volume 1
0,9.340096063528438e+16,1.0674734704765125e+17,3458157710870755.0,6076746478966877.0,4229941156465.226,9931858921862.656,52688787528864.93,3744631634921638.0
