t(s),Total solute volume 1,Total retention volume 1,Total 1 volume 1,Total 2 volume 1,Total 3 volume 1,Total 4 volume 1,Total 5 volume 1,Total 6 volume 1
0,5.467373305480017e+16,8.98909551258003e+16,3458157710870755.0,3557120067332162.0,41208496432850.24,149203494530059.56,637059789535173.0,2.7374472512299132e+16
