t(s),Total solute volume 1,Total retention volume 1,Total 1 volume 1,Total 2 volume 1,Total 3 volume 1,Total 4 volume 1,Total 5 volume 1,Total 6 volume 1
0,1.2782504508104443e+17,2.0433077649135056e+17,2.2995109404381096e+16,3.139314052066766e+16,7234450602440.705,36330554807504.55,239673521053492.56,2.1834242958792844e+16
