t(s),Total solute volume 1,Total retention volume 1,Total 1 volume 1,Total 2 volume 1,Total 3 volume 1,Total 4 volume 1,Total 5 volume 1,Total 6 volume 1
0,2.1836778534678442e+17,2.979778885116929e+17,2.2995109404381096e+16,5.36299248106901e+16,741544639537.0299,2413662148239.8496,19787500138835.28,2962126242912981.0
