t(s),Total solute volume 1,Total retention volume 1,Total 1 volume 1,Total 2 volume 1,Total 3 volume 1,Total 4 volume 1,Total 5 volume 1,Total 6 volume 1
0,1.1300816793349946e+17,1.3143362155937837e+17,5290051337496820.0,9905407456456888.0,2555373337398.57,6456184494302.746,37765948046938.04,3183217326045863.0
