t(s),Total solute volume 1,Total retention volume 1,Total 1 volume 1,Total 2 volume 1,Total 3 volume 1,Total 4 volume 1,Total 5 volume 1,Total 6 volume 1
0,7.831248687372006e+17,3.624736704376754e+18,3.971127163555371e+17,1.417606166617462e+18,218218372411948.0,1158421705994529.8,1.7550159569052758e+16,1.0079661530190857e+18
