t(s),Total solute volume 1,Total retention volume 1,Total 1 volume 1,Total 2 volume 1,Total 3 volume 1,Total 4 volume 1,Total 5 volume 1,Total 6 volume 1
0,4.584145573095851e+17,1.357261851036329e+19,3.971127163555371e+17,8.29827887724081e+17,2128886586030935.5,1.7450347211495726e+16,2.1632982439115706e+17,1.1651354290785417e+19
