t(s),Total solute volume 1,Total retention volume 1,Total 1 volume 1,Total 2 volume 1,Total 3 volume 1,Total 4 volume 1,Total 5 volume 1,Total 6 volume 1
0,1.950956450790701e+17,3.633228207203946e+18,5.905751296626006e+16,9.282918675798294e+16,539040345781608.25,3184399678519140.5,2.6077784451104068e+16,3.2564446379252306e+18
