t(s),Total solute volume 1,Total retention volume 1,Total 1 volume 1,Total 2 volume 1,Total 3 volume 1,Total 4 volume 1,Total 5 volume 1,Total 6 volume 1
0,3.332883936767457e+17,9.767127927396759e+17,5.905751296626006e+16,1.5858298787719715e+17,55275543773587.19,211672120019484.75,2152844635935720.2,4.2336410591973843e+17
