t(s),Total solute volume 1,Total retention volume 1,Total 1 volume 1,Total 2 volume 1,Total 3 volume 1,Total 4 volume 1,Total 5 volume 1,Total 6 volume 1
0,3.122399397307938e+17,5.907262089851301e+17,5.1059153534519e+16,1.3415637957682182e+17,13181842208340.152,49228705626733.945,484381244247926.5,9.272394435091147e+16
