t(s),Total solute volume 1,Total retention volume 1,Total 1 volume 1,Total 2 volume 1,Total 3 volume 1,Total 4 volume 1,Total 5 volume 1,Total 6 volume 1
0,1.827745988668061e+17,1.0236816297289363e+18,5.1059153534519e+16,7.853065002362187e+16,128587843049253.55,740907546675097.6,5868626899394694.0,7.045791050148842e+17
