t(s),Total solute volume 1,Total retention volume 1,Total 1 volume 1,Total 2 volume 1,Total 3 volume 1,Total 4 volume 1,Total 5 volume 1,Total 6 volume 1
0,5.274852243967814e+16,6.819575957165441e+16,3192384722575143.5,3244736830869188.5,14027615014821.719,50110319833779.8,210021569520148.78,8735956074163774.0
