t(s),Total solute volume 1,Total retention volume 1,Total 1 volume 1,Total 2 volume 1,Total 3 volume 1,Total 4 volume 1,Total 5 volume 1,Total 6 volume 1
0,1.1562292854379274e+18,7.487691031113319e+18,9.470815640223638e+17,3.849586369903471e+18,888019030042270.2,5445476068287594.0,8.831896029946062e+16,1.440141356351788e+18
