t(s),Total solute volume 1,Total retention volume 1,Total 1 volume 1,Total 2 volume 1,Total 3 volume 1,Total 4 volume 1,Total 5 volume 1,Total 6 volume 1
0,6.768171426953814e+17,2.2864495296497512e+19,9.470815640223639e+17,2.2534875290841032e+18,8664926206751381.0,8.22352296666978e+16,1.1483495931369693e+18,1.7747859311685245e+19
