t(s),Total solute volume 1,Total retention volume 1,Total 1 volume 1,Total 2 volume 1,Total 3 volume 1,Total 4 volume 1,Total 5 volume 1,Total 6 volume 1
0,1.194648755498281e+18,2.5484043901736673e+19,3.364073161464839e+18,9.67235389752105e+18,2.121017653465139e+16,2.441296703675129e+17,2.573332964492023e+18,8.414295275858186e+18
