t(s),Total solute volume 1,Total retention volume 1,Total 1 volume 1,Total 2 volume 1,Total 3 volume 1,Total 4 volume 1,Total 5 volume 1,Total 6 volume 1
0,1.3517038836082043e+17,1.1902708391192701e+18,2.6047523684028044e+16,3.622882322688759e+16,294827449371462.75,1512370563599817.5,1.026820983868855e+16,9.807486959958756e+17
