t(s),Total solute volume 1,Total retention volume 1,Total 1 volume 1,Total 2 volume 1,Total 3 volume 1,Total 4 volume 1,Total 5 volume 1,Total 6 volume 1
0,2.3091608011640064e+17,4.5266161630195206e+17,2.6047523684028044e+16,6.18908749437171e+16,30241252356762.89,100570941408886.92,848395949009127.0,1.3282792941502885e+17
