t(s),Total solute volume 1,Total retention volume 1,Total 1 volume 1,Total 2 volume 1,Total 3 volume 1,Total 4 volume 1,Total 5 volume 1,Total 6 volume 1
0,2.1836778534678442e+17,3.636472316869021e+17,2.2995109404381096e+16,5.36299248106901e+16,17055004206844.518,55512789294086.09,455099867725175.06,6.812674446381909e+16
