t(s),Total solute volume 1,Total retention volume 1,Total 1 volume 1,Total 2 volume 1,Total 3 volume 1,Total 4 volume 1,Total 5 volume 1,Total 6 volume 1
0,1.2782504508104443e+17,6.907286236261661e+17,2.2995109404381096e+16,3.1393140520667656e+16,166311915231799.03,835063128817101.4,5509452848010362.0,5.0200450072801683e+17
