t(s),Total solute volume 1,Total retention volume 1,Total 1 volume 1,Total 2 volume 1,Total 3 volume 1,Total 4 volume 1,Total 5 volume 1,Total 6 volume 1
0,1.806632037606207e+18,1.7878008849118271e+19,2.563088576888768e+18,1.2087386361672243e+19,2648498278159008.0,1.877974325807665e+16,2.2427933884743027e+17,1.175194292567411e+18
