t(s),Total solute volume 1,Total retention volume 1,Total 1 volume 1,Total 2 volume 1,Total 3 volume 1,Total 4 volume 1,Total 5 volume 1,Total 6 volume 1
0,1.0575407049402066e+18,2.9144396420529353e+19,2.563088576888768e+18,7.076244436375885e+18,2.58674064455975e+16,2.869567659214966e+17,3.4718005671199657e+18,1.4662897962837428e+19
