t(s),Total solute volume 1,Total retention volume 1,Total 1 volume 1,Total 2 volume 1,Total 3 volume 1,Total 4 volume 1,Total 5 volume 1,Total 6 volume 1
0,6.110165178850669e+17,1.1224248113470839e+19,7.538773491030418e+17,1.7336694297627313e+18,2854103606983839.5,2.6077487597599532e+16,3.571445384437008e+17,7.739608687071724e+18
