t(s),Total solute volume 1,Total retention volume 1,Total 1 volume 1,Total 2 volume 1,Total 3 volume 1,Total 4 volume 1,Total 5 volume 1,Total 6 volume 1
0,1.0438198847203212e+18,5.422661329757347e+18,7.538773491030418e+17,2.961613368357028e+18,292496901970071.56,1728316323568304.2,2.8045988714279244e+16,6.332839256371502e+17
