t(s),Total solute volume 1,Total retention volume 1,Total 1 volume 1,Total 2 volume 1,Total 3 volume 1,Total 4 volume 1,Total 5 volume 1,Total 6 volume 1
0,1.5460920402662884e+18,2.678970954544935e+19,5.979897840391367e+18,1.873360234042119e+19,1880935157365479.0,2.296980266231179e+16,1.5487050789129062e+17,3.503960786595253e+17
