t(s),Total solute volume 1,Total retention volume 1,Total 1 volume 1,Total 2 volume 1,Total 3 volume 1,Total 4 volume 1,Total 5 volume 1,Total 6 volume 1
0,2.641240568788231e+18,4.0654069582574486e+19,5.979897840391367e+18,3.199484310387922e+19,192066720023229.34,1451190322899430.8,8405004587769434.0,2.8039807884794184e+16
