t(s),Total solute volume 1,Total retention volume 1,Total 1 volume 1,Total 2 volume 1,Total 3 volume 1,Total 4 volume 1,Total 5 volume 1,Total 6 volume 1
0,4.751131107528108e+17,1.9678588120813545e+18,1.3024520054842829e+17,3.9361074833054605e+17,100957137218315.72,442968320093017.25,5379296886334569.0,9.629665301059145e+17
