t(s),Total solute volume 1,Total retention volume 1,Total 1 volume 1,Total 2 volume 1,Total 3 volume 1,Total 4 volume 1,Total 5 volume 1,Total 6 volume 1
0,2.781149916601816e+17,9.23711203242847e+18,1.3024520054842829e+17,2.3040703518610144e+17,984692611526905.9,6666308682801018.0,6.5302217737389816e+16,8.52539158600203e+18
