t(s),Total solute volume 1,Total retention volume 1,Total 1 volume 1,Total 2 volume 1,Total 3 volume 1,Total 4 volume 1,Total 5 volume 1,Total 6 volume 1
0,6.561971943550011e+17,3.6579500779396557e+18,2.6766928604882394e+17,9.008356262596815e+17,268146199336429.7,1331114612952239.2,1.8793416955649332e+16,1.8128552935082125e+18
