t(s),Total solute volume 1,Total retention volume 1,Total 1 volume 1,Total 2 volume 1,Total 3 volume 1,Total 4 volume 1,Total 5 volume 1,Total 6 volume 1
0,3.841154308419529e+17,2.0905164494535877e+19,2.6766928604882394e+17,5.273223096638238e+17,2615465473660587.0,2.003905447211002e+16,2.2962573054683235e+17,1.9473777217488654e+19
