t(s),Total solute volume 1,Total retention volume 1,Total 1 volume 1,Total 2 volume 1,Total 3 volume 1,Total 4 volume 1,Total 5 volume 1,Total 6 volume 1
0,9.402531052744658e+17,2.35334367385501e+19,1.9718743661304888e+18,5.234982861726286e+18,1.6173982797056566e+16,1.726171173427474e+17,2.278088271164106e+18,1.2919447034114953e+19
