t(s),Total solute volume 1,Total retention volume 1,Total 1 volume 1,Total 2 volume 1,Total 3 volume 1,Total 4 volume 1,Total 5 volume 1,Total 6 volume 1
0,1.6062657215105326e+18,1.3726278621615256e+19,1.9718743661304888e+18,8.94244010427008e+18,1656587615113511.8,1.1351357691619574e+16,1.5590795162633856e+17,1.036782532771162e+18
