t(s),Total solute volume 1,Total retention volume 1,Total 1 volume 1,Total 2 volume 1,Total 3 volume 1,Total 4 volume 1,Total 5 volume 1,Total 6 volume 1
0,5.092688738313051e+16,7.305464519567827e+16,2951661998355005.5,2965126037401479.5,26846701280633.47,94595158772078.42,389434158425024.1,1.5700093758313644e+16
