t(s),Total solute volume 1,Total retention volume 1,Total 1 volume 1,Total 2 volume 1,Total 3 volume 1,Total 4 volume 1,Total 5 volume 1,Total 6 volume 1
0,8.70000992795148e+16,9.72057276211255e+16,2951661998355005.5,5065423436879563.0,2754962341649.834,6294372506730.661,32198129266345.17,2147295442261799.8
