t(s),Total solute volume 1,Total retention volume 1,Total 1 volume 1,Total 2 volume 1,Total 3 volume 1,Total 4 volume 1,Total 5 volume 1,Total 6 volume 1
0,1.0575407049402066e+18,2.0497715442041344e+19,2.563088576888768e+18,7.076244436375885e+18,1.3743058118607042e+16,1.5246057848400627e+17,1.844546816894521e+18,7.79009127033933e+18
