t(s),Total solute volume 1,Total retention volume 1,Total 1 volume 1,Total 2 volume 1,Total 3 volume 1,Total 4 volume 1,Total 5 volume 1,Total 6 volume 1
0,1.806632037606207e+18,1.7211964610144514e+19,2.563088576888768e+18,1.2087386361672243e+19,1407021185223628.5,9976777483005668.0,1.1914889566868651e+17,6.243249396404275e+17
