t(s),Total solute volume 1,Total retention volume 1,Total 1 volume 1,Total 2 volume 1,Total 3 volume 1,Total 4 volume 1,Total 5 volume 1,Total 6 volume 1
0,1.2796251387281995e+17,1.5458993503796605e+17,6980090150537523.0,1.3622739088267018e+16,3822286053314.877,10129849761907.924,63153841447701.37,5947485949080279.0
