t(s),Total solute volume 1,Total retention volume 1,Total 1 volume 1,Total 2 volume 1,Total 3 volume 1,Total 4 volume 1,Total 5 volume 1,Total 6 volume 1
0,1.4340238840712154e+18,1.1442511374697474e+19,1.531053857194819e+18,6.68598110410038e+18,1831098602716950.2,1.209922246521846e+16,1.821613520125738e+17,1.5953608562505208e+18
