t(s),Total solute volume 1,Total retention volume 1,Total 1 volume 1,Total 2 volume 1,Total 3 volume 1,Total 4 volume 1,Total 5 volume 1,Total 6 volume 1
0,8.394286150660815e+17,2.88564782667546e+19,1.531053857194819e+18,3.913959566691929e+18,1.7872096706323556e+16,1.833797740126328e+17,2.534215560626473e+18,1.9836568796456337e+19
