t(s),Total solute volume 1,Total retention volume 1,Total 1 volume 1,Total 2 volume 1,Total 3 volume 1,Total 4 volume 1,Total 5 volume 1,Total 6 volume 1
0,9.455042984468884e+17,6.090333255199725e+18,6.045923551720417e+17,2.298131816040415e+18,762320631612751.6,4342985176464406.5,6.947527888582619e+16,2.1675242008464643e+18
