t(s),Total solute volume 1,Total retention volume 1,Total 1 volume 1,Total 2 volume 1,Total 3 volume 1,Total 4 volume 1,Total 5 volume 1,Total 6 volume 1
0,5.5346593079818586e+17,2.960331577102233e+19,6.045923551720415e+17,1.3452732373157307e+18,7436556054439286.0,6.54646512145342e+16,8.714849152538719e+17,2.6155598125213532e+19
