t(s),Total solute volume 1,Total retention volume 1,Total 1 volume 1,Total 2 volume 1,Total 3 volume 1,Total 4 volume 1,Total 5 volume 1,Total 6 volume 1
0,5.599791014061281e+17,6.033042757439928e+18,6.205788698891987e+17,1.3862391755847913e+18,978885522360158.9,8656040283310380.0,1.1565992467557248e+17,3.340950760078583e+18
