t(s),Total solute volume 1,Total retention volume 1,Total 1 volume 1,Total 2 volume 1,Total 3 volume 1,Total 4 volume 1,Total 5 volume 1,Total 6 volume 1
0,9.566309649021271e+17,4.231526521110049e+18,6.205788698891987e+17,2.368112616809924e+18,100320177189513.02,574015661187298.1,9203895120291126.0,2.7632583855014227e+17
