t(s),Total solute volume 1,Total retention volume 1,Total 1 volume 1,Total 2 volume 1,Total 3 volume 1,Total 4 volume 1,Total 5 volume 1,Total 6 volume 1
0,6.110165178850669e+17,1.1901339706909972e+19,7.538773491030418e+17,1.7336694297627313e+18,3091923393991506.0,2.8250340835048036e+16,3.869034192903539e+17,8.384530726639742e+18
