t(s),Total solute volume 1,Total retention volume 1,Total 1 volume 1,Total 2 volume 1,Total 3 volume 1,Total 4 volume 1,Total 5 volume 1,Total 6 volume 1
0,1.0438198847203212e+18,5.477940221201841e+18,7.538773491030418e+17,2.961613368357028e+18,316871499825583.2,1872341963491627.8,3.0383141929647816e+16,6.860572636284892e+17
