t(s),Total solute volume 1,Total retention volume 1,Total 1 volume 1,Total 2 volume 1,Total 3 volume 1,Total 4 volume 1,Total 5 volume 1,Total 6 volume 1
0,3.434508319345575e+19,1.765703468096376e+22,1.8076337742290042e+21,1.581487631351659e+22,5.079174103139017e+16,3.1251648210468564e+16,2.5931284457816836e+16,7.153535118676227e+16
