t(s),Total solute volume 1,Total retention volume 1,Total 1 volume 1,Total 2 volume 1,Total 3 volume 1,Total 4 volume 1,Total 5 volume 1,Total 6 volume 1
0,2.0104438942510703e+19,1.2467300273622675e+22,1.8076337742290045e+21,1.0636512866415753e+22,8.15723018855275e+17,8.027851941250409e+17,5.364997283307308e+17,8.941860941057883e+17
