t(s),Total solute volume 1,Total retention volume 1,Total 1 volume 1,Total 2 volume 1,Total 3 volume 1,Total 4 volume 1,Total 5 volume 1,Total 6 volume 1
0,6.8888290702006904e+16,1.40978280757884e+17,5790815030907821.0,6433524569071775.0,58162676601789.16,230198576162849.0,1106452293479271.8,5.8470836909652104e+16
