t(s),Total solute volume 1,Total retention volume 1,Total 1 volume 1,Total 2 volume 1,Total 3 volume 1,Total 4 volume 1,Total 5 volume 1,Total 6 volume 1
0,1.1768416328259624e+17,1.4257218576656474e+17,5790815030907821.0,1.0990603481902652e+16,5967787777677.588,15314736501319.357,91466325327761.22,7993855121552412.0
