t(s),Total solute volume 1,Total retention volume 1,Total 1 volume 1,Total 2 volume 1,Total 3 volume 1,Total 4 volume 1,Total 5 volume 1,Total 6 volume 1
0,1.8614795258035258e+17,2.6324710141458614e+17,1.6105550931134632e+16,3.561535913744106e+16,8307031843868.41,25428812192567.492,192107840924130.97,2.5152395080699092e+16
