t(s),Total solute volume 1,Total retention volume 1,Total 1 volume 1,Total 2 volume 1,Total 3 volume 1,Total 4 volume 1,Total 5 volume 1,Total 6 volume 1
0,1.0896465516898744e+17,3.3334198984096384e+17,1.6105550931134632e+16,2.0848021191923476e+16,81014409679368.23,382570814846489.8,2325798989597937.0,1.8463437833479286e+17
