t(s),Total solute volume 1,Total retention volume 1,Total 1 volume 1,Total 2 volume 1,Total 3 volume 1,Total 4 volume 1,Total 5 volume 1,Total 6 volume 1
0,3.841154308419529e+17,7.543365864396941e+18,2.6766928604882394e+17,5.273223096638238e+17,843875737026603.4,6466024782573782.0,7.409055113538195e+16,6.282858386187372e+18
