t(s),Total solute volume 1,Total retention volume 1,Total 1 volume 1,Total 2 volume 1,Total 3 volume 1,Total 4 volume 1,Total 5 volume 1,Total 6 volume 1
0,6.561971943550011e+17,2.416080546662856e+18,2.6766928604882394e+17,9.008356262596815e+17,86499924653716.47,429396647497642.4,6062465652434699.0,5.84800077774765e+17
