t(s),Total solute volume 1,Total retention volume 1,Total 1 volume 1,Total 2 volume 1,Total 3 volume 1,Total 4 volume 1,Total 5 volume 1,Total 6 volume 1
0,5.274852243967814e+16,7.269781429001026e+16,3192384722575143.5,3244736830869188.5,21035324731063.89,75136387642001.25,314928289300838.3,1.310107029521433e+16
