t(s),Total solute volume 1,Total retention volume 1,Total 1 volume 1,Total 2 volume 1,Total 3 volume 1,Total 4 volume 1,Total 5 volume 1,Total 6 volume 1
0,9.011205916778291e+16,1.0067206961934946e+17,3192384722575143.5,5543091834178185.0,2157877633950.5305,4997265760198.676,26027831598766.445,1791350919820446.2
