t(s),Total solute volume 1,Total retention volume 1,Total 1 volume 1,Total 2 volume 1,Total 3 volume 1,Total 4 volume 1,Total 5 volume 1,Total 6 volume 1
0,1.9607015664959024e+17,3.3087916394079494e+17,1.8083672627208548e+16,4.068797579280357e+16,22736987583449.984,71004906355638.81,550879843510269.25,7.539273713374584e+16
