t(s),Total solute volume 1,Total retention volume 1,Total 1 volume 1,Total 2 volume 1,Total 3 volume 1,Total 4 volume 1,Total 5 volume 1,Total 6 volume 1
0,1.1477277462414928e+17,7.183904448208884e+17,1.8083672627208548e+16,2.3817359628092044e+16,221632388314083.2,1067526973220049.4,6665628998472329.0,5.5376184958142803e+17
