t(s),Total solute volume 1,Total retention volume 1,Total 1 volume 1,Total 2 volume 1,Total 3 volume 1,Total 4 volume 1,Total 5 volume 1,Total 6 volume 1
0,2.5932953168279194e+17,4.172185422246416e+17,3.3743667340789536e+16,8.333962927494267e+16,7619745916575.854,26496435225007.812,237174941847805.5,4.05344228031317e+16
