t(s),Total solute volume 1,Total retention volume 1,Total 1 volume 1,Total 2 volume 1,Total 3 volume 1,Total 4 volume 1,Total 5 volume 1,Total 6 volume 1
0,1.5180265269236467e+17,5.391407031442668e+17,3.374366734078954e+16,4.87842065642926e+16,74329812461413.27,398771453783211.0,2872760278224829.5,3.014643150023457e+17
