t(s),Total solute volume 1,Total retention volume 1,Total 1 volume 1,Total 2 volume 1,Total 3 volume 1,Total 4 volume 1,Total 5 volume 1,Total 6 volume 1
0,6.1674638455494386e+19,6.141407092050517e+22,1.961934451448198e+22,4.172998634441791e+22,8.73646673648163e+17,7.890078827169847e+17,5.260369692102914e+17,8.767316242491735e+17
