t(s),Total solute volume 1,Total retention volume 1,Total 1 volume 1,Total 2 volume 1,Total 3 volume 1,Total 4 volume 1,Total 5 volume 1,Total 6 volume 1
0,5.556772250990977e+17,1.6404467264043948e+18,1.8471874136236307e+17,5.881523663147372e+17,35806138169957.62,166816739081004.78,2184227067745344.8,3.0951154368319885e+17
