t(s),Total solute volume 1,Total retention volume 1,Total 1 volume 1,Total 2 volume 1,Total 3 volume 1,Total 4 volume 1,Total 5 volume 1,Total 6 volume 1
0,3.2527447322874304e+17,3.902392469466609e+18,1.8471874136236307e+17,3.4428597201944646e+17,349319519634214.5,2511524970862912.5,2.6580537268683156e+16,3.018671901096893e+18
