t(s),Total solute volume 1,Total retention volume 1,Total 1 volume 1,Total 2 volume 1,Total 3 volume 1,Total 4 volume 1,Total 5 volume 1,Total 6 volume 1
0,3.332883936767457e+17,6.243417852972886e+17,5.905751296626006e+16,1.5858298787719715e+17,9530501492337.217,36495956179118.79,371188415702824.9,7.299567590370906e+16
