t(s),Total solute volume 1,Total retention volume 1,Total 1 volume 1,Total 2 volume 1,Total 3 volume 1,Total 4 volume 1,Total 5 volume 1,Total 6 volume 1
0,1.950956450790701e+17,9.137438136486659e+17,5.905751296626006e+16,9.282918675798294e+16,92974222456583.48,549320364462304.6,4498167934526686.5,5.616210063239087e+17
