t(s),Total solute volume 1,Total retention volume 1,Total 1 volume 1,Total 2 volume 1,Total 3 volume 1,Total 4 volume 1,Total 5 volume 1,Total 6 volume 1
0,1.454865482009603e+20,8.391705978416616e+22,3.579686312483719e+22,4.797460062369274e+22,3.21841301965391e+16,1.878883189919851e+16,1.5568070855836348e+16,4.294640220360048e+16
