t(s),Total solute volume 1,Total retention volume 1,Total 1 volume 1,Total 2 volume 1,Total 3 volume 1,Total 4 volume 1,Total 5 volume 1,Total 6 volume 1
0,8.516285748348854e+19,8.217111826467847e+22,3.579686312483719e+22,4.628721412782856e+22,5.3609667433147155e+17,4.8313387782488115e+17,3.220960376086472e+17,5.368279391073059e+17
