t(s),Total solute volume 1,Total retention volume 1,Total 1 volume 1,Total 2 volume 1,Total 3 volume 1,Total 4 volume 1,Total 5 volume 1,Total 6 volume 1
0,3.489495779037574e+18,8.113422467890345e+19,1.1130180818752053e+19,6.5303130943887696e+19,1.2729241173558408e+16,9.170214530196376e+16,2.7978191894474218e+17,8.272038318055089e+17
