t(s),Total solute volume 1,Total retention volume 1,Total 1 volume 1,Total 2 volume 1,Total 3 volume 1,Total 4 volume 1,Total 5 volume 1,Total 6 volume 1
0,2.0426316755341617e+18,6.895079950214089e+19,1.1130180818752053e+19,3.82466985051091e+19,1.2524040505107627e+17,1.5421377741853312e+18,5.52543025570436e+18,1.0338480067804307e+19
