t(s),Total solute volume 1,Total retention volume 1,Total 1 volume 1,Total 2 volume 1,Total 3 volume 1,Total 4 volume 1,Total 5 volume 1,Total 6 volume 1
0,6.549761982660554e+18,3.7925672189797125e+20,4.533611706929847e+19,3.264895769282699e+20,4.414914141146063e+16,1.5999319372743872e+17,1.793130133602172e+17,4.978105692439661e+17
