t(s),Total solute volume 1,Total retention volume 1,Total 1 volume 1,Total 2 volume 1,Total 3 volume 1,Total 4 volume 1,Total 5 volume 1,Total 6 volume 1
0,3.8340070142403466e+18,2.5462999103269742e+20,4.533611706929847e+19,1.916287548066981e+20,4.5290263555709274e+17,3.4628118678524933e+18,3.693076073931738e+18,6.222321565118544e+18
