t(s),Total solute volume 1,Total retention volume 1,Total 1 volume 1,Total 2 volume 1,Total 3 volume 1,Total 4 volume 1,Total 5 volume 1,Total 6 volume 1
0,6.110165178850669e+17,1.0547149011583304e+19,7.538773491030419e+17,1.7336694297627313e+18,2616280407900663.5,2.3904592713923824e+16,3.2738517086796845e+17,7.094679670842675e+18
