t(s),Total solute volume 1,Total retention volume 1,Total 1 volume 1,Total 2 volume 1,Total 3 volume 1,Total 4 volume 1,Total 5 volume 1,Total 6 volume 1
0,1.0438198847203212e+18,5.367382386914288e+18,7.538773491030418e+17,2.961613368357028e+18,268122281964620.66,1584290572818676.0,2.570883357418455e+16,5.805105383049303e+17
