t(s),Total solute volume 1,Total retention volume 1,Total 1 volume 1,Total 2 volume 1,Total 3 volume 1,Total 4 volume 1,Total 5 volume 1,Total 6 volume 1
0,9.367034766423861e+18,9.196817822604759e+20,1.00671705467033e+20,8.092422388220478e+20,4.2540958572834504e+16,8.04320803775084e+16,7.383045387819517e+16,2.0399971214333155e+17
