t(s),Total solute volume 1,Total retention volume 1,Total 1 volume 1,Total 2 volume 1,Total 3 volume 1,Total 4 volume 1,Total 5 volume 1,Total 6 volume 1
0,5.483142302296937e+18,5.8949891052082686e+20,1.00671705467033e+20,4.768663777774811e+20,4.69105571617709e+17,1.9329191280130074e+18,1.5257433258196923e+18,2.549916948562405e+18
