t(s),Total solute volume 1,Total retention volume 1,Total 1 volume 1,Total 2 volume 1,Total 3 volume 1,Total 4 volume 1,Total 5 volume 1,Total 6 volume 1
0,8.591862577826981e+17,3.7384985861571057e+18,4.883330109832728e+17,1.7979335094057503e+18,157868131109537.56,867805013633439.5,1.3552131764632826e+16,5.784680030760133e+17
