t(s),Total solute volume 1,Total retention volume 1,Total 1 volume 1,Total 2 volume 1,Total 3 volume 1,Total 4 volume 1,Total 5 volume 1,Total 6 volume 1
0,5.0293829723865024e+17,9.082821190384525e+18,4.883330109832728e+17,1.0524643962722106e+18,1540272405903195.5,1.3078210943087552e+16,1.682772714354014e+17,6.856189731106019e+18
