t(s),Total solute volume 1,Total retention volume 1,Total 1 volume 1,Total 2 volume 1,Total 3 volume 1,Total 4 volume 1,Total 5 volume 1,Total 6 volume 1
0,1.950956450790701e+17,3.973050836607637e+18,5.905751296626006e+16,9.282918675798294e+16,594774167436015.2,3513591719158506.0,2.877388852845406e+16,3.593186237389328e+18
