t(s),Total solute volume 1,Total retention volume 1,Total 1 volume 1,Total 2 volume 1,Total 3 volume 1,Total 4 volume 1,Total 5 volume 1,Total 6 volume 1
0,3.332883936767457e+17,1.0207579038692594e+18,5.905751296626006e+16,1.5858298787719715e+17,60993515219950.31,233568625440078.62,2375546057042470.0,4.671589011513602e+17
