t(s),Total solute volume 1,Total retention volume 1,Total 1 volume 1,Total 2 volume 1,Total 3 volume 1,Total 4 volume 1,Total 5 volume 1,Total 6 volume 1
0,6.8888290702006904e+16,9.047323810025318e+16,5790815030907821.0,6433524569071775.0,9096315396979.285,36012924439358.47,173065273442311.12,9142433284987660.0
