t(s),Total solute volume 1,Total retention volume 1,Total 1 volume 1,Total 2 volume 1,Total 3 volume 1,Total 4 volume 1,Total 5 volume 1,Total 6 volume 1
0,2.3091608011640064e+17,3.4487357662074714e+17,2.6047523684028044e+16,6.18908749437171e+16,5880471669885.262,19556103329322.55,164971679658469.2,2.582868962194207e+16
