t(s),Total solute volume 1,Total retention volume 1,Total 1 volume 1,Total 2 volume 1,Total 3 volume 1,Total 4 volume 1,Total 5 volume 1,Total 6 volume 1
0,4.751131107528108e+17,1.9274891718337472e+18,1.3024520054842829e+17,3.9361074833054605e+17,96750667060851.77,424511593682916.7,5155163245173409.0,9.228436866960495e+17
