t(s),Total solute volume 1,Total retention volume 1,Total 1 volume 1,Total 2 volume 1,Total 3 volume 1,Total 4 volume 1,Total 5 volume 1,Total 6 volume 1
0,2.781149916601816e+17,8.878926304646977e+18,1.3024520054842829e+17,2.3040703518610144e+17,943675642676296.5,6388653345932553.0,6.258219086440181e+16,8.170244557399234e+18
