t(s),Total solute volume 1,Total retention volume 1,Total 1 volume 1,Total 2 volume 1,Total 3 volume 1,Total 4 volume 1,Total 5 volume 1,Total 6 volume 1
0,2.5932953168279194e+17,4.7551115806788595e+17,3.3743667340789536e+16,8.333962927494267e+16,18504869377869.77,64347814640908.445,575989860133105.4,9.843948722520675e+16
