t(s),Total solute volume 1,Total retention volume 1,Total 1 volume 1,Total 2 volume 1,Total 3 volume 1,Total 4 volume 1,Total 5 volume 1,Total 6 volume 1
0,1.5180265269236467e+17,9.744746895173132e+17,3.3743667340789536e+16,4.87842065642926e+16,180480175474083.88,968193538995659.5,6975157843167380.0,7.320203313622246e+17
