t(s),Total solute volume 1,Total retention volume 1,Total 1 volume 1,Total 2 volume 1,Total 3 volume 1,Total 4 volume 1,Total 5 volume 1,Total 6 volume 1
0,6.768171426953814e+17,1.1734815569530386e+19,9.470815640223639e+17,2.2534875290841032e+18,3585893091733137.5,3.403352325067909e+16,4.752405390275794e+17,7.344569378358562e+18
