t(s),Total solute volume 1,Total retention volume 1,Total 1 volume 1,Total 2 volume 1,Total 3 volume 1,Total 4 volume 1,Total 5 volume 1,Total 6 volume 1
0,1.1562292854379274e+18,6.587988993077889e+18,9.470815640223638e+17,3.849586369903471e+18,367458788275458.8,2253314139572569.5,3.6546014436496424e+16,5.959249863498134e+17
