t(s),Total solute volume 1,Total retention volume 1,Total 1 volume 1,Total 2 volume 1,Total 3 volume 1,Total 4 volume 1,Total 5 volume 1,Total 6 volume 1
0,1.6062657215105326e+18,1.3169805064584202e+19,1.9718743661304888e+18,8.94244010427008e+18,892012288109895.4,6112290253748803.0,8.395074017350278e+16,5.5826982995781696e+17
