t(s),Total solute volume 1,Total retention volume 1,Total 1 volume 1,Total 2 volume 1,Total 3 volume 1,Total 4 volume 1,Total 5 volume 1,Total 6 volume 1
0,9.402531052744658e+17,1.6432483784628797e+19,1.9718743661304886e+18,5.234982861726286e+18,8709618322637276.0,9.295552962215942e+16,1.2267513330176517e+18,6.956956970535124e+18
