t(s),Total solute volume 1,Total retention volume 1,Total 1 volume 1,Total 2 volume 1,Total 3 volume 1,Total 4 volume 1,Total 5 volume 1,Total 6 volume 1
0,5.483142302296937e+18,5.934573192384477e+20,1.00671705467033e+20,4.768663777774811e+20,7.557688018650447e+17,3.1140792447587784e+18,2.4580960605398313e+18,4.1081495844701435e+18
