t(s),Total solute volume 1,Total retention volume 1,Total 1 volume 1,Total 2 volume 1,Total 3 volume 1,Total 4 volume 1,Total 5 volume 1,Total 6 volume 1
0,3.8340070142403466e+18,2.5707058885035432e+20,4.533611706929847e+19,1.916287548066981e+20,5.3282047151155706e+17,4.0738334112030633e+18,4.344738134537762e+18,7.320317942864152e+18
