t(s),Total solute volume 1,Total retention volume 1,Total 1 volume 1,Total 2 volume 1,Total 3 volume 1,Total 4 volume 1,Total 5 volume 1,Total 6 volume 1
0,6.549761982660554e+18,3.7941223881910754e+20,4.533611706929847e+19,3.264895769282699e+20,5.194012834223508e+16,1.8822717005579318e+17,2.109563463923587e+17,5.856591940896335e+17
