t(s),Total solute volume 1,Total retention volume 1,Total 1 volume 1,Total 2 volume 1,Total 3 volume 1,Total 4 volume 1,Total 5 volume 1,Total 6 volume 1
0,5.0293829723865024e+17,2.0343512462325424e+19,4.883330109832728e+17,1.0524643962722106e+18,4004179939805756.5,3.399735607603204e+16,4.374551076656818e+17,1.7824320114149757e+19
