t(s),Total solute volume 1,Total retention volume 1,Total 1 volume 1,Total 2 volume 1,Total 3 volume 1,Total 4 volume 1,Total 5 volume 1,Total 6 volume 1
0,8.591862577826981e+17,4.687358590579505e+18,4.883330109832728e+17,1.7979335094057503e+18,410453710760322.8,2256277069080789.0,3.5235275735346616e+16,1.5040038058926126e+18
