t(s),Total solute volume 1,Total retention volume 1,Total 1 volume 1,Total 2 volume 1,Total 3 volume 1,Total 4 volume 1,Total 5 volume 1,Total 6 volume 1
0,1.3517038836082043e+17,4.7334615087181894e+17,2.6047523684028044e+16,3.622882322688759e+16,81941487294755.1,420411113368766.5,2854066078334107.0,2.725429969210809e+17
