t(s),Total solute volume 1,Total retention volume 1,Total 1 volume 1,Total 2 volume 1,Total 3 volume 1,Total 4 volume 1,Total 5 volume 1,Total 6 volume 1
0,2.3091608011640064e+17,3.5602446437244346e+17,2.6047523684028044e+16,6.18908749437171e+16,8400640095303.006,27937195516952.137,235672970812492.9,3.689797482187269e+16
