t(s),Total solute volume 1,Total retention volume 1,Total 1 volume 1,Total 2 volume 1,Total 3 volume 1,Total 4 volume 1,Total 5 volume 1,Total 6 volume 1
0,1.3517038836082043e+17,1.6307868991888143e+20,2.6047523684028044e+16,3.622882322688759e+16,4.6964540986205576e+16,2.3155779628770922e+17,1.6085866125897836e+18,1.6099413423374683e+20
