t(s),Total solute volume 1,Total retention volume 1,Total 1 volume 1,Total 2 volume 1,Total 3 volume 1,Total 4 volume 1,Total 5 volume 1,Total 6 volume 1
0,1.3965732313027035e+17,1.7021947745835405e+17,8483748054658170.0,1.7047137375161364e+16,2733288645201.797,7491549943739.756,48847215488060.1,4972196844185605.0
