t(s),Total solute volume 1,Total retention volume 1,Total 1 volume 1,Total 2 volume 1,Total 3 volume 1,Total 4 volume 1,Total 5 volume 1,Total 6 volume 1
0,8.175062817381762e+16,1.3735094186166418e+17,8483748054658170.0,9978813516605722.0,26658687336571.63,112721374434746.42,591409985080889.2,3.640696206973108e+16
