t(s),Total solute volume 1,Total retention volume 1,Total 1 volume 1,Total 2 volume 1,Total 3 volume 1,Total 4 volume 1,Total 5 volume 1,Total 6 volume 1
0,1.0357694112375635e+17,1.936804165568262e+17,1.4382961689890436e+16,1.830613831100575e+16,27134753398944.44,125672716871506.42,744379532129027.6,5.651718842977429e+16
