t(s),Total solute volume 1,Total retention volume 1,Total 1 volume 1,Total 2 volume 1,Total 3 volume 1,Total 4 volume 1,Total 5 volume 1,Total 6 volume 1
0,1.4611483665945994e+17,1.9694934926384032e+17,9383807851828774.0,1.9141956437258628e+16,11186577406814.018,31198701129802.03,208192960353506.3,2.2058170076403304e+16
