t(s),Total solute volume 1,Total retention volume 1,Total 1 volume 1,Total 2 volume 1,Total 3 volume 1,Total 4 volume 1,Total 5 volume 1,Total 6 volume 1
0,8.553063609334184e+16,2.7067598921930397e+17,9383807851828778.0,1.1205049428947024e+16,109026660183886.08,468960555626312.7,2518544158970137.0,1.614599644704047e+17
