t(s),Total solute volume 1,Total retention volume 1,Total 1 volume 1,Total 2 volume 1,Total 3 volume 1,Total 4 volume 1,Total 5 volume 1,Total 6 volume 1
0,6.639539189064714e+18,9.40173508330561e+20,1.542273968290348e+20,7.742999917924197e+20,5.2595840866520365e+17,1.5174329855571072e+18,1.1102695334347466e+18,1.8529195923856476e+18
