t(s),Total solute volume 1,Total retention volume 1,Total 1 volume 1,Total 2 volume 1,Total 3 volume 1,Total 4 volume 1,Total 5 volume 1,Total 6 volume 1
0,1.1342546114652189e+19,1.4744504122969143e+21,1.542273968290348e+20,1.3085723532580823e+21,4.48865655397994e+16,6.130153849089874e+16,5.369348252053087e+16,1.4823450859375914e+17
