t(s),Total solute volume 1,Total retention volume 1,Total 1 volume 1,Total 2 volume 1,Total 3 volume 1,Total 4 volume 1,Total 5 volume 1,Total 6 volume 1
0,1.0357694112375635e+17,4.6143723074555424e+17,1.4382961689890436e+16,1.830613831100575e+16,153653647408105.12,711465268135106.0,4214712441020636.0,3.2009135826434144e+17
