t(s),Total solute volume 1,Total retention volume 1,Total 1 volume 1,Total 2 volume 1,Total 3 volume 1,Total 4 volume 1,Total 5 volume 1,Total 6 volume 1
0,1.7694394108641648e+17,2.6666331180370614e+17,1.4382961689890436e+16,3.1272978263682056e+16,15762298068761.021,47318678111455.61,348312865435673.06,4.3652036922103064e+16
