t(s),Total solute volume 1,Total retention volume 1,Total 1 volume 1,Total 2 volume 1,Total 3 volume 1,Total 4 volume 1,Total 5 volume 1,Total 6 volume 1
0,1.2485206491236938e+19,4.3323060898236874e+21,6.290856345856501e+20,3.6814069503789776e+21,2.0893143995373207e+18,2.586120722104543e+18,1.744676185728862e+18,2.908187060436956e+18
