t(s),Total solute volume 1,Total retention volume 1,Total 1 volume 1,Total 2 volume 1,Total 3 volume 1,Total 4 volume 1,Total 5 volume 1,Total 6 volume 1
0,2.1328894422529733e+19,6.631692828106819e+21,6.290856345856501e+20,5.980718300898714e+21,1.4193254249016442e+17,1.0107460498533917e+17,8.43328741828575e+16,2.3265817824235888e+17
