t(s),Total solute volume 1,Total retention volume 1,Total 1 volume 1,Total 2 volume 1,Total 3 volume 1,Total 4 volume 1,Total 5 volume 1,Total 6 volume 1
0,4.7566518870554744e+16,6.450771323431492e+16,2534742031225782.5,2489019978208205.5,22256142676749.12,76387664898008.86,303659824969840.7,1.1515128721781764e+16
