t(s),Total solute volume 1,Total retention volume 1,Total 1 volume 1,Total 2 volume 1,Total 3 volume 1,Total 4 volume 1,Total 5 volume 1,Total 6 volume 1
0,4.408003339419685e+17,1.8651097077925622e+18,1.1018915844204802e+17,3.247827274525352e+17,103189817344583.25,439935383499583.4,5148813290617163.0,9.836455494645505e+17
