t(s),Total solute volume 1,Total retention volume 1,Total 1 volume 1,Total 2 volume 1,Total 3 volume 1,Total 4 volume 1,Total 5 volume 1,Total 6 volume 1
0,2.5802946377090512e+17,8.987089986944599e+18,1.1018915844204802e+17,1.9011722470774906e+17,1006385997936876.4,6619692547180010.0,6.245684651642199e+16,8.358671214962372e+18
