t(s),Total solute volume 1,Total retention volume 1,Total 1 volume 1,Total 2 volume 1,Total 3 volume 1,Total 4 volume 1,Total 5 volume 1,Total 6 volume 1
0,1.2104370031327629e+17,7.027967241634159e+17,2.0362204049155644e+16,2.7298126560537492e+16,192034626566761.94,944158957211032.8,6057919687500689.0,5.2689857996916966e+17
