t(s),Total solute volume 1,Total retention volume 1,Total 1 volume 1,Total 2 volume 1,Total 3 volume 1,Total 4 volume 1,Total 5 volume 1,Total 6 volume 1
0,2.067829880351787e+17,3.45995425841493e+17,2.0362204049155636e+16,4.663428171230368e+16,19696153140088.137,62779824514706.3,500515488929707.44,7.16329605782694e+16
