t(s),Total solute volume 1,Total retention volume 1,Total 1 volume 1,Total 2 volume 1,Total 3 volume 1,Total 4 volume 1,Total 5 volume 1,Total 6 volume 1
0,4.443246134384989e+19,2.6909362329869217e+22,3.1834588077439205e+21,2.368122643313676e+22,7.064430872714227e+16,4.2269172981993544e+16,3.5044294398821252e+16,9.666986852876803e+16
