t(s),Total solute volume 1,Total retention volume 1,Total 1 volume 1,Total 2 volume 1,Total 3 volume 1,Total 4 volume 1,Total 5 volume 1,Total 6 volume 1
0,2.600924566469286e+19,2.041533029026188e+22,3.1834588077439205e+21,1.7201685979806866e+22,1.1563628725893775e+18,1.0864337314242144e+18,7.250423101316492e+17,1.2084181322808497e+18
