t(s),Total solute volume 1,Total retention volume 1,Total 1 volume 1,Total 2 volume 1,Total 3 volume 1,Total 4 volume 1,Total 5 volume 1,Total 6 volume 1
0,4.7566518870554744e+16,5.684913113374418e+16,2534742031225782.5,2489019978208205.5,7955003520087.623,27310563372139.492,108549183519518.89,4115035503344004.0
