t(s),Total solute volume 1,Total retention volume 1,Total 1 volume 1,Total 2 volume 1,Total 3 volume 1,Total 4 volume 1,Total 5 volume 1,Total 6 volume 1
0,4.7566518870554744e+16,6.455258301028623e+17,2534742031225782.5,2489019978208205.5,1091889410049234.2,3673612107802259.5,1.4773579964655658e+16,5.7339646774036915e+17
