t(s),Total solute volume 1,Total retention volume 1,Total 1 volume 1,Total 2 volume 1,Total 3 volume 1,Total 4 volume 1,Total 5 volume 1,Total 6 volume 1
0,8.125946973719792e+16,8.862040795599088e+16,2534742031225782.5,4252075647885005.0,815728524691.5618,1815419511814.2131,8967148096201.479,562522243549804.75
