t(s),Total solute volume 1,Total retention volume 1,Total 1 volume 1,Total 2 volume 1,Total 3 volume 1,Total 4 volume 1,Total 5 volume 1,Total 6 volume 1
0,2.3091608011640064e+17,3.931934220497775e+17,2.6047523684028044e+16,6.1890874943717096e+16,16801055402390.922,55873758019835.21,471340226574830.3,7.379492826563389e+16
