t(s),Total solute volume 1,Total retention volume 1,Total 1 volume 1,Total 2 volume 1,Total 3 volume 1,Total 4 volume 1,Total 5 volume 1,Total 6 volume 1
0,1.3517038836082043e+17,7.491571265566327e+17,2.6047523684028044e+16,3.622882322688759e+16,163848367839056.94,840585058953957.2,5706758114135380.0,5.449991997439614e+17
