t(s),Total solute volume 1,Total retention volume 1,Total 1 volume 1,Total 2 volume 1,Total 3 volume 1,Total 4 volume 1,Total 5 volume 1,Total 6 volume 1
0,6.639539189064714e+18,9.408410403842767e+20,1.542273968290348e+20,7.742999917924199e+20,5.960846463370502e+17,1.7197514089663342e+18,1.2583017418851868e+18,2.0999747765692265e+18
