t(s),Total solute volume 1,Total retention volume 1,Total 1 volume 1,Total 2 volume 1,Total 3 volume 1,Total 4 volume 1,Total 5 volume 1,Total 6 volume 1
0,1.1342546114652189e+19,1.4744914977170378e+21,1.542273968290348e+20,1.3085723532580886e+21,5.087143256645045e+16,6.947506727588567e+16,6.085260507005981e+16,1.6800241034831616e+17
