t(s),Total solute volume 1,Total retention volume 1,Total 1 volume 1,Total 2 volume 1,Total 3 volume 1,Total 4 volume 1,Total 5 volume 1,Total 6 volume 1
0,2.0408582906428972e+18,2.3240842474884276e+19,3.364073161464839e+18,1.6521366587680283e+19,3364044031718414.0,2.4581901993483376e+16,2.421480600113109e+17,1.0444504290598235e+18
