t(s),Total solute volume 1,Total retention volume 1,Total 1 volume 1,Total 2 volume 1,Total 3 volume 1,Total 4 volume 1,Total 5 volume 1,Total 6 volume 1
0,1.194648755498281e+18,3.167244791095636e+19,3.364073161464839e+18,9.67235389752105e+18,3.2874168449242996e+16,3.783763078882889e+17,3.988444085346641e+18,1.3041677534787922e+19
