t(s),Total solute volume 1,Total retention volume 1,Total 1 volume 1,Total 2 volume 1,Total 3 volume 1,Total 4 volume 1,Total 5 volume 1,Total 6 volume 1
0,1.5746764332366418e+19,7.371588847032958e+21,1.0530177027067483e+21,6.302159391947603e+21,1.667424571219705e+17,1.787399591657228e+17,1.1981714372276749e+17,1.9968848622203792e+17
