t(s),Total solute volume 1,Total retention volume 1,Total 1 volume 1,Total 2 volume 1,Total 3 volume 1,Total 4 volume 1,Total 5 volume 1,Total 6 volume 1
0,2.6900722401125917e+19,1.097297892815748e+22,1.0530177027067483e+21,9.893021029122336e+21,1.0739556538289236e+16,6966996978010121.0,5791289522958989.0,1.597608420524667e+16
