t(s),Total solute volume 1,Total retention volume 1,Total 1 volume 1,Total 2 volume 1,Total 3 volume 1,Total 4 volume 1,Total 5 volume 1,Total 6 volume 1
0,1.4611483665945994e+17,1.939348385593938e+17,9383807851828780.0,1.9141956437258628e+16,9674967567131.193,26982872533815.938,180060291280440.1,1.9077519479466444e+16
