t(s),Total solute volume 1,Total retention volume 1,Total 1 volume 1,Total 2 volume 1,Total 3 volume 1,Total 4 volume 1,Total 5 volume 1,Total 6 volume 1
0,8.553063609334184e+16,2.4845450329947693e+17,9383807851828774.0,1.1205049428947024e+16,94307136206030.67,405666830524543.8,2178563942581312.8,1.3965647201604475e+17
