t(s),Total solute volume 1,Total retention volume 1,Total 1 volume 1,Total 2 volume 1,Total 3 volume 1,Total 4 volume 1,Total 5 volume 1,Total 6 volume 1
0,4.1904446013324595e+17,6.821875389297273e+18,3.250257609819086e+17,6.591645730832125e+17,819907610341532.8,6494803180482773.0,7.743641320292114e+16,5.333889471105135e+18
