t(s),Total solute volume 1,Total retention volume 1,Total 1 volume 1,Total 2 volume 1,Total 3 volume 1,Total 4 volume 1,Total 5 volume 1,Total 6 volume 1
0,7.158676193942945e+17,2.6505673352651034e+18,3.250257609819086e+17,1.1260624170802307e+18,84039614389126.48,431216410307955.3,6313585996890312.0,4.7678269578707603e+17
