t(s),Total solute volume 1,Total retention volume 1,Total 1 volume 1,Total 2 volume 1,Total 3 volume 1,Total 4 volume 1,Total 5 volume 1,Total 6 volume 1
0,4.584145573095851e+17,8.678191645944224e+18,3.971127163555371e+17,8.29827887724081e+17,1252363473502651.8,1.0265755993634298e+16,1.2726178620234616e+17,6.854056578885539e+18
