t(s),Total solute volume 1,Total retention volume 1,Total 1 volume 1,Total 2 volume 1,Total 3 volume 1,Total 4 volume 1,Total 5 volume 1,Total 6 volume 1
0,7.831248687372006e+17,3.2019008654817347e+18,3.971127163555371e+17,1.417606166617462e+18,128364249994287.33,681426787326319.8,1.032365982894312e+16,5.929236629052614e+17
