t(s),Total solute volume 1,Total retention volume 1,Total 1 volume 1,Total 2 volume 1,Total 3 volume 1,Total 4 volume 1,Total 5 volume 1,Total 6 volume 1
0,1.5302805924424387e+17,1.90786399364613e+17,1.0403170291897824e+16,2.15508874098567e+16,2681864059761.24,7613664650286.425,52025370656086.01,5741961519247436.0
