t(s),Total solute volume 1,Total retention volume 1,Total 1 volume 1,Total 2 volume 1,Total 3 volume 1,Total 4 volume 1,Total 5 volume 1,Total 6 volume 1
0,8.957740053321614e+16,1.5543227408233213e+17,1.040317029189783e+16,1.2615155834536546e+16,26158990623522.508,114570042808523.64,629947193124464.0,4.206587119612546e+16
