t(s),Total solute volume 1,Total retention volume 1,Total 1 volume 1,Total 2 volume 1,Total 3 volume 1,Total 4 volume 1,Total 5 volume 1,Total 6 volume 1
0,4.584145573095851e+17,2.4059127145534906e+19,3.971127163555371e+17,8.29827887724081e+17,4006786339538955.5,3.28419136537771e+16,4.071477348204415e+17,2.1929775549332e+19
