t(s),Total solute volume 1,Total retention volume 1,Total 1 volume 1,Total 2 volume 1,Total 3 volume 1,Total 4 volume 1,Total 5 volume 1,Total 6 volume 1
0,7.831248687372006e+17,4.530802019490564e+18,3.971127163555371e+17,1.417606166617462e+18,410760556199145.75,2180543046899169.2,3.3035343836366932e+16,1.897331620340884e+18
