t(s),Total solute volume 1,Total retention volume 1,Total 1 volume 1,Total 2 volume 1,Total 3 volume 1,Total 4 volume 1,Total 5 volume 1,Total 6 volume 1
0,1.4340238840712154e+18,1.1152008884966334e+19,1.531053857194819e+18,6.685981104100381e+18,1534167025984393.8,1.013720503188983e+16,1.5262197368996854e+17,1.33665669385205e+18
