t(s),Total solute volume 1,Total retention volume 1,Total 1 volume 1,Total 2 volume 1,Total 3 volume 1,Total 4 volume 1,Total 5 volume 1,Total 6 volume 1
0,8.394286150660815e+17,2.5196668252433887e+19,1.531053857194819e+18,3.913959566691929e+18,1.4974432243763436e+16,1.536495501847525e+17,2.123344671489408e+18,1.6620257559563198e+19
