t(s),Total solute volume 1,Total retention volume 1,Total 1 volume 1,Total 2 volume 1
0,1.1342546114652189e+19,1.474142296201766e+21,1.542273968290348e+20,1.3085723532580823e+21
