t(s),Total solute volume 1,Total retention volume 1,Total 1 volume 1,Total 2 volume 1
0,6.639539189064714e+18,9.351669278105112e+20,1.542273968290348e+20,7.742999917924197e+20
