t(s),Total solute volume 1,Total retention volume 1,Total 1 volume 1,Total 2 volume 1,Total 3 volume 1,Total 4 volume 1,Total 5 volume 1,Total 6 volume 1
0,1.454865482009603e+20,8.391705167398832e+22,3.579686312483719e+22,4.797460062369274e+22,2.9800121342355936e+16,1.7397066963862768e+16,1.441488076838534e+16,3.976518831608704e+16
