t(s),Total solute volume 1,Total retention volume 1,Total 1 volume 1,Total 2 volume 1,Total 3 volume 1,Total 4 volume 1,Total 5 volume 1,Total 6 volume 1
0,8.516285748348854e+19,8.217097914287795e+22,3.579686312483719e+22,4.628721412782856e+22,4.9638601734279514e+17,4.4734643332459366e+17,2.982372141725017e+17,4.970630634516979e+17
