t(s),Total solute volume 1,Total retention volume 1,Total 1 volume 1,Total 2 volume 1,Total 3 volume 1,Total 4 volume 1,Total 5 volume 1,Total 6 volume 1
0,4.566829557989454e+18,3.751985872302137e+20,6.696388307350977e+19,2.9943637271575534e+20,2.0640546504239418e+17,1.1889965846558817e+18,1.0598476603707967e+18,1.7762521728911194e+18
