t(s),Total solute volume 1,Total retention volume 1,Total 1 volume 1,Total 2 volume 1,Total 3 volume 1,Total 4 volume 1,Total 5 volume 1,Total 6 volume 1
0,7.801667161565198e+18,5.8443120875120145e+20,6.696388307350977e+19,5.094009276905076e+20,1.954792652807807e+16,5.173644110890924e+16,5.134477378569384e+16,1.4210168419686075e+17
