t(s),Total solute volume 1,Total retention volume 1,Total 1 volume 1,Total 2 volume 1,Total 3 volume 1,Total 4 volume 1,Total 5 volume 1,Total 6 volume 1
0,1.454865482009603e+20,8.39170678943434e+22,3.579686312483719e+22,4.797460062369274e+22,3.4568138924321228e+16,2.0180596772049296e+16,1.6721260887876772e+16,4.612761591662869e+16
