t(s),Total solute volume 1,Total retention volume 1,Total 1 volume 1,Total 2 volume 1,Total 3 volume 1,Total 4 volume 1,Total 5 volume 1,Total 6 volume 1
0,8.516285748348854e+19,8.21712573863582e+22,3.579686312483719e+22,4.628721412782856e+22,5.758072980760832e+17,5.1892128230094394e+17,3.4595483827493306e+17,5.765927896636824e+17
