t(s),Total solute volume 1,Total retention volume 1,Total 1 volume 1,Total 2 volume 1,Total 3 volume 1,Total 4 volume 1,Total 5 volume 1,Total 6 volume 1
0,7.49048861694545e+16,9.77116615597946e+16,6980090150537523.0,7974287186130816.0,6580288715375.6875,26905114607728.516,134966522578410.67,7683946127769200.0
