t(s),Total solute volume 1,Total retention volume 1,Total 1 volume 1,Total 2 volume 1,Total 3 volume 1,Total 4 volume 1,Total 5 volume 1,Total 6 volume 1
0,2.1328894422529733e+19,6.631480937144407e+21,6.290856345856501e+20,5.980718300898713e+21,8.822840194858285e+16,6.283019888584599e+16,5.242317285813106e+16,1.4462546379934093e+17
