t(s),Total solute volume 1,Total retention volume 1,Total 1 volume 1,Total 2 volume 1,Total 3 volume 1,Total 4 volume 1,Total 5 volume 1,Total 6 volume 1
0,1.2485206491236938e+19,4.3287765516347087e+21,6.290856345856501e+20,3.6814069503789776e+21,1.2987780487806264e+18,1.6076134331086543e+18,1.0845427638467071e+18,1.8078259330888394e+18
