t(s),Total solute volume 1,Total retention volume 1,Total 1 volume 1,Total 2 volume 1,Total 3 volume 1,Total 4 volume 1,Total 5 volume 1,Total 6 volume 1
0,1.454865482009603e+20,8.39169705721878e+22,3.579686312483719e+22,4.797460062369274e+22,5960025848481516.0,3479414173834642.5,2882976846306529.5,7953039844280319.0
