t(s),Total solute volume 1,Total retention volume 1,Total 1 volume 1,Total 2 volume 1,Total 3 volume 1,Total 4 volume 1,Total 5 volume 1,Total 6 volume 1
0,8.516285748348854e+19,8.216958791820954e+22,3.579686312483719e+22,4.628721412782856e+22,9.927761902370725e+16,8.946978697481738e+16,5.964772746127378e+16,9.941292643315739e+16
