t(s),Total solute volume 1,Total retention volume 1,Total 1 volume 1,Total 2 volume 1,Total 3 volume 1,Total 4 volume 1,Total 5 volume 1,Total 6 volume 1
0,2.3091608011640064e+17,3.374396000548299e+17,2.6047523684028044e+16,6.18908749437171e+16,4200348146742.323,13968676886579.14,117837199800507.88,1.8449115085850772e+16
