t(s),Total solute volume 1,Total retention volume 1,Total 1 volume 1,Total 2 volume 1,Total 3 volume 1,Total 4 volume 1,Total 5 volume 1,Total 6 volume 1
0,1.3517038836082043e+17,3.3540750072905286e+17,2.6047523684028044e+16,3.622882322688759e+16,40975070861834.53,210235215205843.78,1427204856522606.0,1.3628235031472648e+17
