t(s),Total solute volume 1,Total retention volume 1,Total 1 volume 1,Total 2 volume 1,Total 3 volume 1,Total 4 volume 1,Total 5 volume 1,Total 6 volume 1
0,4.443246134384989e+19,2.6909249427235267e+22,3.1834588077439205e+21,2.3681226433136985e+22,3.80392573047267e+16,2.2760331080558252e+16,1.8870011167138816e+16,5.205541083574629e+16
