t(s),Total solute volume 1,Total retention volume 1,Total 1 volume 1,Total 2 volume 1,Total 3 volume 1,Total 4 volume 1,Total 5 volume 1,Total 6 volume 1
0,2.600924566469286e+19,2.0413402800746618e+22,3.1834588077439205e+21,1.7201685979806866e+22,6.22660586934315e+17,5.850073666956018e+17,3.904100106776444e+17,6.506895668511186e+17
