t(s),Total solute volume 1,Total retention volume 1,Total 1 volume 1,Total 2 volume 1,Total 3 volume 1,Total 4 volume 1,Total 5 volume 1,Total 6 volume 1
0,1.6062657215105326e+18,1.2845193398733668e+19,1.9718743661304888e+18,8.94244010427008e+18,446007185976416.44,3056151172425394.0,4.197545895298071e+16,2.7913558951126272e+17
