t(s),Total solute volume 1,Total retention volume 1,Total 1 volume 1,Total 2 volume 1,Total 3 volume 1,Total 4 volume 1,Total 5 volume 1,Total 6 volume 1
0,9.402531052744658e+17,1.2289922038275873e+19,1.9718743661304886e+18,5.234982861726286e+18,4354969787347637.0,4.648005500780012e+16,6.134014579699674e+17,3.478575222379529e+18
