t(s),Total solute volume 1,Total retention volume 1,Total 1 volume 1,Total 2 volume 1,Total 3 volume 1,Total 4 volume 1,Total 5 volume 1,Total 6 volume 1
0,9.011205916778291e+16,9.95426207288951e+16,3192384722575143.5,5543091834178185.0,822076666539.8209,1903775283671.6743,9915670968552.162,682443481439956.8
