t(s),Total solute volume 1,Total retention volume 1,Total 1 volume 1,Total 2 volume 1,Total 3 volume 1,Total 4 volume 1,Total 5 volume 1,Total 6 volume 1
0,7.801667161565198e+18,5.842146110109526e+20,6.696388307350977e+19,5.094009276905077e+20,3554171903207570.5,9406633374138032.0,9335421655351614.0,2.5836858437684508e+16
