t(s),Total solute volume 1,Total retention volume 1,Total 1 volume 1,Total 2 volume 1,Total 3 volume 1,Total 4 volume 1,Total 5 volume 1,Total 6 volume 1
0,1.950956450790701e+17,8.003971000884369e+17,5.905751296626006e+16,9.282918675798294e+16,74380586182544.31,439465827978367.06,3598600985176143.0,4.493023078857865e+17
