t(s),Total solute volume 1,Total retention volume 1,Total 1 volume 1,Total 2 volume 1,Total 3 volume 1,Total 4 volume 1,Total 5 volume 1,Total 6 volume 1
0,3.332883936767457e+17,6.096592696049489e+17,5.905751296626006e+16,1.5858298787719715e+17,7624409038220.864,29196790379592.973,296951009437337.3,5.839660287589407e+16
