t(s),Total solute volume 1,Total retention volume 1,Total 1 volume 1,Total 2 volume 1,Total 3 volume 1,Total 4 volume 1,Total 5 volume 1,Total 6 volume 1
0,2.445311007127456e+17,4.8521045555296064e+17,2.9598370758294e+16,7.168383321791445e+16,28640102298291.88,97367224866371.58,845781799926282.9,1.384253617369133e+17
