t(s),Total solute volume 1,Total retention volume 1,Total 1 volume 1,Total 2 volume 1,Total 3 volume 1,Total 4 volume 1,Total 5 volume 1,Total 6 volume 1
0,1.4314015651477992e+17,1.2518547906412657e+18,2.9598370758294e+16,4.196129288420449e+16,279257480686508.84,1464484199482270.0,1.0238679860817346e+16,1.0251725489430115e+18
