t(s),Total solute volume 1,Total retention volume 1,Total 1 volume 1,Total 2 volume 1,Total 3 volume 1,Total 4 volume 1,Total 5 volume 1,Total 6 volume 1
0,7.523525865105635e+17,2.890400771782813e+19,1.1991975012111887e+18,2.955764414391274e+18,1.4376583053765566e+16,1.4183322926522054e+17,1.9912229161859395e+18,2.1849260487210177e+19
