t(s),Total solute volume 1,Total retention volume 1,Total 1 volume 1,Total 2 volume 1,Total 3 volume 1,Total 4 volume 1,Total 5 volume 1,Total 6 volume 1
0,1.2852690019555497e+18,9.45665987489067e+18,1.1991975012111887e+18,5.049221861376426e+18,1473251481597335.2,9378623822782894.0,1.4877853346592144e+17,1.7633411015771681e+18
