t(s),Total solute volume 1,Total retention volume 1,Total 1 volume 1,Total 2 volume 1,Total 3 volume 1,Total 4 volume 1,Total 5 volume 1,Total 6 volume 1
0,5.132271443883372e+17,2.914955993459549e+18,1.5471077007747866e+17,4.797289871713226e+17,189900612998038.16,858227642118034.5,1.0820056753815338e+16,1.7554209068134753e+18
