t(s),Total solute volume 1,Total retention volume 1,Total 1 volume 1,Total 2 volume 1,Total 3 volume 1,Total 4 volume 1,Total 5 volume 1,Total 6 volume 1
0,2.399005506587524e+17,3.975151040667593e+18,9.36616297076456e+16,1.5772427002204848e+17,442480616113532.1,2830356154809543.0,2.574107686583427e+16,3.4548506766423916e+18
