t(s),Total solute volume 1,Total retention volume 1,Total 1 volume 1,Total 2 volume 1,Total 3 volume 1,Total 4 volume 1,Total 5 volume 1,Total 6 volume 1
0,4.0983010737537254e+17,1.1959529019884e+18,9.36616297076456e+16,2.6944503277455203e+17,45362478430442.04,188064916986240.62,2122678193077062.8,4.206600265423502e+17
