t(s),Total solute volume 1,Total retention volume 1,Total 1 volume 1,Total 2 volume 1,Total 3 volume 1,Total 4 volume 1,Total 5 volume 1,Total 6 volume 1
0,4.7566518870554744e+16,6.2381276268378104e+16,2534742031225783.0,2489019978208205.5,18285905958690.734,62765686350449.3,249498221531289.88,9460445574548652.0
