t(s),Total solute volume 1,Total retention volume 1,Total 1 volume 1,Total 2 volume 1,Total 3 volume 1,Total 4 volume 1,Total 5 volume 1,Total 6 volume 1
0,8.125946973719792e+16,8.936671460619722e+16,2534742031225782.5,4252075647885005.0,1876106686310.5808,4175334994390.7593,20623754015171.316,1293751994192706.8
