t(s),Total solute volume 1,Total retention volume 1,Total 1 volume 1,Total 2 volume 1,Total 3 volume 1,Total 4 volume 1,Total 5 volume 1,Total 6 volume 1
0,9.340096063528438e+16,1.0684763888495621e+17,3458157710870754.5,6076746478966877.0,4341244294532.899,10193201555034.52,54075209234182.24,3843164404750335.5
