t(s),Total solute volume 1,Total retention volume 1,Total 1 volume 1,Total 2 volume 1,Total 3 volume 1,Total 4 volume 1,Total 5 volume 1,Total 6 volume 1
0,5.467373305480017e+16,9.063221708780021e+16,3458157710870755.0,3557120067332162.0,42291225189674.04,153121657767541.44,653794472622146.8,2.8093998899217316e+16
