t(s),Total solute volume 1,Total retention volume 1,Total 1 volume 1,Total 2 volume 1,Total 3 volume 1,Total 4 volume 1,Total 5 volume 1,Total 6 volume 1
0,1.0357694112375635e+17,2.51081404389589e+17,1.4382961689890436e+16,1.830613831100575e+16,54261186184452.19,251293956903351.97,1488498862577394.5,1.1302130925926856e+17
