t(s),Total solute volume 1,Total retention volume 1,Total 1 volume 1,Total 2 volume 1,Total 3 volume 1,Total 4 volume 1,Total 5 volume 1,Total 6 volume 1
0,2.7544357765683786e+17,5.5799333225924954e+17,3.860071170759496e+16,9.727055195100427e+16,24907025403526.16,88640965762002.97,818230022947033.5,1.4574671292970032e+17
