t(s),Total solute volume 1,Total retention volume 1,Total 1 volume 1,Total 2 volume 1,Total 3 volume 1,Total 4 volume 1,Total 5 volume 1,Total 6 volume 1
0,1.612352649698545e+17,1.3576880304877253e+18,3.860071170759496e+16,5.693890508297374e+16,242911821174728.84,1333650034530818.8,9908881390835732.0,1.0894277054807529e+18
