t(s),Total solute volume 1,Total retention volume 1,Total 1 volume 1,Total 2 volume 1,Total 3 volume 1,Total 4 volume 1,Total 5 volume 1,Total 6 volume 1
0,8.516285748348854e+19,8.217021397080896e+22,3.579686312483719e+22,4.628721412782856e+22,2.7797680966568806e+17,2.5051477313707914e+17,1.6701327826089046e+17,2.7835579869620288e+17
