t(s),Total solute volume 1,Total retention volume 1,Total 1 volume 1,Total 2 volume 1,Total 3 volume 1,Total 4 volume 1,Total 5 volume 1,Total 6 volume 1
0,6.8888290702006904e+16,1.5592906352396848e+17,5790815030907821.0,6433524569071775.0,72683465142815.66,287643151190288.6,1382634304857022.2,7.307347230079096e+16
