t(s),Total solute volume 1,Total retention volume 1,Total 1 volume 1,Total 2 volume 1,Total 3 volume 1,Total 4 volume 1,Total 5 volume 1,Total 6 volume 1
0,1.1768416328259624e+17,1.445986553049385e+17,5790815030907821.0,1.0990603481902652e+16,7459605365803.99,19143139529071.61,114331109912520.03,9992139654723352.0
