t(s),Total solute volume 1,Total retention volume 1,Total 1 volume 1,Total 2 volume 1,Total 3 volume 1,Total 4 volume 1,Total 5 volume 1,Total 6 volume 1
0,4.718423901827473e+18,1.6858638379691164e+20,2.1816306119850037e+19,1.413400008682567e+20,1.6169380024040532e+16,9.35645726096577e+16,1.575422110150504e+17,4.443767433293072e+17
