t(s),Total solute volume 1,Total retention volume 1,Total 1 volume 1,Total 2 volume 1,Total 3 volume 1,Total 4 volume 1,Total 5 volume 1,Total 6 volume 1
0,2.7620042352160896e+18,1.1809378362702227e+20,2.1816306119850037e+19,8.283158743020675e+19,1.609796229386788e+17,1.759310473027074e+18,3.209212410362008e+18,5.554383335421404e+18
