t(s),Total solute volume 1,Total retention volume 1,Total 1 volume 1,Total 2 volume 1,Total 3 volume 1,Total 4 volume 1,Total 5 volume 1,Total 6 volume 1
0,2.2349716812900077e+17,4.292718000310784e+18,7.99733013773092e+16,1.3153125251363437e+17,528811803962478.06,3291664751006524.0,2.888311111794852e+16,3.8250126906179333e+18
