t(s),Total solute volume 1,Total retention volume 1,Total 1 volume 1,Total 2 volume 1,Total 3 volume 1,Total 4 volume 1,Total 5 volume 1,Total 6 volume 1
0,3.818076622203744e+17,1.167875899184538e+18,7.99733013773092e+16,2.2469880913100803e+17,54218232991000.16,218749869065552.22,2382897282962347.0,4.787402610708289e+17
