t(s),Total solute volume 1,Total retention volume 1,Total 1 volume 1,Total 2 volume 1,Total 3 volume 1,Total 4 volume 1,Total 5 volume 1,Total 6 volume 1
0,7.82153398870977e+16,1.4769927917411475e+17,7687035129498279.0,8909437720794750.0,41050670013425.875,170635887253795.62,875242749393471.2,5.1800537130063e+16
