t(s),Total solute volume 1,Total retention volume 1,Total 1 volume 1,Total 2 volume 1,Total 3 volume 1,Total 4 volume 1,Total 5 volume 1,Total 6 volume 1
0,1.3361787230712443e+17,1.6368990673274762e+17,7687035129498279.0,1.522028754057002e+16,4209785187479.9355,11343919774632.195,72308393900194.45,7076849656692160.0
