t(s),Total solute volume 1,Total retention volume 1,Total 1 volume 1,Total 2 volume 1,Total 3 volume 1,Total 4 volume 1,Total 5 volume 1,Total 6 volume 1
0,2.0426316755341617e+18,6.3107430418097996e+19,1.1130180818752053e+19,3.82466985051091e+19,8.349663271731218e+16,1.0281416809279656e+18,3.6837725306509517e+18,6.892508574405933e+18
