t(s),Total solute volume 1,Total retention volume 1,Total 1 volume 1,Total 2 volume 1,Total 3 volume 1,Total 4 volume 1,Total 5 volume 1,Total 6 volume 1
0,3.489495779037574e+18,8.073042084850873e+19,1.1130180818752053e+19,6.5303130943887696e+19,8486180283932643.0,6.113488249833281e+16,1.865216677670544e+17,5.5147057628168314e+17
