t(s),Total solute volume 1,Total retention volume 1,Total 1 volume 1,Total 2 volume 1,Total 3 volume 1,Total 4 volume 1,Total 5 volume 1,Total 6 volume 1
0,6.561971943550011e+17,2.5343553058864916e+18,2.6766928604882394e+17,9.008356262596815e+17,103799778077252.45,515275424206641.44,7274950430133778.0,7.017591735905725e+17
