t(s),Total solute volume 1,Total retention volume 1,Total 1 volume 1,Total 2 volume 1,Total 3 volume 1,Total 4 volume 1,Total 5 volume 1,Total 6 volume 1
0,3.841154308419529e+17,8.816101673087214e+18,2.6766928604882394e+17,5.273223096638238e+17,1012630629482590.8,7759022410754654.0,8.890663408570122e+16,7.539316359406629e+18
