t(s),Total solute volume 1,Total retention volume 1,Total 1 volume 1,Total 2 volume 1,Total 3 volume 1,Total 4 volume 1,Total 5 volume 1,Total 6 volume 1
0,7.180129369195402e+16,1.493460136467543e+17,6351323389472384.0,7154332371437873.0,57824373093666.23,232544592033125.38,1141689444992022.0,6.260700578377021e+16
