t(s),Total solute volume 1,Total retention volume 1,Total 1 volume 1,Total 2 volume 1,Total 3 volume 1,Total 4 volume 1,Total 5 volume 1,Total 6 volume 1
0,7.49048861694545e+16,1.1864572725388818e+17,6980090150537523.0,7974287186130816.0,24121505173911.645,98618114763638.72,494731816482360.2,2.816899231134488e+16
