t(s),Total solute volume 1,Total retention volume 1,Total 1 volume 1,Total 2 volume 1,Total 3 volume 1,Total 4 volume 1,Total 5 volume 1,Total 6 volume 1
0,1.2796251387281995e+17,1.524636577939798e+17,6980090150537523.0,1.3622739088267018e+16,2473274212960.8813,6554676658022.623,40864703989608.24,3848422027494641.0
