t(s),Total solute volume 1,Total retention volume 1,Total 1 volume 1,Total 2 volume 1,Total 3 volume 1,Total 4 volume 1,Total 5 volume 1,Total 6 volume 1
0,7.180129369195402e+16,1.140257600829013e+17,6351323389472384.0,7154332371437873.0,25935045692645.816,104318123749980.89,512101852594173.94,2.8076455608001104e+16
