t(s),Total solute volume 1,Total retention volume 1,Total 1 volume 1,Total 2 volume 1,Total 3 volume 1,Total 4 volume 1,Total 5 volume 1,Total 6 volume 1
0,1.2266054339042045e+17,1.4512214360373088e+17,6351323389472384.0,1.22219832432844e+16,2659416541379.7285,6934218708428.226,42303115307229.05,3836396829995662.0
