t(s),Total solute volume 1,Total retention volume 1,Total 1 volume 1,Total 2 volume 1,Total 3 volume 1,Total 4 volume 1,Total 5 volume 1,Total 6 volume 1
0,1.8614795258035258e+17,2.6800537534113008e+17,1.6105550931134632e+16,3.561535913744106e+16,9864554115258.531,30196594725919.047,228127092854841.25,2.9868324450507132e+16
