t(s),Total solute volume 1,Total retention volume 1,Total 1 volume 1,Total 2 volume 1,Total 3 volume 1,Total 4 volume 1,Total 5 volume 1,Total 6 volume 1
0,1.0896465516898744e+17,3.6847144032109184e+17,1.6105550931134632e+16,2.0848021191923476e+16,96197500516742.38,454257989091001.3,2761653589850757.0,2.1924110394958944e+17
