t(s),Total solute volume 1,Total retention volume 1,Total 1 volume 1,Total 2 volume 1,Total 3 volume 1,Total 4 volume 1,Total 5 volume 1,Total 6 volume 1
0,6.561971943550011e+17,4.012763675064849e+18,2.6766928604882394e+17,9.008356262596815e+17,320044247317891.94,1588744586143818.2,2.2430775234205284e+16,2.1637220043336763e+18
