t(s),Total solute volume 1,Total retention volume 1,Total 1 volume 1,Total 2 volume 1,Total 3 volume 1,Total 4 volume 1,Total 5 volume 1,Total 6 volume 1
0,3.841154308419529e+17,2.4722038857247425e+19,2.6766928604882394e+17,5.273223096638238e+17,3121497325477472.5,2.3915664535117116e+16,2.7405067785080563e+17,2.3241843990981415e+19
