t(s),Total solute volume 1,Total retention volume 1,Total 1 volume 1,Total 2 volume 1,Total 3 volume 1,Total 4 volume 1,Total 5 volume 1,Total 6 volume 1
0,2.0408582906428972e+18,2.2477561419523076e+19,3.3640731614648397e+18,1.6521366587680283e+19,1410735281726470.2,1.0308583721304894e+16,1.0154642637411144e+17,4.379976343579934e+17
