t(s),Total solute volume 1,Total retention volume 1,Total 1 volume 1,Total 2 volume 1,Total 3 volume 1,Total 4 volume 1,Total 5 volume 1,Total 6 volume 1
0,1.194648755498281e+18,2.1545699477037773e+19,3.364073161464839e+18,9.67235389752105e+18,1.3787043143426552e+16,1.586908729155624e+17,1.672725678284039e+18,5.469420068210448e+18
