t(s),Total solute volume 1,Total retention volume 1,Total 1 volume 1,Total 2 volume 1,Total 3 volume 1,Total 4 volume 1,Total 5 volume 1,Total 6 volume 1
0,1.7152588772477386e+17,7.01769982665794e+17,4.431341940307482e+16,6.672760546581345e+16,83691177799151.73,470589825620335.7,3608541361739606.5,4.150402477069761e+17
