t(s),Total solute volume 1,Total retention volume 1,Total 1 volume 1,Total 2 volume 1,Total 3 volume 1,Total 4 volume 1,Total 5 volume 1,Total 6 volume 1
0,2.9302339152982e+17,5.067974143578157e+17,4.431341940307482e+16,1.1399288614301397e+17,8579154425169.109,31266866384757.1,297864745371481.75,5.513000651572614e+16
