t(s),Total solute volume 1,Total retention volume 1,Total 1 volume 1,Total 2 volume 1,Total 3 volume 1,Total 4 volume 1,Total 5 volume 1,Total 6 volume 1
0,3.8340070142403466e+18,2.5625706096194948e+20,4.533611706929847e+19,1.916287548066981e+20,5.061813981302201e+17,3.87016166000392e+18,4.127519354972946e+18,6.954319658604927e+18
