t(s),Total solute volume 1,Total retention volume 1,Total 1 volume 1,Total 2 volume 1,Total 3 volume 1,Total 4 volume 1,Total 5 volume 1,Total 6 volume 1
0,6.549761982660554e+18,3.793603992898829e+20,4.533611706929847e+19,3.264895769282699e+20,4.934313396610628e+16,1.7881584850035302e+17,2.0040857320260858e+17,5.5637575398591706e+17
