t(s),Total solute volume 1,Total retention volume 1,Total 1 volume 1,Total 2 volume 1,Total 3 volume 1,Total 4 volume 1,Total 5 volume 1,Total 6 volume 1
0,9.011205916778291e+16,1.0162769502365544e+17,3192384722575143.5,5543091834178185.0,3288099577374.1514,7614695034541.511,39660420179767.23,2729596084327295.5
