t(s),Total solute volume 1,Total retention volume 1,Total 1 volume 1,Total 2 volume 1,Total 3 volume 1,Total 4 volume 1,Total 5 volume 1,Total 6 volume 1
0,5.274852243967814e+16,7.97684308961067e+16,3192384722575143.5,3244736830869188.5,32039237524145.71,114423949626664.36,479641748500680.44,1.995668196733289e+16
