t(s),Total solute volume 1,Total retention volume 1,Total 1 volume 1,Total 2 volume 1,Total 3 volume 1,Total 4 volume 1,Total 5 volume 1,Total 6 volume 1
0,1.5180265269236467e+17,1.801255765036982e+18,3.3743667340789536e+16,4.87842065642926e+16,382052233365113.5,2049281364919102.0,1.4764707357667564e+16,1.54972919748358e+18
