t(s),Total solute volume 1,Total retention volume 1,Total 1 volume 1,Total 2 volume 1,Total 3 volume 1,Total 4 volume 1,Total 5 volume 1,Total 6 volume 1
0,2.5932953168279194e+17,5.862630406047604e+17,3.3743667340789536e+16,8.333962927494267e+16,39185865491161.53,136263261089490.69,1219717373985052.2,2.084550458056747e+17
