t(s),Total solute volume 1,Total retention volume 1,Total 1 volume 1,Total 2 volume 1,Total 3 volume 1,Total 4 volume 1,Total 5 volume 1,Total 6 volume 1
0,3.841154308419529e+17,1.6451704961476137e+19,2.6766928604882394e+17,5.273223096638238e+17,2025018233600536.0,1.551555734677531e+16,1.7778894473274173e+17,1.5077268414608454e+19
