t(s),Total solute volume 1,Total retention volume 1,Total 1 volume 1,Total 2 volume 1,Total 3 volume 1,Total 4 volume 1,Total 5 volume 1,Total 6 volume 1
0,6.561971943550011e+17,3.243997359908812e+18,2.6766928604882394e+17,9.008356262596815e+17,207597978081996.75,1030544214976662.8,1.4549800627619416e+16,1.4035073104246323e+18
