t(s),Total solute volume 1,Total retention volume 1,Total 1 volume 1,Total 2 volume 1,Total 3 volume 1,Total 4 volume 1,Total 5 volume 1,Total 6 volume 1
0,1.2852690019555497e+18,8.646994797209199e+18,1.1991975012111887e+18,5.049221861376426e+18,852940410798064.5,5429758380474344.0,8.613542936883398e+16,1.0208883045058932e+18
