t(s),Total solute volume 1,Total retention volume 1,Total 1 volume 1,Total 2 volume 1,Total 3 volume 1,Total 4 volume 1,Total 5 volume 1,Total 6 volume 1
0,7.523525865105635e+17,1.8801221682284003e+19,1.1991975012111887e+18,2.955764414391274e+18,8324107994508772.0,8.212482221326114e+16,1.1529432234185377e+18,1.2650515026544654e+19
