t(s),Total solute volume 1,Total retention volume 1,Total 1 volume 1,Total 2 volume 1,Total 3 volume 1,Total 4 volume 1,Total 5 volume 1,Total 6 volume 1
0,1.5460920402662884e+18,4.534161509462488e+19,5.979897840391367e+18,1.873360234042119e+19,6.770491936561506e+16,8.267702120833786e+17,5.574517335437808e+18,1.261303040665922e+19
