t(s),Total solute volume 1,Total retention volume 1,Total 1 volume 1,Total 2 volume 1,Total 3 volume 1,Total 4 volume 1,Total 5 volume 1,Total 6 volume 1
0,2.641240568788231e+18,4.19871408315603e+19,5.979897840391367e+18,3.199484310387922e+19,6914345350463883.0,5.2242489690318296e+16,3.025779216846293e+17,1.0094245617759689e+18
