t(s),Total solute volume 1,Total retention volume 1,Total 1 volume 1,Total 2 volume 1,Total 3 volume 1,Total 4 volume 1,Total 5 volume 1,Total 6 volume 1
0,9.455042984468884e+17,5.975355659920127e+18,6.045923551720419e+17,2.298131816040415e+18,723227971329939.0,4120271391070330.5,6.5912502335399496e+16,2.056371188562969e+18
