t(s),Total solute volume 1,Total retention volume 1,Total 1 volume 1,Total 2 volume 1,Total 3 volume 1,Total 4 volume 1,Total 5 volume 1,Total 6 volume 1
0,5.5346593079818586e+17,2.8213876973162865e+19,6.045923551720415e+17,1.3452732373157307e+18,7055302834696782.0,6.210876701163895e+16,8.268078929670356e+17,2.4814573487063564e+19
