t(s),Total solute volume 1,Total retention volume 1,Total 1 volume 1,Total 2 volume 1,Total 3 volume 1,Total 4 volume 1,Total 5 volume 1,Total 6 volume 1
0,5.5346593079818586e+17,1.848688534758907e+19,6.045923551720415e+17,1.3452732373157307e+18,4386201531195200.5,3.8613711788270616e+16,5.1402481812911136e+17,1.5426529092854532e+19
