t(s),Total solute volume 1,Total retention volume 1,Total 1 volume 1,Total 2 volume 1,Total 3 volume 1,Total 4 volume 1,Total 5 volume 1,Total 6 volume 1
0,9.455042984468884e+17,5.170506023541628e+18,6.045923551720419e+17,2.298131816040415e+18,449577213985461.25,2561264592004802.0,4.097289011680857e+16,1.2782938219594744e+18
