t(s),Total solute volume 1,Total retention volume 1,Total 1 volume 1,Total 2 volume 1,Total 3 volume 1,Total 4 volume 1,Total 5 volume 1,Total 6 volume 1
0,2.1836778534678442e+17,4.054346486933041e+17,2.2995109404381096e+16,5.36299248106901e+16,27435776248301.887,89301708571659.06,732104243978659.4,1.0959298740265232e+17
