t(s),Total solute volume 1,Total retention volume 1,Total 1 volume 1,Total 2 volume 1,Total 3 volume 1,Total 4 volume 1,Total 5 volume 1,Total 6 volume 1
0,3.563921568279588e+17,1.2025665834987423e+18,6.858169948084933e+16,1.8831811750643e+17,70839453588053.73,278348296593949.28,2928650972346593.0,5.859967709609725e+17
