t(s),Total solute volume 1,Total retention volume 1,Total 1 volume 1,Total 2 volume 1,Total 3 volume 1,Total 4 volume 1,Total 5 volume 1,Total 6 volume 1
0,5.092688738313051e+16,7.807941253327853e+16,2951661998355005.5,2965126037401479.5,35165004727346.715,123889086575362.88,510070974161298.44,2.0566612048927644e+16
