t(s),Total solute volume 1,Total retention volume 1,Total 1 volume 1,Total 2 volume 1,Total 3 volume 1,Total 4 volume 1,Total 5 volume 1,Total 6 volume 1
0,8.70000992795148e+16,9.788485891853637e+16,2951661998355005.5,5065423436879563.0,3609863229559.575,8247629316866.474,42189726159399.836,2813626985081713.5
