t(s),Total solute volume 1,Total retention volume 1,Total 1 volume 1,Total 2 volume 1
0,5.5346593079818586e+17,2.5033315232859525e+18,6.045923551720415e+17,1.3452732373157307e+18
