t(s),Total solute volume 1,Total retention volume 1,Total 1 volume 1,Total 2 volume 1
0,9.455042984468884e+17,3.848228469659328e+18,6.045923551720417e+17,2.298131816040415e+18
