t(s),Total solute volume 1,Total retention volume 1,Total 1 volume 1,Total 2 volume 1,Total 3 volume 1,Total 4 volume 1,Total 5 volume 1,Total 6 volume 1
0,2.7544357765683786e+17,6.899978595432232e+17,3.860071170759496e+16,9.727055195100427e+16,47322343768966.95,168414807810138.3,1554607138010941.8,2.769126739382002e+17
