t(s),Total solute volume 1,Total retention volume 1,Total 1 volume 1,Total 2 volume 1,Total 3 volume 1,Total 4 volume 1,Total 5 volume 1,Total 6 volume 1
0,9.566309649021271e+17,5.319088982627594e+18,6.205788698891987e+17,2.368112616809924e+18,481532425600485.75,2755253734517658.5,4.4178328671939064e+16,1.3263514161942963e+18
