t(s),Total solute volume 1,Total retention volume 1,Total 1 volume 1,Total 2 volume 1,Total 3 volume 1,Total 4 volume 1,Total 5 volume 1,Total 6 volume 1
0,5.599791014061281e+17,1.9202921443658646e+19,6.205788698891987e+17,1.3862391755847913e+18,4697968889279127.0,4.154094165492132e+16,5.5507582932960915e+17,1.6034809556904702e+19
