t(s),Total solute volume 1,Total retention volume 1,Total 1 volume 1,Total 2 volume 1,Total 3 volume 1,Total 4 volume 1,Total 5 volume 1,Total 6 volume 1
0,1.0357694112375635e+17,2.6064693445317376e+17,1.4382961689890436e+16,1.830613831100575e+16,58781449635562.59,272225827769976.56,1612493463179300.5,1.2243739258793461e+17
