t(s),Total solute volume 1,Total retention volume 1,Total 1 volume 1,Total 2 volume 1,Total 3 volume 1,Total 4 volume 1,Total 5 volume 1,Total 6 volume 1
0,1.7694394108641648e+17,2.3944825518944566e+17,1.4382961689890436e+16,3.1272978263682056e+16,6026965910216.039,18092956571273.72,133182551598299.61,1.6691071675375458e+16
