t(s),Total solute volume 1,Total retention volume 1,Total 1 volume 1,Total 2 volume 1,Total 3 volume 1,Total 4 volume 1,Total 5 volume 1,Total 6 volume 1
0,4.920172616987362e+16,5.9036251740378536e+16,2733248773475387.0,2714355750467661.0,7721148787374.405,26855042031050.11,108603691245125.0,4243741164498657.0
