t(s),Total solute volume 1,Total retention volume 1,Total 1 volume 1,Total 2 volume 1,Total 3 volume 1,Total 4 volume 1,Total 5 volume 1,Total 6 volume 1
0,7.523525865105635e+17,1.3749236995659686e+19,1.1991975012111887e+18,2.955764414391274e+18,5297421557194677.0,5.226470262096216e+16,7.337324988525916e+17,8.050627870515893e+18
