t(s),Total solute volume 1,Total retention volume 1,Total 1 volume 1,Total 2 volume 1,Total 3 volume 1,Total 4 volume 1,Total 5 volume 1,Total 6 volume 1
0,1.2852690019555497e+18,8.242158365686514e+18,1.1991975012111887e+18,5.049221861376426e+18,542781961320832.3,3455309950922135.0,5.4813610626440504e+16,6.496582986046205e+17
