t(s),Total solute volume 1,Total retention volume 1,Total 1 volume 1,Total 2 volume 1
0,2.0498657939890205e+20,1.1119340408056845e+23,6.152497233576303e+22,4.9463445165406404e+22
