t(s),Total solute volume 1,Total retention volume 1,Total 1 volume 1,Total 2 volume 1
0,1.1999214403838232e+20,1.103484594331665e+23,6.15249723357255e+22,4.8703494953402634e+22
