t(s),Total solute volume 1,Total retention volume 1,Total 1 volume 1,Total 2 volume 1
0,1.1999214403838232e+20,1.1034845944210626e+23,6.1524972335825464e+22,4.870349496224251e+22
