t(s),Total solute volume 1,Total retention volume 1,Total 1 volume 1,Total 2 volume 1,Total 3 volume 1,Total 4 volume 1,Total 5 volume 1,Total 6 volume 1
0,3.489495779037574e+18,8.046121720010587e+19,1.1130180818752053e+19,6.530313094388771e+19,5657462190015042.0,4.0756641205093656e+16,1.2434795114216294e+17,3.676476038909709e+17
