t(s),Total solute volume 1,Total retention volume 1,Total 1 volume 1,Total 2 volume 1,Total 3 volume 1,Total 4 volume 1,Total 5 volume 1,Total 6 volume 1
0,2.0426316755341617e+18,5.921163245792609e+19,1.1130180818752053e+19,3.82466985051091e+19,5.566576827070597e+16,6.854499363951283e+17,2.4559160741926753e+18,4.59508967967181e+18
