t(s),Total solute volume 1,Total retention volume 1,Total 1 volume 1,Total 2 volume 1,Total 3 volume 1,Total 4 volume 1,Total 5 volume 1,Total 6 volume 1
0,3.122399397307938e+17,5.79067457913682e+17,5.1059153534519e+16,1.3415637957682182e+17,11534124366460.816,43075156744612.91,423834002789169.6,8.11335417876527e+16
