t(s),Total solute volume 1,Total retention volume 1,Total 1 volume 1,Total 2 volume 1,Total 3 volume 1,Total 4 volume 1,Total 5 volume 1,Total 6 volume 1
0,1.827745988668061e+17,9.347750040352996e+17,5.1059153534519e+16,7.853065002362187e+16,112516277627433.95,648308843168958.0,5135148167801367.0,6.165146283217661e+17
