t(s),Total solute volume 1,Total retention volume 1,Total 1 volume 1,Total 2 volume 1,Total 3 volume 1,Total 4 volume 1,Total 5 volume 1,Total 6 volume 1
0,2.399005506587524e+17,1.4204254332055022e+18,9.36616297076456e+16,1.5772427002204848e+17,118013014407898.62,754917023370586.0,6865493060781169.0,9.214005597184954e+17
