t(s),Total solute volume 1,Total retention volume 1,Total 1 volume 1,Total 2 volume 1,Total 3 volume 1,Total 4 volume 1,Total 5 volume 1,Total 6 volume 1
0,1.355755053821572e+18,2.960231162465779e+19,4.460907519859345e+18,1.337749223333267e+19,2.669640860156381e+16,3.176067897506072e+17,2.7545885219101885e+18,7.309265097381841e+18
