t(s),Total solute volume 1,Total retention volume 1,Total 1 volume 1,Total 2 volume 1,Total 3 volume 1,Total 4 volume 1,Total 5 volume 1,Total 6 volume 1
0,2.3160815502785014e+18,3.0391630084576227e+19,4.460907519859345e+18,2.284893514595476e+19,2729526711973690.5,2.0405379712949716e+16,1.5748565377081322e+17,5.850853082877517e+17
