t(s),Total solute volume 1,Total retention volume 1,Total 1 volume 1,Total 2 volume 1,Total 3 volume 1,Total 4 volume 1,Total 5 volume 1,Total 6 volume 1
0,3.332883936767457e+17,9.473492291754991e+17,5.905751296626006e+16,1.5858298787719715e+17,51463543200060.76,197074386152720.3,2004376329727848.0,3.941674203962146e+17
