t(s),Total solute volume 1,Total retention volume 1,Total 1 volume 1,Total 2 volume 1,Total 3 volume 1,Total 4 volume 1,Total 5 volume 1,Total 6 volume 1
0,1.950956450790701e+17,3.4066658506699535e+18,5.905751296626006e+16,9.282918675798294e+16,501881448008407.1,2964914517897360.5,2.4280215382464216e+16,3.031936494518307e+18
