t(s),Total solute volume 1,Total retention volume 1,Total 1 volume 1,Total 2 volume 1,Total 3 volume 1,Total 4 volume 1,Total 5 volume 1,Total 6 volume 1
0,1.0896465516898744e+17,4.738361105586245e+17,1.6105550931134632e+16,2.0848021191923476e+16,141733308890717.1,669234604461096.4,4068776812494432.5,3.2303813854073043e+17
