t(s),Total solute volume 1,Total retention volume 1,Total 1 volume 1,Total 2 volume 1,Total 3 volume 1,Total 4 volume 1,Total 5 volume 1,Total 6 volume 1
0,1.8614795258035258e+17,2.8227992080100106e+17,1.6105550931134632e+16,3.561535913744106e+16,14537033397672.494,44499715434415.484,336183014154801.5,4.401583838908655e+16
