t(s),Total solute volume 1,Total retention volume 1,Total 1 volume 1,Total 2 volume 1,Total 3 volume 1,Total 4 volume 1,Total 5 volume 1,Total 6 volume 1
0,3.122399397307938e+17,5.207733127869275e+17,5.1059153534519e+16,1.3415637957682182e+17,3295481867908.3906,12307243814797.953,121096020903556.84,2.3181141198202932e+16
