t(s),Total solute volume 1,Total retention volume 1,Total 1 volume 1,Total 2 volume 1,Total 3 volume 1,Total 4 volume 1,Total 5 volume 1,Total 6 volume 1
0,1.827745988668061e+17,4.902074719455516e+17,5.1059153534519e+16,7.853065002362187e+16,32150243829133.703,185252157818631.88,1467327537129586.0,1.7615833958182432e+17
