t(s),Total solute volume 1,Total retention volume 1,Total 1 volume 1,Total 2 volume 1,Total 3 volume 1,Total 4 volume 1,Total 5 volume 1,Total 6 volume 1
0,1.5746764332366418e+19,7.375578829137245e+21,1.0530177027067483e+21,6.302159391947708e+21,1.167182478261347e+18,1.251158632246229e+18,8.387079631038931e+17,1.3979210768331313e+18
