t(s),Total solute volume 1,Total retention volume 1,Total 1 volume 1,Total 2 volume 1,Total 3 volume 1,Total 4 volume 1,Total 5 volume 1,Total 6 volume 1
0,1.1477277462414928e+17,2.2873293824688045e+17,1.8083672627208548e+16,2.3817359628092044e+16,28437350991067.883,137010054140145.03,855354397286751.1,7.1038329565013256e+16
