t(s),Total solute volume 1,Total retention volume 1,Total 1 volume 1,Total 2 volume 1,Total 3 volume 1,Total 4 volume 1,Total 5 volume 1,Total 6 volume 1
0,1.7694394108641648e+17,2.5111208499079248e+17,1.4382961689890436e+16,3.1272978263682056e+16,10199332171115.656,30618471836346.25,225382880660575.28,2.8246003266134004e+16
