t(s),Total solute volume 1,Total retention volume 1,Total 1 volume 1,Total 2 volume 1,Total 3 volume 1,Total 4 volume 1,Total 5 volume 1,Total 6 volume 1
0,1.0357694112375635e+17,3.467199799971015e+17,1.4382961689890436e+16,1.830613831100575e+16,99453427633638.1,460548383187076.25,2728119891149797.0,2.0716581717047894e+17
