t(s),Total solute volume 1,Total retention volume 1,Total 1 volume 1,Total 2 volume 1,Total 3 volume 1,Total 4 volume 1,Total 5 volume 1,Total 6 volume 1
0,9.367034766423861e+18,9.196149818154995e+20,1.00671705467033e+20,8.092422388220478e+20,3.545080885501332e+16,6.702674972880941e+16,6.152539402906568e+16,1.6999980738216794e+17
