t(s),Total solute volume 1,Total retention volume 1,Total 1 volume 1,Total 2 volume 1,Total 3 volume 1,Total 4 volume 1,Total 5 volume 1,Total 6 volume 1
0,5.483142302296937e+18,5.884193334479181e+20,1.0067170546703298e+20,4.7686637777748827e+20,3.909230584903717e+17,1.610775566578481e+18,1.2714592601869048e+18,2.1249500158476639e+18
