t(s),Total solute volume 1,Total retention volume 1,Total 1 volume 1,Total 2 volume 1,Total 3 volume 1,Total 4 volume 1,Total 5 volume 1,Total 6 volume 1
0,4.718423901827473e+18,1.681712535740346e+20,2.1816306119850037e+19,1.413400008682567e+20,6737256230645762.0,3.898530990010956e+16,6.564271643627398e+16,1.8515740153399357e+17
