t(s),Total solute volume 1,Total retention volume 1,Total 1 volume 1,Total 2 volume 1,Total 3 volume 1,Total 4 volume 1,Total 5 volume 1,Total 6 volume 1
0,2.7620042352160896e+18,1.0290619566698146e+23,2.1816306119850037e+19,8.283158743020675e+19,1.4984922161513442e+21,1.3845517801610436e+22,2.7758365968938637e+22,5.969640978249606e+22
