t(s),Total solute volume 1,Total retention volume 1,Total 1 volume 1,Total 2 volume 1,Total 3 volume 1,Total 4 volume 1,Total 5 volume 1,Total 6 volume 1
0,3.2527447322874304e+17,2.8863894080443766e+18,1.8471874136236307e+17,3.4428597201944646e+17,232884927006484.94,1674400380048447.2,1.7720813350344744e+16,2.0124821227764332e+18
