t(s),Total solute volume 1,Total retention volume 1,Total 1 volume 1,Total 2 volume 1,Total 3 volume 1,Total 4 volume 1,Total 5 volume 1,Total 6 volume 1
0,5.556772250990977e+17,1.5364809018644995e+18,1.8471874136236307e+17,5.881523663147372e+17,23870792845653.703,111211293777362.77,1456153261736298.0,2.0634133373994003e+17
