t(s),Total solute volume 1,Total retention volume 1,Total 1 volume 1,Total 2 volume 1,Total 3 volume 1,Total 4 volume 1,Total 5 volume 1,Total 6 volume 1
0,6.110165178850669e+17,2.341074816352825e+19,7.538773491030418e+17,1.7336694297627313e+18,7134337796716324.0,6.518247515885128e+16,8.927299357037595e+17,1.934713811811806e+19
