t(s),Total solute volume 1,Total retention volume 1,Total 1 volume 1,Total 2 volume 1,Total 3 volume 1,Total 4 volume 1,Total 5 volume 1,Total 6 volume 1
0,1.0438198847203212e+18,6.417673471104229e+18,7.538773491030418e+17,2.961613368357028e+18,731236274457710.2,4320760885887505.5,7.0114452109070856e+16,1.5831964196544307e+18
