t(s),Total solute volume 1,Total retention volume 1,Total 1 volume 1,Total 2 volume 1,Total 3 volume 1,Total 4 volume 1,Total 5 volume 1,Total 6 volume 1
0,3.4133172510483444e+19,3.150401344805304e+22,5.744900751039818e+21,2.57204529767919e+22,1.2750490249512837e+18,1.1702196661664865e+18,7.804758693717027e+17,1.3008031505441723e+18
