t(s),Total solute volume 1,Total retention volume 1,Total 1 volume 1,Total 2 volume 1,Total 3 volume 1,Total 4 volume 1,Total 5 volume 1,Total 6 volume 1
0,5.831083637207589e+19,3.810660957818872e+22,5.744900751039818e+21,3.230313354759354e+22,7.71370497645499e+16,4.551730281519212e+16,3.772359754628316e+16,1.040652330508802e+17
