t(s),Total solute volume 1,Total retention volume 1,Total 1 volume 1,Total 2 volume 1,Total 3 volume 1,Total 4 volume 1,Total 5 volume 1,Total 6 volume 1
0,8.70000992795148e+16,9.73566486209683e+16,2951661998355005.5,5065423436879563.0,2944943895244.1787,6728436499029.575,34418522034327.605,2295372003790851.5
