t(s),Total solute volume 1,Total retention volume 1,Total 1 volume 1,Total 2 volume 1,Total 3 volume 1,Total 4 volume 1,Total 5 volume 1,Total 6 volume 1
0,2.0104438942510703e+19,1.2468634277224596e+22,1.8076337742290042e+21,1.0636512866415753e+22,1.1725970109053765e+18,1.1539973680573742e+18,7.71214739038705e+17,1.285388519386285e+18
