t(s),Total solute volume 1,Total retention volume 1,Total 1 volume 1,Total 2 volume 1,Total 3 volume 1,Total 4 volume 1,Total 5 volume 1,Total 6 volume 1
0,3.434508319345575e+19,1.7657113216533995e+22,1.8076337742290045e+21,1.581487631351659e+22,7.301310869036918e+16,4.492423438131018e+16,3.727621259767667e+16,1.0283203958696109e+17
