t(s),Total solute volume 1,Total retention volume 1,Total 1 volume 1,Total 2 volume 1,Total 3 volume 1,Total 4 volume 1,Total 5 volume 1,Total 6 volume 1
0,8.516285748348854e+19,8.2171535629353e+22,3.579686312483719e+22,4.628721412782856e+22,6.552284458333228e+17,5.904959711806655e+17,3.936723712980362e+17,6.561224154788654e+17
