t(s),Total solute volume 1,Total retention volume 1,Total 1 volume 1,Total 2 volume 1,Total 3 volume 1,Total 4 volume 1,Total 5 volume 1,Total 6 volume 1
0,1.454865482009603e+20,8.391708411469727e+22,3.579686312483719e+22,4.797460062369274e+22,3.933615600068363e+16,2.2964126330295824e+16,1.9027640785727372e+16,5.249004281923073e+16
