t(s),Total solute volume 1,Total retention volume 1,Total 1 volume 1,Total 2 volume 1,Total 3 volume 1,Total 4 volume 1,Total 5 volume 1,Total 6 volume 1
0,6.1151907207788056e+16,1.0634025539744602e+17,4439458008290587.5,4740171994361015.0,43183135681310.12,163254704752442.78,738197183411354.8,3.506408316316162e+16
