t(s),Total solute volume 1,Total retention volume 1,Total 1 volume 1,Total 2 volume 1,Total 3 volume 1,Total 4 volume 1,Total 5 volume 1,Total 6 volume 1
0,1.0446784147997133e+17,1.2187623152803443e+17,4439458008290587.5,8097793286123659.0,4431060548953.985,10861913513937.23,61028291141369.34,4794817488443952.0
