t(s),Total solute volume 1,Total retention volume 1,Total 1 volume 1,Total 2 volume 1,Total 3 volume 1,Total 4 volume 1,Total 5 volume 1,Total 6 volume 1
0,4.566829557989454e+18,3.7289051293964363e+20,6.696388307350977e+19,2.9943637271575534e+20,9.38216227705023e+16,5.404603565163475e+17,4.817545364715724e+17,8.073910766319514e+17
