t(s),Total solute volume 1,Total retention volume 1,Total 1 volume 1,Total 2 volume 1,Total 3 volume 1,Total 4 volume 1,Total 5 volume 1,Total 6 volume 1
0,7.801667161565198e+18,5.842868105961609e+20,6.696388307350977e+19,5.094009276905077e+20,8885426888387958.0,2.3516577004164356e+16,2.3338547306256244e+16,6.4592119379918456e+16
