t(s),Total solute volume 1,Total retention volume 1,Total 1 volume 1,Total 2 volume 1,Total 3 volume 1,Total 4 volume 1,Total 5 volume 1,Total 6 volume 1
0,4.408003339419685e+17,1.0122355331566752e+18,1.1018915844204802e+17,3.247827274525352e+17,14233377939384.408,60681824445970.945,710194694909644.5,1.3567820342283782e+17
