t(s),Total solute volume 1,Total retention volume 1,Total 1 volume 1,Total 2 volume 1,Total 3 volume 1,Total 4 volume 1,Total 5 volume 1,Total 6 volume 1
0,2.5802946377090512e+17,1.7212153228383293e+18,1.1018915844204802e+17,1.9011722470774906e+17,138858008277744.98,913466540486238.1,8618002244581510.0,1.15320914912428e+18
