t(s),Total solute volume 1,Total retention volume 1,Total 1 volume 1,Total 2 volume 1,Total 3 volume 1,Total 4 volume 1,Total 5 volume 1,Total 6 volume 1
0,3.2527447322874304e+17,3.394395276010589e+18,1.8471874136236307e+17,3.4428597201944646e+17,291102879189696.8,2092968974915726.5,2.2150732202263284e+16,2.5155812853436483e+18
