t(s),Total solute volume 1,Total retention volume 1,Total 1 volume 1,Total 2 volume 1,Total 3 volume 1,Total 4 volume 1,Total 5 volume 1,Total 6 volume 1
0,5.556772250990977e+17,1.5884638524703132e+18,1.8471874136236307e+17,5.881523663147372e+17,29838469766000.85,139014033227886.66,1820190400144999.8,2.5792647679097357e+17
