t(s),Total solute volume 1,Total retention volume 1,Total 1 volume 1,Total 2 volume 1,Total 3 volume 1,Total 4 volume 1,Total 5 volume 1,Total 6 volume 1
0,5.88665732355986e+16,9.517449200704093e+16,4077840541915392.0,4299130609532137.0,35827201067169.17,133479488630152.55,591877807570759.0,2.7169763122726824e+16
