t(s),Total solute volume 1,Total retention volume 1,Total 1 volume 1,Total 2 volume 1,Total 3 volume 1,Total 4 volume 1,Total 5 volume 1,Total 6 volume 1
0,1.0056372927748115e+17,1.1576264111191656e+17,4077840541915392.0,7344347682422831.0,3675976195144.6045,8879920798882.617,48927428640435.73,3715240284462882.5
