t(s),Total solute volume 1,Total retention volume 1,Total 1 volume 1,Total 2 volume 1,Total 3 volume 1,Total 4 volume 1,Total 5 volume 1,Total 6 volume 1
0,2.3091608011640064e+17,4.37794814427349e+17,2.6047523684028044e+16,6.18908749437171e+16,26881257063155.383,89396797475018.48,754133389916143.9,1.180699242387493e+17
