t(s),Total solute volume 1,Total retention volume 1,Total 1 volume 1,Total 2 volume 1,Total 3 volume 1,Total 4 volume 1,Total 5 volume 1,Total 6 volume 1
0,1.3517038836082043e+17,1.0800136167658084e+18,2.6047523684028044e+16,3.622882322688759e+16,262090974442027.0,1344481014659525.0,9128176217658876.0,8.718321332873225e+17
