t(s),Total solute volume 1,Total retention volume 1,Total 1 volume 1,Total 2 volume 1,Total 3 volume 1,Total 4 volume 1,Total 5 volume 1,Total 6 volume 1
0,2.2349716812900077e+17,3.0070135081011666e+18,7.99733013773092e+16,1.3153125251363437e+17,352577567640959.94,2194745548048066.0,1.9257671632486308e+16,2.5502067913330575e+18
