t(s),Total solute volume 1,Total retention volume 1,Total 1 volume 1,Total 2 volume 1,Total 3 volume 1,Total 4 volume 1,Total 5 volume 1,Total 6 volume 1
0,3.818076622203744e+17,1.0074126915050092e+18,7.99733013773092e+16,2.2469880913100803e+17,36145724841188.74,145834052934948.1,1588607595672943.5,3.19162331402865e+17
