t(s),Total solute volume 1,Total retention volume 1,Total 1 volume 1,Total 2 volume 1,Total 3 volume 1,Total 4 volume 1,Total 5 volume 1,Total 6 volume 1
0,2.1836778534678442e+17,3.6066235175344544e+17,2.2995109404381096e+16,5.36299248106901e+16,16313505001644.045,53099252371724.81,435313466308135.7,6.516480596790912e+16
