t(s),Total solute volume 1,Total retention volume 1,Total 1 volume 1,Total 2 volume 1,Total 3 volume 1,Total 4 volume 1,Total 5 volume 1,Total 6 volume 1
0,1.2782504508104443e+17,6.686273780277212e+17,2.2995109404381096e+16,3.1393140520667656e+16,159084458547616.03,798779484046471.6,5270043443221331.0,4.8018617563580915e+17
