t(s),Total solute volume 1,Total retention volume 1,Total 1 volume 1,Total 2 volume 1,Total 3 volume 1,Total 4 volume 1,Total 5 volume 1,Total 6 volume 1
0,1.7152588772477386e+17,3.5243880782210746e+17,4.431341940307482e+16,6.672760546581344e+16,13949771980140.18,78440969916314.81,601484626177471.6,6.917801986037208e+16
