t(s),Total solute volume 1,Total retention volume 1,Total 1 volume 1,Total 2 volume 1,Total 3 volume 1,Total 4 volume 1,Total 5 volume 1,Total 6 volume 1
0,2.9302339152982e+17,4.605743705280749e+17,4.431341940307482e+16,1.1399288614301397e+17,1429867136658.6533,5211169289176.681,49644378015935.836,9188388037717772.0
