t(s),Total solute volume 1,Total retention volume 1,Total 1 volume 1,Total 2 volume 1,Total 3 volume 1,Total 4 volume 1,Total 5 volume 1,Total 6 volume 1
0,2.9302339152982e+17,7.009283121830177e+17,4.431341940307482e+16,1.1399288614301397e+17,38605280278692.96,140698076080795.16,1340362575450628.2,2.4807894917529258e+17
