t(s),Total solute volume 1,Total retention volume 1,Total 1 volume 1,Total 2 volume 1,Total 3 volume 1,Total 4 volume 1,Total 5 volume 1,Total 6 volume 1
0,1.7152588772477386e+17,2.1684460216331274e+18,4.431341940307482e+16,6.672760546581345e+16,376469483171036.06,2116596585393444.0,1.6231514910479762e+16,1.867154528060455e+18
