t(s),Total solute volume 1,Total retention volume 1,Total 1 volume 1,Total 2 volume 1,Total 3 volume 1,Total 4 volume 1,Total 5 volume 1,Total 6 volume 1
0,3.332883936767457e+17,8.005295375890543e+17,5.905751296626006e+16,1.5858298787719715e+17,32403305017395.695,124084953772513.53,1262026492931776.2,2.4818212831712717e+17
