t(s),Total solute volume 1,Total retention volume 1,Total 1 volume 1,Total 2 volume 1,Total 3 volume 1,Total 4 volume 1,Total 5 volume 1,Total 6 volume 1
0,1.9607015664959024e+17,2.9968546524253536e+17,1.8083672627208548e+16,4.068797579280357e+16,13409315380543.7,41875541716191.016,324884942027899.0,4.446349037380738e+16
