t(s),Total solute volume 1,Total retention volume 1,Total 1 volume 1,Total 2 volume 1,Total 3 volume 1,Total 4 volume 1,Total 5 volume 1,Total 6 volume 1
0,1.1477277462414928e+17,4.880381940919208e+17,1.8083672627208548e+16,2.3817359628092044e+16,130755922254481.5,629886564472368.1,3932713851941631.5,3.2667103087379866e+17
