t(s),Total solute volume 1,Total retention volume 1,Total 1 volume 1,Total 2 volume 1,Total 3 volume 1,Total 4 volume 1,Total 5 volume 1,Total 6 volume 1
0,4.7566518870554744e+16,6.833346585819044e+16,2534742031225782.5,2489019978208205.5,29398111920671.87,100886809025914.22,401081415243110.94,1.5211818642012526e+16
