t(s),Total solute volume 1,Total retention volume 1,Total 1 volume 1,Total 2 volume 1,Total 3 volume 1,Total 4 volume 1,Total 5 volume 1,Total 6 volume 1
0,7.831248687372006e+17,4.893223761378081e+18,3.971127163555371e+17,1.417606166617462e+18,487776527014250.5,2589387525477036.0,3.922935174983556e+16,2.25307349386554e+18
