t(s),Total solute volume 1,Total retention volume 1,Total 1 volume 1,Total 2 volume 1,Total 3 volume 1,Total 4 volume 1,Total 5 volume 1,Total 6 volume 1
0,4.584145573095851e+17,2.825313930203192e+19,3.971127163555371e+17,8.29827887724081e+17,4757807270865869.0,3.8997018740999e+16,4.834588017112108e+17,2.6040570512919634e+19
