t(s),Total solute volume 1,Total retention volume 1,Total 1 volume 1,Total 2 volume 1,Total 3 volume 1,Total 4 volume 1,Total 5 volume 1,Total 6 volume 1
0,6.639539189064714e+18,9.375033489017037e+20,1.542273968290348e+20,7.742999917924197e+20,2.4544981059876598e+17,7.081452340404575e+17,5.1813192388432486e+17,8.646941226627918e+17
