t(s),Total solute volume 1,Total retention volume 1,Total 1 volume 1,Total 2 volume 1,Total 3 volume 1,Total 4 volume 1,Total 5 volume 1,Total 6 volume 1
0,1.1342546114652189e+19,1.4742860822566643e+21,1.542273968290348e+20,1.3085723532580752e+21,2.094707771885474e+16,2.8607400584112024e+16,2.5056973177132164e+16,6.917460342232034e+16
