t(s),Total solute volume 1,Total retention volume 1,Total 1 volume 1,Total 2 volume 1,Total 3 volume 1,Total 4 volume 1,Total 5 volume 1,Total 6 volume 1
0,9.340096063528438e+16,1.0614558490397216e+17,3458157710870755.0,6076746478966877.0,3562110372077.1577,8363779351081.312,44370122330905.336,3153424066795666.5
