t(s),Total solute volume 1,Total retention volume 1,Total 1 volume 1,Total 2 volume 1,Total 3 volume 1,Total 4 volume 1,Total 5 volume 1,Total 6 volume 1
0,5.467373305480017e+16,8.544242104294978e+16,3458157710870755.0,3557120067332162.0,34710289720950.4,125685651701250.2,536619379000265.75,2.305639488952384e+16
