t(s),Total solute volume 1,Total retention volume 1,Total 1 volume 1,Total 2 volume 1,Total 3 volume 1,Total 4 volume 1,Total 5 volume 1,Total 6 volume 1
0,6.8888290702006904e+16,1.222810155978355e+17,5790815030907821.0,6433524569071775.0,40000516497190.74,158333815453438.0,760982514854595.9,4.020906844904265e+16
