t(s),Total solute volume 1,Total retention volume 1,Total 1 volume 1,Total 2 volume 1,Total 3 volume 1,Total 4 volume 1,Total 5 volume 1,Total 6 volume 1
0,1.1768416328259624e+17,1.40038996780517e+17,5790815030907821.0,1.0990603481902652e+16,4102943033074.7866,10529074605626.8,62884333970201.375,5495898633503221.0
