t(s),Total solute volume 1,Total retention volume 1,Total 1 volume 1,Total 2 volume 1,Total 3 volume 1,Total 4 volume 1,Total 5 volume 1,Total 6 volume 1
0,6.549761982660554e+18,3.786087327718269e+20,4.533611706929847e+19,3.264895769282699e+20,1.1686573080257372e+16,4.235124890602545e+16,4.746534057705204e+16,1.3177362903600795e+17
