t(s),Total solute volume 1,Total retention volume 1,Total 1 volume 1,Total 2 volume 1,Total 3 volume 1,Total 4 volume 1,Total 5 volume 1,Total 6 volume 1
0,3.8340070142403466e+18,2.444602352850125e+20,4.533611706929847e+19,1.916287548066981e+20,1.198917657558218e+17,9.166856480538948e+17,9.776326353735488e+17,1.6471463455914831e+18
