t(s),Total solute volume 1,Total retention volume 1,Total 1 volume 1,Total 2 volume 1,Total 3 volume 1,Total 4 volume 1,Total 5 volume 1,Total 6 volume 1
0,6.768171426953814e+17,6.496638310906369e+18,9.470815640223639e+17,2.2534875290841032e+18,1195361454613905.8,1.1345316142611382e+16,1.584231457475202e+17,2.4482882517597747e+18
