t(s),Total solute volume 1,Total retention volume 1,Total 1 volume 1,Total 2 volume 1,Total 3 volume 1,Total 4 volume 1,Total 5 volume 1,Total 6 volume 1
0,1.1562292854379274e+18,6.164595211420752e+18,9.470815640223638e+17,3.849586369903471e+18,122486676553151.92,751106861841054.8,1.2182042108349484e+16,1.986423564102701e+17
