t(s),Total solute volume 1,Total retention volume 1,Total 1 volume 1,Total 2 volume 1,Total 3 volume 1,Total 4 volume 1,Total 5 volume 1,Total 6 volume 1
0,8.957740053321614e+16,1.4472452450573843e+17,1.040317029189783e+16,1.2615155834536546e+16,19620355640671.53,85934042076182.6,472490940202156.75,3.1550752508167132e+16
