t(s),Total solute volume 1,Total retention volume 1,Total 1 volume 1,Total 2 volume 1,Total 3 volume 1,Total 4 volume 1,Total 5 volume 1,Total 6 volume 1
0,5.599791014061281e+17,3.260062539830507e+18,6.205788698891987e+17,1.3862391755847913e+18,195783084627886.75,1731278702225499.8,2.3132790439463016e+16,6.682055407240803e+17
