t(s),Total solute volume 1,Total retention volume 1,Total 1 volume 1,Total 2 volume 1,Total 3 volume 1,Total 4 volume 1,Total 5 volume 1,Total 6 volume 1
0,5.599791014061281e+17,3.2600625398184545e+18,6.205788698891987e+17,1.3862391755847913e+18,195783084627886.75,1731278702225500.0,2.313279043946285e+16,6.682055407120364e+17
