t(s),Total solute volume 1,Total retention volume 1,Total 1 volume 1,Total 2 volume 1,Total 3 volume 1,Total 4 volume 1,Total 5 volume 1,Total 6 volume 1
0,9.566309649021271e+17,4.0025633795572613e+18,6.205788698891987e+17,2.368112616809924e+18,20064074253327.008,114803320302224.62,1840782251331561.2,5.526527831013406e+16
