t(s),Total solute volume 1,Total retention volume 1,Total 1 volume 1,Total 2 volume 1,Total 3 volume 1,Total 4 volume 1,Total 5 volume 1,Total 6 volume 1
0,2.7620042352160896e+18,1.1853891999962513e+20,2.1816306119850037e+19,8.283158743020675e+19,1.676866987084466e+17,1.832609111744627e+18,3.3429203104717025e+18,5.785806093427129e+18
