t(s),Total solute volume 1,Total retention volume 1,Total 1 volume 1,Total 2 volume 1,Total 3 volume 1,Total 4 volume 1,Total 5 volume 1,Total 6 volume 1
0,4.718423901827473e+18,1.6861603604790372e+20,2.1816306119850037e+19,1.413400008682567e+20,1.684310159279334e+16,9.74630837343891e+16,1.6410644692256326e+17,4.628925257202383e+17
