t(s),Total solute volume 1,Total retention volume 1,Total 1 volume 1,Total 2 volume 1,Total 3 volume 1,Total 4 volume 1,Total 5 volume 1,Total 6 volume 1
0,7.180129369195402e+16,1.2285850936733195e+17,6351323389472384.0,7154332371437873.0,33910554593379.55,136391804010457.84,669570250595118.8,3.671168730526858e+16
