t(s),Total solute volume 1,Total retention volume 1,Total 1 volume 1,Total 2 volume 1,Total 3 volume 1,Total 4 volume 1,Total 5 volume 1,Total 6 volume 1
0,1.2266054339042045e+17,1.4631849742771437e+17,6351323389472384.0,1.22219832432844e+16,3477669280825.0796,9067759832114.982,55319036484028.68,5016782938938331.0
