t(s),Total solute volume 1,Total retention volume 1,Total 1 volume 1,Total 2 volume 1
0,1.710368165630296e+19,3.9805723224481165e+21,3.850111262848305e+20,3.5784575145069694e+21
