t(s),Total solute volume 1,Total retention volume 1,Total 1 volume 1,Total 2 volume 1
0,1.001191121344553e+19,2.5530376568025713e+21,3.850111262848305e+20,2.1580146193042923e+21
