t(s),Total solute volume 1,Total retention volume 1,Total 1 volume 1,Total 2 volume 1
0,1.8614795258035258e+17,2.378688626489284e+17,1.6105550931134632e+16,3.561535913744106e+16
