t(s),Total solute volume 1,Total retention volume 1,Total 1 volume 1,Total 2 volume 1,Total 3 volume 1,Total 4 volume 1,Total 5 volume 1,Total 6 volume 1
0,9.011205916778291e+16,9.89344229973921e+16,3192384722575143.5,5543091834178185.0,102761470999.02095,237975612147.55292,1239479505221.8052,85307056266966.55
