t(s),Total solute volume 1,Total retention volume 1,Total 1 volume 1,Total 2 volume 1,Total 3 volume 1,Total 4 volume 1,Total 5 volume 1,Total 6 volume 1
0,5.274852243967814e+16,5.982948942523213e+16,3192384722575143.5,3244736830869188.5,1002512208378.8801,3581884179270.5137,15010752399447.291,624250283323045.5
