t(s),Total solute volume 1,Total retention volume 1,Total 1 volume 1,Total 2 volume 1,Total 3 volume 1,Total 4 volume 1,Total 5 volume 1,Total 6 volume 1
0,1.950956450790701e+17,3.7465052042883896e+18,5.905751296626006e+16,9.282918675798294e+16,557618889637736.06,3294135118461643.5,2.6976519078454844e+16,3.3686945863985203e+18
