t(s),Total solute volume 1,Total retention volume 1,Total 1 volume 1,Total 2 volume 1,Total 3 volume 1,Total 4 volume 1,Total 5 volume 1,Total 6 volume 1
0,3.332883936767457e+17,9.913945276783245e+17,5.905751296626006e+16,1.5858298787719715e+17,57181538177552.484,218970967876922.5,2227078581398293.0,4.3796240207067386e+17
