t(s),Total solute volume 1,Total retention volume 1,Total 1 volume 1,Total 2 volume 1,Total 3 volume 1,Total 4 volume 1,Total 5 volume 1,Total 6 volume 1
0,4.1904446013324595e+17,1.7657298648221352e+19,3.250257609819086e+17,6.591645730832125e+17,2459353052222052.5,1.94804966632308e+16,2.3226942765751085e+17,1.599985457665002e+19
