t(s),Total solute volume 1,Total retention volume 1,Total 1 volume 1,Total 2 volume 1,Total 3 volume 1,Total 4 volume 1,Total 5 volume 1,Total 6 volume 1
0,7.158676193942945e+17,3.617776143492328e+18,3.250257609819086e+17,1.1260624170802307e+18,252116442205680.44,1293638798985191.0,1.894059452525555e+16,1.430333996269442e+18
