t(s),Total solute volume 1,Total retention volume 1,Total 1 volume 1,Total 2 volume 1,Total 3 volume 1,Total 4 volume 1,Total 5 volume 1,Total 6 volume 1
0,4.920172616987362e+16,6.9262146051757976e+16,2733248773475387.0,2714355750467661.0,25713653763737.27,89407619676734.56,361635409676253.06,1.4136058674824062e+16
