t(s),Total solute volume 1,Total retention volume 1,Total 1 volume 1,Total 2 volume 1,Total 3 volume 1,Total 4 volume 1,Total 5 volume 1,Total 6 volume 1
0,7.772197376133865e+19,5.0452541281636234e+22,1.0574109797244612e+22,3.980048746435125e+22,6.5076070831870216e+16,3.814975072715098e+16,3.1612773517949056e+16,8.720768401334963e+16
