t(s),Total solute volume 1,Total retention volume 1,Total 1 volume 1,Total 2 volume 1,Total 3 volume 1,Total 4 volume 1,Total 5 volume 1,Total 6 volume 1
0,2.445311007127456e+17,5.084422347847637e+17,2.9598370758294e+16,7.168383321791445e+16,33413238143872.582,113594478070757.98,986739691596598.1,1.6149518268800054e+17
