t(s),Total solute volume 1,Total retention volume 1,Total 1 volume 1,Total 2 volume 1,Total 3 volume 1,Total 4 volume 1,Total 5 volume 1,Total 6 volume 1
0,1.4314015651477992e+17,1.4246209324360381e+18,2.9598370758294e+16,4.196129288420449e+16,325767386646567.06,1708333706209500.2,1.1943747030817438e+16,1.1959432641550943e+18
