t(s),Total solute volume 1,Total retention volume 1,Total 1 volume 1,Total 2 volume 1,Total 3 volume 1,Total 4 volume 1,Total 5 volume 1,Total 6 volume 1
0,6.639539189064714e+18,9.355007051931137e+20,1.542273968290348e+20,7.742999917924197e+20,3.506453222143628e+16,1.0116465926379504e+17,7.401950466817422e+16,1.2352868644258467e+17
