t(s),Total solute volume 1,Total retention volume 1,Total 1 volume 1,Total 2 volume 1,Total 3 volume 1,Total 4 volume 1,Total 5 volume 1,Total 6 volume 1
0,1.1342546114652189e+19,1.474162837284885e+21,1.542273968290348e+20,1.3085723532580817e+21,2992441152737920.5,4086773222503413.5,3579569239034211.5,9882299503851232.0
