t(s),Total solute volume 1,Total retention volume 1,Total 1 volume 1,Total 2 volume 1
0,4.0452254584778307e+18,1.1485361011173592e+20,1.547610356973599e+19,9.533228108352348e+19
