t(s),Total solute volume 1,Total retention volume 1,Total 1 volume 1,Total 2 volume 1
0,2.3679368537431424e+18,7.369194945593161e+19,1.5476103569735987e+19,5.584790903245229e+19
