t(s),Total solute volume 1,Total retention volume 1,Total 1 volume 1,Total 2 volume 1,Total 3 volume 1,Total 4 volume 1,Total 5 volume 1,Total 6 volume 1
0,4.408003339419685e+17,1.967452113887705e+18,1.1018915844204802e+17,3.247827274525352e+17,113864338344625.27,485444901815547.7,5681436139224015.0,1.0853991486717756e+18
