t(s),Total solute volume 1,Total retention volume 1,Total 1 volume 1,Total 2 volume 1,Total 3 volume 1,Total 4 volume 1,Total 5 volume 1,Total 6 volume 1
0,1.3517038836082043e+17,6.388433463411219e+17,2.6047523684028044e+16,3.622882322688759e+16,131089767028168.78,672543928008214.2,4565846121407701.0,4.3602713125294176e+17
