t(s),Total solute volume 1,Total retention volume 1,Total 1 volume 1,Total 2 volume 1,Total 3 volume 1,Total 4 volume 1,Total 5 volume 1,Total 6 volume 1
0,4.0452254584778307e+18,1.1510632278570099e+20,1.5476103569735987e+19,9.533228108352348e+19,3890953306611277.5,2.583560577741839e+16,5.760735076846641e+16,1.6537876411163898e+17
