t(s),Total solute volume 1,Total retention volume 1,Total 1 volume 1,Total 2 volume 1,Total 3 volume 1,Total 4 volume 1,Total 5 volume 1,Total 6 volume 1
0,2.3679368537431424e+18,7.7413692669345e+19,1.547610356973599e+19,5.5847909032452284e+19,3.845997158937096e+16,4.5645002012038054e+17,1.1597081429519662e+18,2.0671250787516529e+18
