t(s),Total solute volume 1,Total retention volume 1,Total 1 volume 1,Total 2 volume 1,Total 3 volume 1,Total 4 volume 1,Total 5 volume 1,Total 6 volume 1
0,4.751131107528108e+17,1.1604533498101437e+18,1.3024520054842829e+17,3.9361074833054605e+17,16826458154834.691,73829051368974.0,896562452026314.4,1.6049707221681306e+17
