t(s),Total solute volume 1,Total retention volume 1,Total 1 volume 1,Total 2 volume 1,Total 3 volume 1,Total 4 volume 1,Total 5 volume 1,Total 6 volume 1
0,2.781149916601816e+17,2.0720982719103534e+18,1.3024520054842829e+17,2.3040703518610144e+17,164156801550536.0,1111425566475910.5,1.0886830300363348e+16,1.4211686318472607e+18
