t(s),Total solute volume 1,Total retention volume 1,Total 1 volume 1,Total 2 volume 1,Total 3 volume 1,Total 4 volume 1,Total 5 volume 1,Total 6 volume 1
0,3.004256454956098e+17,6.789505011093416e+18,1.5471077007747866e+17,2.8081807250400986e+17,682496043147402.5,4759540828983868.0,4.8444742490308424e+16,5.999663743653876e+18
