t(s),Total solute volume 1,Total retention volume 1,Total 1 volume 1,Total 2 volume 1,Total 3 volume 1,Total 4 volume 1,Total 5 volume 1,Total 6 volume 1
0,7.158676193942945e+17,3.3759757248425313e+18,3.250257609819086e+17,1.1260624170802307e+18,210097535368180.56,1078034505795080.9,1.5783862826120674e+16,1.1919479325188106e+18
