t(s),Total solute volume 1,Total retention volume 1,Total 1 volume 1,Total 2 volume 1,Total 3 volume 1,Total 4 volume 1,Total 5 volume 1,Total 6 volume 1
0,4.1904446013324595e+17,1.4948675041377532e+19,3.250257609819086e+17,6.591645730832125e+17,2049537905415944.0,1.6234562279535548e+16,1.9356614947166573e+17,1.3333589997522582e+19
