t(s),Total solute volume 1,Total retention volume 1,Total 1 volume 1,Total 2 volume 1,Total 3 volume 1,Total 4 volume 1,Total 5 volume 1,Total 6 volume 1
0,2.6900722401125917e+19,1.0973360522446256e+22,1.0530177027067483e+21,9.893021029122632e+21,1.1455512231103242e+17,7.431455345701918e+16,6.177368404241011e+16,1.7042485596655926e+17
