t(s),Total solute volume 1,Total retention volume 1,Total 1 volume 1,Total 2 volume 1,Total 3 volume 1,Total 4 volume 1,Total 5 volume 1,Total 6 volume 1
0,1.1342546114652189e+19,1.4743066246226963e+21,1.542273968290348e+20,1.3085723532580815e+21,2.393951542155017e+16,3.269416982035792e+16,2.863653892309818e+16,7.905819676367186e+16
