t(s),Total solute volume 1,Total retention volume 1,Total 1 volume 1,Total 2 volume 1,Total 3 volume 1,Total 4 volume 1,Total 5 volume 1,Total 6 volume 1
0,6.639539189064714e+18,9.378371288917292e+20,1.542273968290348e+20,7.742999917924197e+20,2.805137045066343e+17,8.093074331017914e+17,5.921498952587165e+17,9.88230048342985e+17
