t(s),Total solute volume 1,Total retention volume 1,Total 1 volume 1,Total 2 volume 1,Total 3 volume 1,Total 4 volume 1,Total 5 volume 1,Total 6 volume 1
0,1.2266054339042045e+17,1.4661758263377834e+17,6351323389472384.0,1.22219832432844e+16,3682230313320.393,9601140360780.666,58572985750275.13,5311876254174667.0
