t(s),Total solute volume 1,Total retention volume 1,Total 1 volume 1,Total 2 volume 1,Total 3 volume 1,Total 4 volume 1,Total 5 volume 1,Total 6 volume 1
0,7.180129369195402e+16,1.2506641682934421e+17,6351323389472384.0,7154332371437873.0,35904100754915.08,144408445792777.34,708929899087689.0,3.887022493084523e+16
