t(s),Total solute volume 1,Total retention volume 1,Total 1 volume 1,Total 2 volume 1,Total 3 volume 1,Total 4 volume 1,Total 5 volume 1,Total 6 volume 1
0,1.806632037606207e+18,1.774480049348544e+19,2.563088576888768e+18,1.2087386361672243e+19,2400203773674636.0,1.7019155591559986e+16,2.032533203614786e+17,1.0650208375915453e+18
