t(s),Total solute volume 1,Total retention volume 1,Total 1 volume 1,Total 2 volume 1,Total 3 volume 1,Total 4 volume 1,Total 5 volume 1,Total 6 volume 1
0,1.0575407049402066e+18,2.7415144254053794e+19,2.563088576888768e+18,7.076244436375885e+18,2.3442677717254784e+16,2.6005961697213683e+17,3.146371380531179e+18,1.3288396860628343e+19
