t(s),Total solute volume 1,Total retention volume 1,Total 1 volume 1,Total 2 volume 1,Total 3 volume 1,Total 4 volume 1,Total 5 volume 1,Total 6 volume 1
0,7.831248687372006e+17,4.2287819875263744e+18,3.971127163555371e+17,1.417606166617462e+18,346580186486479.7,1839837543504379.8,2.7873641855921532e+16,1.6008781762302607e+18
