t(s),Total solute volume 1,Total retention volume 1,Total 1 volume 1,Total 2 volume 1,Total 3 volume 1,Total 4 volume 1,Total 5 volume 1,Total 6 volume 1
0,4.584145573095851e+17,2.056385892753363e+19,3.971127163555371e+17,8.29827887724081e+17,3380874907236750.5,2.77119953502673e+16,3.435481531929967e+17,1.8503862742693933e+19
