t(s),Total solute volume 1,Total retention volume 1,Total 1 volume 1,Total 2 volume 1,Total 3 volume 1,Total 4 volume 1,Total 5 volume 1,Total 6 volume 1
0,1.5460920402662884e+18,4.640159468387775e+19,5.979897840391367e+18,1.873360234042119e+19,7.146577629227608e+16,8.726932857802799e+17,5.884163233093011e+18,1.3313680167633314e+19
