t(s),Total solute volume 1,Total retention volume 1,Total 1 volume 1,Total 2 volume 1,Total 3 volume 1,Total 4 volume 1,Total 5 volume 1,Total 6 volume 1
0,2.641240568788231e+18,4.206331567676216e+19,5.979897840391367e+18,3.199484310387922e+19,7298472235560277.0,5.514482839788617e+16,3.193876709040081e+17,1.0655031921658473e+18
