t(s),Total solute volume 1,Total retention volume 1,Total 1 volume 1,Total 2 volume 1
0,3.563921568279588e+17,6.13291973815242e+17,6.858169948084933e+16,1.8831811750643e+17
