t(s),Total solute volume 1,Total retention volume 1,Total 1 volume 1,Total 2 volume 1
0,2.0861979911880643e+17,3.8743666439732486e+17,6.858169948084933e+16,1.1023516579767e+17
