t(s),Total solute volume 1,Total retention volume 1,Total 1 volume 1,Total 2 volume 1,Total 3 volume 1,Total 4 volume 1,Total 5 volume 1,Total 6 volume 1
0,5.556772250990977e+17,1.9003599460589916e+18,1.8471874136236307e+17,5.881523663147372e+17,65644352444525.65,305829764387648.44,4004403343654331.5,5.6743573582230176e+17
