t(s),Total solute volume 1,Total retention volume 1,Total 1 volume 1,Total 2 volume 1,Total 3 volume 1,Total 4 volume 1,Total 5 volume 1,Total 6 volume 1
0,3.2527447322874304e+17,6.442248326886911e+18,1.8471874136236307e+17,3.4428597201944646e+17,640383047328007.8,4604115986704434.0,4.8727855971736616e+16,5.533996785270593e+18
