t(s),Total solute volume 1,Total retention volume 1,Total 1 volume 1,Total 2 volume 1,Total 3 volume 1,Total 4 volume 1,Total 5 volume 1,Total 6 volume 1
0,1.0860966694806053e+17,1.2294904914833997e+17,4841705944743442.0,8946718178722158.0,467734167982.65155,1163825231117.4067,6670718160559.845,542655799252948.94
