t(s),Total solute volume 1,Total retention volume 1,Total 1 volume 1,Total 2 volume 1,Total 3 volume 1,Total 4 volume 1,Total 5 volume 1,Total 6 volume 1
0,6.357639040862142e+16,7.772949511433323e+16,4841705944743442.0,5237103708245424.0,4562796806785.518,17515786253268.176,80780420346901.12,3971436049315643.0
