t(s),Total solute volume 1,Total retention volume 1,Total 1 volume 1,Total 2 volume 1,Total 3 volume 1,Total 4 volume 1,Total 5 volume 1,Total 6 volume 1
0,6.357639040862142e+16,1.0080437867661603e+17,4841705944743442.0,5237103708245424.0,30399912598872.645,116675861934523.62,538158095425269.6,2.646394474504708e+16
