t(s),Total solute volume 1,Total retention volume 1,Total 1 volume 1,Total 2 volume 1,Total 3 volume 1,Total 4 volume 1,Total 5 volume 1,Total 6 volume 1
0,9.011205916778291e+16,1.0032455535485915e+17,3192384722575143.5,5543091834178185.0,1746871658804.2659,4045441572342.42,21070349821709.33,1450156967269344.5
