t(s),Total solute volume 1,Total retention volume 1,Total 1 volume 1,Total 2 volume 1,Total 3 volume 1,Total 4 volume 1,Total 5 volume 1,Total 6 volume 1
0,5.274852243967814e+16,7.0125456608958e+16,3192384722575143.5,3244736830869188.5,17031416607402.16,60838150099124.016,254990080567322.4,1.0606952968561414e+16
