t(s),Total solute volume 1,Total retention volume 1,Total 1 volume 1,Total 2 volume 1,Total 3 volume 1,Total 4 volume 1,Total 5 volume 1,Total 6 volume 1
0,1.827745988668061e+17,3.1567528408322703e+18,5.1059153534519e+16,7.853065002362187e+16,514141363158290.1,2962013935663348.5,2.346358197162664e+16,2.817448701136883e+18
