t(s),Total solute volume 1,Total retention volume 1,Total 1 volume 1,Total 2 volume 1,Total 3 volume 1,Total 4 volume 1,Total 5 volume 1,Total 6 volume 1
0,3.122399397307938e+17,8.705284395691348e+17,5.1059153534519e+16,1.3415637957682182e+17,52726004664780.28,196910508505750.38,1937479548462544.0,3.708858506653711e+17
