t(s),Total solute volume 1,Total retention volume 1,Total 1 volume 1,Total 2 volume 1,Total 3 volume 1,Total 4 volume 1,Total 5 volume 1,Total 6 volume 1
0,9.85717952218855e+16,2.5316267834688845e+17,1.2878448802488326e+16,1.6122851276236812e+16,64766203105927.95,294273686378504.5,1699427491530627.2,1.2353111566526054e+17
