t(s),Total solute volume 1,Total retention volume 1,Total 1 volume 1,Total 2 volume 1,Total 3 volume 1,Total 4 volume 1,Total 5 volume 1,Total 6 volume 1
0,1.6839348350405472e+17,2.2583258143548086e+17,1.2878448802488326e+16,2.7543198044355056e+16,6641163038861.695,19560636896264.99,140378153979239.1,1.6850871130668552e+16
