t(s),Total solute volume 1,Total retention volume 1,Total 1 volume 1,Total 2 volume 1,Total 3 volume 1,Total 4 volume 1,Total 5 volume 1,Total 6 volume 1
0,2.1836778534678442e+17,3.8752596187348486e+17,2.2995109404381096e+16,5.36299248106901e+16,22986923505651.25,74820879767932.27,613389281247298.2,9.182194522710845e+16
