t(s),Total solute volume 1,Total retention volume 1,Total 1 volume 1,Total 2 volume 1,Total 3 volume 1,Total 4 volume 1,Total 5 volume 1,Total 6 volume 1
0,1.0357694112375635e+17,3.371577946780446e+17,1.4382961689890436e+16,1.830613831100575e+16,94935242582497.67,439629367042111.0,2604190278466033.5,1.9775299866530243e+17
