t(s),Total solute volume 1,Total retention volume 1,Total 1 volume 1,Total 2 volume 1,Total 3 volume 1,Total 4 volume 1,Total 5 volume 1,Total 6 volume 1
0,1.7694394108641648e+17,2.4981612124357664e+17,1.4382961689890436e+16,3.1272978263682056e+16,9735741923741.744,29226763180022.344,215138519887947.7,2.696213917859484e+16
