t(s),Total solute volume 1,Total retention volume 1,Total 1 volume 1,Total 2 volume 1,Total 3 volume 1,Total 4 volume 1,Total 5 volume 1,Total 6 volume 1
0,1.1300816793349946e+17,1.3337151128638904e+17,5290051337496820.0,9905407456456890.0,4088515226993.2983,10329719518357.758,60424417091273.54,5093041907100775.0
