t(s),Total solute volume 1,Total retention volume 1,Total 1 volume 1,Total 2 volume 1,Total 3 volume 1,Total 4 volume 1,Total 5 volume 1,Total 6 volume 1
0,6.615112269277926e+16,1.1542249554137618e+17,5290051337496820.0,5798287762430659.0,39856398794735.98,155317492019876.78,731139714809252.0,3.725672014304503e+16
