t(s),Total solute volume 1,Total retention volume 1,Total 1 volume 1,Total 2 volume 1,Total 3 volume 1,Total 4 volume 1,Total 5 volume 1,Total 6 volume 1
0,5.556772250990977e+17,3.0439553428039153e+18,1.8471874136236307e+17,5.881523663147372e+17,196929965947907.88,917477097518583.0,1.2013039130745764e+16,1.7022795638334991e+18
