t(s),Total solute volume 1,Total retention volume 1,Total 1 volume 1,Total 2 volume 1,Total 3 volume 1,Total 4 volume 1,Total 5 volume 1,Total 6 volume 1
0,4.566829557989454e+18,3.736598746516305e+20,6.696388307350977e+19,2.9943637271575534e+20,1.3134982534932645e+17,7.566410627894922e+17,6.74453737261939e+17,1.1303446789763927e+18
