t(s),Total solute volume 1,Total retention volume 1,Total 1 volume 1,Total 2 volume 1,Total 3 volume 1,Total 4 volume 1,Total 5 volume 1,Total 6 volume 1
0,7.801667161565198e+18,5.843349430362336e+20,6.696388307350977e+19,5.094009276905076e+20,1.2439594965414458e+16,3.2923201801293436e+16,3.2673959697231972e+16,9.042835418839456e+16
