t(s),Total solute volume 1,Total retention volume 1,Total 1 volume 1,Total 2 volume 1,Total 3 volume 1,Total 4 volume 1,Total 5 volume 1,Total 6 volume 1
0,4.443246134384989e+19,2.6909136517041056e+22,3.1834588077439205e+21,2.3681226433134523e+22,5434181635470993.0,3251476891031790.0,2695716619970594.0,7433443511898458.0
