t(s),Total solute volume 1,Total retention volume 1,Total 1 volume 1,Total 2 volume 1,Total 3 volume 1,Total 4 volume 1,Total 5 volume 1,Total 6 volume 1
0,2.600924566469286e+19,2.041147528768229e+22,3.1834588077439205e+21,1.7201685979806866e+22,8.895203464532338e+16,8.357313642914131e+16,5.577323194672401e+16,9.295606387356813e+16
