t(s),Total solute volume 1,Total retention volume 1,Total 1 volume 1,Total 2 volume 1,Total 3 volume 1,Total 4 volume 1,Total 5 volume 1,Total 6 volume 1
0,4.1904446013324595e+17,2.5782240821787288e+19,3.250257609819086e+17,6.591645730832125e+17,3688613686610952.0,2.9216344553639096e+16,3.48359366471699e+17,2.3997741702876942e+19
