t(s),Total solute volume 1,Total retention volume 1,Total 1 volume 1,Total 2 volume 1,Total 3 volume 1,Total 4 volume 1,Total 5 volume 1,Total 6 volume 1
0,7.158676193942945e+17,4.3431702659782164e+18,3.250257609819086e+17,1.1260624170802307e+18,378171962271622.5,1940446462712377.8,2.841070789206856e+16,2.145485142204726e+18
