t(s),Total solute volume 1,Total retention volume 1,Total 1 volume 1,Total 2 volume 1,Total 3 volume 1,Total 4 volume 1,Total 5 volume 1,Total 6 volume 1
0,1.3517038836082043e+17,1.1351439946936357e+18,2.6047523684028044e+16,3.622882322688759e+16,278459902990243.06,1428430522862114.5,9698220461437752.0,9.262921485346144e+17
