t(s),Total solute volume 1,Total retention volume 1,Total 1 volume 1,Total 2 volume 1,Total 3 volume 1,Total 4 volume 1,Total 5 volume 1,Total 6 volume 1
0,2.3091608011640064e+17,4.452282359216213e+17,2.6047523684028044e+16,6.18908749437171e+16,28561259205290.35,94983882101200.77,801264783753659.4,1.2544894725241622e+17
