t(s),Total solute volume 1,Total retention volume 1,Total 1 volume 1,Total 2 volume 1,Total 3 volume 1,Total 4 volume 1,Total 5 volume 1,Total 6 volume 1
0,1.7694394108641648e+17,2.524080444026222e+17,1.4382961689890436e+16,3.1272978263682056e+16,10662920917554.719,32010176677217.836,235627211375071.9,2.9529863053664656e+16
