t(s),Total solute volume 1,Total retention volume 1,Total 1 volume 1,Total 2 volume 1,Total 3 volume 1,Total 4 volume 1,Total 5 volume 1,Total 6 volume 1
0,1.0357694112375635e+17,3.5628179378666944e+17,1.4382961689890436e+16,1.830613831100575e+16,103971381839937.7,481465971760633.6,2852042286107756.0,2.165782730223094e+17
