t(s),Total solute volume 1,Total retention volume 1,Total 1 volume 1,Total 2 volume 1,Total 3 volume 1,Total 4 volume 1,Total 5 volume 1,Total 6 volume 1
0,9.566309649021271e+17,4.0598042504873426e+18,6.205788698891987e+17,2.368112616809924e+18,40128129098913.63,229606546571951.12,3681562889024348.0,1.1053050132141114e+17
