t(s),Total solute volume 1,Total retention volume 1,Total 1 volume 1,Total 2 volume 1,Total 3 volume 1,Total 4 volume 1,Total 5 volume 1,Total 6 volume 1
0,5.599791014061281e+17,3.9533197972790016e+18,6.205788698891987e+17,1.3862391755847913e+18,391563179109344.9,3462522080588249.5,4.6265178116233816e+16,1.3364033870229583e+18
