t(s),Total solute volume 1,Total retention volume 1,Total 1 volume 1,Total 2 volume 1,Total 3 volume 1,Total 4 volume 1,Total 5 volume 1,Total 6 volume 1
0,3.841154308419529e+17,4.3613572424177556e+18,2.6766928604882394e+17,5.273223096638238e+17,421958968896034.94,3233228378500733.5,3.704738748285549e+16,3.141547641032908e+18
