t(s),Total solute volume 1,Total retention volume 1,Total 1 volume 1,Total 2 volume 1,Total 3 volume 1,Total 4 volume 1,Total 5 volume 1,Total 6 volume 1
0,6.561971943550011e+17,2.1203922941423148e+18,2.6766928604882394e+17,9.008356262596815e+17,43250099314141.12,214698899574459.78,3031241527072940.5,2.924009969528531e+17
