t(s),Total solute volume 1,Total retention volume 1,Total 1 volume 1,Total 2 volume 1,Total 3 volume 1,Total 4 volume 1,Total 5 volume 1,Total 6 volume 1
0,8.175062817381762e+16,2.264116742846452e+17,8483748054658170.0,9978813516605722.0,90573735163488.6,382881102532211.7,2009130039154726.5,1.2371589966271206e+17
