t(s),Total solute volume 1,Total retention volume 1,Total 1 volume 1,Total 2 volume 1,Total 3 volume 1,Total 4 volume 1,Total 5 volume 1,Total 6 volume 1
0,1.3965732313027035e+17,1.8229370960682746e+17,8483748054658170.0,1.7047137375161364e+16,9292753697578.344,25470277164919.055,166073605737567.88,1.6904664410137442e+16
