t(s),Total solute volume 1,Total retention volume 1,Total 1 volume 1,Total 2 volume 1,Total 3 volume 1,Total 4 volume 1,Total 5 volume 1,Total 6 volume 1
0,1.1342546114652189e+19,1.4745736542276857e+21,1.542273968290348e+20,1.308572353258078e+21,6.284116070486143e+16,8.582211796729226e+16,7.51708410543896e+16,2.0752390619862886e+17
