t(s),Total solute volume 1,Total retention volume 1,Total 1 volume 1,Total 2 volume 1,Total 3 volume 1,Total 4 volume 1,Total 5 volume 1,Total 6 volume 1
0,6.639539189064714e+18,9.421760615868675e+20,1.542273968290348e+20,7.742999917924197e+20,7.363360274861934e+17,2.1243840383493407e+18,1.5543635156270764e+18,2.5940501948867164e+18
