t(s),Total solute volume 1,Total retention volume 1,Total 1 volume 1,Total 2 volume 1,Total 3 volume 1,Total 4 volume 1,Total 5 volume 1,Total 6 volume 1
0,2.641240568788231e+18,4.1796703395945865e+19,5.979897840391367e+18,3.199484310387922e+19,5954026566348854.0,4.498663286780506e+16,2.6055348631260077e+17,8.692277371402135e+17
