t(s),Total solute volume 1,Total retention volume 1,Total 1 volume 1,Total 2 volume 1,Total 3 volume 1,Total 4 volume 1,Total 5 volume 1,Total 6 volume 1
0,1.5460920402662884e+18,4.269160480121261e+19,5.979897840391367e+18,1.873360234042119e+19,5.830253415716415e+16,7.119585657318985e+17,4.800379793567425e+18,1.0861371686677264e+19
