t(s),Total solute volume 1,Total retention volume 1,Total 1 volume 1,Total 2 volume 1,Total 3 volume 1,Total 4 volume 1,Total 5 volume 1,Total 6 volume 1
0,3.818076622203744e+17,1.5575632358728886e+18,7.99733013773092e+16,2.2469880913100803e+17,98107626678960.38,395827777609867.5,4311847360813898.5,8.662776803790934e+17
