t(s),Total solute volume 1,Total retention volume 1,Total 1 volume 1,Total 2 volume 1,Total 3 volume 1,Total 4 volume 1,Total 5 volume 1,Total 6 volume 1
0,2.3160815502785014e+18,3.1237927853898723e+19,4.460907519859345e+18,2.284893514595476e+19,5746341035071085.0,4.295849795506007e+16,3.3154712436931603e+17,1.2317516744465413e+18
