t(s),Total solute volume 1,Total retention volume 1,Total 1 volume 1,Total 2 volume 1,Total 3 volume 1,Total 4 volume 1,Total 5 volume 1,Total 6 volume 1
0,1.5180265269236467e+17,1.6707421676494116e+18,3.3743667340789536e+16,4.87842065642926e+16,350234960291028.3,1878654162205818.5,1.3535214317930674e+16,1.420647537611537e+18
