t(s),Total solute volume 1,Total retention volume 1,Total 1 volume 1,Total 2 volume 1,Total 3 volume 1,Total 4 volume 1,Total 5 volume 1,Total 6 volume 1
0,2.5932953168279194e+17,5.687762573305859e+17,3.3743667340789536e+16,8.333962927494267e+16,35920509380891.27,124908380017518.4,1118078002203922.0,1.910845221404666e+17
