t(s),Total solute volume 1,Total retention volume 1,Total 1 volume 1,Total 2 volume 1,Total 3 volume 1,Total 4 volume 1,Total 5 volume 1,Total 6 volume 1
0,6.110165178850669e+17,9.192928280119473e+18,7.538773491030419e+17,1.7336694297627313e+18,2140623773214071.0,1.9558678003100064e+16,2.67864975481464e+17,5.804800706110859e+18
