t(s),Total solute volume 1,Total retention volume 1,Total 1 volume 1,Total 2 volume 1,Total 3 volume 1,Total 4 volume 1,Total 5 volume 1,Total 6 volume 1
0,1.0438198847203212e+18,5.256824345466819e+18,7.538773491030419e+17,2.961613368357028e+18,219372975503781.4,1296238738839967.8,2.103451751976789e+16,4.749636140523238e+17
