t(s),Total solute volume 1,Total retention volume 1,Total 1 volume 1,Total 2 volume 1,Total 3 volume 1,Total 4 volume 1,Total 5 volume 1,Total 6 volume 1
0,1.9607015664959024e+17,2.957861438133969e+17,1.8083672627208548e+16,4.068797579280357e+16,12243324787393.691,38234287658346.62,296634886206043.44,4.0597226245140504e+16
