t(s),Total solute volume 1,Total retention volume 1,Total 1 volume 1,Total 2 volume 1,Total 3 volume 1,Total 4 volume 1,Total 5 volume 1,Total 6 volume 1
0,1.7152588772477386e+17,9.812009655808022e+17,4.431341940307482e+16,6.672760546581345e+16,139475359149459.05,784241733517125.2,6013747165067839.0,6.916965887294098e+17
