t(s),Total solute volume 1,Total retention volume 1,Total 1 volume 1,Total 2 volume 1,Total 3 volume 1,Total 4 volume 1,Total 5 volume 1,Total 6 volume 1
0,3.332883936767457e+17,1.0941657978467039e+18,5.905751296626006e+16,1.5858298787719715e+17,70523389194227.97,270062546797817.7,2746712323699356.5,5.401496050668246e+17
