t(s),Total solute volume 1,Total retention volume 1,Total 1 volume 1,Total 2 volume 1,Total 3 volume 1,Total 4 volume 1,Total 5 volume 1,Total 6 volume 1
0,1.950956450790701e+17,4.5393661447639936e+18,5.905751296626006e+16,9.282918675798294e+16,687651805471397.1,4062149940086204.5,3.3266730045555104e+16,4.154367268169565e+18
