t(s),Total solute volume 1,Total retention volume 1,Total 1 volume 1,Total 2 volume 1,Total 3 volume 1,Total 4 volume 1,Total 5 volume 1,Total 6 volume 1
0,4.718423901827473e+18,1.684974274683203e+20,2.1816306119850037e+19,1.413400008682567e+20,1.4148214070307346e+16,8.18690331241354e+16,1.3784949246788528e+17,3.888298387244478e+17
