t(s),Total solute volume 1,Total retention volume 1,Total 1 volume 1,Total 2 volume 1,Total 3 volume 1,Total 4 volume 1,Total 5 volume 1,Total 6 volume 1
0,2.7620042352160896e+18,1.1675836492632796e+20,2.1816306119850037e+19,8.283158743020675e+19,1.4085819955012421e+17,1.5394116942010908e+18,2.8080842558461594e+18,4.86011299145747e+18
