t(s),Total solute volume 1,Total retention volume 1,Total 1 volume 1,Total 2 volume 1,Total 3 volume 1,Total 4 volume 1,Total 5 volume 1,Total 6 volume 1
0,4.5495789518832886e+19,4.5203412047681705e+22,1.0574109797244612e+22,3.4581088036988603e+22,7.719530621513535e+17,7.006554261470806e+17,4.671796317913072e+17,7.786358094579154e+17
