t(s),Total solute volume 1,Total retention volume 1,Total 1 volume 1,Total 2 volume 1,Total 3 volume 1,Total 4 volume 1,Total 5 volume 1,Total 6 volume 1
0,7.772197376133865e+19,5.045247783987422e+22,1.0574109797244612e+22,3.980048746435125e+22,4.648291738864006e+16,2.724982673908308e+16,2.2580556761834724e+16,6.229121624666009e+16
