t(s),Total solute volume 1,Total retention volume 1,Total 1 volume 1,Total 2 volume 1,Total 3 volume 1,Total 4 volume 1,Total 5 volume 1,Total 6 volume 1
0,5.092688738313051e+16,5.796265712173808e+16,2951661998355005.5,2965126037401479.5,1853620636540.4092,6533801877985.684,26892651570702.28,1083701628765362.8
