t(s),Total solute volume 1,Total retention volume 1,Total 1 volume 1,Total 2 volume 1,Total 3 volume 1,Total 4 volume 1,Total 5 volume 1,Total 6 volume 1
0,2.1836778534678442e+17,3.517076604053447e+17,2.2995109404381096e+16,5.36299248106901e+16,14088994995367.975,45858607453315.9,375953962416762.25,5.6278939278622696e+16
