t(s),Total solute volume 1,Total retention volume 1,Total 1 volume 1,Total 2 volume 1,Total 3 volume 1,Total 4 volume 1,Total 5 volume 1,Total 6 volume 1
0,1.2782504508104443e+17,6.023192154510902e+17,2.2995109404381096e+16,3.1393140520667656e+16,137400182299427.8,689915767166881.9,4551743250378655.0,4.147268612451521e+17
