t(s),Total solute volume 1,Total retention volume 1,Total 1 volume 1,Total 2 volume 1,Total 3 volume 1,Total 4 volume 1,Total 5 volume 1,Total 6 volume 1
0,1.5460920402662884e+18,3.3150844976648126e+19,5.979897840391367e+18,1.873360234042119e+19,2.4451074078647132e+16,2.9858976699837325e+17,2.0132149515152748e+18,4.5549969629769595e+18
