t(s),Total solute volume 1,Total retention volume 1,Total 1 volume 1,Total 2 volume 1,Total 3 volume 1,Total 4 volume 1,Total 5 volume 1,Total 6 volume 1
0,2.641240568788231e+18,4.1111125029792055e+19,5.979897840391367e+18,3.199484310387922e+19,2496860356313454.5,1.8865429386603976e+16,1.0926478187498294e+17,3.645164451152357e+17
