t(s),Total solute volume 1,Total retention volume 1,Total 1 volume 1,Total 2 volume 1,Total 3 volume 1,Total 4 volume 1,Total 5 volume 1,Total 6 volume 1
0,5.556772250990977e+17,3.199897294724567e+18,1.8471874136236307e+17,5.881523663147372e+17,214832230257640.66,1000882292183220.9,1.3105108174415534e+16,1.8570281392515095e+18
