t(s),Total solute volume 1,Total retention volume 1,Total 1 volume 1,Total 2 volume 1,Total 3 volume 1,Total 4 volume 1,Total 5 volume 1,Total 6 volume 1
0,3.2527447322874304e+17,1.9138275730439602e+19,1.8471874136236307e+17,3.4428597201944646e+17,2095208994296341.2,1.506234917159153e+16,1.5942180074071725e+17,1.81074171849226e+19
