t(s),Total solute volume 1,Total retention volume 1,Total 1 volume 1,Total 2 volume 1,Total 3 volume 1,Total 4 volume 1,Total 5 volume 1,Total 6 volume 1
0,6.110165178850669e+17,2.4764653589252616e+19,7.538773491030418e+17,1.7336694297627313e+18,7609851150442012.0,6.9526641155454264e+16,9.522296927309773e+17,2.063672410746495e+19
