t(s),Total solute volume 1,Total retention volume 1,Total 1 volume 1,Total 2 volume 1,Total 3 volume 1,Total 4 volume 1,Total 5 volume 1,Total 6 volume 1
0,1.0438198847203212e+18,6.528229342325415e+18,7.538773491030418e+17,2.961613368357028e+18,779984650631847.8,4608808065207086.0,7.478868732554512e+16,1.68874126010365e+18
