t(s),Total solute volume 1,Total retention volume 1,Total 1 volume 1,Total 2 volume 1,Total 3 volume 1,Total 4 volume 1,Total 5 volume 1,Total 6 volume 1
0,1.6043878280498112e+17,2.0071166805224032e+17,1.1560640218829556e+16,2.4329176620616796e+16,1862848016880.9294,5385583417932.395,37703384437712.16,4338116591940327.0
