t(s),Total solute volume 1,Total retention volume 1,Total 1 volume 1,Total 2 volume 1,Total 3 volume 1,Total 4 volume 1,Total 5 volume 1,Total 6 volume 1
0,9.391538505657402e+16,1.5206751107723824e+17,1.1560640218829556e+16,1.4241472081799574e+16,18171811632976.895,81051377171776.16,456577496432833.25,3.179421303479748e+16
