t(s),Total solute volume 1,Total retention volume 1,Total 1 volume 1,Total 2 volume 1,Total 3 volume 1,Total 4 volume 1,Total 5 volume 1,Total 6 volume 1
0,8.70000992795148e+16,9.697934297795106e+16,2951661998355005.5,5065423436879563.0,2469986177023.863,5643269100172.19,28867499502977.086,1925177508421805.2
