t(s),Total solute volume 1,Total retention volume 1,Total 1 volume 1,Total 2 volume 1,Total 3 volume 1,Total 4 volume 1,Total 5 volume 1,Total 6 volume 1
0,5.092688738313051e+16,7.137906822722289e+16,2951661998355005.5,2965126037401479.5,24072521190217.426,84823874348921.12,349198541071615.6,1.4077297871725494e+16
