t(s),Total solute volume 1,Total retention volume 1,Total 1 volume 1,Total 2 volume 1,Total 3 volume 1,Total 4 volume 1,Total 5 volume 1,Total 6 volume 1
0,3.434508319345575e+19,1.7657068339070373e+22,1.8076337742290042e+21,1.581487631351659e+22,6.0315185733106584e+16,3.711132873744288e+16,3.0793397174434708e+16,8.494821971186563e+16
