t(s),Total solute volume 1,Total retention volume 1,Total 1 volume 1,Total 2 volume 1,Total 3 volume 1,Total 4 volume 1,Total 5 volume 1,Total 6 volume 1
0,1.0896465516898744e+17,4.855411039726924e+17,1.6105550931134632e+16,2.0848021191923476e+16,146791596874246.97,693113036627277.8,4213971946742138.0,3.345690001004069e+17
