t(s),Total solute volume 1,Total retention volume 1,Total 1 volume 1,Total 2 volume 1,Total 3 volume 1,Total 4 volume 1,Total 5 volume 1,Total 6 volume 1
0,1.8614795258035258e+17,2.838659558230296e+17,1.6105550931134632e+16,3.561535913744106e+16,15056189657757.451,46088930060576.3,348189057775309.56,4.558775899660546e+16
