t(s),Total solute volume 1,Total retention volume 1,Total 1 volume 1,Total 2 volume 1,Total 3 volume 1,Total 4 volume 1,Total 5 volume 1,Total 6 volume 1
0,4.718423901827473e+18,1.6888290425239942e+20,2.1816306119850037e+19,1.413400008682567e+20,2.2906586355517868e+16,1.325496380093584e+17,2.231844868209057e+17,6.295326512800366e+17
