t(s),Total solute volume 1,Total retention volume 1,Total 1 volume 1,Total 2 volume 1,Total 3 volume 1,Total 4 volume 1,Total 5 volume 1,Total 6 volume 1
0,1.5302805924424387e+17,2.0529635150752006e+17,1.0403170291897824e+16,2.15508874098567e+16,9386187019292.215,26647015683717.46,182082869367049.5,2.0096118489450844e+16
