t(s),Total solute volume 1,Total retention volume 1,Total 1 volume 1,Total 2 volume 1,Total 3 volume 1,Total 4 volume 1,Total 5 volume 1,Total 6 volume 1
0,8.957740053321614e+16,2.6245893384776896e+17,1.0403170291897832e+16,1.2615155834536546e+16,91504574813826.28,400691604206302.1,2203390738872817.0,1.4716762027022774e+17
