t(s),Total solute volume 1,Total retention volume 1,Total 1 volume 1,Total 2 volume 1,Total 3 volume 1,Total 4 volume 1,Total 5 volume 1,Total 6 volume 1
0,5.539824915009872e+18,2.499601303945666e+20,3.120606282469643e+19,2.1299199081623975e+20,7492583959507090.0,3.541448940160773e+16,4.729422885720539e+16,1.320505364009481e+17
