t(s),Total solute volume 1,Total retention volume 1,Total 1 volume 1,Total 2 volume 1,Total 3 volume 1,Total 4 volume 1,Total 5 volume 1,Total 6 volume 1
0,1.772257703331625e+18,3.7990793138716934e+19,8.108748995498784e+18,2.6581741941542703e+19,7633548164681013.0,9.45411533149296e+16,4.7225024410745094e+17,9.53619552756695e+17
