t(s),Total solute volume 1,Total retention volume 1,Total 1 volume 1,Total 2 volume 1,Total 3 volume 1,Total 4 volume 1,Total 5 volume 1,Total 6 volume 1
0,3.027606909858182e+18,5.6637449702513525e+19,8.108748995498786e+18,4.539357696078196e+19,778036109646933.0,5826483211105490.0,2.4610757842397652e+16,7.630155921133555e+16
