t(s),Total solute volume 1,Total retention volume 1,Total 1 volume 1,Total 2 volume 1,Total 3 volume 1,Total 4 volume 1,Total 5 volume 1,Total 6 volume 1
0,1.0575407049402066e+18,1.2426532082722892e+19,2.563088576888768e+18,7.076244436375885e+18,2425410023107136.5,2.6907245510248256e+16,3.255334272295256e+17,1.3747922817551324e+18
