t(s),Total solute volume 1,Total retention volume 1,Total 1 volume 1,Total 2 volume 1,Total 3 volume 1,Total 4 volume 1,Total 5 volume 1,Total 6 volume 1
0,1.806632037606207e+18,1.6590317725720134e+19,2.563088576888768e+18,1.2087386361672243e+19,248298922688051.34,1760614194462570.5,2.102635755025851e+16,1.1017547888554338e+17
