t(s),Total solute volume 1,Total retention volume 1,Total 1 volume 1,Total 2 volume 1,Total 3 volume 1,Total 4 volume 1,Total 5 volume 1,Total 6 volume 1
0,7.49048861694545e+16,9.50943242625875e+16,6980090150537523.0,7974287186130815.0,4387000550863.4624,17937515464945.06,89980988106885.2,5122755252341275.0
