t(s),Total solute volume 1,Total retention volume 1,Total 1 volume 1,Total 2 volume 1,Total 3 volume 1,Total 4 volume 1,Total 5 volume 1,Total 6 volume 1
0,1.2796251387281995e+17,1.4927414105018112e+17,6980090150537523.0,1.3622739088267018e+16,449694483366.85187,1191777935181.1682,7430069903661.145,699726396236303.9
