t(s),Total solute volume 1,Total retention volume 1,Total 1 volume 1,Total 2 volume 1,Total 3 volume 1,Total 4 volume 1,Total 5 volume 1,Total 6 volume 1
0,1.0446784147997133e+17,1.1857650828020347e+17,4439458008290587.5,8097793286123659.0,1429445231115.5562,3503990155223.7686,19687429986278.65,1546794640444806.0
