t(s),Total solute volume 1,Total retention volume 1,Total 1 volume 1,Total 2 volume 1,Total 3 volume 1,Total 4 volume 1,Total 5 volume 1,Total 6 volume 1
0,6.1151907207788056e+16,8.195420482282171e+16,4439458008290587.5,4740171994361016.0,13940943772375.516,52717851983697.945,238340529823422.4,1.1317668286802308e+16
