t(s),Total solute volume 1,Total retention volume 1,Total 1 volume 1,Total 2 volume 1,Total 3 volume 1,Total 4 volume 1,Total 5 volume 1,Total 6 volume 1
0,5.483142302296937e+18,5.8661999468165844e+20,1.0067170546703298e+20,4.7686637777748827e+20,2.6061731547100714e+17,1.0738610740135351e+18,8.476467125702135e+17,1.4166440327891855e+18
