t(s),Total solute volume 1,Total retention volume 1,Total 1 volume 1,Total 2 volume 1,Total 3 volume 1,Total 4 volume 1,Total 5 volume 1,Total 6 volume 1
0,9.367034766423861e+18,9.195036457076708e+20,1.00671705467033e+20,8.092422388220401e+20,2.3633883730326932e+16,4.468451768053585e+16,4.101694646716394e+16,1.1333130429198744e+17
