t(s),Total solute volume 1,Total retention volume 1,Total 1 volume 1,Total 2 volume 1,Total 3 volume 1,Total 4 volume 1,Total 5 volume 1,Total 6 volume 1
0,2.067829880351787e+17,3.171098230490921e+17,2.0362204049155636e+16,4.663428171230368e+16,11817897220029.068,37668448917194.5,300314022150110.9,4.298054888416355e+16
