t(s),Total solute volume 1,Total retention volume 1,Total 1 volume 1,Total 2 volume 1,Total 3 volume 1,Total 4 volume 1,Total 5 volume 1,Total 6 volume 1
0,1.2104370031327629e+17,4.89226396705528e+17,2.036220404915564e+16,2.7298126560537492e+16,115252374221605.8,566702892036394.2,3635888097494449.5,3.162045224188098e+17
