t(s),Total solute volume 1,Total retention volume 1,Total 1 volume 1,Total 2 volume 1,Total 3 volume 1,Total 4 volume 1,Total 5 volume 1,Total 6 volume 1
0,2.781149916601816e+17,9.595290923661283e+18,1.3024520054842829e+17,2.3040703518610144e+17,1025708546793340.8,6943954673611021.0,6.802216647617523e+16,8.880531866570007e+18
