t(s),Total solute volume 1,Total retention volume 1,Total 1 volume 1,Total 2 volume 1,Total 3 volume 1,Total 4 volume 1,Total 5 volume 1,Total 6 volume 1
0,4.751131107528108e+17,2.0082283857038152e+18,1.3024520054842829e+17,3.9361074833054605e+17,105163600660552.83,461425021553361.0,5603430203231780.0,1.0030893072465912e+18
