t(s),Total solute volume 1,Total retention volume 1,Total 1 volume 1,Total 2 volume 1,Total 3 volume 1,Total 4 volume 1,Total 5 volume 1,Total 6 volume 1
0,5.5346593079818586e+17,8.758283359313155e+18,6.045923551720415e+17,1.3452732373157304e+18,1716524755505329.5,1.5111889321730354e+16,2.0116486509855638e+17,6.036958556851411e+18
