t(s),Total solute volume 1,Total retention volume 1,Total 1 volume 1,Total 2 volume 1,Total 3 volume 1,Total 4 volume 1,Total 5 volume 1,Total 6 volume 1
0,9.455042984468884e+17,4.365645064771603e+18,6.045923551720417e+17,2.298131816040415e+18,175922719697980.72,1002239765429689.4,1.6032969254300772e+16,5.002054633728174e+17
