t(s),Total solute volume 1,Total retention volume 1,Total 1 volume 1,Total 2 volume 1,Total 3 volume 1,Total 4 volume 1,Total 5 volume 1,Total 6 volume 1
0,3.242824340493574e+18,1.6232984613255237e+20,3.120606282469643e+19,1.2489632049785533e+20,6.603147237827025e+16,6.253773082268553e+17,8.489558307934021e+17,1.4442738581094295e+18
