t(s),Total solute volume 1,Total retention volume 1,Total 1 volume 1,Total 2 volume 1,Total 3 volume 1,Total 4 volume 1,Total 5 volume 1,Total 6 volume 1
0,7.158676193942945e+17,2.348310681462106e+18,3.250257609819086e+17,1.1260624170802307e+18,31514949184661.22,161706561367401.78,2367601134274032.5,1.7879406136084086e+17
