t(s),Total solute volume 1,Total retention volume 1,Total 1 volume 1,Total 2 volume 1,Total 3 volume 1,Total 4 volume 1,Total 5 volume 1,Total 6 volume 1
0,4.1904446013324595e+17,3.435297603751859e+18,3.250257609819086e+17,6.591645730832125e+17,307479801213191.7,2435704079783976.5,2.904021045531952e+16,2.0002794152172017e+18
