t(s),Total solute volume 1,Total retention volume 1,Total 1 volume 1,Total 2 volume 1,Total 3 volume 1,Total 4 volume 1,Total 5 volume 1,Total 6 volume 1
0,8.113418985332498e+18,1.5383520612239383e+21,2.4107704894684443e+20,1.281474549652156e+21,1.1161313087699854e+18,2.2914713917197816e+18,1.6041690318507927e+18,2.675271907269977e+18
