t(s),Total solute volume 1,Total retention volume 1,Total 1 volume 1,Total 2 volume 1,Total 3 volume 1,Total 4 volume 1,Total 5 volume 1,Total 6 volume 1
0,1.3860424099942965e+19,2.405997571396794e+21,2.4107704894684447e+20,2.1505892778574634e+21,8.830927840341003e+16,9.093628804207456e+16,7.75568026067836e+16,2.1401812349380512e+17
