t(s),Total solute volume 1,Total retention volume 1,Total 1 volume 1,Total 2 volume 1,Total 3 volume 1,Total 4 volume 1,Total 5 volume 1,Total 6 volume 1
0,3.434508319345575e+19,1.7657001022849873e+22,1.8076337742290045e+21,1.581487631351659e+22,4.126829420072658e+16,2.5391966574287384e+16,2.106917075618147e+16,5.8122479559846136e+16
