t(s),Total solute volume 1,Total retention volume 1,Total 1 volume 1,Total 2 volume 1,Total 3 volume 1,Total 4 volume 1,Total 5 volume 1,Total 6 volume 1
0,2.0104438942510703e+19,1.2466728554292341e+22,1.8076337742290042e+21,1.0636512866415753e+22,6.627761225116653e+17,6.522645080734559e+17,4.359069062747971e+17,7.265271682027539e+17
