t(s),Total solute volume 1,Total retention volume 1,Total 1 volume 1,Total 2 volume 1,Total 3 volume 1,Total 4 volume 1,Total 5 volume 1,Total 6 volume 1
0,2.3091608011640064e+17,4.303613518187948e+17,2.6047523684028044e+16,6.18908749437171e+16,25201245930285.805,83809687530165.05,707001767494902.4,1.1069086037369147e+17
