t(s),Total solute volume 1,Total retention volume 1,Total 1 volume 1,Total 2 volume 1,Total 3 volume 1,Total 4 volume 1,Total 5 volume 1,Total 6 volume 1
0,1.3517038836082043e+17,1.0248797049948543e+18,2.6047523684028044e+16,3.622882322688759e+16,245720663551731.56,1260522037390218.2,8558077099429785.0,8.173686499227528e+17
