t(s),Total solute volume 1,Total retention volume 1,Total 1 volume 1,Total 2 volume 1,Total 3 volume 1,Total 4 volume 1,Total 5 volume 1,Total 6 volume 1
0,1.3965732313027035e+17,1.8078449336880502e+17,8483748054658170.0,1.7047137375161364e+16,8472853584723.777,23223012896354.14,151420841726678.44,1.5413168100505628e+16
