t(s),Total solute volume 1,Total retention volume 1,Total 1 volume 1,Total 2 volume 1,Total 3 volume 1,Total 4 volume 1,Total 5 volume 1,Total 6 volume 1
0,8.175062817381762e+16,2.1528447343338442e+17,8483748054658170.0,9978813516605722.0,82589429705388.52,349139788022411.7,1832043358723194.0,1.1280751111185149e+17
