t(s),Total solute volume 1,Total retention volume 1,Total 1 volume 1,Total 2 volume 1,Total 3 volume 1,Total 4 volume 1,Total 5 volume 1,Total 6 volume 1
0,1.6043878280498112e+17,2.068478317260867e+17,1.1560640218829554e+16,2.4329176620616796e+16,4470780898477.479,12925267169773.996,90487125897185.62,1.0411348907693644e+16
