t(s),Total solute volume 1,Total retention volume 1,Total 1 volume 1,Total 2 volume 1,Total 3 volume 1,Total 4 volume 1,Total 5 volume 1,Total 6 volume 1
0,9.391538505657402e+16,1.973461934355584e+17,1.1560640218829556e+16,1.4241472081799574e+16,43603980518688.88,194473452259687.8,1095546333574545.2,7.629507231200178e+16
