t(s),Total solute volume 1,Total retention volume 1,Total 1 volume 1,Total 2 volume 1,Total 3 volume 1,Total 4 volume 1,Total 5 volume 1,Total 6 volume 1
0,1.6043878280498112e+17,2.1911969675552666e+17,1.1560640218829554e+16,2.4329176620616796e+16,9686456473128.582,28004169074834.043,196051120322233.28,2.2557355365228052e+16
