t(s),Total solute volume 1,Total retention volume 1,Total 1 volume 1,Total 2 volume 1,Total 3 volume 1,Total 4 volume 1,Total 5 volume 1,Total 6 volume 1
0,3.841154308419529e+17,2.599425305585028e+19,2.6766928604882394e+17,5.273223096638238e+17,3290161117589850.5,2.5207729827417796e+16,2.8885764340990976e+17,2.4497790494940762e+19
