t(s),Total solute volume 1,Total retention volume 1,Total 1 volume 1,Total 2 volume 1,Total 3 volume 1,Total 4 volume 1,Total 5 volume 1,Total 6 volume 1
0,6.561971943550011e+17,4.1310342548851297e+18,2.6766928604882394e+17,9.008356262596815e+17,337343508978294.4,1674620875364125.0,2.364322242547019e+16,2.2806769614118144e+18
