t(s),Total solute volume 1,Total retention volume 1,Total 1 volume 1,Total 2 volume 1
0,2.7544357765683786e+17,4.113148413154371e+17,3.860071170759496e+16,9.727055195100429e+16
