t(s),Total solute volume 1,Total retention volume 1,Total 1 volume 1,Total 2 volume 1
0,1.612352649698545e+17,2.567748817604247e+17,3.860071170759496e+16,5.693890508297374e+16
