t(s),Total solute volume 1,Total retention volume 1,Total 1 volume 1,Total 2 volume 1,Total 3 volume 1,Total 4 volume 1,Total 5 volume 1,Total 6 volume 1
0,1.1999214403838232e+20,1.1035003805038772e+23,6.1524972335763196e+22,4.870349495676083e+22,4.5087367224488205e+17,4.059842571698801e+17,2.7065814712698077e+17,4.51097747458299e+17
