t(s),Total solute volume 1,Total retention volume 1,Total 1 volume 1,Total 2 volume 1,Total 3 volume 1,Total 4 volume 1,Total 5 volume 1,Total 6 volume 1
0,4.0983010737537254e+17,9.985468222459508e+17,9.36616297076456e+16,2.6944503277455203e+17,24193472097956.555,100301816588796.73,1132101408712021.5,2.2435345569098502e+17
