t(s),Total solute volume 1,Total retention volume 1,Total 1 volume 1,Total 2 volume 1,Total 3 volume 1,Total 4 volume 1,Total 5 volume 1,Total 6 volume 1
0,2.399005506587524e+17,2.34948555530924e+18,9.36616297076456e+16,1.5772427002204848e+17,236012803195895.8,1509721026782805.0,1.3730109007844032e+16,1.84272326208297e+18
