t(s),Total solute volume 1,Total retention volume 1,Total 1 volume 1,Total 2 volume 1,Total 3 volume 1,Total 4 volume 1,Total 5 volume 1,Total 6 volume 1
0,3.8340070142403466e+18,2.4242616370832572e+20,4.533611706929847e+19,1.916287548066981e+20,5.328574249808866e+16,4.074210863943365e+17,4.345081645598914e+17,7.320698246358822e+17
