t(s),Total solute volume 1,Total retention volume 1,Total 1 volume 1,Total 2 volume 1,Total 3 volume 1,Total 4 volume 1,Total 5 volume 1,Total 6 volume 1
0,6.549761982660554e+18,3.784791346890534e+20,4.533611706929847e+19,3.264895769282699e+20,5194035648821061.0,1.882278701546313e+16,2.109571860881083e+16,5.856616755251102e+16
