t(s),Total solute volume 1,Total retention volume 1,Total 1 volume 1,Total 2 volume 1
0,3.027606909858182e+18,5.652993286613949e+19,8.108748995498786e+18,4.539357696078196e+19
