t(s),Total solute volume 1,Total retention volume 1,Total 1 volume 1,Total 2 volume 1
0,1.772257703331625e+18,3.646274864037345e+19,8.108748995498784e+18,2.6581741941542703e+19
