t(s),Total solute volume 1,Total retention volume 1,Total 1 volume 1,Total 2 volume 1,Total 3 volume 1,Total 4 volume 1,Total 5 volume 1,Total 6 volume 1
0,9.566309649021271e+17,6.063198806093055e+18,6.205788698891987e+17,2.368112616809924e+18,742357822036773.1,4247660226435942.0,6.810786863231776e+16,2.044778467811025e+18
