t(s),Total solute volume 1,Total retention volume 1,Total 1 volume 1,Total 2 volume 1,Total 3 volume 1,Total 4 volume 1,Total 5 volume 1,Total 6 volume 1
0,1.3361787230712443e+17,1.657970801194245e+17,7687035129498279.0,1.522028754057002e+16,5447903385480.424,14680243742815.184,93574729317836.06,9158182265785766.0
