t(s),Total solute volume 1,Total retention volume 1,Total 1 volume 1,Total 2 volume 1,Total 3 volume 1,Total 4 volume 1,Total 5 volume 1,Total 6 volume 1
0,7.82153398870977e+16,1.6324626622036394e+17,7687035129498278.0,8909437720794750.0,53116100545198.27,220776855266333.12,1132465465832522.2,6.702809506133018e+16
