t(s),Total solute volume 1,Total retention volume 1,Total 1 volume 1,Total 2 volume 1,Total 3 volume 1,Total 4 volume 1,Total 5 volume 1,Total 6 volume 1
0,5.274852243967814e+16,7.84832313984872e+16,3192384722575143.5,3244736830869188.5,30039271293041.613,107284309394213.4,449706560643375.9,1.871055726403478e+16
