t(s),Total solute volume 1,Total retention volume 1,Total 1 volume 1,Total 2 volume 1,Total 3 volume 1,Total 4 volume 1,Total 5 volume 1,Total 6 volume 1
0,6.357639040862142e+16,8.451848184693314e+16,4841705944743442.0,5237103708245424.0,12165253336548.857,46697457198837.195,215369956889270.97,1.058904911789803e+16
