t(s),Total solute volume 1,Total retention volume 1,Total 1 volume 1,Total 2 volume 1,Total 3 volume 1,Total 4 volume 1,Total 5 volume 1,Total 6 volume 1
0,4.920172616987362e+16,6.5855108568025816e+16,2733248773475387.0,2714355750467661.0,19719805379299.227,68573722421381.06,277350064687286.84,1.0840134281720706e+16
