t(s),Total solute volume 1,Total retention volume 1,Total 1 volume 1,Total 2 volume 1,Total 3 volume 1,Total 4 volume 1,Total 5 volume 1,Total 6 volume 1
0,2.0408582906428972e+18,2.1968703059644076e+19,3.3640731614648397e+18,1.6521366587680283e+19,108518464720146.88,792970243996114.2,7811287450851431.0,3.36922436965432e+16
