t(s),Total solute volume 1,Total retention volume 1,Total 1 volume 1,Total 2 volume 1,Total 3 volume 1,Total 4 volume 1,Total 5 volume 1,Total 6 volume 1
0,1.194648755498281e+18,1.4793764810723287e+19,3.364073161464839e+18,9.67235389752105e+18,1060598276795909.5,1.220785896083602e+16,1.2867902013974797e+17,4.2074151886160006e+17
