t(s),Total solute volume 1,Total retention volume 1,Total 1 volume 1,Total 2 volume 1,Total 3 volume 1,Total 4 volume 1,Total 5 volume 1,Total 6 volume 1
0,5.483142302296937e+18,5.974156317443803e+20,1.00671705467033e+20,4.7686637777748827e+20,1.0424226281651039e+18,4.295187598132921e+18,3.390413942053203e+18,5.666382029214586e+18
