t(s),Total solute volume 1,Total retention volume 1,Total 1 volume 1,Total 2 volume 1,Total 3 volume 1,Total 4 volume 1,Total 5 volume 1,Total 6 volume 1
0,9.367034766423861e+18,9.201716515137453e+20,1.00671705467033e+20,8.09242238822048e+20,9.453526707344366e+16,1.787376419257772e+17,1.6406736645460835e+17,4.533321827887226e+17
