t(s),Total solute volume 1,Total retention volume 1,Total 1 volume 1,Total 2 volume 1,Total 3 volume 1,Total 4 volume 1,Total 5 volume 1,Total 6 volume 1
0,6.1674638455494386e+19,6.1413983337802975e+22,1.961934451448198e+22,4.172998634441791e+22,8.486855638951395e+17,7.664650703458326e+17,5.1100749512366246e+17,8.516823185896292e+17
