t(s),Total solute volume 1,Total retention volume 1,Total 1 volume 1,Total 2 volume 1,Total 3 volume 1,Total 4 volume 1,Total 5 volume 1,Total 6 volume 1
0,1.0536084069480294e+20,6.4718357449733336e+22,1.961934451448198e+22,4.49934784566537e+22,5.099591514706931e+16,2.9808043491495148e+16,2.4698937871579148e+16,6.813500601804146e+16
