t(s),Total solute volume 1,Total retention volume 1,Total 1 volume 1,Total 2 volume 1,Total 3 volume 1,Total 4 volume 1,Total 5 volume 1,Total 6 volume 1
0,7.831248687372006e+17,2.779061616565037e+18,3.971127163555371e+17,1.417606166617462e+18,38509425454463.53,204428712518879.88,3097108914669423.5,1.7787781780219062e+17
