t(s),Total solute volume 1,Total retention volume 1,Total 1 volume 1,Total 2 volume 1,Total 3 volume 1,Total 4 volume 1,Total 5 volume 1,Total 6 volume 1
0,4.584145573095851e+17,3.7833047057359754e+18,3.971127163555371e+17,8.29827887724081e+17,375732218837603.75,3079980600683003.5,3.8181220735832536e+16,2.0563126107914176e+18
