t(s),Total solute volume 1,Total retention volume 1,Total 1 volume 1,Total 2 volume 1,Total 3 volume 1,Total 4 volume 1,Total 5 volume 1,Total 6 volume 1
0,8.591862577826981e+17,3.32336719140349e+18,4.883330109832728e+17,1.7979335094057503e+18,47360612490263.83,260342310092680.1,4065653000466148.5,1.7354105730872947e+17
