t(s),Total solute volume 1,Total retention volume 1,Total 1 volume 1,Total 2 volume 1,Total 3 volume 1,Total 4 volume 1,Total 5 volume 1,Total 6 volume 1
0,5.0293829723865024e+17,4.155554526591631e+18,4.883330109832728e+17,1.0524643962722104e+18,462108396604563.4,3923765859327447.5,5.048650368584151e+16,2.0569464441557373e+18
