t(s),Total solute volume 1,Total retention volume 1,Total 1 volume 1,Total 2 volume 1,Total 3 volume 1,Total 4 volume 1,Total 5 volume 1,Total 6 volume 1
0,7.180129369195402e+16,1.0298230410270136e+17,6351323389472384.0,7154332371437873.0,15962679004113.816,64210011777212.24,315199270629854.6,1.7279982688426564e+16
