t(s),Total solute volume 1,Total retention volume 1,Total 1 volume 1,Total 2 volume 1,Total 3 volume 1,Total 4 volume 1,Total 5 volume 1,Total 6 volume 1
0,1.2266054339042045e+17,1.4362667207373075e+17,6351323389472384.0,1.22219832432844e+16,1636581245371.0989,4267249532755.0015,26032934579321.105,2360885285194439.5
