t(s),Total solute volume 1,Total retention volume 1,Total 1 volume 1,Total 2 volume 1,Total 3 volume 1,Total 4 volume 1,Total 5 volume 1,Total 6 volume 1
0,6.8888290702006904e+16,1.241511816453842e+17,5790815030907821.0,6433524569071775.0,41817291553915.71,165523245913025.62,795541613965105.5,4.2035669191965416e+16
