t(s),Total solute volume 1,Total retention volume 1,Total 1 volume 1,Total 2 volume 1,Total 3 volume 1,Total 4 volume 1,Total 5 volume 1,Total 6 volume 1
0,2.0861979911880643e+17,3.2767999385632143e+18,6.858169948084933e+16,1.1023516579767e+17,431832205641486.1,2617777709247333.5,2.2180628372397084e+16,2.8641330358786156e+18
