t(s),Total solute volume 1,Total retention volume 1,Total 1 volume 1,Total 2 volume 1,Total 3 volume 1,Total 4 volume 1,Total 5 volume 1,Total 6 volume 1
0,3.563921568279588e+17,9.81593085110561e+17,6.858169948084933e+16,1.8831811750643e+17,44275179498514.42,173969418875797.28,1830426377902128.5,3.662524403190416e+17
