t(s),Total solute volume 1,Total retention volume 1,Total 1 volume 1,Total 2 volume 1,Total 3 volume 1,Total 4 volume 1,Total 5 volume 1,Total 6 volume 1
0,7.831248687372006e+17,3.3227114531244426e+18,3.971127163555371e+17,1.417606166617462e+18,154036928044092.22,817711371856597.2,1.2388379262232676e+16,7.115075738520978e+17
