t(s),Total solute volume 1,Total retention volume 1,Total 1 volume 1,Total 2 volume 1,Total 3 volume 1,Total 4 volume 1,Total 5 volume 1,Total 6 volume 1
0,4.584145573095851e+17,1.007664626529213e+19,3.971127163555371e+17,8.29827887724081e+17,1502809682547501.8,1.2318617162985678e+16,1.5271107529150867e+17,8.224758601765885e+18
