t(s),Total solute volume 1,Total retention volume 1,Total 1 volume 1,Total 2 volume 1,Total 3 volume 1,Total 4 volume 1,Total 5 volume 1,Total 6 volume 1
0,1.2796251387281995e+17,1.528180410707802e+17,6980090150537523.0,1.3622739088267018e+16,2698111814790.1714,7150543992544.601,44579594598610.47,4198269708750574.5
