t(s),Total solute volume 1,Total retention volume 1,Total 1 volume 1,Total 2 volume 1,Total 3 volume 1,Total 4 volume 1,Total 5 volume 1,Total 6 volume 1
0,7.49048861694545e+16,1.2126190652346202e+17,6980090150537523.0,7974287186130815.0,26313521329012.375,107578767155218.89,539687610950050.8,3.0729063117905136e+16
