t(s),Total solute volume 1,Total retention volume 1,Total 1 volume 1,Total 2 volume 1,Total 3 volume 1,Total 4 volume 1,Total 5 volume 1,Total 6 volume 1
0,6.030890236958341e+17,2.619992141700484e+18,2.2173507663096877e+17,7.255463282409612e+17,136126161546104.98,654350844672143.8,8898643116720750.0,1.0599325930097919e+18
