t(s),Total solute volume 1,Total retention volume 1,Total 1 volume 1,Total 2 volume 1,Total 3 volume 1,Total 4 volume 1,Total 5 volume 1,Total 6 volume 1
0,3.5302772118780864e+17,1.198665004365847e+19,2.2173507663096877e+17,4.247125719959892e+17,1327874172426628.2,9850894945302728.0,1.0846766651229142e+17,1.0867528238213687e+19
