t(s),Total solute volume 1,Total retention volume 1,Total 1 volume 1,Total 2 volume 1,Total 3 volume 1,Total 4 volume 1,Total 5 volume 1,Total 6 volume 1
0,1.612352649698545e+17,9.173973632227854e+17,3.860071170759496e+16,5.693890508297374e+16,145768798763082.78,800349215103002.2,5946338199435078.0,6.537300252490651e+17
