t(s),Total solute volume 1,Total retention volume 1,Total 1 volume 1,Total 2 volume 1,Total 3 volume 1,Total 4 volume 1,Total 5 volume 1,Total 6 volume 1
0,2.7544357765683786e+17,4.9932279409355283e+17,3.860071170759496e+16,9.727055195100429e+16,14944356228576.193,53185004329659.055,490942211160417.44,8.744888120639693e+16
