t(s),Total solute volume 1,Total retention volume 1,Total 1 volume 1,Total 2 volume 1,Total 3 volume 1,Total 4 volume 1,Total 5 volume 1,Total 6 volume 1
0,2.1836778534678442e+17,3.666321030291315e+17,2.2995109404381096e+16,5.36299248106901e+16,17796501346947.6,57926320524593.89,474886219202492.2,7.108867442620121e+16
