t(s),Total solute volume 1,Total retention volume 1,Total 1 volume 1,Total 2 volume 1,Total 3 volume 1,Total 4 volume 1,Total 5 volume 1,Total 6 volume 1
0,1.2782504508104443e+17,7.128291316561725e+17,2.2995109404381096e+16,3.1393140520667656e+16,173539054251615.94,871344643472471.6,5748850257889514.0,5.2382210269445926e+17
