t(s),Total solute volume 1,Total retention volume 1,Total 1 volume 1,Total 2 volume 1,Total 3 volume 1,Total 4 volume 1,Total 5 volume 1,Total 6 volume 1
0,5.274852243967814e+16,6.755244553323842e+16,3192384722575143.5,3244736830869188.5,13026181952868.309,46533585184262.97,195029235341172.4,8112212537638250.0
