t(s),Total solute volume 1,Total retention volume 1,Total 1 volume 1,Total 2 volume 1,Total 3 volume 1,Total 4 volume 1,Total 5 volume 1,Total 6 volume 1
0,9.011205916778291e+16,9.997703356066155e+16,3192384722575143.5,5543091834178185.0,1335857055207.6953,3093600464060.3286,16112773726518.113,1108955604879845.6
