t(s),Total solute volume 1,Total retention volume 1,Total 1 volume 1,Total 2 volume 1,Total 3 volume 1,Total 4 volume 1,Total 5 volume 1,Total 6 volume 1
0,7.523525865105635e+17,2.069561423713635e+19,1.1991975012111887e+18,2.955764414391274e+18,9459038246293896.0,9.332135012733896e+16,1.3101350618272548e+18,1.437538428482241e+19
