t(s),Total solute volume 1,Total retention volume 1,Total 1 volume 1,Total 2 volume 1,Total 3 volume 1,Total 4 volume 1,Total 5 volume 1,Total 6 volume 1
0,1.2852690019555497e+18,8.798807789796551e+18,1.1991975012111887e+18,5.049221861376426e+18,969249328492397.4,6170173841663876.0,9.788106555900194e+16,1.160098936524186e+18
