t(s),Total solute volume 1,Total retention volume 1,Total 1 volume 1,Total 2 volume 1
0,8.405294887353384e+16,9.142322187778533e+16,2733248773475387.0,4637024230775944.0
