t(s),Total solute volume 1,Total retention volume 1,Total 1 volume 1,Total 2 volume 1
0,4.920172616987362e+16,5.464933069381619e+16,2733248773475387.0,2714355750467661.0
