t(s),Total solute volume 1,Total retention volume 1,Total 1 volume 1,Total 2 volume 1,Total 3 volume 1,Total 4 volume 1,Total 5 volume 1,Total 6 volume 1
0,8.175062817381762e+16,1.7447156276504682e+17,8483748054658170.0,9978813516605722.0,53301239952886.836,225351626122563.2,1182411952102726.0,7.279730820178706e+16
