t(s),Total solute volume 1,Total retention volume 1,Total 1 volume 1,Total 2 volume 1,Total 3 volume 1,Total 4 volume 1,Total 5 volume 1,Total 6 volume 1
0,1.3965732313027035e+17,1.752505470355589e+17,8483748054658170.0,1.7047137375161364e+16,5466472460111.87,14982856586900.418,97692733159851.84,9944196413261664.0
