t(s),Total solute volume 1,Total retention volume 1,Total 1 volume 1,Total 2 volume 1,Total 3 volume 1,Total 4 volume 1,Total 5 volume 1,Total 6 volume 1
0,1.7694394108641648e+17,2.5499995022022445e+17,1.4382961689890436e+16,3.1272978263682056e+16,11590093907656.992,34793574912667.21,256115782630198.88,3.209756972878546e+16
