t(s),Total solute volume 1,Total retention volume 1,Total 1 volume 1,Total 2 volume 1,Total 3 volume 1,Total 4 volume 1,Total 5 volume 1,Total 6 volume 1
0,8.957740053321614e+16,3.159376268780894e+17,1.040317029189783e+16,1.2615155834536546e+16,124149597354130.78,543590004971203.2,2989350356862230.0,1.9968481025925034e+17
