t(s),Total solute volume 1,Total retention volume 1,Total 1 volume 1,Total 2 volume 1,Total 3 volume 1,Total 4 volume 1,Total 5 volume 1,Total 6 volume 1
0,1.5302805924424387e+17,2.1255092373051235e+17,1.0403170291897824e+16,2.15508874098567e+16,12738167873955.096,36163256979662.87,247108443242575.25,2.7272796916417532e+16
