t(s),Total solute volume 1,Total retention volume 1,Total 1 volume 1,Total 2 volume 1,Total 3 volume 1,Total 4 volume 1,Total 5 volume 1,Total 6 volume 1
0,5.831083637207589e+19,3.8106399579226906e+22,5.744900751039818e+21,3.230313354759354e+22,1.5881168241302566e+16,9371214867909790.0,7766627871422316.0,2.1425210303509464e+16
