t(s),Total solute volume 1,Total retention volume 1,Total 1 volume 1,Total 2 volume 1,Total 3 volume 1,Total 4 volume 1,Total 5 volume 1,Total 6 volume 1
0,3.4133172510483444e+19,3.1500418847177643e+22,5.744900751039818e+21,2.57204529767919e+22,2.6251294782000954e+17,2.409310781694853e+17,1.6068820026259754e+17,2.6781460898233165e+17
