t(s),Total solute volume 1,Total retention volume 1,Total 1 volume 1,Total 2 volume 1,Total 3 volume 1,Total 4 volume 1,Total 5 volume 1,Total 6 volume 1
0,4.920172616987362e+16,7.266759108645816e+16,2733248773475387.0,2714355750467661.0,31703853321774.14,110224582546542.44,445862274773718.7,1.7430469681999548e+16
