t(s),Total solute volume 1,Total retention volume 1,Total 1 volume 1,Total 2 volume 1,Total 3 volume 1,Total 4 volume 1,Total 5 volume 1,Total 6 volume 1
0,1.6043878280498112e+17,2.0509465783055043e+17,1.1560640218829554e+16,2.4329176620616796e+16,3725663687199.109,10771087649165.404,75406175568007.02,8676155259217802.0
