t(s),Total solute volume 1,Total retention volume 1,Total 1 volume 1,Total 2 volume 1,Total 3 volume 1,Total 4 volume 1,Total 5 volume 1,Total 6 volume 1
0,7.831248687372006e+17,2.899873178503167e+18,3.971127163555371e+17,1.417606166617462e+18,64182304111439.86,340714198806426.1,5161842969204180.0,2.964626873208401e+17
