t(s),Total solute volume 1,Total retention volume 1,Total 1 volume 1,Total 2 volume 1,Total 3 volume 1,Total 4 volume 1,Total 5 volume 1,Total 6 volume 1
0,4.584145573095851e+17,5.181890781666132e+18,3.971127163555371e+17,8.29827887724081e+17,626209327677894.9,5133180135646681.0,6.363408931686643e+16,3.42714214149674e+18
