t(s),Total solute volume 1,Total retention volume 1,Total 1 volume 1,Total 2 volume 1
0,1.5180265269236467e+17,2.3433052659744848e+17,3.3743667340789536e+16,4.87842065642926e+16
