t(s),Total solute volume 1,Total retention volume 1,Total 1 volume 1,Total 2 volume 1
0,2.5932953168279194e+17,3.7641282829852045e+17,3.3743667340789536e+16,8.333962927494267e+16
