t(s),Total solute volume 1,Total retention volume 1,Total 1 volume 1,Total 2 volume 1,Total 3 volume 1,Total 4 volume 1,Total 5 volume 1,Total 6 volume 1
0,9.391538505657402e+16,1.5853670394438896e+17,1.1560640218829554e+16,1.4241472081799574e+16,21805576189807.723,97258090898544.28,547875874090829.75,3.815226704600566e+16
