t(s),Total solute volume 1,Total retention volume 1,Total 1 volume 1,Total 2 volume 1,Total 3 volume 1,Total 4 volume 1,Total 5 volume 1,Total 6 volume 1
0,2.1328894422529733e+19,6.6315414774502e+21,6.290856345856501e+20,5.980718300898714e+21,1.035724501436774e+17,7.375717690558226e+16,6.154023470898809e+16,1.6977768156028266e+17
