t(s),Total solute volume 1,Total retention volume 1,Total 1 volume 1,Total 2 volume 1,Total 3 volume 1,Total 4 volume 1,Total 5 volume 1,Total 6 volume 1
0,1.2485206491236938e+19,4.3297849713744565e+21,6.290856345856501e+20,3.6814069503789776e+21,1.5246474463031084e+18,1.8871900342828472e+18,1.273154086837892e+18,2.122188351134301e+18
