t(s),Total solute volume 1,Total retention volume 1,Total 1 volume 1,Total 2 volume 1,Total 3 volume 1,Total 4 volume 1,Total 5 volume 1,Total 6 volume 1
0,2.2349716812900077e+17,7.781474918665704e+18,7.99733013773092e+16,1.3153125251363435e+17,1006978672703210.0,6267493827267694.0,5.499789815310009e+16,7.284200825992701e+18
