t(s),Total solute volume 1,Total retention volume 1,Total 1 volume 1,Total 2 volume 1,Total 3 volume 1,Total 4 volume 1,Total 5 volume 1,Total 6 volume 1
0,3.818076622203744e+17,1.6034079643693064e+18,7.99733013773092e+16,2.2469880913100803e+17,103270993185165.08,416660159872360.8,4538779016663640.0,9.118694814708855e+17
