t(s),Total solute volume 1,Total retention volume 1,Total 1 volume 1,Total 2 volume 1,Total 3 volume 1,Total 4 volume 1,Total 5 volume 1,Total 6 volume 1
0,2.2349716812900077e+17,6.162202112442948e+21,7.99733013773092e+16,1.3153125251363435e+17,7.540744066606821e+17,4.0883377554276726e+18,3.879221689639599e+19,6.118132481662409e+21
