t(s),Total solute volume 1,Total retention volume 1,Total 1 volume 1,Total 2 volume 1,Total 3 volume 1,Total 4 volume 1,Total 5 volume 1,Total 6 volume 1
0,1.3361787230712443e+17,1.6326846688594144e+17,7687035129498279.0,1.522028754057002e+16,3962158607102.2295,10676648270756.043,68055081040223.86,6660578020830704.0
