t(s),Total solute volume 1,Total retention volume 1,Total 1 volume 1,Total 2 volume 1,Total 3 volume 1,Total 4 volume 1,Total 5 volume 1,Total 6 volume 1
0,7.82153398870977e+16,1.4458943738217088e+17,7687035129498278.0,8909437720794750.0,38637131627268.47,160605183092984.8,823787214828610.2,4.875459511523078e+16
