t(s),Total solute volume 1,Total retention volume 1,Total 1 volume 1,Total 2 volume 1,Total 3 volume 1,Total 4 volume 1,Total 5 volume 1,Total 6 volume 1
0,3.332883936767457e+17,8.152116472816988e+17,5.905751296626006e+16,1.5858298787719715e+17,34309346484489.46,131383954239561.02,1336262099549523.2,2.627807973612227e+17
