t(s),Total solute volume 1,Total retention volume 1,Total 1 volume 1,Total 2 volume 1,Total 3 volume 1,Total 4 volume 1,Total 5 volume 1,Total 6 volume 1
0,1.950956450790701e+17,2.386997246813598e+18,5.905751296626006e+16,9.282918675798294e+16,334636536203263.1,1976995601601830.0,1.6189507277718598e+16,2.0215137625947502e+18
