t(s),Total solute volume 1,Total retention volume 1,Total 1 volume 1,Total 2 volume 1,Total 3 volume 1,Total 4 volume 1,Total 5 volume 1,Total 6 volume 1
0,7.831248687372006e+17,4.712013203585456e+18,3.971127163555371e+17,1.417606166617462e+18,449268606084609.1,2384965576027332.0,3.6132352492591096e+16,2.0752028652005473e+18
