t(s),Total solute volume 1,Total retention volume 1,Total 1 volume 1,Total 2 volume 1,Total 3 volume 1,Total 4 volume 1,Total 5 volume 1,Total 6 volume 1
0,6.357639040862142e+16,1.2385754438694835e+17,4841705944743442.0,5237103708245424.0,56205225323322.516,215672950758453.62,994894083329736.2,4.893557206592629e+16
