t(s),Total solute volume 1,Total retention volume 1,Total 1 volume 1,Total 2 volume 1,Total 3 volume 1,Total 4 volume 1,Total 5 volume 1,Total 6 volume 1
0,1.0860966694806053e+17,1.29192693049164e+17,4841705944743442.0,8946718178722158.0,5768271125660.211,14352895783968.107,82266370859644.89,6692214439867501.0
