t(s),Total solute volume 1,Total retention volume 1,Total 1 volume 1,Total 2 volume 1,Total 3 volume 1,Total 4 volume 1,Total 5 volume 1,Total 6 volume 1
0,1.6839348350405472e+17,2.1519678509787853e+17,1.2878448802488326e+16,2.754319804435506e+16,2490477911455.8604,7335343017737.598,52642607922531.35,6319186318126963.0
