t(s),Total solute volume 1,Total retention volume 1,Total 1 volume 1,Total 2 volume 1,Total 3 volume 1,Total 4 volume 1,Total 5 volume 1,Total 6 volume 1
0,1.2796251387281995e+17,1.5069171899263453e+17,6980090150537523.0,1.3622739088267018e+16,1349072432883.4058,3575309081578.5244,22290044744480.793,2099161454750720.2
