t(s),Total solute volume 1,Total retention volume 1,Total 1 volume 1,Total 2 volume 1,Total 3 volume 1,Total 4 volume 1,Total 5 volume 1,Total 6 volume 1
0,7.49048861694545e+16,1.0556290124196816e+17,6980090150537523.0,7974287186130815.0,13159304929306.396,53803278874504.09,269903292038649.47,1.5366771860002028e+16
