t(s),Total solute volume 1,Total retention volume 1,Total 1 volume 1,Total 2 volume 1,Total 3 volume 1,Total 4 volume 1,Total 5 volume 1,Total 6 volume 1
0,2.3679368537431424e+18,8.439154705261786e+19,1.547610356973599e+19,5.584790903245229e+19,1.1056790692221512e+17,1.3122222804599037e+18,3.3340058322500204e+18,5.94280157705403e+18
