t(s),Total solute volume 1,Total retention volume 1,Total 1 volume 1,Total 2 volume 1,Total 3 volume 1,Total 4 volume 1,Total 5 volume 1,Total 6 volume 1
0,4.0452254584778307e+18,1.1558015727175087e+20,1.547610356973599e+19,9.533228108352348e+19,1.1186461848648766e+16,7.427720407537205e+16,1.6562074562160806e+17,4.754627484683059e+17
