t(s),Total solute volume 1,Total retention volume 1,Total 1 volume 1,Total 2 volume 1,Total 3 volume 1,Total 4 volume 1,Total 5 volume 1,Total 6 volume 1
0,2.5932953168279194e+17,5.804341276827704e+17,3.3743667340789536e+16,8.333962927494267e+16,38097416134706.555,132478308624514.14,1185837658998851.0,2.02664886000492e+17
