t(s),Total solute volume 1,Total retention volume 1,Total 1 volume 1,Total 2 volume 1,Total 3 volume 1,Total 4 volume 1,Total 5 volume 1,Total 6 volume 1
0,2.2349716812900077e+17,3.374378148519512e+18,7.99733013773092e+16,1.3153125251363435e+17,402933916429313.5,2508181880064456.0,2.2008028180575092e+16,2.914457282522508e+18
