t(s),Total solute volume 1,Total retention volume 1,Total 1 volume 1,Total 2 volume 1,Total 3 volume 1,Total 4 volume 1,Total 5 volume 1,Total 6 volume 1
0,3.818076622203744e+17,1.0532595434717856e+18,7.99733013773092e+16,2.2469880913100803e+17,41309322697971.51,166667225592776.78,1815548466215218.0,3.647562457285868e+17
