t(s),Total solute volume 1,Total retention volume 1,Total 1 volume 1,Total 2 volume 1,Total 3 volume 1,Total 4 volume 1,Total 5 volume 1,Total 6 volume 1
0,4.443246134384989e+19,2.690923056800049e+22,3.1834588077439205e+21,2.3681226433131444e+22,3.2605079709631788e+16,1.9508856217276068e+16,1.617429389190137e+16,4.457755143484311e+16
