t(s),Total solute volume 1,Total retention volume 1,Total 1 volume 1,Total 2 volume 1,Total 3 volume 1,Total 4 volume 1,Total 5 volume 1,Total 6 volume 1
0,5.831083637207589e+19,3.810646957891216e+22,5.744900751039818e+21,3.230313354759354e+22,3.629980479014552e+16,2.14199155344346e+16,1.7752288584439792e+16,4.8971897635732184e+16
