t(s),Total solute volume 1,Total retention volume 1,Total 1 volume 1,Total 2 volume 1,Total 3 volume 1,Total 4 volume 1,Total 5 volume 1,Total 6 volume 1
0,3.4133172510483444e+19,3.150161705650517e+22,5.744900751039818e+21,2.57204529767919e+22,6.000274201841144e+17,5.5069694067312064e+17,3.6728579726384083e+17,6.121460047999924e+17
