t(s),Total solute volume 1,Total retention volume 1,Total 1 volume 1,Total 2 volume 1,Total 3 volume 1,Total 4 volume 1,Total 5 volume 1,Total 6 volume 1
0,2.641240568788231e+18,4.080642168610629e+19,5.979897840391367e+18,3.199484310387922e+19,960332702167221.9,7255945869477769.0,4.2024987329332696e+16,1.4019890714639658e+17
