t(s),Total solute volume 1,Total retention volume 1,Total 1 volume 1,Total 2 volume 1,Total 3 volume 1,Total 4 volume 1,Total 5 volume 1,Total 6 volume 1
0,1.5460920402662884e+18,2.8910143908834177e+19,5.979897840391367e+18,1.873360234042119e+19,9404536940791392.0,1.1484674814378931e+17,7.743395068277399e+17,1.7519608958429379e+18
