t(s),Total solute volume 1,Total retention volume 1,Total 1 volume 1,Total 2 volume 1,Total 3 volume 1,Total 4 volume 1,Total 5 volume 1,Total 6 volume 1
0,5.483142302296937e+18,5.902186518236333e+20,1.00671705467033e+20,4.7686637777748827e+20,5.212268584237264e+17,2.147679363334098e+18,1.6952646060243638e+18,2.833255449036253e+18
