t(s),Total solute volume 1,Total retention volume 1,Total 1 volume 1,Total 2 volume 1,Total 3 volume 1,Total 4 volume 1,Total 5 volume 1,Total 6 volume 1
0,9.367034766423861e+18,9.19726312120628e+20,1.00671705467033e+20,8.092422388220401e+20,4.72677228192317e+16,8.936896389096082e+16,8.203382275962746e+16,2.2666255565867334e+17
