t(s),Total solute volume 1,Total retention volume 1,Total 1 volume 1,Total 2 volume 1,Total 3 volume 1,Total 4 volume 1,Total 5 volume 1,Total 6 volume 1
0,2.0861979911880643e+17,5.73169336135091e+18,6.858169948084933e+16,1.1023516579767e+17,798679411100251.5,4841187035842699.0,4.102185701883767e+16,5.297594973487813e+18
