t(s),Total solute volume 1,Total retention volume 1,Total 1 volume 1,Total 2 volume 1,Total 3 volume 1,Total 4 volume 1,Total 5 volume 1,Total 6 volume 1
0,3.563921568279588e+17,1.2946372878004966e+18,6.858169948084933e+16,1.8831811750643e+17,81907716609105.88,321838881712506.44,3386237640193388.0,6.775553297467425e+17
