t(s),Total solute volume 1,Total retention volume 1,Total 1 volume 1,Total 2 volume 1,Total 3 volume 1,Total 4 volume 1,Total 5 volume 1,Total 6 volume 1
0,2.0498657939890205e+20,1.1119352148075665e+23,6.1524972335763196e+22,4.946344516545733e+22,3.45224012346195e+16,2.014383793142645e+16,1.6690670418678764e+16,4.60432269958582e+16
