t(s),Total solute volume 1,Total retention volume 1,Total 1 volume 1,Total 2 volume 1,Total 3 volume 1,Total 4 volume 1,Total 5 volume 1,Total 6 volume 1
0,4.566829557989454e+18,3.8558428443090335e+20,6.696388307350977e+19,2.9943637271575534e+20,7.130043388889713e+17,4.107190933808006e+18,3.6611003629149573e+18,6.135903448036119e+18
