t(s),Total solute volume 1,Total retention volume 1,Total 1 volume 1,Total 2 volume 1,Total 3 volume 1,Total 4 volume 1,Total 5 volume 1,Total 6 volume 1
0,1.2852690019555497e+18,9.557867278161033e+18,1.1991975012111887e+18,5.049221861376426e+18,1550789819063253.2,9872229057772314.0,1.5660887147330672e+17,1.8561470232676805e+18
