t(s),Total solute volume 1,Total retention volume 1,Total 1 volume 1,Total 2 volume 1,Total 3 volume 1,Total 4 volume 1,Total 5 volume 1,Total 6 volume 1
0,7.523525865105635e+17,3.0166745065569276e+19,1.1991975012111887e+18,2.955764414391274e+18,1.5133058279505574e+16,1.492956711223649e+17,2.0959945905577106e+18,2.2999007243496624e+19
