t(s),Total solute volume 1,Total retention volume 1,Total 1 volume 1,Total 2 volume 1,Total 3 volume 1,Total 4 volume 1,Total 5 volume 1,Total 6 volume 1
0,9.011205916778291e+16,9.98901519355681e+16,3192384722575143.5,5543091834178185.0,1233102056081.3494,2855637543120.439,14873364965196.316,1023654106466914.5
