t(s),Total solute volume 1,Total retention volume 1,Total 1 volume 1,Total 2 volume 1,Total 3 volume 1,Total 4 volume 1,Total 5 volume 1,Total 6 volume 1
0,5.831083637207589e+19,3.810649291213362e+22,5.744900751039818e+21,3.230313354759354e+22,4.310601488988662e+16,2.543614804903201e+16,2.108084123217183e+16,5.8154123839117304e+16
