t(s),Total solute volume 1,Total retention volume 1,Total 1 volume 1,Total 2 volume 1,Total 3 volume 1,Total 4 volume 1,Total 5 volume 1,Total 6 volume 1
0,3.4133172510483444e+19,3.150201645760623e+22,5.744900751039818e+21,2.57204529767919e+22,7.125317006013856e+17,6.539515615382924e+17,4.3615128352870534e+17,7.269227185231587e+17
