t(s),Total solute volume 1,Total retention volume 1,Total 1 volume 1,Total 2 volume 1,Total 3 volume 1,Total 4 volume 1,Total 5 volume 1,Total 6 volume 1
0,1.6043878280498112e+17,2.0947756898147222e+17,1.1560640218829556e+16,2.4329176620616796e+16,5588447011796.962,16156512695445.664,113108373404890.78,1.3014116003932324e+16
