t(s),Total solute volume 1,Total retention volume 1,Total 1 volume 1,Total 2 volume 1,Total 3 volume 1,Total 4 volume 1,Total 5 volume 1,Total 6 volume 1
0,9.391538505657402e+16,2.167472954160065e+17,1.1560640218829554e+16,1.4241472081799574e+16,54500494340890.766,243065118162551.84,1369304568936569.0,9.536292787736091e+16
