t(s),Total solute volume 1,Total retention volume 1,Total 1 volume 1,Total 2 volume 1
0,1.355755053821572e+18,1.9194154807013708e+19,4.460907519859345e+18,1.337749223333267e+19
