t(s),Total solute volume 1,Total retention volume 1,Total 1 volume 1,Total 2 volume 1,Total 3 volume 1,Total 4 volume 1,Total 5 volume 1,Total 6 volume 1
0,6.110165178850669e+17,2.0025853238701978e+19,7.538773491030419e+17,1.7336694297627313e+18,5945494722921277.0,5.432133171444699e+16,7.439720289282665e+17,1.6123051086585526e+19
