t(s),Total solute volume 1,Total retention volume 1,Total 1 volume 1,Total 2 volume 1,Total 3 volume 1,Total 4 volume 1,Total 5 volume 1,Total 6 volume 1
0,4.920172616987362e+16,6.536825886589399e+16,2733248773475387.0,2714355750467661.0,18863243266593.227,65596067781119.1,265304523697243.16,1.0369164337332032e+16
