t(s),Total solute volume 1,Total retention volume 1,Total 1 volume 1,Total 2 volume 1,Total 3 volume 1,Total 4 volume 1,Total 5 volume 1,Total 6 volume 1
0,8.405294887353384e+16,9.286938840405531e+16,2733248773475387.0,4637024230775944.0,1935217313662.906,4363238545587.965,21928693837898.51,1417939376572954.8
