t(s),Total solute volume 1,Total retention volume 1,Total 1 volume 1,Total 2 volume 1,Total 3 volume 1,Total 4 volume 1,Total 5 volume 1,Total 6 volume 1
0,1.0575407049402066e+18,2.1650666919589814e+19,2.563088576888768e+18,7.076244436375885e+18,1.5359739688342642e+16,1.7039491196193142e+17,2.0615295580559882e+18,8.706508991678661e+18
