t(s),Total solute volume 1,Total retention volume 1,Total 1 volume 1,Total 2 volume 1,Total 3 volume 1,Total 4 volume 1,Total 5 volume 1,Total 6 volume 1
0,1.806632037606207e+18,1.7300770865083884e+19,2.563088576888768e+18,1.2087386361672243e+19,1572552124468986.2,1.115051021694043e+16,1.331663387566639e+17,6.97774487818647e+17
