t(s),Total solute volume 1,Total retention volume 1,Total 1 volume 1,Total 2 volume 1,Total 3 volume 1,Total 4 volume 1,Total 5 volume 1,Total 6 volume 1
0,2.5802946377090512e+17,5.790555807743002e+18,1.1018915844204802e+17,1.9011722470774906e+17,624744731079791.5,4109577373828340.0,3.877278144802468e+16,5.188712857269356e+18
