t(s),Total solute volume 1,Total retention volume 1,Total 1 volume 1,Total 2 volume 1,Total 3 volume 1,Total 4 volume 1,Total 5 volume 1,Total 6 volume 1
0,9.011205916778291e+16,1.0232265955566426e+17,3192384722575143.5,5543091834178185.0,4110038191969.1787,9518199596814.264,49574582090466.99,3411921011248856.0
