t(s),Total solute volume 1,Total retention volume 1,Total 1 volume 1,Total 2 volume 1,Total 3 volume 1,Total 4 volume 1,Total 5 volume 1,Total 6 volume 1
0,5.274852243967814e+16,8.490759806547637e+16,3192384722575143.5,3244736830869188.5,40035793114705.26,142966736657941.22,599326044702208.1,2.493962549787908e+16
