t(s),Total solute volume 1,Total retention volume 1,Total 1 volume 1,Total 2 volume 1,Total 3 volume 1,Total 4 volume 1,Total 5 volume 1,Total 6 volume 1
0,4.443246134384989e+19,2.6909183585540454e+22,3.1834588077439205e+21,2.368122643314206e+22,1.9019632778023708e+16,1.1380167639625022e+16,9435008594776592.0,2.604850171179433e+16
