t(s),Total solute volume 1,Total retention volume 1,Total 1 volume 1,Total 2 volume 1,Total 3 volume 1,Total 4 volume 1,Total 5 volume 1,Total 6 volume 1
0,2.600924566469286e+19,2.041227842098767e+22,3.1834588077439205e+21,1.7201685979806866e+22,3.11331359676245e+17,2.925050216000404e+17,1.9520576744694445e+17,3.253456235009667e+17
