t(s),Total solute volume 1,Total retention volume 1,Total 1 volume 1,Total 2 volume 1,Total 3 volume 1,Total 4 volume 1,Total 5 volume 1,Total 6 volume 1
0,2.7620042352160896e+18,1.2521570247838694e+20,2.1816306119850037e+19,8.283158743020675e+19,2.682889138514203e+17,2.9320314423912837e+18,5.348449687446789e+18,9.257034649424228e+18
