t(s),Total solute volume 1,Total retention volume 1,Total 1 volume 1,Total 2 volume 1,Total 3 volume 1,Total 4 volume 1,Total 5 volume 1,Total 6 volume 1
0,2.7620042352160896e+18,1.6114866823844275e+23,2.1816306119850037e+19,8.283158743020675e+19,2.2766612266637722e+21,1.9472432399216137e+22,4.067770331313389e+22,9.861446140164215e+22
