t(s),Total solute volume 1,Total retention volume 1,Total 1 volume 1,Total 2 volume 1,Total 3 volume 1,Total 4 volume 1,Total 5 volume 1,Total 6 volume 1
0,5.88665732355986e+16,9.81643766467834e+16,4077840541915392.0,4299130609532137.0,39661276927727.35,147758210974612.9,655207556938971.8,3.0078205214895484e+16
