t(s),Total solute volume 1,Total retention volume 1,Total 1 volume 1,Total 2 volume 1,Total 3 volume 1,Total 4 volume 1,Total 5 volume 1,Total 6 volume 1
0,8.591862577826981e+17,5.161782459739741e+18,4.883330109832728e+17,1.7979335094057503e+18,536744917479453.1,2950505727823143.0,4.6076724559900456e+16,1.9667657063628262e+18
