t(s),Total solute volume 1,Total retention volume 1,Total 1 volume 1,Total 2 volume 1,Total 3 volume 1,Total 4 volume 1,Total 5 volume 1,Total 6 volume 1
0,5.0293829723865024e+17,2.597300650889029e+19,4.883330109832728e+17,1.0524643962722104e+18,5235889937166820.0,4.445416396613725e+16,5.720136671467382e+17,2.330756708334615e+19
