t(s),Total solute volume 1,Total retention volume 1,Total 1 volume 1,Total 2 volume 1,Total 3 volume 1,Total 4 volume 1,Total 5 volume 1,Total 6 volume 1
0,1.0446784147997133e+17,1.2061923392708242e+17,4439458008290587.5,8097793286123659.0,3287623137826.6685,8058967930916.649,45279829648866.234,3557514731978662.0
