t(s),Total solute volume 1,Total retention volume 1,Total 1 volume 1,Total 2 volume 1,Total 3 volume 1,Total 4 volume 1,Total 5 volume 1,Total 6 volume 1
0,1.827745988668061e+17,4.012870841803057e+17,5.1059153534519e+16,7.853065002362187e+16,16075395536066.443,92628185173684.05,733678004855001.2,8.808030016979496e+16
