t(s),Total solute volume 1,Total retention volume 1,Total 1 volume 1,Total 2 volume 1,Total 3 volume 1,Total 4 volume 1,Total 5 volume 1,Total 6 volume 1
0,3.122399397307938e+17,5.091144058070543e+17,5.1059153534519e+16,1.3415637957682182e+17,1647742710286.224,6153627524777.72,60548069605646.695,1.1590583525075096e+16
