t(s),Total solute volume 1,Total retention volume 1,Total 1 volume 1,Total 2 volume 1,Total 3 volume 1,Total 4 volume 1,Total 5 volume 1,Total 6 volume 1
0,5.67102642256257e+16,7.640387182823533e+16,3752113566455123.5,3906825519925697.5,16490043513418.508,60571174712734.4,263468302184118.06,1.1694138995819638e+16
