t(s),Total solute volume 1,Total retention volume 1,Total 1 volume 1,Total 2 volume 1,Total 3 volume 1,Total 4 volume 1,Total 5 volume 1,Total 6 volume 1
0,2.067829880351787e+17,3.2433132099732525e+17,2.0362204049155636e+16,4.663428171230368e+16,13787486866260.32,43946362090835.0,350364979927759.56,5.0143748371802696e+16
