t(s),Total solute volume 1,Total retention volume 1,Total 1 volume 1,Total 2 volume 1,Total 3 volume 1,Total 4 volume 1,Total 5 volume 1,Total 6 volume 1
0,1.2104370031327629e+17,5.426273192464834e+17,2.036220404915564e+16,2.7298126560537492e+16,134451885197629.31,661092831416459.0,4241537952921590.5,3.688862056539825e+17
