t(s),Total solute volume 1,Total retention volume 1,Total 1 volume 1,Total 2 volume 1,Total 3 volume 1,Total 4 volume 1,Total 5 volume 1,Total 6 volume 1
0,1.0536084069480294e+20,6.471827573780261e+22,1.961934451448198e+22,4.49934784566537e+22,2.6997844644520068e+16,1.5780732477728552e+16,1.307591145123968e+16,3.607148374476713e+16
