t(s),Total solute volume 1,Total retention volume 1,Total 1 volume 1,Total 2 volume 1,Total 3 volume 1,Total 4 volume 1,Total 5 volume 1,Total 6 volume 1
0,2.3679368537431424e+18,7.508762113569043e+19,1.547610356973599e+19,5.584790903245229e+19,1.4422685504390542e+16,1.7117186765747104e+17,4.348972965565269e+17,7.751798300403776e+17
