t(s),Total solute volume 1,Total retention volume 1,Total 1 volume 1,Total 2 volume 1,Total 3 volume 1,Total 4 volume 1,Total 5 volume 1,Total 6 volume 1
0,4.0452254584778307e+18,1.1494837744992793e+20,1.547610356973599e+19,9.533228108352348e+19,1459108746846991.0,9688359233292366.0,2.160277340434022e+16,6.201709680653741e+16
