t(s),Total solute volume 1,Total retention volume 1,Total 1 volume 1,Total 2 volume 1,Total 3 volume 1,Total 4 volume 1,Total 5 volume 1,Total 6 volume 1
0,8.553063609334184e+16,2.128898104372864e+17,9383807851828774.0,1.1205049428947024e+16,70746928640384.86,304345358858067.4,1634359452994957.5,1.047608653226745e+17
