t(s),Total solute volume 1,Total retention volume 1,Total 1 volume 1,Total 2 volume 1,Total 3 volume 1,Total 4 volume 1,Total 5 volume 1,Total 6 volume 1
0,1.4611483665945994e+17,1.891115011788245e+17,9383807851828778.0,1.9141956437258628e+16,7256333449813.637,20237408922240.11,135047036210277.36,1.4308359451694552e+16
