t(s),Total solute volume 1,Total retention volume 1,Total 1 volume 1,Total 2 volume 1,Total 3 volume 1,Total 4 volume 1,Total 5 volume 1,Total 6 volume 1
0,7.523525865105635e+17,1.3117711171913622e+19,1.1991975012111887e+18,2.955764414391274e+18,4919064706731157.0,4.8531910299071096e+16,6.813278352818159e+17,7.475617859512965e+18
