t(s),Total solute volume 1,Total retention volume 1,Total 1 volume 1,Total 2 volume 1,Total 3 volume 1,Total 4 volume 1,Total 5 volume 1,Total 6 volume 1
0,1.2852690019555497e+18,8.191553628718612e+18,1.1991975012111887e+18,5.049221861376426e+18,504012018537456.2,3208503160890850.0,5.089837078221571e+16,6.032543782137546e+17
