t(s),Total solute volume 1,Total retention volume 1,Total 1 volume 1,Total 2 volume 1,Total 3 volume 1,Total 4 volume 1,Total 5 volume 1,Total 6 volume 1
0,9.367034766423861e+18,9.194368457761545e+20,1.00671705467033e+20,8.092422388220401e+20,1.6543723298584796e+16,3.127916988087123e+16,2.8711869904115748e+16,7.93319575702552e+16
