t(s),Total solute volume 1,Total retention volume 1,Total 1 volume 1,Total 2 volume 1,Total 3 volume 1,Total 4 volume 1,Total 5 volume 1,Total 6 volume 1
0,5.483142302296937e+18,5.8554037175440205e+20,1.00671705467033e+20,4.7686637777748505e+20,1.8243293695989533e+17,7.51707244295599e+17,5.933557234122185e+17,9.916503029197147e+17
