t(s),Total solute volume 1,Total retention volume 1,Total 1 volume 1,Total 2 volume 1,Total 3 volume 1,Total 4 volume 1,Total 5 volume 1,Total 6 volume 1
0,8.394286150660815e+17,9.945292473826568e+18,1.531053857194819e+18,3.913959566691929e+18,2898691299326423.0,2.9744298816630676e+16,4.1103687377077594e+17,3.217170570987038e+18
