t(s),Total solute volume 1,Total retention volume 1,Total 1 volume 1,Total 2 volume 1,Total 3 volume 1,Total 4 volume 1,Total 5 volume 1,Total 6 volume 1
0,1.454865482009603e+20,8.391701923327325e+22,3.579686312483719e+22,4.797460062369274e+22,2.0264084661615664e+16,1.1830006597671034e+16,9802119864477882.0,2.7040331021184436e+16
