t(s),Total solute volume 1,Total retention volume 1,Total 1 volume 1,Total 2 volume 1,Total 3 volume 1,Total 4 volume 1,Total 5 volume 1,Total 6 volume 1
0,8.516285748348854e+19,8.217042265446452e+22,3.579686312483719e+22,4.628721412782856e+22,3.375430569466795e+17,3.041962550799003e+17,2.0280169272860294e+17,3.3800330983658e+17
