t(s),Total solute volume 1,Total retention volume 1,Total 1 volume 1,Total 2 volume 1,Total 3 volume 1,Total 4 volume 1,Total 5 volume 1,Total 6 volume 1
0,6.1674638455494386e+19,6.141188133854538e+22,1.961934451448198e+22,4.172998634441791e+22,2.4961498077805296e+17,2.2543280888688675e+17,1.502974063745402e+17,2.5049599478411984e+17
