t(s),Total solute volume 1,Total retention volume 1,Total 1 volume 1,Total 2 volume 1,Total 3 volume 1,Total 4 volume 1,Total 5 volume 1,Total 6 volume 1
0,1.0536084069480294e+20,6.471823488182136e+22,1.961934451448198e+22,4.49934784566537e+22,1.4998804584100572e+16,8767074590534672.0,7264396130212904.0,2.0039715961124684e+16
