t(s),Total solute volume 1,Total retention volume 1,Total 1 volume 1,Total 2 volume 1
0,1.0860966694806053e+17,1.2239809107152592e+17,4841705944743442.0,8946718178722158.0
