t(s),Total solute volume 1,Total retention volume 1,Total 1 volume 1,Total 2 volume 1
0,6.357639040862142e+16,7.365520006161011e+16,4841705944743442.0,5237103708245424.0
