t(s),Total solute volume 1,Total retention volume 1,Total 1 volume 1,Total 2 volume 1
0,9.367034766423861e+18,9.192809790555088e+20,1.00671705467033e+20,8.092422388220477e+20
