t(s),Total solute volume 1,Total retention volume 1,Total 1 volume 1,Total 2 volume 1
0,5.483142302296937e+18,5.8302122554681963e+20,1.00671705467033e+20,4.7686637777748827e+20
