t(s),Total solute volume 1,Total retention volume 1,Total 1 volume 1,Total 2 volume 1,Total 3 volume 1,Total 4 volume 1,Total 5 volume 1,Total 6 volume 1
0,2.600924566469286e+19,2.0415651536224886e+22,3.1834588077439205e+21,1.7201685979806866e+22,1.2453126442835625e+18,1.1700040275202304e+18,7.808139245617074e+17,1.3013724131510203e+18
