t(s),Total solute volume 1,Total retention volume 1,Total 1 volume 1,Total 2 volume 1,Total 3 volume 1,Total 4 volume 1,Total 5 volume 1,Total 6 volume 1
0,4.443246134384989e+19,2.6909381152134473e+22,3.1834588077439205e+21,2.3681226433136985e+22,7.607848160698123e+16,4.552064544017648e+16,3.7740007497668904e+16,1.0411077495141346e+17
