t(s),Total solute volume 1,Total retention volume 1,Total 1 volume 1,Total 2 volume 1,Total 3 volume 1,Total 4 volume 1,Total 5 volume 1,Total 6 volume 1
0,1.2796251387281995e+17,1.623858246667732e+17,6980090150537523.0,1.3622739088267018e+16,8768380060098.512,23238183292442.652,144876445115982.47,1.3643598546681028e+16
