t(s),Total solute volume 1,Total retention volume 1,Total 1 volume 1,Total 2 volume 1,Total 3 volume 1,Total 4 volume 1,Total 5 volume 1,Total 6 volume 1
0,7.49048861694545e+16,1.918501589394548e+17,6980090150537523.0,7974287186130816.0,85444603642204.62,349225132468615.6,1752246860713718.5,9.980397883650752e+16
