t(s),Total solute volume 1,Total retention volume 1,Total 1 volume 1,Total 2 volume 1,Total 3 volume 1,Total 4 volume 1,Total 5 volume 1,Total 6 volume 1
0,2.0498657939890205e+20,1.1119348657802263e+23,6.1524972335763196e+22,4.946344516545733e+22,2.4258987418602884e+16,1.4155130724497046e+16,1.1728580425590016e+16,3.2354703869145564e+16
