t(s),Total solute volume 1,Total retention volume 1,Total 1 volume 1,Total 2 volume 1,Total 3 volume 1,Total 4 volume 1,Total 5 volume 1,Total 6 volume 1
0,1.1999214403838232e+20,1.1034987474623192e+23,6.1524972335763196e+22,4.870349495676083e+22,4.0423176678342515e+17,3.639861245966728e+17,2.4265916434352874e+17,4.044326130238941e+17
