t(s),Total solute volume 1,Total retention volume 1,Total 1 volume 1,Total 2 volume 1
0,4.0983010737537254e+17,7.729367698575695e+17,9.36616297076456e+16,2.6944503277455203e+17
