t(s),Total solute volume 1,Total retention volume 1,Total 1 volume 1,Total 2 volume 1
0,2.399005506587524e+17,4.9128645038844826e+17,9.36616297076456e+16,1.5772427002204848e+17
