t(s),Total solute volume 1,Total retention volume 1,Total 1 volume 1,Total 2 volume 1,Total 3 volume 1,Total 4 volume 1,Total 5 volume 1,Total 6 volume 1
0,9.391538505657402e+16,2.9432742892554157e+17,1.1560640218829556e+16,1.4241472081799574e+16,98068637659500.22,437325098630419.4,2463824551148007.5,1.7161071328089907e+17
