t(s),Total solute volume 1,Total retention volume 1,Total 1 volume 1,Total 2 volume 1,Total 3 volume 1,Total 4 volume 1,Total 5 volume 1,Total 6 volume 1
0,1.2852690019555497e+18,9.254244577920233e+18,1.1991975012111887e+18,5.049221861376426e+18,1318174442411214.8,8391411389279269.0,1.3311782411458605e+17,1.5777288034307528e+18
