t(s),Total solute volume 1,Total retention volume 1,Total 1 volume 1,Total 2 volume 1,Total 3 volume 1,Total 4 volume 1,Total 5 volume 1,Total 6 volume 1
0,7.523525865105635e+17,2.6378459113474507e+19,1.1991975012111887e+18,2.955764414391274e+18,1.2863576502001548e+16,1.2690760627461051e+17,1.7816707100430728e+18,1.9549702718541767e+19
