t(s),Total solute volume 1,Total retention volume 1,Total 1 volume 1,Total 2 volume 1,Total 3 volume 1,Total 4 volume 1,Total 5 volume 1,Total 6 volume 1
0,5.483142302296937e+18,5.898587911262182e+20,1.0067170546703298e+20,4.7686637777748827e+20,4.951662538818679e+17,2.0402994596402263e+18,1.6105041134888596e+18,2.691595752392504e+18
