t(s),Total solute volume 1,Total retention volume 1,Total 1 volume 1,Total 2 volume 1
0,1.454865482009603e+20,8.391695028183514e+22,3.5796863124798974e+22,4.797460060883517e+22
