t(s),Total solute volume 1,Total retention volume 1,Total 1 volume 1,Total 2 volume 1
0,8.516285748348854e+19,8.216924010642999e+22,3.5796863124819782e+22,4.628721412412663e+22
