t(s),Total solute volume 1,Total retention volume 1,Total 1 volume 1,Total 2 volume 1,Total 3 volume 1,Total 4 volume 1,Total 5 volume 1,Total 6 volume 1
0,6.1151907207788056e+16,7.498139939371458e+16,4439458008290587.5,4740171994361016.0,5577624477246.09,21093439992559.676,95360514763561.92,4527830604042143.0
