t(s),Total solute volume 1,Total retention volume 1,Total 1 volume 1,Total 2 volume 1,Total 3 volume 1,Total 4 volume 1,Total 5 volume 1,Total 6 volume 1
0,2.067829880351787e+17,2.954449401916094e+17,2.0362204049155636e+16,4.663428171230368e+16,5909025613347.024,18834432292087.41,150158784421027.5,2.1490564152645456e+16
