t(s),Total solute volume 1,Total retention volume 1,Total 1 volume 1,Total 2 volume 1,Total 3 volume 1,Total 4 volume 1,Total 5 volume 1,Total 6 volume 1
0,1.2104370031327629e+17,3.2899025416544666e+17,2.0362204049155636e+16,2.7298126560537492e+16,57638042154320.37,283429315059603.3,1818370388789082.2,1.5812678549647565e+17
