t(s),Total solute volume 1,Total retention volume 1,Total 1 volume 1,Total 2 volume 1,Total 3 volume 1,Total 4 volume 1,Total 5 volume 1,Total 6 volume 1
0,2.7544357765683786e+17,4.846549807601768e+17,3.860071170759496e+16,9.727055195100429e+16,12453659563005.863,44320925457362.07,409119383766395.94,7.287424547595114e+16
