t(s),Total solute volume 1,Total retention volume 1,Total 1 volume 1,Total 2 volume 1,Total 3 volume 1,Total 4 volume 1,Total 5 volume 1,Total 6 volume 1
0,1.612352649698545e+17,8.0730915855977e+17,3.860071170759496e+16,5.693890508297374e+16,121478521906576.52,666990852997357.1,4955492161851825.0,5.447903152625841e+17
