t(s),Total solute volume 1,Total retention volume 1,Total 1 volume 1,Total 2 volume 1,Total 3 volume 1,Total 4 volume 1,Total 5 volume 1,Total 6 volume 1
0,5.0293829723865024e+17,1.4009653079039568e+19,4.883330109832728e+17,1.0524643962722106e+18,2618311950094886.5,2.223124426806007e+16,2.860525378048058e+17,1.1655015280522488e+19
