t(s),Total solute volume 1,Total retention volume 1,Total 1 volume 1,Total 2 volume 1,Total 3 volume 1,Total 4 volume 1,Total 5 volume 1,Total 6 volume 1
0,8.591862577826981e+17,4.153626850451726e+18,4.883330109832728e+17,1.7979335094057503e+18,268374841668106.5,1475263955856816.2,2.3038547664283036e+16,9.833918858182065e+17
