t(s),Total solute volume 1,Total retention volume 1,Total 1 volume 1,Total 2 volume 1,Total 3 volume 1,Total 4 volume 1,Total 5 volume 1,Total 6 volume 1
0,9.455042984468884e+17,4.0207011879667185e+18,6.045923551720417e+17,2.298131816040415e+18,58641078165086.03,334080749623193.44,5344337257548864.0,1.6673565922202166e+17
