t(s),Total solute volume 1,Total retention volume 1,Total 1 volume 1,Total 2 volume 1,Total 3 volume 1,Total 4 volume 1,Total 5 volume 1,Total 6 volume 1
0,5.5346593079818586e+17,4.588389438870107e+18,6.045923551720415e+17,1.3452732373157307e+18,572201354845086.4,5037607363574672.0,6.705848692057435e+16,2.012389619945167e+18
