t(s),Total solute volume 1,Total retention volume 1,Total 1 volume 1,Total 2 volume 1,Total 3 volume 1,Total 4 volume 1,Total 5 volume 1,Total 6 volume 1
0,1.0056372927748115e+17,1.1562776724611806e+17,4077840541915392.0,7344347682422831.0,3544699929892.8223,8562798359680.444,47180124196803.73,3582562121812881.5
