t(s),Total solute volume 1,Total retention volume 1,Total 1 volume 1,Total 2 volume 1,Total 3 volume 1,Total 4 volume 1,Total 5 volume 1,Total 6 volume 1
0,5.88665732355986e+16,9.417774703142336e+16,4077840541915392.0,4299130609532136.5,34548980162194.32,128718941604216.62,570764208144587.8,2.620017051446605e+16
