t(s),Total solute volume 1,Total retention volume 1,Total 1 volume 1,Total 2 volume 1,Total 3 volume 1,Total 4 volume 1,Total 5 volume 1,Total 6 volume 1
0,1.3517038836082043e+17,1.0524471026320364e+18,2.6047523684028044e+16,3.622882322688759e+16,253905991800585.94,1302502709758341.5,8843133518345862.0,8.446008251403954e+17
