t(s),Total solute volume 1,Total retention volume 1,Total 1 volume 1,Total 2 volume 1,Total 3 volume 1,Total 4 volume 1,Total 5 volume 1,Total 6 volume 1
0,2.3091608011640064e+17,4.340780882623813e+17,2.6047523684028044e+16,6.18908749437171e+16,26041252620567.062,86603245667436.27,730567607278589.6,1.1438039741266677e+17
