t(s),Total solute volume 1,Total retention volume 1,Total 1 volume 1,Total 2 volume 1,Total 3 volume 1,Total 4 volume 1,Total 5 volume 1,Total 6 volume 1
0,1.454865482009603e+20,8.391697462727865e+22,3.579686312483719e+22,4.797460062369274e+22,7152030923377260.0,4175296961737884.0,3459572174010085.5,9543647682272680.0
