t(s),Total solute volume 1,Total retention volume 1,Total 1 volume 1,Total 2 volume 1,Total 3 volume 1,Total 4 volume 1,Total 5 volume 1,Total 6 volume 1
0,8.516285748348854e+19,8.216965747973069e+22,3.579686312483719e+22,4.628721412782856e+22,1.191331178950402e+17,1.0736371435102818e+17,7.157725587584432e+16,1.1929549289516421e+17
