t(s),Total solute volume 1,Total retention volume 1,Total 1 volume 1,Total 2 volume 1,Total 3 volume 1,Total 4 volume 1,Total 5 volume 1,Total 6 volume 1
0,7.523525865105635e+17,6.170520265597658e+18,1.1991975012111887e+18,2.955764414391274e+18,756830641750477.4,7467125951225876.0,1.0482779180160482e+17,1.1501540150900426e+18
