t(s),Total solute volume 1,Total retention volume 1,Total 1 volume 1,Total 2 volume 1,Total 3 volume 1,Total 4 volume 1,Total 5 volume 1,Total 6 volume 1
0,1.2852690019555497e+18,7.634898851320713e+18,1.1991975012111887e+18,5.049221861376426e+18,77540644456661.92,493617670862080.0,7830549141195704.0,9.280877932099653e+16
