t(s),Total solute volume 1,Total retention volume 1,Total 1 volume 1,Total 2 volume 1,Total 3 volume 1,Total 4 volume 1,Total 5 volume 1,Total 6 volume 1
0,6.030890236958341e+17,2.338515483574896e+18,2.2173507663096877e+17,7.255463282409612e+17,100303824934669.28,482154627646795.06,6556914921119777.0,7.810056816334257e+17
