t(s),Total solute volume 1,Total retention volume 1,Total 1 volume 1,Total 2 volume 1,Total 3 volume 1,Total 4 volume 1,Total 5 volume 1,Total 6 volume 1
0,3.5302772118780864e+17,9.095614404199678e+18,2.2173507663096877e+17,4.247125719959892e+17,978485572810563.5,7259069224815371.0,7.992838334335368e+16,8.007973096243934e+18
