t(s),Total solute volume 1,Total retention volume 1,Total 1 volume 1,Total 2 volume 1,Total 3 volume 1,Total 4 volume 1,Total 5 volume 1,Total 6 volume 1
0,1.1999214403838232e+20,1.1034905822295283e+23,6.1524972335763196e+22,4.870349495676083e+22,1.7102155214088864e+17,1.5399463491591616e+17,1.0266378005658021e+17,1.7110642236458653e+17
