t(s),Total solute volume 1,Total retention volume 1,Total 1 volume 1,Total 2 volume 1,Total 3 volume 1,Total 4 volume 1,Total 5 volume 1,Total 6 volume 1
0,2.0498657939890205e+20,1.1119343898337252e+23,6.1524972335763196e+22,4.946344516545733e+22,1.0263419350514196e+16,5988709941486579.0,4962092418017656.0,1.3688530762717338e+16
