t(s),Total solute volume 1,Total retention volume 1,Total 1 volume 1,Total 2 volume 1,Total 3 volume 1,Total 4 volume 1,Total 5 volume 1,Total 6 volume 1
0,2.2349716812900077e+17,1.7211080977422958e+18,7.99733013773092e+16,1.3153125251363437e+17,176306970071612.12,1097524006051146.8,9629968192781758.0,1.2752025765534533e+18
