t(s),Total solute volume 1,Total retention volume 1,Total 1 volume 1,Total 2 volume 1,Total 3 volume 1,Total 4 volume 1,Total 5 volume 1,Total 6 volume 1
0,3.818076622203744e+17,8.469473160343356e+17,7.99733013773092e+16,2.2469880913100803e+17,18072980512398.902,72917429917560.84,794308501407859.0,1.5958224439380554e+17
