t(s),Total solute volume 1,Total retention volume 1,Total 1 volume 1,Total 2 volume 1,Total 3 volume 1,Total 4 volume 1,Total 5 volume 1,Total 6 volume 1
0,2.0426316755341617e+18,5.434163853418087e+19,1.1130180818752053e+19,3.824669850510911e+19,2.087529428859933e+16,2.5705410929818602e+17,9.210002736467576e+17,1.7231978575515108e+18
