t(s),Total solute volume 1,Total retention volume 1,Total 1 volume 1,Total 2 volume 1,Total 3 volume 1,Total 4 volume 1,Total 5 volume 1,Total 6 volume 1
0,3.489495779037574e+18,8.012471154067494e+19,1.1130180818752053e+19,6.5303130943887696e+19,2121552384110252.5,1.528376523614945e+16,4.663056260308644e+16,1.3786811877384531e+17
