t(s),Total solute volume 1,Total retention volume 1,Total 1 volume 1,Total 2 volume 1,Total 3 volume 1,Total 4 volume 1,Total 5 volume 1,Total 6 volume 1
0,1.4314015651477992e+17,4.5678826194168794e+17,2.9598370758294e+16,4.196129288420449e+16,65190462953880.83,341925838906786.9,2390295237732203.0,2.392910302448223e+17
