t(s),Total solute volume 1,Total retention volume 1,Total 1 volume 1,Total 2 volume 1,Total 3 volume 1,Total 4 volume 1,Total 5 volume 1,Total 6 volume 1
0,2.445311007127456e+17,3.783402995000126e+17,2.9598370758294e+16,7.168383321791445e+16,6682887917835.172,22719587350928.58,197354369140258.84,3.2300237966647256e+16
