t(s),Total solute volume 1,Total retention volume 1,Total 1 volume 1,Total 2 volume 1,Total 3 volume 1,Total 4 volume 1,Total 5 volume 1,Total 6 volume 1
0,5.539824915009872e+18,2.5065466392065088e+20,3.120606282469643e+19,2.1299199081623975e+20,3.090680254894725e+16,1.4608434339238813e+17,1.950880859132505e+17,5.4470613284935706e+17
