t(s),Total solute volume 1,Total retention volume 1,Total 1 volume 1,Total 2 volume 1,Total 3 volume 1,Total 4 volume 1,Total 5 volume 1,Total 6 volume 1
0,3.242824340493574e+18,1.73414861008823e+20,3.120606282469643e+19,1.2489632049785533e+20,3.1127364966876026e+17,2.947984918849505e+18,4.0019627228484695e+18,6.808432054412002e+18
