t(s),Total solute volume 1,Total retention volume 1,Total 1 volume 1,Total 2 volume 1,Total 3 volume 1,Total 4 volume 1,Total 5 volume 1,Total 6 volume 1
0,3.434508319345575e+19,1.7657303945610564e+22,1.8076337742290042e+21,1.581487631351659e+22,1.2697923903466792e+17,7.812906136850944e+16,6.482815861030027e+16,1.788382125368935e+17
