t(s),Total solute volume 1,Total retention volume 1,Total 1 volume 1,Total 2 volume 1,Total 3 volume 1,Total 4 volume 1,Total 5 volume 1,Total 6 volume 1
0,2.1836778534678442e+17,3.785715024865138e+17,2.2995109404381096e+16,5.36299248106901e+16,20762469256552.543,67580388528489.71,554031125718298.44,8.293630894115485e+16
