t(s),Total solute volume 1,Total retention volume 1,Total 1 volume 1,Total 2 volume 1,Total 3 volume 1,Total 4 volume 1,Total 5 volume 1,Total 6 volume 1
0,1.2782504508104443e+17,8.012237888328817e+17,2.2995109404381096e+16,3.139314052066766e+16,202444434106067.62,1016449404692409.9,6706319966333668.0,6.110852800216582e+17
