t(s),Total solute volume 1,Total retention volume 1,Total 1 volume 1,Total 2 volume 1,Total 3 volume 1,Total 4 volume 1,Total 5 volume 1,Total 6 volume 1
0,9.340096063528438e+16,1.0313648821869301e+17,3458157710870754.5,6076746478966877.0,222648981505.70288,522770174602.8448,2773325487847.6226,197104648927515.75
