t(s),Total solute volume 1,Total retention volume 1,Total 1 volume 1,Total 2 volume 1,Total 3 volume 1,Total 4 volume 1,Total 5 volume 1,Total 6 volume 1
0,5.467373305480017e+16,6.317497692049023e+16,3458157710870755.5,3557120067332162.0,2172021294079.6785,7868066522793.26,33585030727532.156,1442340968942645.8
