t(s),Total solute volume 1,Total retention volume 1,Total 1 volume 1,Total 2 volume 1,Total 3 volume 1,Total 4 volume 1,Total 5 volume 1,Total 6 volume 1
0,4.566829557989454e+18,3.732751944289827e+20,6.696388307350977e+19,2.9943637271575534e+20,1.125857559545438e+17,6.485509551017681e+17,5.781043235502487e+17,9.688680471230522e+17
