t(s),Total solute volume 1,Total retention volume 1,Total 1 volume 1,Total 2 volume 1,Total 3 volume 1,Total 4 volume 1,Total 5 volume 1,Total 6 volume 1
0,7.801667161565198e+18,5.843108771451048e+20,6.696388307350977e+19,5.094009276905077e+20,1.0662511118214098e+16,2.8219889832640096e+16,2.8006254043078708e+16,7.751056452891467e+16
