t(s),Total solute volume 1,Total retention volume 1,Total 1 volume 1,Total 2 volume 1,Total 3 volume 1,Total 4 volume 1,Total 5 volume 1,Total 6 volume 1
0,9.455042984468884e+17,4.5381162233174687e+18,6.045923551720417e+17,2.298131816040415e+18,234563283067297.12,1336318031619163.2,2.1377263993617084e+16,6.669396083498102e+17
