t(s),Total solute volume 1,Total retention volume 1,Total 1 volume 1,Total 2 volume 1,Total 3 volume 1,Total 4 volume 1,Total 5 volume 1,Total 6 volume 1
0,5.5346593079818586e+17,1.0843119371868105e+19,6.045923551720415e+17,1.3452732373157307e+18,2288646804984566.5,2.0148563973880308e+16,2.682127569140091e+17,8.049137880889283e+18
