t(s),Total solute volume 1,Total retention volume 1,Total 1 volume 1,Total 2 volume 1,Total 3 volume 1,Total 4 volume 1,Total 5 volume 1,Total 6 volume 1
0,2.6900722401125917e+19,1.0973386829976274e+22,1.0530177027067483e+21,9.893021029122334e+21,1.217148066520178e+17,7.895920710544774e+16,6.563453321308534e+16,1.8106719897431046e+17
