t(s),Total solute volume 1,Total retention volume 1,Total 1 volume 1,Total 2 volume 1,Total 3 volume 1,Total 4 volume 1,Total 5 volume 1,Total 6 volume 1
0,1.5746764332366418e+19,7.378460405815539e+21,1.0530177027067483e+21,6.302159391947708e+21,1.889706798654409e+18,2.0256607537194606e+18,1.357894029692203e+18,2.2632852466094853e+18
