t(s),Total solute volume 1,Total retention volume 1,Total 1 volume 1,Total 2 volume 1,Total 3 volume 1,Total 4 volume 1,Total 5 volume 1,Total 6 volume 1
0,8.125946973719792e+16,8.833335187126747e+16,2534742031225782.5,4252075647885005.0,407870025220.84216,907720616139.2476,4483631459283.321,281265232858430.5
