t(s),Total solute volume 1,Total retention volume 1,Total 1 volume 1,Total 2 volume 1,Total 3 volume 1,Total 4 volume 1,Total 5 volume 1,Total 6 volume 1
0,4.7566518870554744e+16,5.472007079876013e+16,2534742031225782.5,2489019978208205.5,3978388938202.717,13659350377221.242,54288392053052.83,2057863787403056.8
