t(s),Total solute volume 1,Total retention volume 1,Total 1 volume 1,Total 2 volume 1,Total 3 volume 1,Total 4 volume 1,Total 5 volume 1,Total 6 volume 1
0,1.1342546114652189e+19,1.474203919455005e+21,1.542273968290348e+20,1.3085723532580823e+21,8977321979604898.0,1.2260317957626842e+16,1.0738706116799118e+16,2.9646907182534364e+16
