t(s),Total solute volume 1,Total retention volume 1,Total 1 volume 1,Total 2 volume 1,Total 3 volume 1,Total 4 volume 1,Total 5 volume 1,Total 6 volume 1
0,6.639539189064714e+18,9.361682536173712e+20,1.542273968290348e+20,7.742999917924145e+20,1.051933230983412e+17,3.0349292336554214e+17,2.2205785453842544e+17,3.705817058510461e+17
