t(s),Total solute volume 1,Total retention volume 1,Total 1 volume 1,Total 2 volume 1,Total 3 volume 1,Total 4 volume 1,Total 5 volume 1,Total 6 volume 1
0,5.556772250990977e+17,3.0959360700806277e+18,1.8471874136236307e+17,5.881523663147372e+17,202897395900342.16,945278862669081.4,1.2377062616083888e+16,1.753862498429775e+18
