t(s),Total solute volume 1,Total retention volume 1,Total 1 volume 1,Total 2 volume 1,Total 3 volume 1,Total 4 volume 1,Total 5 volume 1,Total 6 volume 1
0,1.0446784147997133e+17,1.1794795126974907e+17,4439458008290587.5,8097793286123659.0,857675237488.4437,2102410903827.0957,11812559077951.178,928085850145126.9
