t(s),Total solute volume 1,Total retention volume 1,Total 1 volume 1,Total 2 volume 1,Total 3 volume 1,Total 4 volume 1,Total 5 volume 1,Total 6 volume 1
0,9.340096063528438e+16,1.0383865341210424e+17,3458157710870755.0,6076746478966877.0,1001902478307.0347,2352430120518.002,12479762200244.88,886954492183714.0
