t(s),Total solute volume 1,Total retention volume 1,Total 1 volume 1,Total 2 volume 1,Total 3 volume 1,Total 4 volume 1,Total 5 volume 1,Total 6 volume 1
0,5.467373305480017e+16,6.837441034157746e+16,3458157710870755.5,3557120067332162.0,9771333665110.479,35392933839510.75,151083951276934.28,6489151289792261.0
