t(s),Total solute volume 1,Total retention volume 1,Total 1 volume 1,Total 2 volume 1,Total 3 volume 1,Total 4 volume 1,Total 5 volume 1,Total 6 volume 1
0,3.004256454956098e+17,1.3705973859479415e+19,1.5471077007747866e+17,2.8081807250400992e+17,1462212552314469.8,1.0196417372645142e+16,1.0378758969538038e+17,1.2854573151782007e+19
