t(s),Total solute volume 1,Total retention volume 1,Total 1 volume 1,Total 2 volume 1,Total 3 volume 1,Total 4 volume 1,Total 5 volume 1,Total 6 volume 1
0,5.132271443883372e+17,2.5429038458436634e+18,1.5471077007747862e+17,4.797289871713226e+17,149922442464416.47,677551605238415.9,8542196845132169.0,1.385867273313685e+18
