t(s),Total solute volume 1,Total retention volume 1,Total 1 volume 1,Total 2 volume 1,Total 3 volume 1,Total 4 volume 1,Total 5 volume 1,Total 6 volume 1
0,3.818076622203744e+17,1.1907990376073774e+18,7.99733013773092e+16,2.2469880913100803e+17,56800000589897.81,229166348359539.44,2496366470382783.0,5.015369320593491e+17
