t(s),Total solute volume 1,Total retention volume 1,Total 1 volume 1,Total 2 volume 1,Total 3 volume 1,Total 4 volume 1,Total 5 volume 1,Total 6 volume 1
0,2.2349716812900077e+17,4.4763736718978657e+18,7.99733013773092e+16,1.3153125251363437e+17,553985155827862.9,3448342820834891.5,3.0257989135556876e+16,4.007111632765704e+18
