t(s),Total solute volume 1,Total retention volume 1,Total 1 volume 1,Total 2 volume 1,Total 3 volume 1,Total 4 volume 1,Total 5 volume 1,Total 6 volume 1
0,5.092688738313051e+16,7.696305202229797e+16,2951661998355005.5,2965126037401479.5,33317041835278.566,117381906308858.05,483271867279149.9,1.9485405787987628e+16
