t(s),Total solute volume 1,Total retention volume 1,Total 1 volume 1,Total 2 volume 1,Total 3 volume 1,Total 4 volume 1,Total 5 volume 1,Total 6 volume 1
0,8.70000992795148e+16,9.773394378615643e+16,2951661998355005.5,5065423436879563.0,3419888832923.6895,7813579171248.359,39969409196673.484,2665556194206225.0
