t(s),Total solute volume 1,Total retention volume 1,Total 1 volume 1,Total 2 volume 1,Total 3 volume 1,Total 4 volume 1,Total 5 volume 1,Total 6 volume 1
0,4.0983010737537254e+17,1.9009539220352033e+18,9.36616297076456e+16,2.6944503277455203e+17,120963925859971.52,501497025354051.25,5660361391533845.0,1.1217343298348897e+18
