t(s),Total solute volume 1,Total retention volume 1,Total 1 volume 1,Total 2 volume 1,Total 3 volume 1,Total 4 volume 1,Total 5 volume 1,Total 6 volume 1
0,2.067829880351787e+17,3.267384725724717e+17,2.0362204049155636e+16,4.663428171230368e+16,14444012945891.107,46038989552427.87,367048544951574.4,5.2531467228382984e+16
