t(s),Total solute volume 1,Total retention volume 1,Total 1 volume 1,Total 2 volume 1,Total 3 volume 1,Total 4 volume 1,Total 5 volume 1,Total 6 volume 1
0,1.2104370031327629e+17,5.604263909321129e+17,2.0362204049155644e+16,2.7298126560537492e+16,140851137210162.03,692552303148126.8,4443400202877587.0,3.864455563659056e+17
