t(s),Total solute volume 1,Total retention volume 1,Total 1 volume 1,Total 2 volume 1,Total 3 volume 1,Total 4 volume 1,Total 5 volume 1,Total 6 volume 1
0,6.030890236958341e+17,2.169628549254516e+18,2.2173507663096877e+17,7.255463282409612e+17,78810307261358.11,378836426459271.3,5151871149059012.0,6.136486028039703e+17
