t(s),Total solute volume 1,Total retention volume 1,Total 1 volume 1,Total 2 volume 1,Total 3 volume 1,Total 4 volume 1,Total 5 volume 1,Total 6 volume 1
0,3.5302772118780864e+17,7.360881219049076e+18,2.2173507663096877e+17,4.247125719959892e+17,768834596126102.0,5703797229945432.0,6.280315437248697e+16,6.292130063035729e+18
