t(s),Total solute volume 1,Total retention volume 1,Total 1 volume 1,Total 2 volume 1,Total 3 volume 1,Total 4 volume 1,Total 5 volume 1,Total 6 volume 1
0,1.710368165630296e+19,3.980879139658122e+21,3.850111262848305e+20,3.578457514507153e+21,6.904990810397002e+16,5.715515040874726e+16,4.804717245753352e+16,1.325649788232289e+17
