t(s),Total solute volume 1,Total retention volume 1,Total 1 volume 1,Total 2 volume 1,Total 3 volume 1,Total 4 volume 1,Total 5 volume 1,Total 6 volume 1
0,1.001191121344553e+19,2.558089443371131e+21,3.850111262848306e+20,2.1580146193043675e+21,9.460849540669825e+17,1.454710647887399e+18,9.939486973364248e+17,1.6570422692191293e+18
