t(s),Total solute volume 1,Total retention volume 1,Total 1 volume 1,Total 2 volume 1,Total 3 volume 1,Total 4 volume 1,Total 5 volume 1,Total 6 volume 1
0,9.340096063528438e+16,1.0534320572496432e+17,3458157710870755.0,6076746478966877.0,2671637442384.742,6272943196645.181,33278208811643.16,2365118110391580.0
