t(s),Total solute volume 1,Total retention volume 1,Total 1 volume 1,Total 2 volume 1,Total 3 volume 1,Total 4 volume 1,Total 5 volume 1,Total 6 volume 1
0,5.467373305480017e+16,7.950847490315e+16,3458157710870755.0,3557120067332162.0,26041120022405.36,94304873082035.83,402612606811875.44,1.7296505470230498e+16
