t(s),Total solute volume 1,Total retention volume 1,Total 1 volume 1,Total 2 volume 1,Total 3 volume 1,Total 4 volume 1,Total 5 volume 1,Total 6 volume 1
0,3.489495779037574e+18,8.06967703984255e+19,1.1130180818752053e+19,6.5303130943887696e+19,8132590996188784.0,5.8587605228113816e+16,1.7874996261203997e+17,5.284926979115381e+17
