t(s),Total solute volume 1,Total retention volume 1,Total 1 volume 1,Total 2 volume 1,Total 3 volume 1,Total 4 volume 1,Total 5 volume 1,Total 6 volume 1
0,2.0426316755341617e+18,6.26204652424716e+19,1.1130180818752053e+19,3.82466985051091e+19,8.00178482908508e+16,9.853064240282643e+17,3.530294176753616e+18,6.60533579400299e+18
