t(s),Total solute volume 1,Total retention volume 1,Total 1 volume 1,Total 2 volume 1,Total 3 volume 1,Total 4 volume 1,Total 5 volume 1,Total 6 volume 1
0,1.7694394108641648e+17,2.4074425362050784e+17,1.4382961689890436e+16,3.1272978263682056e+16,6490568165332.238,19484695751778.92,143427152840745.22,1.797497016376174e+16
