t(s),Total solute volume 1,Total retention volume 1,Total 1 volume 1,Total 2 volume 1,Total 3 volume 1,Total 4 volume 1,Total 5 volume 1,Total 6 volume 1
0,1.0357694112375635e+17,2.7021209279142093e+17,1.4382961689890436e+16,1.830613831100575e+16,63301482082529.83,293156269749150.25,1736480840377319.5,1.3185311307456269e+17
