t(s),Total solute volume 1,Total retention volume 1,Total 1 volume 1,Total 2 volume 1,Total 3 volume 1,Total 4 volume 1,Total 5 volume 1,Total 6 volume 1
0,3.004256454956098e+17,4.1953137135057966e+18,1.5471077007747866e+17,2.808180725040099e+17,390025643131646.4,2719997576584796.0,2.7684967947939132e+16,3.4285642342610406e+18
