t(s),Total solute volume 1,Total retention volume 1,Total 1 volume 1,Total 2 volume 1,Total 3 volume 1,Total 4 volume 1,Total 5 volume 1,Total 6 volume 1
0,3.841154308419529e+17,6.906983466184956e+18,2.6766928604882394e+17,5.273223096638238e+17,759495759157846.4,5819500055557937.0,6.668225627662995e+16,5.65461518753901e+18
