t(s),Total solute volume 1,Total retention volume 1,Total 1 volume 1,Total 2 volume 1,Total 3 volume 1,Total 4 volume 1,Total 5 volume 1,Total 6 volume 1
0,2.5932953168279194e+17,6.037496903550175e+17,3.3743667340789536e+16,8.333962927494267e+16,42451197478834.516,147618071130631.03,1321356065301693.8,2.2582543672257766e+17
