t(s),Total solute volume 1,Total retention volume 1,Total 1 volume 1,Total 2 volume 1,Total 3 volume 1,Total 4 volume 1,Total 5 volume 1,Total 6 volume 1
0,1.5180265269236467e+17,1.9317578225698232e+18,3.3743667340789536e+16,4.87842065642926e+16,413865797789410.4,2219882004654726.0,1.5994037040411316e+16,1.6787995111295396e+18
