t(s),Total solute volume 1,Total retention volume 1,Total 1 volume 1,Total 2 volume 1,Total 3 volume 1,Total 4 volume 1,Total 5 volume 1,Total 6 volume 1
0,7.831248687372006e+17,3.141495467266781e+18,3.971127163555371e+17,1.4176061666174623e+18,115527889475862.83,613284398444708.6,9291298545742898.0,5.336316047229157e+17
