t(s),Total solute volume 1,Total retention volume 1,Total 1 volume 1,Total 2 volume 1,Total 3 volume 1,Total 4 volume 1,Total 5 volume 1,Total 6 volume 1
0,4.584145573095851e+17,7.978950252471431e+18,3.971127163555371e+17,8.29827887724081e+17,1127137058535845.5,9239289159127744.0,1.1453675817352443e+17,6.168691906691035e+18
