t(s),Total solute volume 1,Total retention volume 1,Total 1 volume 1,Total 2 volume 1,Total 3 volume 1,Total 4 volume 1,Total 5 volume 1,Total 6 volume 1
0,2.399005506587524e+17,1.6526978565301445e+18,9.36616297076456e+16,1.5772427002204848e+17,147514201419912.38,943628618853239.4,8581729270391776.0,1.1517385340510301e+18
