t(s),Total solute volume 1,Total retention volume 1,Total 1 volume 1,Total 2 volume 1,Total 3 volume 1,Total 4 volume 1,Total 5 volume 1,Total 6 volume 1
0,4.0983010737537254e+17,9.139434406177594e+17,9.36616297076456e+16,2.6944503277455203e+17,15120960312041.03,62688776671595.85,707565087352727.8,1.402212959358532e+17
