t(s),Total solute volume 1,Total retention volume 1,Total 1 volume 1,Total 2 volume 1,Total 3 volume 1,Total 4 volume 1,Total 5 volume 1,Total 6 volume 1
0,4.5495789518832886e+19,4.520406446252792e+22,1.0574109797244612e+22,3.4581088036988603e+22,9.572199141433917e+17,8.68810445289898e+17,5.793014443585697e+17,9.655069717691361e+17
