t(s),Total solute volume 1,Total retention volume 1,Total 1 volume 1,Total 2 volume 1,Total 3 volume 1,Total 4 volume 1,Total 5 volume 1,Total 6 volume 1
0,7.772197376133865e+19,5.045251590493474e+22,1.0574109797244612e+22,3.980048746435126e+22,5.763881038113021e+16,3.378978159187107e+16,2.7999887223408564e+16,7.724109819115054e+16
