t(s),Total solute volume 1,Total retention volume 1,Total 1 volume 1,Total 2 volume 1,Total 3 volume 1,Total 4 volume 1,Total 5 volume 1,Total 6 volume 1
0,5.599791014061281e+17,2.3361220534447587e+19,6.205788698891987e+17,1.3862391755847913e+18,5872192103197519.0,5.1922999574427016e+16,6.938085541079256e+17,2.0042819641781907e+19
