t(s),Total solute volume 1,Total retention volume 1,Total 1 volume 1,Total 2 volume 1,Total 3 volume 1,Total 4 volume 1,Total 5 volume 1,Total 6 volume 1
0,9.566309649021271e+17,5.66252548352654e+18,6.205788698891987e+17,2.368112616809924e+18,601913785347049.6,3444058705398918.5,5.522276561568633e+16,1.6579342938188677e+18
