t(s),Total solute volume 1,Total retention volume 1,Total 1 volume 1,Total 2 volume 1,Total 3 volume 1,Total 4 volume 1,Total 5 volume 1,Total 6 volume 1
0,1.612352649698545e+17,9.724391346462948e+17,3.860071170759496e+16,5.693890508297374e+16,157913258914920.5,867023421702752.6,6441729677582163.0,7.081975865276646e+17
