t(s),Total solute volume 1,Total retention volume 1,Total 1 volume 1,Total 2 volume 1,Total 3 volume 1,Total 4 volume 1,Total 5 volume 1,Total 6 volume 1
0,2.7544357765683786e+17,5.0665667394121645e+17,3.860071170759496e+16,9.727055195100427e+16,16189700155550.158,57617030488583.77,531853493689332.1,9.47361724014461e+16
