t(s),Total solute volume 1,Total retention volume 1,Total 1 volume 1,Total 2 volume 1,Total 3 volume 1,Total 4 volume 1,Total 5 volume 1,Total 6 volume 1
0,2.1328894422529733e+19,6.631586882663424e+21,6.290856345856501e+20,5.980718300898714e+21,1.1508048206881067e+17,8.195240787494661e+16,6.8378028824138456e+16,1.8864183772294426e+17
