t(s),Total solute volume 1,Total retention volume 1,Total 1 volume 1,Total 2 volume 1,Total 3 volume 1,Total 4 volume 1,Total 5 volume 1,Total 6 volume 1
0,1.2485206491236938e+19,4.330541305125524e+21,6.290856345856501e+20,3.6814069503789776e+21,1.694048513353862e+18,2.0968708629054164e+18,1.414611649313328e+18,2.3579826440438733e+18
