t(s),Total solute volume 1,Total retention volume 1,Total 1 volume 1,Total 2 volume 1,Total 3 volume 1,Total 4 volume 1,Total 5 volume 1,Total 6 volume 1
0,1.2266054339042045e+17,1.4542123400970096e+17,6351323389472384.0,1.22219832432844e+16,2863981017671.5537,7467606840723.781,45557114218342.625,4131495284447682.0
