t(s),Total solute volume 1,Total retention volume 1,Total 1 volume 1,Total 2 volume 1,Total 3 volume 1,Total 4 volume 1,Total 5 volume 1,Total 6 volume 1
0,7.180129369195402e+16,1.1623411533660445e+17,6351323389472384.0,7154332371437873.0,27929121582407.074,112337610974117.31,551473423376040.94,3.0235425727808056e+16
