t(s),Total solute volume 1,Total retention volume 1,Total 1 volume 1,Total 2 volume 1,Total 3 volume 1,Total 4 volume 1,Total 5 volume 1,Total 6 volume 1
0,1.2104370031327629e+17,4.358199122600175e+17,2.036220404915564e+16,2.7298126560537492e+16,96050230416802.16,472295662684594.0,3030143566465438.5,2.6351739187748083e+17
