t(s),Total solute volume 1,Total retention volume 1,Total 1 volume 1,Total 2 volume 1,Total 3 volume 1,Total 4 volume 1,Total 5 volume 1,Total 6 volume 1
0,2.067829880351787e+17,3.098882602659755e+17,2.0362204049155636e+16,4.663428171230368e+16,9848290462615.066,31390489559862.562,250262670309540.6,3.5817285019003076e+16
