t(s),Total solute volume 1,Total retention volume 1,Total 1 volume 1,Total 2 volume 1,Total 3 volume 1,Total 4 volume 1,Total 5 volume 1,Total 6 volume 1
0,1.806632037606207e+18,1.7167561440726315e+19,2.563088576888768e+18,1.2087386361672243e+19,1324255639425114.8,9389910658660270.0,1.1214016827858422e+17,5.87600129982447e+17
