t(s),Total solute volume 1,Total retention volume 1,Total 1 volume 1,Total 2 volume 1,Total 3 volume 1,Total 4 volume 1,Total 5 volume 1,Total 6 volume 1
0,1.1342546114652189e+19,1.474512036835118e+21,1.542273968290348e+20,1.3085723532580844e+21,5.386386534035427e+16,7.356183080365526e+16,6.4432164864850264e+16,1.7788277233941184e+17
