t(s),Total solute volume 1,Total retention volume 1,Total 1 volume 1,Total 2 volume 1,Total 3 volume 1,Total 4 volume 1,Total 5 volume 1,Total 6 volume 1
0,6.639539189064714e+18,9.411747806347792e+20,1.542273968290348e+20,7.742999917924197e+20,6.311476283976727e+17,1.8209100933828293e+18,1.332317509330469e+18,2.2234775931502787e+18
