t(s),Total solute volume 1,Total retention volume 1,Total 1 volume 1,Total 2 volume 1,Total 3 volume 1,Total 4 volume 1,Total 5 volume 1,Total 6 volume 1
0,1.1562292854379274e+18,7.858152722241764e+18,9.470815640223638e+17,3.849586369903471e+18,1102365192521394.4,6759884405826283.0,1.0963703632500195e+17,1.7877562169546785e+18
