t(s),Total solute volume 1,Total retention volume 1,Total 1 volume 1,Total 2 volume 1,Total 3 volume 1,Total 4 volume 1,Total 5 volume 1,Total 6 volume 1
0,6.768171426953814e+17,2.7446732718164304e+19,9.470815640223639e+17,2.2534875290841032e+18,1.0755958193433306e+16,1.0207874937718827e+17,1.4254615963930225e+18,2.203105017839883e+19
