t(s),Total solute volume 1,Total retention volume 1,Total 1 volume 1,Total 2 volume 1,Total 3 volume 1,Total 4 volume 1,Total 5 volume 1,Total 6 volume 1
0,7.831248687372006e+17,3.020684462072708e+18,3.971127163555371e+17,1.417606166617462e+18,89855125451841.92,476999427448125.75,7226572846224501.0,4.150472829633746e+17
