t(s),Total solute volume 1,Total retention volume 1,Total 1 volume 1,Total 2 volume 1,Total 3 volume 1,Total 4 volume 1,Total 5 volume 1,Total 6 volume 1
0,4.584145573095851e+17,6.580439296712292e+18,3.971127163555371e+17,8.29827887724081e+17,876677607421707.6,7186282986185270.0,8.908593510888155e+16,4.797935239620604e+18
