t(s),Total solute volume 1,Total retention volume 1,Total 1 volume 1,Total 2 volume 1,Total 3 volume 1,Total 4 volume 1,Total 5 volume 1,Total 6 volume 1
0,2.2349716812900077e+17,3.925394358778678e+18,7.99733013773092e+16,1.3153125251363437e+17,478462874688829.6,2978290108082421.5,2.613321651984805e+16,3.460802667256112e+18
