t(s),Total solute volume 1,Total retention volume 1,Total 1 volume 1,Total 2 volume 1,Total 3 volume 1,Total 4 volume 1,Total 5 volume 1,Total 6 volume 1
0,3.818076622203744e+17,1.122029489619637e+18,7.99733013773092e+16,2.2469880913100803e+17,49054683333537.3,197916861077125.56,2155958332193951.8,4.3314678701434285e+17
