t(s),Total solute volume 1,Total retention volume 1,Total 1 volume 1,Total 2 volume 1,Total 3 volume 1,Total 4 volume 1,Total 5 volume 1,Total 6 volume 1
0,2.3160815502785014e+18,2.9908027252693664e+19,4.460907519859345e+18,2.284893514595476e+19,1005618203451289.8,7517791091079881.0,5.80211923802242e+16,2.1555843492615526e+17
