t(s),Total solute volume 1,Total retention volume 1,Total 1 volume 1,Total 2 volume 1,Total 3 volume 1,Total 4 volume 1,Total 5 volume 1,Total 6 volume 1
0,1.355755053821572e+18,2.302890206780212e+19,4.460907519859345e+18,1.337749223333267e+19,9835997532108748.0,1.1702063400229848e+17,1.0149046959895923e+18,2.692985933264517e+18
