t(s),Total solute volume 1,Total retention volume 1,Total 1 volume 1,Total 2 volume 1,Total 3 volume 1,Total 4 volume 1,Total 5 volume 1,Total 6 volume 1
0,3.027606909858182e+18,5.742590234727431e+19,8.108748995498785e+18,4.539357696078196e+19,6483604008417375.0,4.8553835008506936e+16,2.050887818536737e+17,6.358432602646228e+17
