t(s),Total solute volume 1,Total retention volume 1,Total 1 volume 1,Total 2 volume 1,Total 3 volume 1,Total 4 volume 1,Total 5 volume 1,Total 6 volume 1
0,1.772257703331625e+18,4.9195599235076506e+19,8.108748995498784e+18,2.6581741941542703e+19,6.360821731103039e+16,7.877654462099238e+17,3.935088355754984e+18,7.946388575427436e+18
