t(s),Total solute volume 1,Total retention volume 1,Total 1 volume 1,Total 2 volume 1,Total 3 volume 1,Total 4 volume 1,Total 5 volume 1,Total 6 volume 1
0,3.004256454956098e+17,1.1977044063887673e+19,1.5471077007747866e+17,2.8081807250400992e+17,1267311313246753.2,8837457998071282.0,8.99541343748563e+16,1.1141030672124385e+19
