t(s),Total solute volume 1,Total retention volume 1,Total 1 volume 1,Total 2 volume 1,Total 3 volume 1,Total 4 volume 1,Total 5 volume 1,Total 6 volume 1
0,5.132271443883372e+17,2.356876029312551e+18,1.5471077007747866e+17,4.797289871713226e+17,129933176023760.11,587212893465298.0,7403257535690870.0,1.2010887240702292e+18
