t(s),Total solute volume 1,Total retention volume 1,Total 1 volume 1,Total 2 volume 1,Total 3 volume 1,Total 4 volume 1,Total 5 volume 1,Total 6 volume 1
0,1.2796251387281995e+17,1.5175488675693843e+17,6980090150537523.0,1.3622739088267018e+16,2023596255132.9753,5362935808243.856,33434881531809.566,3148722231718103.5
