t(s),Total solute volume 1,Total retention volume 1,Total 1 volume 1,Total 2 volume 1,Total 3 volume 1,Total 4 volume 1,Total 5 volume 1,Total 6 volume 1
0,7.49048861694545e+16,1.1341298281057322e+17,6980090150537523.0,7974287186130815.0,19737049010872.71,80694495493180.75,404810318218166.0,2.304847744172806e+16
