t(s),Total solute volume 1,Total retention volume 1,Total 1 volume 1,Total 2 volume 1,Total 3 volume 1,Total 4 volume 1,Total 5 volume 1,Total 6 volume 1
0,8.125946973719792e+16,8.867781816853955e+16,2534742031225782.5,4252075647885005.0,897298841538.6758,1996956684562.101,9863837645289.479,618772659059764.6
