t(s),Total solute volume 1,Total retention volume 1,Total 1 volume 1,Total 2 volume 1,Total 3 volume 1,Total 4 volume 1,Total 5 volume 1,Total 6 volume 1
0,5.132271443883372e+17,2.8219433922347694e+18,1.5471077007747862e+17,4.797289871713226e+17,179906115657750.6,813058806230347.0,1.0250594115403358e+16,1.6630329315603366e+18
