t(s),Total solute volume 1,Total retention volume 1,Total 1 volume 1,Total 2 volume 1,Total 3 volume 1,Total 4 volume 1,Total 5 volume 1,Total 6 volume 1
0,5.0293829723865024e+17,9.78668093517988e+18,4.883330109832728e+17,1.0524643962722106e+18,1694285674883414.5,1.4385873558963542e+16,1.8510325848089107e+17,7.541761812971032e+18
