t(s),Total solute volume 1,Total retention volume 1,Total 1 volume 1,Total 2 volume 1,Total 3 volume 1,Total 4 volume 1,Total 5 volume 1,Total 6 volume 1
0,8.591862577826981e+17,3.797802815599968e+18,4.883330109832728e+17,1.7979335094057503e+18,173654853519373.78,954585092806415.1,1.4907337884844862e+16,6.363144595970836e+17
