t(s),Total solute volume 1,Total retention volume 1,Total 1 volume 1,Total 2 volume 1,Total 3 volume 1,Total 4 volume 1,Total 5 volume 1,Total 6 volume 1
0,1.1300816793349946e+17,1.3423276981047013e+17,5290051337496820.0,9905407456456888.0,4769891855696.879,12051248350863.316,70494583029863.66,5941827359782007.0
