t(s),Total solute volume 1,Total retention volume 1,Total 1 volume 1,Total 2 volume 1,Total 3 volume 1,Total 4 volume 1,Total 5 volume 1,Total 6 volume 1
0,6.615112269277926e+16,1.2178154139195862e+17,5290051337496820.0,5798287762430659.0,46492584634903.48,181169666431819.34,852859432201414.5,4.346155791598411e+16
