t(s),Total solute volume 1,Total retention volume 1,Total 1 volume 1,Total 2 volume 1
0,5.132271443883372e+17,1.1476669016371515e+18,1.5471077007747862e+17,4.797289871713226e+17
