t(s),Total solute volume 1,Total retention volume 1,Total 1 volume 1,Total 2 volume 1
0,3.004256454956098e+17,7.359544880771012e+17,1.5471077007747866e+17,2.8081807250400992e+17
