t(s),Total solute volume 1,Total retention volume 1,Total 1 volume 1,Total 2 volume 1,Total 3 volume 1,Total 4 volume 1,Total 5 volume 1,Total 6 volume 1
0,2.445311007127456e+17,4.248063864773771e+17,2.9598370758294e+16,7.168383321791445e+16,16229662238801.133,55175540721878.01,479283604328078.06,7.844239298113411e+16
