t(s),Total solute volume 1,Total retention volume 1,Total 1 volume 1,Total 2 volume 1,Total 3 volume 1,Total 4 volume 1,Total 5 volume 1,Total 6 volume 1
0,1.4314015651477992e+17,8.025384736385626e+17,2.9598370758294e+16,4.196129288420449e+16,158287604672533.66,830166485967666.2,5803661390279061.0,5.81046538000368e+17
