t(s),Total solute volume 1,Total retention volume 1,Total 1 volume 1,Total 2 volume 1,Total 3 volume 1,Total 4 volume 1,Total 5 volume 1,Total 6 volume 1
0,3.122399397307938e+17,7.656043569732393e+17,5.1059153534519e+16,1.3415637957682182e+17,37897183532927.914,141530590730718.97,1392575669686267.8,2.6657688068715334e+17
