t(s),Total solute volume 1,Total retention volume 1,Total 1 volume 1,Total 2 volume 1,Total 3 volume 1,Total 4 volume 1,Total 5 volume 1,Total 6 volume 1
0,1.827745988668061e+17,2.3570058608982487e+18,5.1059153534519e+16,7.853065002362187e+16,369595694321930.5,2129382997904935.2,1.6867393482962606e+16,2.025275086298116e+18
