t(s),Total solute volume 1,Total retention volume 1,Total 1 volume 1,Total 2 volume 1,Total 3 volume 1,Total 4 volume 1,Total 5 volume 1,Total 6 volume 1
0,2.2349716812900077e+17,2.1414412919191946e+21,7.99733013773092e+16,1.3153125251363437e+17,2.817584101652756e+17,1.661980696612867e+18,1.5042794656027062e+19,2.1240197564343792e+21
