t(s),Total solute volume 1,Total retention volume 1,Total 1 volume 1,Total 2 volume 1,Total 3 volume 1,Total 4 volume 1,Total 5 volume 1,Total 6 volume 1
0,3.818076622203744e+17,9.157184566826188e+17,7.99733013773092e+16,2.2469880913100803e+17,25818471287766.65,104167510014049.47,1134723550835335.0,2.2797397442178998e+17
