t(s),Total solute volume 1,Total retention volume 1,Total 1 volume 1,Total 2 volume 1,Total 3 volume 1,Total 4 volume 1,Total 5 volume 1,Total 6 volume 1
0,2.2349716812900077e+17,2.272235021717809e+18,7.99733013773092e+16,1.3153125251363435e+17,251855965006493.16,1567798838887788.5,1.3756404079913426e+16,1.8216572408140332e+18
