t(s),Total solute volume 1,Total retention volume 1,Total 1 volume 1,Total 2 volume 1,Total 3 volume 1,Total 4 volume 1,Total 5 volume 1,Total 6 volume 1
0,3.4133172510483444e+19,3.1500285712249695e+22,5.744900751039818e+21,2.57204529767919e+22,2.2501118874984675e+17,2.065124638244412e+17,1.37732806316772e+17,2.2955544883100413e+17
