t(s),Total solute volume 1,Total retention volume 1,Total 1 volume 1,Total 2 volume 1,Total 3 volume 1,Total 4 volume 1,Total 5 volume 1,Total 6 volume 1
0,5.831083637207589e+19,3.8106391801482e+22,5.744900751039818e+21,3.230313354759354e+22,1.3612430268318002e+16,8032470060265158.0,6657109757955338.0,1.836446645899653e+16
