t(s),Total solute volume 1,Total retention volume 1,Total 1 volume 1,Total 2 volume 1,Total 3 volume 1,Total 4 volume 1,Total 5 volume 1,Total 6 volume 1
0,6.1674638455494386e+19,6.141424608576409e+22,1.961934451448198e+22,4.172998634441791e+22,9.235688536640356e+17,8.340934598142415e+17,5.560958902770887e+17,9.268302056886417e+17
