t(s),Total solute volume 1,Total retention volume 1,Total 1 volume 1,Total 2 volume 1,Total 3 volume 1,Total 4 volume 1,Total 5 volume 1,Total 6 volume 1
0,1.0536084069480294e+20,6.471837277071565e+22,1.961934451448198e+22,4.49934784566537e+22,5.549555193858227e+16,3.2438163599922636e+16,2.6878254698732816e+16,7.414691447095046e+16
