t(s),Total solute volume 1,Total retention volume 1,Total 1 volume 1,Total 2 volume 1,Total 3 volume 1,Total 4 volume 1,Total 5 volume 1,Total 6 volume 1
0,2.445311007127456e+17,4.387459720463076e+17,2.9598370758294e+16,7.168383321791445e+16,19093646722594.355,64912189091961.04,563861095285268.9,9.228480042625376e+16
