t(s),Total solute volume 1,Total retention volume 1,Total 1 volume 1,Total 2 volume 1,Total 3 volume 1,Total 4 volume 1,Total 5 volume 1,Total 6 volume 1
0,1.827745988668061e+17,2.623608812638762e+18,5.1059153534519e+16,7.853065002362187e+16,417782502587829.8,2406964489417933.0,1.9066378844950612e+16,2.289353284376877e+18
