t(s),Total solute volume 1,Total retention volume 1,Total 1 volume 1,Total 2 volume 1,Total 3 volume 1,Total 4 volume 1,Total 5 volume 1,Total 6 volume 1
0,3.122399397307938e+17,8.005792850169096e+17,5.1059153534519e+16,1.3415637957682182e+17,42840155881500.125,159990664428014.06,1574211360633540.0,3.0134676999383123e+17
