t(s),Total solute volume 1,Total retention volume 1,Total 1 volume 1,Total 2 volume 1,Total 3 volume 1,Total 4 volume 1,Total 5 volume 1,Total 6 volume 1
0,1.3965732313027035e+17,1.697163595381706e+17,8483748054658170.0,1.7047137375161364e+16,2459964498144.2476,6742405898087.411,43962570342446.55,4474986037340650.5
