t(s),Total solute volume 1,Total retention volume 1,Total 1 volume 1,Total 2 volume 1,Total 3 volume 1,Total 4 volume 1,Total 5 volume 1,Total 6 volume 1
0,8.175062817381762e+16,1.3363793775137243e+17,8483748054658170.0,9978813516605722.0,23993544907097.023,101453339338846.2,532287354355087.44,3.276701376769058e+16
