t(s),Total solute volume 1,Total retention volume 1,Total 1 volume 1,Total 2 volume 1,Total 3 volume 1,Total 4 volume 1,Total 5 volume 1,Total 6 volume 1
0,1.1562292854379274e+18,6.640913009740274e+18,9.470815640223639e+17,3.849586369903471e+18,398080185861637.44,2441089444983954.0,3.959150048803347e+16,6.455851202576577e+17
