t(s),Total solute volume 1,Total retention volume 1,Total 1 volume 1,Total 2 volume 1,Total 3 volume 1,Total 4 volume 1,Total 5 volume 1,Total 6 volume 1
0,6.768171426953814e+17,1.2389557082952112e+19,9.470815640223639e+17,2.2534875290841032e+18,3884691616167077.5,3.6869321805154616e+16,5.1484000424761926e+17,7.956576829481327e+18
