t(s),Total solute volume 1,Total retention volume 1,Total 1 volume 1,Total 2 volume 1,Total 3 volume 1,Total 4 volume 1,Total 5 volume 1,Total 6 volume 1
0,1.772257703331625e+18,5.276044934209693e+19,8.108748995498784e+18,2.6581741941542703e+19,8.141661065285523e+16,1.008308212386122e+18,5.036778569364726e+18,1.01711973093201e+19
