t(s),Total solute volume 1,Total retention volume 1,Total 1 volume 1,Total 2 volume 1,Total 3 volume 1,Total 4 volume 1,Total 5 volume 1,Total 6 volume 1
0,3.027606909858182e+18,5.7676772109413335e+19,8.108748995498786e+18,4.539357696078196e+19,8299000815476384.0,6.214883071646267e+16,2.6251328773712294e+17,8.138781240052035e+17
