t(s),Total solute volume 1,Total retention volume 1,Total 1 volume 1,Total 2 volume 1,Total 3 volume 1,Total 4 volume 1,Total 5 volume 1,Total 6 volume 1
0,3.8340070142403466e+18,2.4771466553619035e+20,4.533611706929847e+19,1.916287548066981e+20,2.2645873403453232e+17,1.73148168524061e+18,1.8466069777438518e+18,3.1112392489338404e+18
