t(s),Total solute volume 1,Total retention volume 1,Total 1 volume 1,Total 2 volume 1,Total 3 volume 1,Total 4 volume 1,Total 5 volume 1,Total 6 volume 1
0,2.7620042352160896e+18,1.1764864621949932e+20,2.1816306119850037e+19,8.283158743020675e+19,1.5427251448919584e+17,1.686011357201899e+18,3.0755037682510034e+18,5.32296079428413e+18
