t(s),Total solute volume 1,Total retention volume 1,Total 1 volume 1,Total 2 volume 1,Total 3 volume 1,Total 4 volume 1,Total 5 volume 1,Total 6 volume 1
0,4.718423901827473e+18,1.6855673184390932e+20,2.1816306119850037e+19,1.413400008682567e+20,1.5495658247375564e+16,8.96660604669244e+16,1.5097797339389482e+17,4.258612618675639e+17
