t(s),Total solute volume 1,Total retention volume 1,Total 1 volume 1,Total 2 volume 1,Total 3 volume 1,Total 4 volume 1,Total 5 volume 1,Total 6 volume 1
0,3.004256454956098e+17,1.1684017379324406e+18,1.5471077007747866e+17,2.808180725040099e+17,48757275383439.62,340037615761787.1,3460950336572940.5,4.28597504627619e+17
