t(s),Total solute volume 1,Total retention volume 1,Total 1 volume 1,Total 2 volume 1,Total 3 volume 1,Total 4 volume 1,Total 5 volume 1,Total 6 volume 1
0,6.768171426953814e+17,2.02459241426731e+19,9.470815640223638e+17,2.2534875290841032e+18,7469963162647012.0,7.089496473921923e+16,9.899866394224282e+17,1.5300186339546968e+19
