t(s),Total solute volume 1,Total retention volume 1,Total 1 volume 1,Total 2 volume 1,Total 3 volume 1,Total 4 volume 1,Total 5 volume 1,Total 6 volume 1
0,1.1562292854379274e+18,7.27599762686134e+18,9.470815640223638e+17,3.849586369903471e+18,765534939675731.1,4694382635378168.0,7.613715128978312e+16,1.2415033386327703e+18
