t(s),Total solute volume 1,Total retention volume 1,Total 1 volume 1,Total 2 volume 1,Total 3 volume 1,Total 4 volume 1,Total 5 volume 1,Total 6 volume 1
0,2.1328894422529733e+19,6.631299319680089e+21,6.290856345856501e+20,5.980718300898789e+21,4.219621876968861e+16,3.0049241558474044e+16,2.5071966910950988e+16,6.917234585848861e+16
