t(s),Total solute volume 1,Total retention volume 1,Total 1 volume 1,Total 2 volume 1,Total 3 volume 1,Total 4 volume 1,Total 5 volume 1,Total 6 volume 1
0,1.7694394108641648e+17,2.2389593583528e+17,1.4382961689890436e+16,3.1272978263682056e+16,463621768692.2474,1391788784442.4263,10244992023957.674,1283954392712568.2
