t(s),Total solute volume 1,Total retention volume 1,Total 1 volume 1,Total 2 volume 1,Total 3 volume 1,Total 4 volume 1,Total 5 volume 1,Total 6 volume 1
0,1.0357694112375635e+17,1.45836033590758e+17,1.4382961689890436e+16,1.830613831100575e+16,4523036882665.153,20949028935198.996,124081330707800.67,9420439069580678.0
