t(s),Total solute volume 1,Total retention volume 1,Total 1 volume 1,Total 2 volume 1,Total 3 volume 1,Total 4 volume 1,Total 5 volume 1,Total 6 volume 1
0,3.122399397307938e+17,7.539459956591562e+17,5.1059153534519e+16,1.3415637957682182e+17,36249518978596.76,135377210363498.55,1332030202770764.8,2.5498686588490902e+17
