t(s),Total solute volume 1,Total retention volume 1,Total 1 volume 1,Total 2 volume 1,Total 3 volume 1,Total 4 volume 1,Total 5 volume 1,Total 6 volume 1
0,1.827745988668061e+17,2.2681336263707843e+18,5.1059153534519e+16,7.853065002362187e+16,353532331679809.9,2036847422023842.8,1.6134341492212022e+16,1.9372445026999488e+18
