t(s),Total solute volume 1,Total retention volume 1,Total 1 volume 1,Total 2 volume 1,Total 3 volume 1,Total 4 volume 1,Total 5 volume 1,Total 6 volume 1
0,1.772257703331625e+18,5.6325147901042794e+19,8.108748995498784e+18,2.6581741941542703e+19,9.922416957005629e+16,1.2288371740115046e+18,6.13840993710144e+18,1.2395927979986633e+19
