t(s),Total solute volume 1,Total retention volume 1,Total 1 volume 1,Total 2 volume 1,Total 3 volume 1,Total 4 volume 1,Total 5 volume 1,Total 6 volume 1
0,3.027606909858182e+18,5.792764113120218e+19,8.108748995498786e+18,4.539357696078196e+19,1.0114392234637216e+16,7.574379225834603e+16,3.199376391687352e+17,9.919124414013651e+17
