t(s),Total solute volume 1,Total retention volume 1,Total 1 volume 1,Total 2 volume 1,Total 3 volume 1,Total 4 volume 1,Total 5 volume 1,Total 6 volume 1
0,1.0438198847203212e+18,6.91517326372645e+18,7.538773491030418e+17,2.961613368357028e+18,950603269538847.0,5616969701884212.0,9.114844995572384e+16,2.0581466386189228e+18
