t(s),Total solute volume 1,Total retention volume 1,Total 1 volume 1,Total 2 volume 1,Total 3 volume 1,Total 4 volume 1,Total 5 volume 1,Total 6 volume 1
0,6.110165178850669e+17,2.950308615672414e+19,7.538773491030418e+17,1.7336694297627313e+18,9274040458204388.0,8.472991110422123e+16,1.1604635185072184e+18,2.5150055389903675e+19
