t(s),Total solute volume 1,Total retention volume 1,Total 1 volume 1,Total 2 volume 1,Total 3 volume 1,Total 4 volume 1,Total 5 volume 1,Total 6 volume 1
0,1.4340238840712154e+18,1.0958339844202596e+19,1.531053857194819e+18,6.685981104100384e+18,1336211924983427.5,8829189400647673.0,1.3292899021060885e+17,1.1641866072999112e+18
