t(s),Total solute volume 1,Total retention volume 1,Total 1 volume 1,Total 2 volume 1,Total 3 volume 1,Total 4 volume 1,Total 5 volume 1,Total 6 volume 1
0,8.394286150660815e+17,2.2756683048646128e+19,1.531053857194819e+18,3.913959566691929e+18,1.3042545547755328e+16,1.3382788798283638e+17,1.8494129021794194e+18,1.4475957673983306e+19
