t(s),Total solute volume 1,Total retention volume 1,Total 1 volume 1,Total 2 volume 1,Total 3 volume 1,Total 4 volume 1,Total 5 volume 1,Total 6 volume 1
0,5.556772250990977e+17,2.680088105105046e+18,1.8471874136236307e+17,5.881523663147372e+17,155157717835225.0,722863800782072.6,9464861551411138.0,1.341196889258819e+18
