t(s),Total solute volume 1,Total retention volume 1,Total 1 volume 1,Total 2 volume 1,Total 3 volume 1,Total 4 volume 1,Total 5 volume 1,Total 6 volume 1
0,3.2527447322874304e+17,1.4060515034391218e+19,1.8471874136236307e+17,3.4428597201944646e+17,1513376931657005.8,1.0879999992328188e+16,1.1515275039202045e+17,1.3078689720464624e+19
