t(s),Total solute volume 1,Total retention volume 1,Total 1 volume 1,Total 2 volume 1,Total 3 volume 1,Total 4 volume 1,Total 5 volume 1,Total 6 volume 1
0,3.332883936767457e+17,6.977538952908259e+17,5.905751296626006e+16,1.5858298787719715e+17,19060904930892.105,72991594406178.67,742373370486534.5,1.459905749007943e+17
