t(s),Total solute volume 1,Total retention volume 1,Total 1 volume 1,Total 2 volume 1,Total 3 volume 1,Total 4 volume 1,Total 5 volume 1,Total 6 volume 1
0,1.950956450790701e+17,1.4804355350473938e+18,5.905751296626006e+16,9.282918675798294e+16,185933343669033.7,1098521539336908.5,8995502992157752.0,1.1231732323689157e+18
