t(s),Total solute volume 1,Total retention volume 1,Total 1 volume 1,Total 2 volume 1,Total 3 volume 1,Total 4 volume 1,Total 5 volume 1,Total 6 volume 1
0,1.001191121344553e+19,2.554440949297553e+21,3.850111262848306e+20,2.1580146193043675e+21,2.628046867709049e+17,4.040930916296971e+17,2.7610082543798963e+17,4.602938911166924e+17
