t(s),Total solute volume 1,Total retention volume 1,Total 1 volume 1,Total 2 volume 1,Total 3 volume 1,Total 4 volume 1,Total 5 volume 1,Total 6 volume 1
0,1.710368165630296e+19,3.9806575426247516e+21,3.850111262848305e+20,3.578457514506964e+21,1.918054533165403e+16,1.5876441383704394e+16,1.3346445540925458e+16,3.681674440211315e+16
