t(s),Total solute volume 1,Total retention volume 1,Total 1 volume 1,Total 2 volume 1,Total 3 volume 1,Total 4 volume 1,Total 5 volume 1,Total 6 volume 1
0,8.516285748348854e+19,8.217056177674888e+22,3.579686312483719e+22,4.628721412782856e+22,3.772538469120016e+17,3.3998385967774195e+17,2.2666060724453683e+17,3.7776828588931283e+17
