t(s),Total solute volume 1,Total retention volume 1,Total 1 volume 1,Total 2 volume 1,Total 3 volume 1,Total 4 volume 1,Total 5 volume 1,Total 6 volume 1
0,5.092688738313051e+16,7.026183501942409e+16,2951661998355005.5,2965126037401479.5,22222675264904.348,78307838318671.17,322368306931825.5,1.2995260780021754e+16
