t(s),Total solute volume 1,Total retention volume 1,Total 1 volume 1,Total 2 volume 1,Total 3 volume 1,Total 4 volume 1,Total 5 volume 1,Total 6 volume 1
0,8.394286150660815e+17,1.1775642165500566e+19,1.531053857194819e+18,3.913959566691929e+18,4347962403264255.0,4.461542633729607e+16,6.165432602057905e+17,4.825693477601424e+18
