t(s),Total solute volume 1,Total retention volume 1,Total 1 volume 1,Total 2 volume 1,Total 3 volume 1,Total 4 volume 1,Total 5 volume 1,Total 6 volume 1
0,1.8614795258035258e+17,2.537304153976088e+17,1.6105550931134632e+16,3.561535913744106e+16,5191943533980.185,15893133677386.025,120068419793254.69,1.5720399251675016e+16
