t(s),Total solute volume 1,Total retention volume 1,Total 1 volume 1,Total 2 volume 1,Total 3 volume 1,Total 4 volume 1,Total 5 volume 1,Total 6 volume 1
0,1.0896465516898744e+17,2.630712442695141e+17,1.6105550931134632e+16,2.0848021191923476e+16,50641492949271.664,239153987519449.1,1453869388640377.2,1.1540935210836261e+17
