t(s),Total solute volume 1,Total retention volume 1,Total 1 volume 1,Total 2 volume 1,Total 3 volume 1,Total 4 volume 1,Total 5 volume 1,Total 6 volume 1
0,9.566309649021271e+17,4.861170455337746e+18,6.205788698891987e+17,2.368112616809924e+18,321022859140150.5,1836841841000467.8,2.9452322385834052e+16,8.842378166505166e+17
