t(s),Total solute volume 1,Total retention volume 1,Total 1 volume 1,Total 2 volume 1,Total 3 volume 1,Total 4 volume 1,Total 5 volume 1,Total 6 volume 1
0,2.5932953168279194e+17,4.87169503189906e+17,3.3743667340789536e+16,8.333962927494267e+16,20681861904090.656,71917995809888.94,643751936438357.2,1.1002032309723229e+17
