t(s),Total solute volume 1,Total retention volume 1,Total 1 volume 1,Total 2 volume 1,Total 3 volume 1,Total 4 volume 1,Total 5 volume 1,Total 6 volume 1
0,1.5180265269236467e+17,1.0615260855233636e+18,3.3743667340789536e+16,4.87842065642926e+16,201705296960454.7,1082042478930063.8,7795419232997016.0,8.181163919170286e+17
