t(s),Total solute volume 1,Total retention volume 1,Total 1 volume 1,Total 2 volume 1,Total 3 volume 1,Total 4 volume 1,Total 5 volume 1,Total 6 volume 1
0,1.827745988668061e+17,6.680413658617391e+17,5.1059153534519e+16,7.853065002362187e+16,64298298798041.17,370487466671728.6,2934541190567077.5,3.523076364807556e+17
