t(s),Total solute volume 1,Total retention volume 1,Total 1 volume 1,Total 2 volume 1,Total 3 volume 1,Total 4 volume 1,Total 5 volume 1,Total 6 volume 1
0,3.122399397307938e+17,5.4409104879188915e+17,5.1059153534519e+16,1.3415637957682182e+17,6590949525206.598,24614442690688.85,242191568577547.1,4.636217898896062e+16
