t(s),Total solute volume 1,Total retention volume 1,Total 1 volume 1,Total 2 volume 1,Total 3 volume 1,Total 4 volume 1,Total 5 volume 1,Total 6 volume 1
0,1.5460920402662884e+18,3.898144376977977e+19,5.979897840391367e+18,1.873360234042119e+19,4.5138611894894776e+16,5.5121275112147354e+17,3.716532517517701e+18,8.408967668166786e+18
