t(s),Total solute volume 1,Total retention volume 1,Total 1 volume 1,Total 2 volume 1,Total 3 volume 1,Total 4 volume 1,Total 5 volume 1,Total 6 volume 1
0,2.641240568788231e+18,4.153009027091842e+19,5.979897840391367e+18,3.199484310387922e+19,4609576497277205.0,3.4828409187617244e+16,2.017191272430421e+17,6.729516449315749e+17
