t(s),Total solute volume 1,Total retention volume 1,Total 1 volume 1,Total 2 volume 1,Total 3 volume 1,Total 4 volume 1,Total 5 volume 1,Total 6 volume 1
0,6.8888290702006904e+16,1.0731616930010896e+17,5790815030907821.0,6433524569071775.0,25461840919158.254,100794717226612.6,484412683915885.9,2.559286975606082e+16
