t(s),Total solute volume 1,Total retention volume 1,Total 1 volume 1,Total 2 volume 1,Total 3 volume 1,Total 4 volume 1,Total 5 volume 1,Total 6 volume 1
0,1.1768416328259624e+17,1.3801236393646056e+17,5790815030907821.0,1.0990603481902652e+16,2611009026555.9927,6700418594234.165,40017932341569.92,3497452781092750.5
