t(s),Total solute volume 1,Total retention volume 1,Total 1 volume 1,Total 2 volume 1,Total 3 volume 1,Total 4 volume 1,Total 5 volume 1,Total 6 volume 1
0,2.7620042352160896e+18,1.1408746938025632e+20,2.1816306119850037e+19,8.283158743020675e+19,1.006144703948761e+17,1.0996012540598816e+18,2.0058078928250237e+18,3.4715479777034045e+18
