t(s),Total solute volume 1,Total retention volume 1,Total 1 volume 1,Total 2 volume 1,Total 3 volume 1,Total 4 volume 1,Total 5 volume 1,Total 6 volume 1
0,4.718423901827473e+18,1.6831951456465145e+20,2.1816306119850037e+19,1.413400008682567e+20,1.010587654919232e+16,5.847792664683795e+16,9.846400580437986e+16,2.7773586571747974e+17
