t(s),Total solute volume 1,Total retention volume 1,Total 1 volume 1,Total 2 volume 1,Total 3 volume 1,Total 4 volume 1,Total 5 volume 1,Total 6 volume 1
0,9.455042984468884e+17,5.515442968052963e+18,6.045923551720419e+17,2.298131816040415e+18,566856567570640.1,3229412570464784.0,5.166133314614144e+16,1.611756896109426e+18
