t(s),Total solute volume 1,Total retention volume 1,Total 1 volume 1,Total 2 volume 1,Total 3 volume 1,Total 4 volume 1,Total 5 volume 1,Total 6 volume 1
0,9.011205916778291e+16,9.980326983984803e+16,3192384722575143.5,5543091834178185.0,1130346517655.657,2617673564618.6577,13633950308780.924,938352144920251.2
