t(s),Total solute volume 1,Total retention volume 1,Total 1 volume 1,Total 2 volume 1,Total 3 volume 1,Total 4 volume 1,Total 5 volume 1,Total 6 volume 1
0,1.0446784147997133e+17,1.2329029524205045e+17,4439458008290587.5,8097793286123659.0,5717376016006.041,14015120143376.621,78744666003536.92,6186725305501316.0
