t(s),Total solute volume 1,Total retention volume 1,Total 1 volume 1,Total 2 volume 1,Total 3 volume 1,Total 4 volume 1,Total 5 volume 1,Total 6 volume 1
0,6.1151907207788056e+16,1.1678249181605234e+17,4439458008290587.5,4740171994361016.0,55701510215310.26,210557011484150.3,952148833308397.2,4.52325472506045e+16
