t(s),Total solute volume 1,Total retention volume 1,Total 1 volume 1,Total 2 volume 1,Total 3 volume 1,Total 4 volume 1,Total 5 volume 1,Total 6 volume 1
0,2.1836778534678442e+17,3.1290310438098426e+17,2.2995109404381096e+16,5.36299248106901e+16,4449236858079.296,14481887505389.94,118724251678519.06,1.7772629443087362e+16
