t(s),Total solute volume 1,Total retention volume 1,Total 1 volume 1,Total 2 volume 1,Total 3 volume 1,Total 4 volume 1,Total 5 volume 1,Total 6 volume 1
0,5.132271443883372e+17,1.4732280342814853e+18,1.5471077007747866e+17,4.797289871713226e+17,34982510955133.793,158097700195873.3,1993210643651786.2,3.233748417895444e+17
