t(s),Total solute volume 1,Total retention volume 1,Total 1 volume 1,Total 2 volume 1,Total 3 volume 1,Total 4 volume 1,Total 5 volume 1,Total 6 volume 1
0,3.027606909858182e+18,5.678080527769375e+19,8.108748995498785e+18,4.539357696078196e+19,1815416049748594.5,1.3595117730696872e+16,5.742505750482977e+16,1.7803682026941392e+17
