t(s),Total solute volume 1,Total retention volume 1,Total 1 volume 1,Total 2 volume 1,Total 3 volume 1,Total 4 volume 1,Total 5 volume 1,Total 6 volume 1
0,1.772257703331625e+18,4.002814231914851e+19,8.108748995498784e+18,2.6581741941542703e+19,1.7811373908585504e+16,2.2059207872707203e+17,1.1019004175055172e+18,2.2250898086341862e+18
