t(s),Total solute volume 1,Total retention volume 1,Total 1 volume 1,Total 2 volume 1,Total 3 volume 1,Total 4 volume 1,Total 5 volume 1,Total 6 volume 1
0,6.1674638455494386e+19,6.141293234163312e+22,1.961934451448198e+22,4.172998634441791e+22,5.491512201105475e+17,4.959500831138969e+17,3.306531013124057e+17,5.510898738030915e+17
