t(s),Total solute volume 1,Total retention volume 1,Total 1 volume 1,Total 2 volume 1,Total 3 volume 1,Total 4 volume 1,Total 5 volume 1,Total 6 volume 1
0,2.0408582906428972e+18,2.2604775469120393e+19,3.364073161464839e+18,1.6521366587680283e+19,1736288113012468.5,1.2687478595286506e+16,1.249801215422771e+17,5.3907354108186995e+17
