t(s),Total solute volume 1,Total retention volume 1,Total 1 volume 1,Total 2 volume 1,Total 3 volume 1,Total 4 volume 1,Total 5 volume 1,Total 6 volume 1
0,1.194648755498281e+18,2.3233586990484644e+19,3.364073161464839e+18,9.67235389752105e+18,1.696844251313534e+16,1.9530836895123286e+17,2.0587080422436004e+18,6.731526322292377e+18
