t(s),Total solute volume 1,Total retention volume 1,Total 1 volume 1,Total 2 volume 1,Total 3 volume 1,Total 4 volume 1,Total 5 volume 1,Total 6 volume 1
0,9.391538505657402e+16,2.5554221613733978e+17,1.1560640218829556e+16,1.4241472081799574e+16,76288147510764.89,340216437996961.56,1916667123049213.0,1.3349154707158053e+17
