t(s),Total solute volume 1,Total retention volume 1,Total 1 volume 1,Total 2 volume 1,Total 3 volume 1,Total 4 volume 1,Total 5 volume 1,Total 6 volume 1
0,2.067829880351787e+17,2.8822318289861686e+17,2.0362204049155636e+16,4.663428171230368e+16,3939367521047.014,12556334380624.537,100106250363772.9,1.4327107149712744e+16
