t(s),Total solute volume 1,Total retention volume 1,Total 1 volume 1,Total 2 volume 1,Total 3 volume 1,Total 4 volume 1,Total 5 volume 1,Total 6 volume 1
0,1.2104370031327629e+17,2.755670787710042e+17,2.036220404915564e+16,2.7298126560537492e+16,38427996613002.62,188970187279008.94,1212341697718216.2,1.0542330796642734e+17
