t(s),Total solute volume 1,Total retention volume 1,Total 1 volume 1,Total 2 volume 1,Total 3 volume 1,Total 4 volume 1,Total 5 volume 1,Total 6 volume 1
0,1.1342546114652189e+19,1.4747790747628544e+21,1.542273968290348e+20,1.3085723532580886e+21,9.276544655117405e+16,1.26689704878125e+17,1.1096639919244582e+17,3.0635701045781357e+17
