t(s),Total solute volume 1,Total retention volume 1,Total 1 volume 1,Total 2 volume 1,Total 3 volume 1,Total 4 volume 1,Total 5 volume 1,Total 6 volume 1
0,5.467373305480017e+16,8.321753518022968e+16,3458157710870755.5,3557120067332162.0,31460006779461.625,113921029314916.73,486378392173688.4,2.0896764918957788e+16
