t(s),Total solute volume 1,Total retention volume 1,Total 1 volume 1,Total 2 volume 1,Total 3 volume 1,Total 4 volume 1,Total 5 volume 1,Total 6 volume 1
0,2.1328894422529733e+19,6.631269048563715e+21,6.290856345856501e+20,5.980718300898788e+21,3.452418261154352e+16,2.4585745274784064e+16,2.051342939273908e+16,5.659529945381829e+16
