t(s),Total solute volume 1,Total retention volume 1,Total 1 volume 1,Total 2 volume 1,Total 3 volume 1,Total 4 volume 1,Total 5 volume 1,Total 6 volume 1
0,1.2485206491236938e+19,4.325246906847174e+21,6.290856345856501e+20,3.6814069503789876e+21,5.0822338413602246e+17,6.29075860438092e+17,4.243919042579724e+17,7.07424242447798e+17
