t(s),Total solute volume 1,Total retention volume 1,Total 1 volume 1,Total 2 volume 1,Total 3 volume 1,Total 4 volume 1,Total 5 volume 1,Total 6 volume 1
0,1.1999214403838232e+20,1.1034862274216402e+23,6.1524972335763196e+22,4.870349495676083e+22,4.664230258995667e+16,4.199861029072692e+16,2.7999254553748876e+16,4.666543400566924e+16
