t(s),Total solute volume 1,Total retention volume 1,Total 1 volume 1,Total 2 volume 1,Total 3 volume 1,Total 4 volume 1,Total 5 volume 1,Total 6 volume 1
0,6.768171426953814e+17,2.8755882142508577e+19,9.470815640223639e+17,2.2534875290841032e+18,1.1353360061188698e+16,1.0774787206880462e+17,1.5046310396322598e+18,2.325476363494445e+19
