t(s),Total solute volume 1,Total retention volume 1,Total 1 volume 1,Total 2 volume 1,Total 3 volume 1,Total 4 volume 1,Total 5 volume 1,Total 6 volume 1
0,5.556772250990977e+17,2.9399936582093885e+18,1.8471874136236307e+17,5.881523663147372e+17,184995080495385.66,861873466430410.6,1.1284990747720546e+16,1.5991134661385393e+18
