t(s),Total solute volume 1,Total retention volume 1,Total 1 volume 1,Total 2 volume 1,Total 3 volume 1,Total 4 volume 1,Total 5 volume 1,Total 6 volume 1
0,2.0426316755341617e+18,6.359439288936466e+19,1.1130180818752053e+19,3.824669850510911e+19,8.697539610738414e+16,1.0709765917925838e+18,3.8372498265566746e+18,7.179680075512166e+18
