t(s),Total solute volume 1,Total retention volume 1,Total 1 volume 1,Total 2 volume 1,Total 3 volume 1,Total 4 volume 1,Total 5 volume 1,Total 6 volume 1
0,3.489495779037574e+18,8.076407115147113e+19,1.1130180818752053e+19,6.530313094388771e+19,8839769436249010.0,6.368215894227766e+16,1.9429337016069888e+17,5.744483112543175e+17
