t(s),Total solute volume 1,Total retention volume 1,Total 1 volume 1,Total 2 volume 1,Total 3 volume 1,Total 4 volume 1,Total 5 volume 1,Total 6 volume 1
0,1.710368165630296e+19,3.981032548015966e+21,3.850111262848306e+20,3.578457514507153e+21,1.0357480494598318e+17,8.573268551428947e+16,7.207072260978702e+16,1.9884735461330614e+17
