t(s),Total solute volume 1,Total retention volume 1,Total 1 volume 1,Total 2 volume 1,Total 3 volume 1,Total 4 volume 1,Total 5 volume 1,Total 6 volume 1
0,2.1836778534678442e+17,4.114041422405245e+17,2.2995109404381096e+16,5.36299248106901e+16,28918710642610.066,94128605973443.0,771675498723798.2,1.1551659986332526e+17
