t(s),Total solute volume 1,Total retention volume 1,Total 1 volume 1,Total 2 volume 1,Total 3 volume 1,Total 4 volume 1,Total 5 volume 1,Total 6 volume 1
0,1.454865482009603e+20,8.39169989578231e+22,3.579686312483719e+22,4.797460062369274e+22,1.4304060709146668e+16,8350593361110901.0,6919143849326785.0,1.90872937941796e+16
