t(s),Total solute volume 1,Total retention volume 1,Total 1 volume 1,Total 2 volume 1,Total 3 volume 1,Total 4 volume 1,Total 5 volume 1,Total 6 volume 1
0,8.516285748348854e+19,8.217007484822062e+22,3.579686312483719e+22,4.628721412782856e+22,2.3826593658962298e+17,2.147270684777205e+17,1.4315430681982645e+17,2.3859075989506925e+17
