t(s),Total solute volume 1,Total retention volume 1,Total 1 volume 1,Total 2 volume 1,Total 3 volume 1,Total 4 volume 1,Total 5 volume 1,Total 6 volume 1
0,1.6043878280498112e+17,2.0246487339898515e+17,1.1560640218829554e+16,2.4329176620616796e+16,2607978166548.5557,7539794612731.713,52784572085936.16,6073341409693270.0
