t(s),Total solute volume 1,Total retention volume 1,Total 1 volume 1,Total 2 volume 1,Total 3 volume 1,Total 4 volume 1,Total 5 volume 1,Total 6 volume 1
0,2.641240568788231e+18,4.1834790915445105e+19,5.979897840391367e+18,3.199484310387922e+19,6146090502757779.0,4.643780538128968e+16,2.6895838050755805e+17,8.972671259945859e+17
