t(s),Total solute volume 1,Total retention volume 1,Total 1 volume 1,Total 2 volume 1,Total 3 volume 1,Total 4 volume 1,Total 5 volume 1,Total 6 volume 1
0,1.5460920402662884e+18,4.322161384187816e+19,5.979897840391367e+18,1.873360234042119e+19,6.018303895853208e+16,7.349213478280689e+17,4.95520990744594e+18,1.1211707326566754e+19
