t(s),Total solute volume 1,Total retention volume 1,Total 1 volume 1,Total 2 volume 1,Total 3 volume 1,Total 4 volume 1,Total 5 volume 1,Total 6 volume 1
0,6.357639040862142e+16,1.1979091542271229e+17,4841705944743442.0,5237103708245424.0,51653654962941.53,198214701844246.25,914340183011090.0,4.497150682128452e+16
