t(s),Total solute volume 1,Total retention volume 1,Total 1 volume 1,Total 2 volume 1,Total 3 volume 1,Total 4 volume 1,Total 5 volume 1,Total 6 volume 1
0,3.434508319345575e+19,1.7657057119702432e+22,1.8076337742290045e+21,1.581487631351659e+22,5.714070440241776e+16,3.515810201836308e+16,2.9172693045008656e+16,8.047726388147739e+16
