t(s),Total solute volume 1,Total retention volume 1,Total 1 volume 1,Total 2 volume 1,Total 3 volume 1,Total 4 volume 1,Total 5 volume 1,Total 6 volume 1
0,2.0104438942510703e+19,1.246768141867594e+22,1.8076337742290042e+21,1.0636512866415753e+22,9.17687316499894e+17,9.031319238453121e+17,6.035613848307066e+17,1.0059584634939292e+18
