t(s),Total solute volume 1,Total retention volume 1,Total 1 volume 1,Total 2 volume 1,Total 3 volume 1,Total 4 volume 1,Total 5 volume 1,Total 6 volume 1
0,7.831248687372006e+17,2.7186557312065746e+18,3.971127163555371e+17,1.417606166617462e+18,25672964632199.258,136285872757684.0,2064740320830193.8,1.1858528033814509e+17
