t(s),Total solute volume 1,Total retention volume 1,Total 1 volume 1,Total 2 volume 1,Total 3 volume 1,Total 4 volume 1,Total 5 volume 1,Total 6 volume 1
0,4.584145573095851e+17,3.083997581838754e+18,3.971127163555371e+17,8.29827887724081e+17,250490353360382.8,2053344574407442.2,2.5454402880165988e+16,1.370884182641619e+18
