t(s),Total solute volume 1,Total retention volume 1,Total 1 volume 1,Total 2 volume 1,Total 3 volume 1,Total 4 volume 1,Total 5 volume 1,Total 6 volume 1
0,1.0575407049402066e+18,1.3003075530847312e+19,2.563088576888768e+18,7.076244436375885e+18,3233864365750261.5,3.587609518056509e+16,4.3404217276008774e+17,1.8330496803360417e+18
