t(s),Total solute volume 1,Total retention volume 1,Total 1 volume 1,Total 2 volume 1,Total 3 volume 1,Total 4 volume 1,Total 5 volume 1,Total 6 volume 1
0,1.806632037606207e+18,1.6634721253601495e+19,2.563088576888768e+18,1.2087386361672243e+19,331065128681554.0,2347484982772436.5,2.8035135605600308e+16,1.4690059171724227e+17
