t(s),Total solute volume 1,Total retention volume 1,Total 1 volume 1,Total 2 volume 1,Total 3 volume 1,Total 4 volume 1,Total 5 volume 1,Total 6 volume 1
0,6.110165178850669e+17,1.5963731606098858e+19,7.538773491030418e+17,1.7336694297627313e+18,4518770466564125.0,4.1286585756004584e+16,5.654464837283414e+17,1.2253916469397109e+19
