t(s),Total solute volume 1,Total retention volume 1,Total 1 volume 1,Total 2 volume 1,Total 3 volume 1,Total 4 volume 1,Total 5 volume 1,Total 6 volume 1
0,1.0438198847203212e+18,5.80961248536441e+18,7.538773491030419e+17,2.961613368357028e+18,463118621811594.6,2736493475686356.0,4.440602080260995e+16,1.0026962502839128e+18
