t(s),Total solute volume 1,Total retention volume 1,Total 1 volume 1,Total 2 volume 1,Total 3 volume 1,Total 4 volume 1,Total 5 volume 1,Total 6 volume 1
0,2.9302339152982e+17,7.563925365827087e+17,4.431341940307482e+16,1.1399288614301397e+17,47183912065266.88,171963329547771.16,1638210876116069.5,3.032054813890692e+17
