t(s),Total solute volume 1,Total retention volume 1,Total 1 volume 1,Total 2 volume 1,Total 3 volume 1,Total 4 volume 1,Total 5 volume 1,Total 6 volume 1
0,8.591862577826981e+17,4.746661797906037e+18,4.883330109832728e+17,1.7979335094057503e+18,426240169317114.06,2343055920082321.0,3.659046132861767e+16,1.5618492623163128e+18
