t(s),Total solute volume 1,Total retention volume 1,Total 1 volume 1,Total 2 volume 1,Total 3 volume 1,Total 4 volume 1,Total 5 volume 1,Total 6 volume 1
0,5.0293829723865024e+17,2.1047230262290424e+19,4.883330109832728e+17,1.0524643962722106e+18,4158152575663141.0,3.5304557838914984e+16,4.542760342491628e+17,1.8509755813132562e+19
