t(s),Total solute volume 1,Total retention volume 1,Total 1 volume 1,Total 2 volume 1,Total 3 volume 1,Total 4 volume 1,Total 5 volume 1,Total 6 volume 1
0,3.5302772118780864e+17,1.8346108697857327e+19,2.2173507663096877e+17,4.247125719959892e+17,2096398460574936.0,1.5551617087189452e+16,1.712419257732433e+17,1.7157743386721516e+19
