t(s),Total solute volume 1,Total retention volume 1,Total 1 volume 1,Total 2 volume 1,Total 3 volume 1,Total 4 volume 1,Total 5 volume 1,Total 6 volume 1
0,6.030890236958341e+17,3.23923390041159e+18,2.2173507663096877e+17,7.255463282409612e+17,214934453588135.47,1033179068368360.5,1.4050394879823526e+16,1.6735649634420472e+18
