t(s),Total solute volume 1,Total retention volume 1,Total 1 volume 1,Total 2 volume 1,Total 3 volume 1,Total 4 volume 1,Total 5 volume 1,Total 6 volume 1
0,2.399005506587524e+17,3.0462289005977784e+18,9.36616297076456e+16,1.5772427002204848e+17,324503966811210.56,2075749875261453.8,1.8877995463373304e+16,2.533664200903895e+18
