t(s),Total solute volume 1,Total retention volume 1,Total 1 volume 1,Total 2 volume 1,Total 3 volume 1,Total 4 volume 1,Total 5 volume 1,Total 6 volume 1
0,4.0983010737537254e+17,1.0831497382577832e+18,9.36616297076456e+16,2.6944503277455203e+17,33265935583362.285,137914686943082.06,1556635681800143.0,3.084851520958928e+17
