t(s),Total solute volume 1,Total retention volume 1,Total 1 volume 1,Total 2 volume 1,Total 3 volume 1,Total 4 volume 1,Total 5 volume 1,Total 6 volume 1
0,5.0293829723865024e+17,2.5269350796881613e+19,4.883330109832728e+17,1.0524643962722106e+18,5081935073244335.0,4.314716374983452e+16,5.551949537975528e+17,2.262219103976685e+19
