t(s),Total solute volume 1,Total retention volume 1,Total 1 volume 1,Total 2 volume 1,Total 3 volume 1,Total 4 volume 1,Total 5 volume 1,Total 6 volume 1
0,8.591862577826981e+17,5.102479699801259e+18,4.883330109832728e+17,1.7979335094057503e+18,520958574356275.6,2863727414138389.5,4.472154794702094e+16,1.9089206876940252e+18
