t(s),Total solute volume 1,Total retention volume 1,Total 1 volume 1,Total 2 volume 1,Total 3 volume 1,Total 4 volume 1,Total 5 volume 1,Total 6 volume 1
0,9.455042984468884e+17,5.400464217739349e+18,6.045923551720417e+17,2.298131816040415e+18,527763525972679.9,3006696945551638.5,4.809852510185966e+16,1.5006027625066086e+18
