t(s),Total solute volume 1,Total retention volume 1,Total 1 volume 1,Total 2 volume 1,Total 3 volume 1,Total 4 volume 1,Total 5 volume 1,Total 6 volume 1
0,1.7152588772477386e+17,4.921769377893581e+17,4.431341940307482e+16,6.672760546581345e+16,41847825044416.57,235311710173969.16,1804380595003293.5,2.0752848506546995e+17
