t(s),Total solute volume 1,Total retention volume 1,Total 1 volume 1,Total 2 volume 1,Total 3 volume 1,Total 4 volume 1,Total 5 volume 1,Total 6 volume 1
0,2.9302339152982e+17,4.7906365274595283e+17,4.431341940307482e+16,1.1399288614301397e+17,4289591730986.66,15633477997384.068,148932829502049.0,2.756509977081269e+16
