t(s),Total solute volume 1,Total retention volume 1,Total 1 volume 1,Total 2 volume 1,Total 3 volume 1,Total 4 volume 1,Total 5 volume 1,Total 6 volume 1
0,6.8888290702006904e+16,8.67292885343224e+16,5790815030907821.0,6433524569071775.0,5458162816507.34,21609730476009.215,103847266670912.1,5485743072371671.0
