t(s),Total solute volume 1,Total retention volume 1,Total 1 volume 1,Total 2 volume 1,Total 3 volume 1,Total 4 volume 1,Total 5 volume 1,Total 6 volume 1
0,1.772257703331625e+18,5.683437800720439e+19,8.108748995498784e+18,2.6581741941542703e+19,1.0176803844535216e+17,1.260340184559944e+18,6.295781043186438e+18,1.271374010063953e+19
