t(s),Total solute volume 1,Total retention volume 1,Total 1 volume 1,Total 2 volume 1,Total 3 volume 1,Total 4 volume 1,Total 5 volume 1,Total 6 volume 1
0,3.027606909858182e+18,5.7963479506157625e+19,8.108748995498786e+18,4.539357696078196e+19,1.0373733426118842e+16,7.768592683241429e+16,3.281411053382224e+17,1.0173458744217736e+18
