t(s),Total solute volume 1,Total retention volume 1,Total 1 volume 1,Total 2 volume 1,Total 3 volume 1,Total 4 volume 1,Total 5 volume 1,Total 6 volume 1
0,1.612352649698545e+17,2.2379711481419003e+18,3.860071170759496e+16,5.693890508297374e+16,437111099927208.44,2399615465587080.5,1.7829933396890788e+16,1.9605296064190756e+18
