t(s),Total solute volume 1,Total retention volume 1,Total 1 volume 1,Total 2 volume 1,Total 3 volume 1,Total 4 volume 1,Total 5 volume 1,Total 6 volume 1
0,3.841154308419529e+17,3.088486148882514e+18,2.6766928604882394e+17,5.273223096638238e+17,253180445784028.28,1939988868880192.2,2.2228939389807812e+16,1.8849570136234404e+18
