t(s),Total solute volume 1,Total retention volume 1,Total 1 volume 1,Total 2 volume 1,Total 3 volume 1,Total 4 volume 1,Total 5 volume 1,Total 6 volume 1
0,6.561971943550011e+17,2.002116451346784e+18,2.6766928604882394e+17,9.008356262596815e+17,25950092465578.19,128819477943347.67,1818747004457505.5,1.7544082810841494e+17
