t(s),Total solute volume 1,Total retention volume 1,Total 1 volume 1,Total 2 volume 1,Total 3 volume 1,Total 4 volume 1,Total 5 volume 1,Total 6 volume 1
0,2.3679368537431424e+18,7.834410457275387e+19,1.5476103569735987e+19,5.584790903245229e+19,4.807470294719105e+16,5.7055837843962656e+17,1.4496261883312876e+18,2.5838958471040783e+18
