t(s),Total solute volume 1,Total retention volume 1,Total 1 volume 1,Total 2 volume 1,Total 3 volume 1,Total 4 volume 1,Total 5 volume 1,Total 6 volume 1
0,4.0452254584778307e+18,1.1516950080949592e+20,1.5476103569735987e+19,9.533228108352348e+19,4863689957442404.0,3.229449779938404e+16,7.200916595881726e+16,2.067233440432509e+17
