t(s),Total solute volume 1,Total retention volume 1,Total 1 volume 1,Total 2 volume 1,Total 3 volume 1,Total 4 volume 1,Total 5 volume 1,Total 6 volume 1
0,5.5346593079818586e+17,1.7792038615367463e+19,6.045923551720415e+17,1.3452732373157307e+18,4195529419672637.5,3.693523464202264e+16,4.916802284944959e+17,1.4755896099525323e+19
