t(s),Total solute volume 1,Total retention volume 1,Total 1 volume 1,Total 2 volume 1,Total 3 volume 1,Total 4 volume 1,Total 5 volume 1,Total 6 volume 1
0,9.455042984468884e+17,5.113016330438177e+18,6.045923551720416e+17,2.298131816040415e+18,430030588323642.1,2449906273675667.0,3.9191477433764536e+16,1.2227164464830648e+18
