t(s),Total solute volume 1,Total retention volume 1,Total 1 volume 1,Total 2 volume 1,Total 3 volume 1,Total 4 volume 1,Total 5 volume 1,Total 6 volume 1
0,8.591862577826981e+17,5.221085155729823e+18,4.883330109832728e+17,1.7979335094057503e+18,552531244112204.7,3037283964748758.0,4.743189988987429e+16,2.0246106624593677e+18
