t(s),Total solute volume 1,Total retention volume 1,Total 1 volume 1,Total 2 volume 1,Total 3 volume 1,Total 4 volume 1,Total 5 volume 1,Total 6 volume 1
0,5.0293829723865024e+17,2.667665335327813e+19,4.883330109832728e+17,1.0524643962722106e+18,5389842262492595.0,4.576113539387667e+16,5.888320643552576e+17,2.399293460677238e+19
