t(s),Total solute volume 1,Total retention volume 1,Total 1 volume 1,Total 2 volume 1,Total 3 volume 1,Total 4 volume 1,Total 5 volume 1,Total 6 volume 1
0,2.9302339152982e+17,5.992418848922433e+17,4.431341940307482e+16,1.1399288614301397e+17,22877487032643.293,83377513835819.08,794297866586472.8,1.4701163494888195e+17
