t(s),Total solute volume 1,Total retention volume 1,Total 1 volume 1,Total 2 volume 1,Total 3 volume 1,Total 4 volume 1,Total 5 volume 1,Total 6 volume 1
0,1.7152588772477386e+17,1.4002908565133706e+18,4.431341940307482e+16,6.672760546581345e+16,223136729648435.1,1254607674202919.2,9620823451290816.0,1.1066253760645604e+18
