t(s),Total solute volume 1,Total retention volume 1,Total 1 volume 1,Total 2 volume 1,Total 3 volume 1,Total 4 volume 1,Total 5 volume 1,Total 6 volume 1
0,5.599791014061281e+17,1.1578612719121938e+19,6.205788698891987e+17,1.3862391755847913e+18,2544946888330953.5,2.250386817679285e+16,3.006948632310197e+17,8.686071893945679e+18
