t(s),Total solute volume 1,Total retention volume 1,Total 1 volume 1,Total 2 volume 1,Total 3 volume 1,Total 4 volume 1,Total 5 volume 1,Total 6 volume 1
0,9.566309649021271e+17,4.689450066900706e+18,6.205788698891987e+17,2.368112616809924e+18,260831451497554.03,1492435829427086.0,2.3930043404091384e+16,7.184443046144545e+17
