t(s),Total solute volume 1,Total retention volume 1,Total 1 volume 1,Total 2 volume 1,Total 3 volume 1,Total 4 volume 1,Total 5 volume 1,Total 6 volume 1
0,8.175062817381762e+16,1.4106377465983478e+17,8483748054658170.0,9978813516605722.0,29323668418858.527,123988498303324.98,650528535626574.5,4.004674421240356e+16
