t(s),Total solute volume 1,Total retention volume 1,Total 1 volume 1,Total 2 volume 1,Total 3 volume 1,Total 4 volume 1,Total 5 volume 1,Total 6 volume 1
0,1.3965732313027035e+17,1.707225933853256e+17,8483748054658170.0,1.7047137375161364e+16,3006611743956.4316,8240691556386.383,53731843655510.35,5469405678279380.0
