t(s),Total solute volume 1,Total retention volume 1,Total 1 volume 1,Total 2 volume 1,Total 3 volume 1,Total 4 volume 1,Total 5 volume 1,Total 6 volume 1
0,2.3091608011640064e+17,3.4115659347762726e+17,2.6047523684028044e+16,6.18908749437171e+16,5040411032272.896,16762393273064.19,141404468305154.25,2.213890746087182e+16
