t(s),Total solute volume 1,Total retention volume 1,Total 1 volume 1,Total 2 volume 1,Total 3 volume 1,Total 4 volume 1,Total 5 volume 1,Total 6 volume 1
0,3.8340070142403466e+18,2.4486704325688594e+20,4.533611706929847e+19,1.916287548066981e+20,1.332128164283446e+17,1.0185369875727374e+18,1.0862560973704227e+18,1.8301584652767672e+18
