t(s),Total solute volume 1,Total retention volume 1,Total 1 volume 1,Total 2 volume 1,Total 3 volume 1,Total 4 volume 1,Total 5 volume 1,Total 6 volume 1
0,6.549761982660554e+18,3.786346526095049e+20,4.533611706929847e+19,3.264895769282699e+20,1.2985079615935806e+16,4.7056938367904856e+16,5.2739261545080744e+16,1.46415349748059e+17
