t(s),Total solute volume 1,Total retention volume 1,Total 1 volume 1,Total 2 volume 1,Total 3 volume 1,Total 4 volume 1,Total 5 volume 1,Total 6 volume 1
0,9.391538505657402e+16,3.7186874534827366e+17,1.1560640218829556e+16,1.4241472081799574e+16,141608143018615.28,631414554635200.5,3557524490361257.0,2.4782070080305315e+17
