t(s),Total solute volume 1,Total retention volume 1,Total 1 volume 1,Total 2 volume 1,Total 3 volume 1,Total 4 volume 1,Total 5 volume 1,Total 6 volume 1
0,1.355755053821572e+18,3.727058250787335e+19,4.460907519859345e+18,1.337749223333267e+19,4.636481464096303e+16,5.515910171504684e+17,4.783975752267113e+18,1.2694496116801223e+19
