t(s),Total solute volume 1,Total retention volume 1,Total 1 volume 1,Total 2 volume 1,Total 3 volume 1,Total 4 volume 1,Total 5 volume 1,Total 6 volume 1
0,2.3160815502785014e+18,3.095582963708e+19,4.460907519859345e+18,2.284893514595476e+19,4740739876190622.0,3.5440814761567524e+16,2.73526823226199e+17,1.0161970431232867e+18
