t(s),Total solute volume 1,Total retention volume 1,Total 1 volume 1,Total 2 volume 1,Total 3 volume 1,Total 4 volume 1,Total 5 volume 1,Total 6 volume 1
0,5.5346593079818586e+17,2.890860047896529e+19,6.045923551720415e+17,1.3452732373157307e+18,7245930912100796.0,6.378672636847419e+16,8.491466001508499e+17,2.548508969824789e+19
