t(s),Total solute volume 1,Total retention volume 1,Total 1 volume 1,Total 2 volume 1,Total 3 volume 1,Total 4 volume 1,Total 5 volume 1,Total 6 volume 1
0,1.1342546114652189e+19,1.4745325800023696e+21,1.542273968290348e+20,1.3085723532580886e+21,5.685629762152566e+16,7.764859377248682e+16,6.8011724891921144e+16,1.8776718430833328e+17
