t(s),Total solute volume 1,Total retention volume 1,Total 1 volume 1,Total 2 volume 1,Total 3 volume 1,Total 4 volume 1,Total 5 volume 1,Total 6 volume 1
0,6.639539189064714e+18,9.415085642834735e+20,1.542273968290348e+20,7.742999917924197e+20,6.662105192765687e+17,1.922068426590757e+18,1.4063330712022413e+18,2.3470244558851133e+18
