t(s),Total solute volume 1,Total retention volume 1,Total 1 volume 1,Total 2 volume 1,Total 3 volume 1,Total 4 volume 1,Total 5 volume 1,Total 6 volume 1
0,1.2782504508104443e+17,5.1389800380866336e+17,2.2995109404381096e+16,3.1393140520667656e+16,108483365396559.77,544734311663618.9,3593841676479690.0,3.274376494490335e+17
