t(s),Total solute volume 1,Total retention volume 1,Total 1 volume 1,Total 2 volume 1,Total 3 volume 1,Total 4 volume 1,Total 5 volume 1,Total 6 volume 1
0,2.1836778534678442e+17,3.397679516617777e+17,2.2995109404381096e+16,5.36299248106901e+16,11122952741773.146,36204334541595.26,296807258060637.4,4.443099755457821e+16
