t(s),Total solute volume 1,Total retention volume 1,Total 1 volume 1,Total 2 volume 1,Total 3 volume 1,Total 4 volume 1,Total 5 volume 1,Total 6 volume 1
0,1.7694394108641648e+17,2.731428053975766e+17,1.4382961689890436e+16,3.1272978263682056e+16,18080136739371.43,54276935242483.01,399532415009040.94,5.007103487059501e+16
