t(s),Total solute volume 1,Total retention volume 1,Total 1 volume 1,Total 2 volume 1,Total 3 volume 1,Total 4 volume 1,Total 5 volume 1,Total 6 volume 1
0,1.0357694112375635e+17,5.092203041538352e+17,1.4382961689890436e+16,1.830613831100575e+16,176227268672811.06,815953358405157.9,4833819509011654.0,3.6712826289308896e+17
