t(s),Total solute volume 1,Total retention volume 1,Total 1 volume 1,Total 2 volume 1,Total 3 volume 1,Total 4 volume 1,Total 5 volume 1,Total 6 volume 1
0,6.030890236958341e+17,2.901466842669009e+18,2.2173507663096877e+17,7.255463282409612e+17,171948257104541.47,826546080512443.5,1.124035703180936e+16,1.3388575627318095e+18
