t(s),Total solute volume 1,Total retention volume 1,Total 1 volume 1,Total 2 volume 1,Total 3 volume 1,Total 4 volume 1,Total 5 volume 1,Total 6 volume 1
0,7.82153398870977e+16,1.383693093303898e+17,7687035129498279.0,8909437720794750.0,33809602462116.723,140541263374963.39,720865151290564.0,4.266228057587256e+16
