t(s),Total solute volume 1,Total retention volume 1,Total 1 volume 1,Total 2 volume 1,Total 3 volume 1,Total 4 volume 1,Total 5 volume 1,Total 6 volume 1
0,1.3361787230712443e+17,1.624255820227748e+17,7687035129498279.0,1.522028754057002e+16,3466902505522.5947,9342098552674.547,59548409543178.69,5828029634981273.0
