t(s),Total solute volume 1,Total retention volume 1,Total 1 volume 1,Total 2 volume 1,Total 3 volume 1,Total 4 volume 1,Total 5 volume 1,Total 6 volume 1
0,1.1768416328259624e+17,1.4383873773301994e+17,5790815030907821.0,1.0990603481902652e+16,6900179833346.516,17707501569218.37,105756899909637.94,9242791356300408.0
