t(s),Total solute volume 1,Total retention volume 1,Total 1 volume 1,Total 2 volume 1,Total 3 volume 1,Total 4 volume 1,Total 5 volume 1,Total 6 volume 1
0,6.8888290702006904e+16,1.5032325192314006e+17,5790815030907821.0,6433524569071775.0,67239100164799.26,266106352346414.88,1279086227491230.0,6.759818994115039e+16
