t(s),Total solute volume 1,Total retention volume 1,Total 1 volume 1,Total 2 volume 1,Total 3 volume 1,Total 4 volume 1,Total 5 volume 1,Total 6 volume 1
0,7.831248687372006e+17,4.168377772398323e+18,3.971127163555371e+17,1.417606166617462e+18,333744069558193.25,1771696249597444.0,2.6841298326808036e+16,1.541587282042153e+18
