t(s),Total solute volume 1,Total retention volume 1,Total 1 volume 1,Total 2 volume 1,Total 3 volume 1,Total 4 volume 1,Total 5 volume 1,Total 6 volume 1
0,4.584145573095851e+17,1.986477712562576e+19,3.971127163555371e+17,8.29827887724081e+17,3255686003037024.0,2.6685939235971052e+16,3.3082747031492576e+17,1.7818652868682605e+19
