t(s),Total solute volume 1,Total retention volume 1,Total 1 volume 1,Total 2 volume 1,Total 3 volume 1,Total 4 volume 1,Total 5 volume 1,Total 6 volume 1
0,2.6900722401125917e+19,1.0973373655383389e+22,1.0530177027067483e+21,9.89302102912222e+21,1.1813496463966662e+17,7.66368803498469e+16,6.370410688746794e+16,1.7572520149095062e+17
