t(s),Total solute volume 1,Total retention volume 1,Total 1 volume 1,Total 2 volume 1,Total 3 volume 1,Total 4 volume 1,Total 5 volume 1,Total 6 volume 1
0,1.827745988668061e+17,3.3344491860856955e+18,5.1059153534519e+16,7.853065002362187e+16,546256612029898.75,3146996785625906.0,2.4929088959462892e+16,2.993462441303635e+18
