t(s),Total solute volume 1,Total retention volume 1,Total 1 volume 1,Total 2 volume 1,Total 3 volume 1,Total 4 volume 1,Total 5 volume 1,Total 6 volume 1
0,2.3160815502785014e+18,3.0875229931949715e+19,4.460907519859345e+18,2.284893514595476e+19,4453424595300899.0,3.329290107394575e+16,2.5694955959333965e+17,9.546098305943922e+17
