t(s),Total solute volume 1,Total retention volume 1,Total 1 volume 1,Total 2 volume 1,Total 3 volume 1,Total 4 volume 1,Total 5 volume 1,Total 6 volume 1
0,1.355755053821572e+18,3.6175161849027666e+19,4.460907519859345e+18,1.337749223333267e+19,4.355517905334762e+16,5.181668714794625e+17,4.494079370316456e+18,1.1925205621164829e+19
