t(s),Total solute volume 1,Total retention volume 1,Total 1 volume 1,Total 2 volume 1,Total 3 volume 1,Total 4 volume 1,Total 5 volume 1,Total 6 volume 1
0,8.113418985332498e+18,1.5365072119170531e+21,2.4107704894684447e+20,1.281474549652156e+21,8.482655277038858e+17,1.741533981851848e+18,1.2191778576040013e+18,2.0332169655658824e+18
