t(s),Total solute volume 1,Total retention volume 1,Total 1 volume 1,Total 2 volume 1,Total 3 volume 1,Total 4 volume 1,Total 5 volume 1,Total 6 volume 1
0,1.3860424099942965e+19,2.4058845791382557e+21,2.4107704894684447e+20,2.1505892778574658e+21,6.711508031555273e+16,6.911160397220077e+16,5.8943193559975096e+16,1.6265835613788467e+17
