t(s),Total solute volume 1,Total retention volume 1,Total 1 volume 1,Total 2 volume 1,Total 3 volume 1,Total 4 volume 1,Total 5 volume 1,Total 6 volume 1
0,1.8614795258035258e+17,2.886240301881999e+17,1.6105550931134632e+16,3.561535913744106e+16,16613648712656.074,50856548729752.12,384206984811871.3,5.030349035701424e+16
