t(s),Total solute volume 1,Total retention volume 1,Total 1 volume 1,Total 2 volume 1,Total 3 volume 1,Total 4 volume 1,Total 5 volume 1,Total 6 volume 1
0,1.0896465516898744e+17,5.206534542565699e+17,1.6105550931134632e+16,2.0848021191923476e+16,161964965767403.4,764738907042025.1,4649508432090439.0,3.691590146596284e+17
