t(s),Total solute volume 1,Total retention volume 1,Total 1 volume 1,Total 2 volume 1,Total 3 volume 1,Total 4 volume 1,Total 5 volume 1,Total 6 volume 1
0,8.70000992795148e+16,9.5922831431731e+16,2951661998355005.5,5065423436879563.0,1140036569138.2937,2604668830459.849,13323916209935.232,888578095371708.8
