t(s),Total solute volume 1,Total retention volume 1,Total 1 volume 1,Total 2 volume 1,Total 3 volume 1,Total 4 volume 1,Total 5 volume 1,Total 6 volume 1
0,5.092688738313051e+16,6.355537822005799e+16,2951661998355005.5,2965126037401479.5,11117000419237.604,39180572453840.664,161277793178901.03,6500127435118518.0
