t(s),Total solute volume 1,Total retention volume 1,Total 1 volume 1,Total 2 volume 1,Total 3 volume 1,Total 4 volume 1,Total 5 volume 1,Total 6 volume 1
0,2.7620042352160896e+18,1.1898405454091967e+20,2.1816306119850037e+19,8.283158743020675e+19,1.7439374179873866e+17,1.9059072733571177e+18,3.4766274680776955e+18,6.017228272412943e+18
