t(s),Total solute volume 1,Total retention volume 1,Total 1 volume 1,Total 2 volume 1,Total 3 volume 1,Total 4 volume 1,Total 5 volume 1,Total 6 volume 1
0,4.718423901827473e+18,1.6864568797361416e+20,2.1816306119850037e+19,1.413400008682567e+20,1.7516822953633024e+16,1.0136159383960366e+17,1.706706808683401e+17,4.814079860190007e+17
