t(s),Total solute volume 1,Total retention volume 1,Total 1 volume 1,Total 2 volume 1,Total 3 volume 1,Total 4 volume 1,Total 5 volume 1,Total 6 volume 1
0,1.1999214403838232e+20,1.1034938483276416e+23,6.1524972335763196e+22,4.870349495676083e+22,2.6430577546522483e+17,2.3799139615159414e+17,1.5866202784550896e+17,2.6443700232592042e+17
