t(s),Total solute volume 1,Total retention volume 1,Total 1 volume 1,Total 2 volume 1,Total 3 volume 1,Total 4 volume 1,Total 5 volume 1,Total 6 volume 1
0,2.0498657939890205e+20,1.111934580212338e+23,6.1524972335763196e+22,4.946344516545733e+22,1.5861647100237034e+16,9255278512848296.0,7668687849973373.0,2.115500072617029e+16
