t(s),Total solute volume 1,Total retention volume 1,Total 1 volume 1,Total 2 volume 1,Total 3 volume 1,Total 4 volume 1,Total 5 volume 1,Total 6 volume 1
0,1.454865482009603e+20,8.39171084452241e+22,3.579686312483719e+22,4.797460062369274e+22,4.648818066722258e+16,2.713942019902885e+16,2.2487210216925436e+16,6.203368186449807e+16
