t(s),Total solute volume 1,Total retention volume 1,Total 1 volume 1,Total 2 volume 1,Total 3 volume 1,Total 4 volume 1,Total 5 volume 1,Total 6 volume 1
0,8.516285748348854e+19,8.217195299293783e+22,3.579686312483719e+22,4.628721412782856e+22,7.743599181397856e+17,6.978577043202907e+17,4.6524850005952083e+17,7.754166659580588e+17
