t(s),Total solute volume 1,Total retention volume 1,Total 1 volume 1,Total 2 volume 1,Total 3 volume 1,Total 4 volume 1,Total 5 volume 1,Total 6 volume 1
0,1.0860966694806053e+17,1.279073192221383e+17,4841705944743442.0,8946718178722158.0,4677051749601.396,11637641433347.068,66703434311213.88,5426210023116513.0
