t(s),Total solute volume 1,Total retention volume 1,Total 1 volume 1,Total 2 volume 1,Total 3 volume 1,Total 4 volume 1,Total 5 volume 1,Total 6 volume 1
0,6.357639040862142e+16,1.1436769259737238e+17,4841705944743442.0,5237103708245424.0,45583356135907.46,174929156715095.66,806903949977058.2,3.968507607293419e+16
