t(s),Total solute volume 1,Total retention volume 1,Total 1 volume 1,Total 2 volume 1,Total 3 volume 1,Total 4 volume 1,Total 5 volume 1,Total 6 volume 1
0,9.391538505657402e+16,1.3265831279000608e+17,1.1560640218829556e+16,1.4241472081799574e+16,7269322488508.665,32424113098090.953,182648122342177.56,1.271847387487455e+16
