t(s),Total solute volume 1,Total retention volume 1,Total 1 volume 1,Total 2 volume 1,Total 3 volume 1,Total 4 volume 1,Total 5 volume 1,Total 6 volume 1
0,3.5302772118780864e+17,1.0830263736848935e+19,2.2173507663096877e+17,4.247125719959892e+17,1188123186524987.2,8814208793993774.0,9.705236798195504e+16,9.723733667071693e+18
