t(s),Total solute volume 1,Total retention volume 1,Total 1 volume 1,Total 2 volume 1,Total 3 volume 1,Total 4 volume 1,Total 5 volume 1,Total 6 volume 1
0,6.030890236958341e+17,2.5074017133097646e+18,2.2173507663096877e+17,7.255463282409612e+17,121797255828026.9,585472475604674.2,7961953552149162.0,9.483620614584182e+17
