t(s),Total solute volume 1,Total retention volume 1,Total 1 volume 1,Total 2 volume 1,Total 3 volume 1,Total 4 volume 1,Total 5 volume 1,Total 6 volume 1
0,2.3679368537431424e+18,8.253083900058332e+19,1.547610356973599e+19,5.584790903245229e+19,9.133969950365738e+16,1.0840254660733405e+18,2.7542128923047885e+18,4.909311486769843e+18
