t(s),Total solute volume 1,Total retention volume 1,Total 1 volume 1,Total 2 volume 1,Total 3 volume 1,Total 4 volume 1,Total 5 volume 1,Total 6 volume 1
0,4.0452254584778307e+18,1.1545380158119969e+20,1.5476103569735987e+19,9.533228108352348e+19,9240996590892774.0,6.135946525816736e+16,1.3681722310002237e+17,3.927737845135501e+17
