t(s),Total solute volume 1,Total retention volume 1,Total 1 volume 1,Total 2 volume 1,Total 3 volume 1,Total 4 volume 1,Total 5 volume 1,Total 6 volume 1
0,1.1477277462414928e+17,4.736367638428622e+17,1.8083672627208548e+16,2.3817359628092044e+16,125073851080340.9,602519295474358.4,3761828082699388.5,3.124735357341546e+17
