t(s),Total solute volume 1,Total retention volume 1,Total 1 volume 1,Total 2 volume 1,Total 3 volume 1,Total 4 volume 1,Total 5 volume 1,Total 6 volume 1
0,1.9607015664959024e+17,2.977358075583754e+17,1.8083672627208548e+16,4.068797579280357e+16,12826320960874.066,40054917006149.84,310759933371211.56,4.253036131743336e+16
