t(s),Total solute volume 1,Total retention volume 1,Total 1 volume 1,Total 2 volume 1,Total 3 volume 1,Total 4 volume 1,Total 5 volume 1,Total 6 volume 1
0,1.1477277462414928e+17,3.151867358124529e+17,1.8083672627208548e+16,2.3817359628092044e+16,62553259274149.836,301364756264712.44,1881474065649068.0,1.5626753685181334e+17
