t(s),Total solute volume 1,Total retention volume 1,Total 1 volume 1,Total 2 volume 1,Total 3 volume 1,Total 4 volume 1,Total 5 volume 1,Total 6 volume 1
0,1.9607015664959024e+17,2.7628917301234397e+17,1.8083672627208548e+16,4.068797579280357e+16,6413266591255.881,20027739099487.137,155382296553386.38,2.1265544640496064e+16
