t(s),Total solute volume 1,Total retention volume 1,Total 1 volume 1,Total 2 volume 1,Total 3 volume 1,Total 4 volume 1,Total 5 volume 1,Total 6 volume 1
0,2.0104438942510703e+19,1.247015883876617e+22,1.8076337742290042e+21,1.0636512866415753e+22,1.5804494028550095e+18,1.5553779780102884e+18,1.0394577671560709e+18,1.7324740308850657e+18
