t(s),Total solute volume 1,Total retention volume 1,Total 1 volume 1,Total 2 volume 1,Total 3 volume 1,Total 4 volume 1,Total 5 volume 1,Total 6 volume 1
0,3.434508319345575e+19,1.765720297142307e+22,1.8076337742290042e+21,1.581487631351659e+22,9.840894325051749e+16,6.055003975328211e+16,5.0241838190738776e+16,1.3859966279416293e+17
