t(s),Total solute volume 1,Total retention volume 1,Total 1 volume 1,Total 2 volume 1,Total 3 volume 1,Total 4 volume 1,Total 5 volume 1,Total 6 volume 1
0,5.88665732355986e+16,1.0613483449041069e+17,4077840541915392.0,4299130609532137.0,49881177599107.07,185813412966298.66,824005905631962.9,3.783158960716669e+16
