t(s),Total solute volume 1,Total retention volume 1,Total 1 volume 1,Total 2 volume 1,Total 3 volume 1,Total 4 volume 1,Total 5 volume 1,Total 6 volume 1
0,1.0056372927748115e+17,1.1724620905203213e+17,4077840541915392.0,7344347682422831.0,5119973078017.439,12368181644719.404,68147270478046.07,5174656125011362.0
