t(s),Total solute volume 1,Total retention volume 1,Total 1 volume 1,Total 2 volume 1,Total 3 volume 1,Total 4 volume 1,Total 5 volume 1,Total 6 volume 1
0,1.0896465516898744e+17,3.918888809818362e+17,1.6105550931134632e+16,2.0848021191923476e+16,106318314180531.48,502041574983423.6,3052182521063002.0,2.4231011127956093e+17
