t(s),Total solute volume 1,Total retention volume 1,Total 1 volume 1,Total 2 volume 1,Total 3 volume 1,Total 4 volume 1,Total 5 volume 1,Total 6 volume 1
0,1.8614795258035258e+17,2.7117753237337306e+17,1.6105550931134632e+16,3.561535913744106e+16,10902894191304.408,33375095406147.902,252139757613246.66,3.3012251977236636e+16
