t(s),Total solute volume 1,Total retention volume 1,Total 1 volume 1,Total 2 volume 1,Total 3 volume 1,Total 4 volume 1,Total 5 volume 1,Total 6 volume 1
0,1.0896465516898744e+17,2.162153046231204e+17,1.6105550931134632e+16,2.0848021191923476e+16,30387891267526.45,143511290027644.78,872419668777408.9,6.925075848100222e+16
