t(s),Total solute volume 1,Total retention volume 1,Total 1 volume 1,Total 2 volume 1,Total 3 volume 1,Total 4 volume 1,Total 5 volume 1,Total 6 volume 1
0,1.2104370031327629e+17,8.807040584709147e+17,2.036220404915564e+16,2.7298126560537492e+16,255987682824775.1,1258494575470669.5,8075123223839892.0,7.024104220658152e+17
