t(s),Total solute volume 1,Total retention volume 1,Total 1 volume 1,Total 2 volume 1,Total 3 volume 1,Total 4 volume 1,Total 5 volume 1,Total 6 volume 1
0,2.067829880351787e+17,3.7006596911584115e+17,2.0362204049155636e+16,4.663428171230368e+16,26261157280421.754,83705406402161.31,667345228469666.0,9.550918352705118e+16
