t(s),Total solute volume 1,Total retention volume 1,Total 1 volume 1,Total 2 volume 1,Total 3 volume 1,Total 4 volume 1,Total 5 volume 1,Total 6 volume 1
0,1.2104370031327629e+17,1.865160851372389e+17,2.036220404915564e+16,2.729812656053749e+16,6405398229600.107,31499840880461.633,202083280625004.9,1.7572065694534554e+16
