t(s),Total solute volume 1,Total retention volume 1,Total 1 volume 1,Total 2 volume 1,Total 3 volume 1,Total 4 volume 1,Total 5 volume 1,Total 6 volume 1
0,2.067829880351787e+17,2.7618677665792566e+17,2.0362204049155636e+16,4.663428171230368e+16,656566006937.6234,2092735226313.1487,16684484529302.35,2387869075522689.5
