t(s),Total solute volume 1,Total retention volume 1,Total 1 volume 1,Total 2 volume 1,Total 3 volume 1,Total 4 volume 1,Total 5 volume 1,Total 6 volume 1
0,5.5346593079818586e+17,2.3350582431934943e+19,6.045923551720415e+17,1.3452732373157307e+18,5720824105339432.0,5.0362085122657304e+16,6.704259635510223e+17,2.012074203586997e+19
