t(s),Total solute volume 1,Total retention volume 1,Total 1 volume 1,Total 2 volume 1,Total 3 volume 1,Total 4 volume 1,Total 5 volume 1,Total 6 volume 1
0,9.455042984468884e+17,5.572932256944078e+18,6.045923551720419e+17,2.298131816040415e+18,586403059770796.6,3340770244956688.5,5.344273480623448e+16,1.6673338791737623e+18
