t(s),Total solute volume 1,Total retention volume 1,Total 1 volume 1,Total 2 volume 1,Total 3 volume 1,Total 4 volume 1,Total 5 volume 1,Total 6 volume 1
0,5.556772250990977e+17,2.4721622826485473e+18,1.8471874136236307e+17,5.881523663147372e+17,131287674419074.52,611655463533487.6,8008749720164304.0,1.1348622570142298e+18
