t(s),Total solute volume 1,Total retention volume 1,Total 1 volume 1,Total 2 volume 1,Total 3 volume 1,Total 4 volume 1,Total 5 volume 1,Total 6 volume 1
0,3.489495779037574e+18,8.126882555463342e+19,1.1130180818752053e+19,6.5303130943887696e+19,1.414359046978674e+16,1.0189120646698805e+17,3.1086858301925946e+17,9.19114632999698e+17
