t(s),Total solute volume 1,Total retention volume 1,Total 1 volume 1,Total 2 volume 1,Total 3 volume 1,Total 4 volume 1,Total 5 volume 1,Total 6 volume 1
0,2.0426316755341617e+18,7.0898501666562875e+19,1.1130180818752053e+19,3.82466985051091e+19,1.3915432272153835e+17,1.7134587333998513e+18,6.139282310876113e+18,1.1487095300169533e+19
