t(s),Total solute volume 1,Total retention volume 1,Total 1 volume 1,Total 2 volume 1,Total 3 volume 1,Total 4 volume 1,Total 5 volume 1,Total 6 volume 1
0,5.88665732355986e+16,6.824186770462546e+16,4077840541915392.0,4299130609532137.0,1280866202105.6582,4773710913004.058,21163415091178.562,971105325372352.9
