t(s),Total solute volume 1,Total retention volume 1,Total 1 volume 1,Total 2 volume 1,Total 3 volume 1,Total 4 volume 1,Total 5 volume 1,Total 6 volume 1
0,1.0056372927748115e+17,1.121208096087652e+17,4077840541915392.0,7344347682422831.0,131293463515.2233,317157618800.2859,1747511893757.0256,132696143969691.77
