t(s),Total solute volume 1,Total retention volume 1,Total 1 volume 1,Total 2 volume 1,Total 3 volume 1,Total 4 volume 1,Total 5 volume 1,Total 6 volume 1
0,1.4611483665945994e+17,1.8669977698513136e+17,9383807851828780.0,1.9141956437258628e+16,6046989448538.905,16864613487983.418,112539954253000.22,1.192372447939607e+16
