t(s),Total solute volume 1,Total retention volume 1,Total 1 volume 1,Total 2 volume 1,Total 3 volume 1,Total 4 volume 1,Total 5 volume 1,Total 6 volume 1
0,2.9302339152982e+17,5.807531632760828e+17,4.431341940307482e+16,1.1399288614301397e+17,20017846320854.824,72955463996895.52,695012054438932.0,1.2863548083541947e+17
