t(s),Total solute volume 1,Total retention volume 1,Total 1 volume 1,Total 2 volume 1,Total 3 volume 1,Total 4 volume 1,Total 5 volume 1,Total 6 volume 1
0,1.7152588772477386e+17,1.2606017698440125e+18,4.431341940307482e+16,6.672760546581344e+16,195251592735899.2,1097833947288788.4,8418562329191776.0,9.683232093811479e+17
