t(s),Total solute volume 1,Total retention volume 1,Total 1 volume 1,Total 2 volume 1,Total 3 volume 1,Total 4 volume 1,Total 5 volume 1,Total 6 volume 1
0,5.132271443883372e+17,1.3337022702864054e+18,1.5471077007747862e+17,4.797289871713226e+17,19990051556377.35,90341716311599.14,1138979849565922.8,1.847860570318271e+17
