t(s),Total solute volume 1,Total retention volume 1,Total 1 volume 1,Total 2 volume 1,Total 3 volume 1,Total 4 volume 1,Total 5 volume 1,Total 6 volume 1
0,3.004256454956098e+17,2.465696605781732e+18,1.5471077007747866e+17,2.808180725040099e+17,195022124071820.72,1360085455438421.5,1.3843236727451542e+16,1.7143437733976658e+18
