t(s),Total solute volume 1,Total retention volume 1,Total 1 volume 1,Total 2 volume 1,Total 3 volume 1,Total 4 volume 1,Total 5 volume 1,Total 6 volume 1
0,8.405294887353384e+16,9.267219454239336e+16,2733248773475387.0,4637024230775944.0,1671337873236.4912,3768277874629.887,18938559423452.766,1224594489437068.2
