t(s),Total solute volume 1,Total retention volume 1,Total 1 volume 1,Total 2 volume 1,Total 3 volume 1,Total 4 volume 1,Total 5 volume 1,Total 6 volume 1
0,4.920172616987362e+16,6.390751459472179e+16,2733248773475387.0,2714355750467661.0,16293109627780.602,56661027127808.71,229160730686703.5,8956069033462284.0
