t(s),Total solute volume 1,Total retention volume 1,Total 1 volume 1,Total 2 volume 1,Total 3 volume 1,Total 4 volume 1,Total 5 volume 1,Total 6 volume 1
0,1.1300816793349946e+17,1.303569814245703e+17,5290051337496820.0,9905407456456888.0,1703601233129.0796,4304163662214.2964,25177553284755.926,2122169378936203.8
