t(s),Total solute volume 1,Total retention volume 1,Total 1 volume 1,Total 2 volume 1,Total 3 volume 1,Total 4 volume 1,Total 5 volume 1,Total 6 volume 1
0,6.615112269277926e+16,9.315505349558026e+16,5290051337496820.0,5798287762430659.0,16615022135414.361,64758250569959.16,304812798697744.25,1.5529405631469448e+16
