t(s),Total solute volume 1,Total retention volume 1,Total 1 volume 1,Total 2 volume 1,Total 3 volume 1,Total 4 volume 1,Total 5 volume 1,Total 6 volume 1
0,8.70000992795148e+16,9.66020268566672e+16,2951661998355005.5,5065423436879563.0,1995015677746.7817,4558076973830.962,23316341597669.01,1554972707668676.0
