t(s),Total solute volume 1,Total retention volume 1,Total 1 volume 1,Total 2 volume 1,Total 3 volume 1,Total 4 volume 1,Total 5 volume 1,Total 6 volume 1
0,5.092688738313051e+16,6.858571229272946e+16,2951661998355005.5,2965126037401479.5,19447317379407.824,68531013394810.734,282113218097601.44,1.1371945324970176e+16
