t(s),Total solute volume 1,Total retention volume 1,Total 1 volume 1,Total 2 volume 1,Total 3 volume 1,Total 4 volume 1,Total 5 volume 1,Total 6 volume 1
0,6.639539189064714e+18,9.445123478671039e+20,1.542273968290348e+20,7.742999917924197e+20,9.817724340187534e+17,2.832477609846561e+18,2.0724631824923884e+18,3.458706830236168e+18
