t(s),Total solute volume 1,Total retention volume 1,Total 1 volume 1,Total 2 volume 1,Total 3 volume 1,Total 4 volume 1,Total 5 volume 1,Total 6 volume 1
0,1.1342546114652189e+19,1.4747174509339964e+21,1.542273968290348e+20,1.3085723532580886e+21,8.378816597245746e+16,1.1442943479582094e+17,1.002277377957022e+17,2.767093936573121e+17
