t(s),Total solute volume 1,Total retention volume 1,Total 1 volume 1,Total 2 volume 1,Total 3 volume 1,Total 4 volume 1,Total 5 volume 1,Total 6 volume 1
0,1.2266054339042045e+17,1.4482305189776016e+17,6351323389472384.0,1.22219832432844e+16,2454851204125.1807,6400828675199.904,39049103984720.086,3541297090718761.5
