t(s),Total solute volume 1,Total retention volume 1,Total 1 volume 1,Total 2 volume 1,Total 3 volume 1,Total 4 volume 1,Total 5 volume 1,Total 6 volume 1
0,7.180129369195402e+16,1.1181729285985136e+17,6351323389472384.0,7154332371437873.0,23940837337837.9,96297924928679.98,472727300393585.94,2.5917377344326684e+16
