t(s),Total solute volume 1,Total retention volume 1,Total 1 volume 1,Total 2 volume 1,Total 3 volume 1,Total 4 volume 1,Total 5 volume 1,Total 6 volume 1
0,5.132271443883372e+17,1.2406847311991421e+18,1.5471077007747866e+17,4.797289871713226e+17,9995040877012.592,45170915936826.93,569490704421556.1,9.239317290076456e+16
