t(s),Total solute volume 1,Total retention volume 1,Total 1 volume 1,Total 2 volume 1,Total 3 volume 1,Total 4 volume 1,Total 5 volume 1,Total 6 volume 1
0,3.004256454956098e+17,1.6008411740267474e+18,1.5471077007747866e+17,2.8081807250400986e+17,97513387828818.39,680064396576888.9,6921806567447171.0,8.571873015977893e+17
