t(s),Total solute volume 1,Total retention volume 1,Total 1 volume 1,Total 2 volume 1,Total 3 volume 1,Total 4 volume 1,Total 5 volume 1,Total 6 volume 1
0,1.1562292854379274e+18,7.805229760587583e+18,9.470815640223638e+17,3.849586369903471e+18,1071744389750972.0,6572112189037763.0,1.065916038855672e+17,1.7380970807594913e+18
