t(s),Total solute volume 1,Total retention volume 1,Total 1 volume 1,Total 2 volume 1,Total 3 volume 1,Total 4 volume 1,Total 5 volume 1,Total 6 volume 1
0,6.768171426953814e+17,2.679214778601579e+19,9.470815640223639e+17,2.2534875290841032e+18,1.0457251286006904e+16,9.92441123073386e+16,1.38587597234197e+18,2.141918421427866e+19
