t(s),Total solute volume 1,Total retention volume 1,Total 1 volume 1,Total 2 volume 1,Total 3 volume 1,Total 4 volume 1,Total 5 volume 1,Total 6 volume 1
0,7.82153398870977e+16,1.7878955105341088e+17,7687035129498278.0,8909437720794750.0,65177763373264.05,270896911557615.1,1389596624159287.2,8.225206701693082e+16
