t(s),Total solute volume 1,Total retention volume 1,Total 1 volume 1,Total 2 volume 1,Total 3 volume 1,Total 4 volume 1,Total 5 volume 1,Total 6 volume 1
0,1.3361787230712443e+17,1.6790421042815286e+17,7687035129498279.0,1.522028754057002e+16,6685997077534.031,18016511793367.51,114840683272640.62,1.1239472258816444e+16
