t(s),Total solute volume 1,Total retention volume 1,Total 1 volume 1,Total 2 volume 1,Total 3 volume 1,Total 4 volume 1,Total 5 volume 1,Total 6 volume 1
0,2.1836778534678442e+17,3.6961696578017005e+17,2.2995109404381096e+16,5.36299248106901e+16,18537996421961.246,60339846063267.93,494672520740274.6,7.405059585508646e+16
