t(s),Total solute volume 1,Total retention volume 1,Total 1 volume 1,Total 2 volume 1,Total 3 volume 1,Total 4 volume 1,Total 5 volume 1,Total 6 volume 1
0,4.1904446013324595e+17,1.9011552406721024e+19,3.250257609819086e+17,6.591645730832125e+17,2664249074163008.5,2.1103341635948412e+16,2.5161982313328797e+17,1.7332930198679245e+19
