t(s),Total solute volume 1,Total retention volume 1,Total 1 volume 1,Total 2 volume 1,Total 3 volume 1,Total 4 volume 1,Total 5 volume 1,Total 6 volume 1
0,7.158676193942945e+17,3.7386759069256637e+18,3.250257609819086e+17,1.1260624170802307e+18,273125820596071.4,1401440619588413.0,2.051895526663343e+16,1.549526587762406e+18
