t(s),Total solute volume 1,Total retention volume 1,Total 1 volume 1,Total 2 volume 1,Total 3 volume 1,Total 4 volume 1,Total 5 volume 1,Total 6 volume 1
0,4.5495789518832886e+19,4.520232468367235e+22,1.0574109797244612e+22,3.4581088036988603e+22,4.631733557861125e+17,4.203950969370241e+17,2.8030882671221792e+17,4.6718264048469574e+17
