t(s),Total solute volume 1,Total retention volume 1,Total 1 volume 1,Total 2 volume 1,Total 3 volume 1,Total 4 volume 1,Total 5 volume 1,Total 6 volume 1
0,7.772197376133865e+19,5.045241439808662e+22,1.0574109797244612e+22,3.980048746435126e+22,2.7889756224140056e+16,1.6349898918121632e+16,1.3548336606510316e+16,3.737473777598894e+16
