t(s),Total solute volume 1,Total retention volume 1,Total 1 volume 1,Total 2 volume 1,Total 3 volume 1,Total 4 volume 1,Total 5 volume 1,Total 6 volume 1
0,3.563921568279588e+17,1.1473237129142793e+18,6.858169948084933e+16,1.8831811750643e+17,64198443677174.71,252253772178978.8,2654097019699728.5,5.310611898634899e+17
