t(s),Total solute volume 1,Total retention volume 1,Total 1 volume 1,Total 2 volume 1,Total 3 volume 1,Total 4 volume 1,Total 5 volume 1,Total 6 volume 1
0,2.0861979911880643e+17,4.5765713051429407e+18,6.858169948084933e+16,1.1023516579767e+17,626069478802306.8,3795071439916889.0,3.215680433392872e+16,4.152556695493005e+18
