t(s),Total solute volume 1,Total retention volume 1,Total 1 volume 1,Total 2 volume 1,Total 3 volume 1,Total 4 volume 1,Total 5 volume 1,Total 6 volume 1
0,2.3679368537431424e+18,8.485671860155859e+19,1.5476103569735987e+19,5.584790903245229e+19,1.1537489340051115e+17,1.369270447560464e+18,3.478951820333829e+18,6.201171984332118e+18
