t(s),Total solute volume 1,Total retention volume 1,Total 1 volume 1,Total 2 volume 1,Total 3 volume 1,Total 4 volume 1,Total 5 volume 1,Total 6 volume 1
0,4.0452254584778307e+18,1.1561174607385556e+20,1.547610356973599e+19,9.533228108352348e+19,1.1672827744135748e+16,7.75066364239527e+16,1.7282162058938666e+17,4.961348773610601e+17
