t(s),Total solute volume 1,Total retention volume 1,Total 1 volume 1,Total 2 volume 1,Total 3 volume 1,Total 4 volume 1,Total 5 volume 1,Total 6 volume 1
0,5.831083637207589e+19,3.810652402309003e+22,5.744900751039818e+21,3.230313354759354e+22,5.218096006926967e+16,3.0791123925564996e+16,2.551891071104665e+16,7.039708984901917e+16
