t(s),Total solute volume 1,Total retention volume 1,Total 1 volume 1,Total 2 volume 1,Total 3 volume 1,Total 4 volume 1,Total 5 volume 1,Total 6 volume 1
0,3.4133172510483444e+19,3.1502548990846147e+22,5.744900751039818e+21,2.57204529767919e+22,8.625369849461599e+17,7.916238708682889e+17,5.2797163679342266e+17,8.799580115431245e+17
