t(s),Total solute volume 1,Total retention volume 1,Total 1 volume 1,Total 2 volume 1,Total 3 volume 1,Total 4 volume 1,Total 5 volume 1,Total 6 volume 1
0,5.274852243967814e+16,8.233834058236654e+16,3192384722575143.5,3244736830869188.5,36038177021891.84,128698496876279.81,539495184452296.56,2.2448464730893812e+16
