t(s),Total solute volume 1,Total retention volume 1,Total 1 volume 1,Total 2 volume 1,Total 3 volume 1,Total 4 volume 1,Total 5 volume 1,Total 6 volume 1
0,9.011205916778291e+16,1.0197518105393162e+17,3192384722575143.5,5543091834178185.0,3699073198251.593,8566455774819.243,44617548287792.055,3070762252134055.0
