t(s),Total solute volume 1,Total retention volume 1,Total 1 volume 1,Total 2 volume 1,Total 3 volume 1,Total 4 volume 1,Total 5 volume 1,Total 6 volume 1
0,1.6839348350405472e+17,2.162603813199764e+17,1.2878448802488326e+16,2.7543198044355056e+16,2905552689905.2803,8557888032680.827,61416282553972.695,7372371245800278.0
