t(s),Total solute volume 1,Total retention volume 1,Total 1 volume 1,Total 2 volume 1,Total 3 volume 1,Total 4 volume 1,Total 5 volume 1,Total 6 volume 1
0,1.950956450790701e+17,2.5003049111999314e+18,5.905751296626006e+16,9.282918675798294e+16,353221718458538.7,2086783420150042.2,1.7088607984373542e+16,2.1337939532736412e+18
