t(s),Total solute volume 1,Total retention volume 1,Total 1 volume 1,Total 2 volume 1,Total 3 volume 1,Total 4 volume 1,Total 5 volume 1,Total 6 volume 1
0,3.332883936767457e+17,8.298937257442993e+17,5.905751296626006e+16,1.5858298787719715e+17,36215384029589.37,138682941988959.02,1410497567735547.2,2.7737943533034483e+17
