t(s),Total solute volume 1,Total retention volume 1,Total 1 volume 1,Total 2 volume 1,Total 3 volume 1,Total 4 volume 1,Total 5 volume 1,Total 6 volume 1
0,1.0446784147997133e+17,1.2077636130775792e+17,4439458008290587.5,8097793286123659.0,3430555176027.476,8409341031305.346,47248416814989.74,3712180220351004.0
