t(s),Total solute volume 1,Total retention volume 1,Total 1 volume 1,Total 2 volume 1,Total 3 volume 1,Total 4 volume 1,Total 5 volume 1,Total 6 volume 1
0,6.1151907207788056e+16,9.821481393561912e+16,4439458008290587.5,4740171994361016.0,33440820500506.887,126434743699589.45,571677320761806.0,2.7151723840217132e+16
