t(s),Total solute volume 1,Total retention volume 1,Total 1 volume 1,Total 2 volume 1,Total 3 volume 1,Total 4 volume 1,Total 5 volume 1,Total 6 volume 1
0,6.357639040862142e+16,8.859097115055714e+16,4841705944743442.0,5237103708245424.0,16725404892795.521,64199679692198.17,296096992524695.2,1.4558749011837044e+16
