t(s),Total solute volume 1,Total retention volume 1,Total 1 volume 1,Total 2 volume 1,Total 3 volume 1,Total 4 volume 1,Total 5 volume 1,Total 6 volume 1
0,1.0860966694806053e+17,1.244182323757165e+17,4841705944743442.0,8946718178722158.0,1714993782636.6628,4267292811338.5615,24458892792494.9,1989700124803819.5
