t(s),Total solute volume 1,Total retention volume 1,Total 1 volume 1,Total 2 volume 1,Total 3 volume 1,Total 4 volume 1,Total 5 volume 1,Total 6 volume 1
0,3.122399397307938e+17,7.189707558173896e+17,5.1059153534519e+16,1.3415637957682182e+17,31306504001020.41,116917001857051.22,1150393092220098.0,2.202166663771778e+17
