t(s),Total solute volume 1,Total retention volume 1,Total 1 volume 1,Total 2 volume 1,Total 3 volume 1,Total 4 volume 1,Total 5 volume 1,Total 6 volume 1
0,1.827745988668061e+17,2.001503169701788e+18,5.1059153534519e+16,7.853065002362187e+16,305338963702322.44,1759215454235167.0,1.3935014886530546e+16,1.673139197972374e+18
