t(s),Total solute volume 1,Total retention volume 1,Total 1 volume 1,Total 2 volume 1,Total 3 volume 1,Total 4 volume 1,Total 5 volume 1,Total 6 volume 1
0,1.1342546114652189e+19,1.4746763609283056e+21,1.542273968290348e+20,1.3085723532580815e+21,7.780330978873202e+16,1.0625591853751834e+17,9.306862611962694e+16,2.5693687209595008e+17
