t(s),Total solute volume 1,Total retention volume 1,Total 1 volume 1,Total 2 volume 1,Total 3 volume 1,Total 4 volume 1,Total 5 volume 1,Total 6 volume 1
0,6.639539189064714e+18,9.43844841373502e+20,1.542273968290348e+20,7.742999917924197e+20,9.116482023390568e+17,2.63016691797228e+18,1.9244358031460547e+18,3.2116626395317775e+18
