t(s),Total solute volume 1,Total retention volume 1,Total 1 volume 1,Total 2 volume 1,Total 3 volume 1,Total 4 volume 1,Total 5 volume 1,Total 6 volume 1
0,1.1300816793349946e+17,1.3552462782977875e+17,5290051337496820.0,9905407456456888.0,5791933992020.854,14633492806031.34,85599526471276.81,7214976149055864.0
