t(s),Total solute volume 1,Total retention volume 1,Total 1 volume 1,Total 2 volume 1,Total 3 volume 1,Total 4 volume 1,Total 5 volume 1,Total 6 volume 1
0,6.615112269277926e+16,1.3131754479649086e+17,5290051337496820.0,5798287762430659.0,56443360114142.79,219929703151511.72,1035365768097612.8,5.276634417241937e+16
