t(s),Total solute volume 1,Total retention volume 1,Total 1 volume 1,Total 2 volume 1,Total 3 volume 1,Total 4 volume 1,Total 5 volume 1,Total 6 volume 1
0,2.1836778534678442e+17,4.1438887612816064e+17,2.2995109404381096e+16,5.36299248106901e+16,29660174742319.617,96542046137028.72,791461051191230.1,1.1847839329423469e+17
