t(s),Total solute volume 1,Total retention volume 1,Total 1 volume 1,Total 2 volume 1,Total 3 volume 1,Total 4 volume 1,Total 5 volume 1,Total 6 volume 1
0,1.2782504508104443e+17,1.0663369810605325e+18,2.2995109404381096e+16,3.1393140520667656e+16,289130093298743.1,1451559335275270.8,9577578243493542.0,8.728054183823781e+17
