t(s),Total solute volume 1,Total retention volume 1,Total 1 volume 1,Total 2 volume 1,Total 3 volume 1,Total 4 volume 1,Total 5 volume 1,Total 6 volume 1
0,8.591862577826981e+17,5.3989928611054e+18,4.883330109832728e+17,1.7979335094057503e+18,599890125068237.0,3297618214971851.5,5.1497418182385544e+16,2.198145156411262e+18
