t(s),Total solute volume 1,Total retention volume 1,Total 1 volume 1,Total 2 volume 1,Total 3 volume 1,Total 4 volume 1,Total 5 volume 1,Total 6 volume 1
0,1.772257703331625e+18,5.326970129070102e+19,8.108748995498784e+18,2.6581741941542703e+19,8.396059872688152e+16,1.0398131949075336e+18,5.194158081753334e+18,1.0489020774940152e+19
