t(s),Total solute volume 1,Total retention volume 1,Total 1 volume 1,Total 2 volume 1,Total 3 volume 1,Total 4 volume 1,Total 5 volume 1,Total 6 volume 1
0,3.027606909858182e+18,5.771261055385712e+19,8.108748995498785e+18,4.539357696078196e+19,8558342776655807.0,6.4090970171366664e+16,2.7071677595331094e+17,8.393115988167566e+17
