t(s),Total solute volume 1,Total retention volume 1,Total 1 volume 1,Total 2 volume 1,Total 3 volume 1,Total 4 volume 1,Total 5 volume 1,Total 6 volume 1
0,5.467373305480017e+16,8.099223661560342e+16,3458157710870755.5,3557120067332162.0,28208937066901.477,102152603823386.05,436123543329239.0,1.8736740698381304e+16
