t(s),Total solute volume 1,Total retention volume 1,Total 1 volume 1,Total 2 volume 1,Total 3 volume 1,Total 4 volume 1,Total 5 volume 1,Total 6 volume 1
0,9.340096063528438e+16,1.0554380369704253e+17,3458157710870755.0,6076746478966877.0,2894259091038.5825,6795659027580.086,36051225755600.73,2562197728045804.5
