t(s),Total solute volume 1,Total retention volume 1,Total 1 volume 1,Total 2 volume 1,Total 3 volume 1,Total 4 volume 1,Total 5 volume 1,Total 6 volume 1
0,7.158676193942945e+17,4.524517124710967e+18,3.250257609819086e+17,1.1260624170802307e+18,409685560936626.0,2102147156192662.5,3.0778217078360656e+16,2.32427127745904e+18
