t(s),Total solute volume 1,Total retention volume 1,Total 1 volume 1,Total 2 volume 1,Total 3 volume 1,Total 4 volume 1,Total 5 volume 1,Total 6 volume 1
0,4.1904446013324595e+17,2.7813258743856435e+19,3.250257609819086e+17,6.591645730832125e+17,3995885539026401.5,3.1649848371283276e+16,3.773771890592187e+17,2.599700102668853e+19
