t(s),Total solute volume 1,Total retention volume 1,Total 1 volume 1,Total 2 volume 1,Total 3 volume 1,Total 4 volume 1,Total 5 volume 1,Total 6 volume 1
0,6.110165178850669e+17,2.747237437051323e+19,7.538773491030418e+17,1.7336694297627313e+18,8560836931192774.0,7.821447369074531e+16,1.0712233689968453e+18,2.321581239414365e+19
