t(s),Total solute volume 1,Total retention volume 1,Total 1 volume 1,Total 2 volume 1,Total 3 volume 1,Total 4 volume 1,Total 5 volume 1,Total 6 volume 1
0,1.0438198847203212e+18,6.749340464785066e+18,7.538773491030418e+17,2.961613368357028e+18,877481137188346.4,5184901093962215.0,8.413713466228474e+16,1.8998303457112474e+18
