t(s),Total solute volume 1,Total retention volume 1,Total 1 volume 1,Total 2 volume 1,Total 3 volume 1,Total 4 volume 1,Total 5 volume 1,Total 6 volume 1
0,1.4340238840712154e+18,1.0764670228725408e+19,1.531053857194819e+18,6.685981104100382e+18,1138256250769472.2,7521170562172911.0,1.1323595505251856e+17,9.917160014934944e+17
