t(s),Total solute volume 1,Total retention volume 1,Total 1 volume 1,Total 2 volume 1,Total 3 volume 1,Total 4 volume 1,Total 5 volume 1,Total 6 volume 1
0,8.394286150660815e+17,2.031660836525261e+19,1.531053857194819e+18,3.913959566691929e+18,1.111057053457455e+16,1.140050152648986e+17,1.5754668569940613e+18,1.2331583883506268e+19
