t(s),Total solute volume 1,Total retention volume 1,Total 1 volume 1,Total 2 volume 1,Total 3 volume 1,Total 4 volume 1,Total 5 volume 1,Total 6 volume 1
0,6.357639040862142e+16,8.180311286937414e+16,4841705944743442.0,5237103708245424.0,9124601374955.475,35026484249433.633,161540815223058.03,7942220906916820.0
