t(s),Total solute volume 1,Total retention volume 1,Total 1 volume 1,Total 2 volume 1,Total 3 volume 1,Total 4 volume 1,Total 5 volume 1,Total 6 volume 1
0,1.0056372927748115e+17,1.1738107481184213e+17,4077840541915392.0,7344347682422831.0,5251241700681.219,12685288450423.518,69894482733479.51,5307326297136866.0
