t(s),Total solute volume 1,Total retention volume 1,Total 1 volume 1,Total 2 volume 1,Total 3 volume 1,Total 4 volume 1,Total 5 volume 1,Total 6 volume 1
0,1.2852690019555497e+18,8.748203499427614e+18,1.1991975012111887e+18,5.049221861376426e+18,930479719615965.8,5923368851563343.0,9.396585627367202e+16,1.1136954300395587e+18
