t(s),Total solute volume 1,Total retention volume 1,Total 1 volume 1,Total 2 volume 1,Total 3 volume 1,Total 4 volume 1,Total 5 volume 1,Total 6 volume 1
0,9.566309649021271e+17,5.090130175521761e+18,6.205788698891987e+17,2.368112616809924e+18,401277797627958.94,2296048540001469.0,3.681533843767938e+16,1.105295059145217e+18
