t(s),Total solute volume 1,Total retention volume 1,Total 1 volume 1,Total 2 volume 1,Total 3 volume 1,Total 4 volume 1,Total 5 volume 1,Total 6 volume 1
0,4.0983010737537254e+17,1.7599563046264883e+18,9.36616297076456e+16,2.6944503277455203e+17,105843904694519.73,438811545649982.25,4952836130522703.0,9.815220431880571e+17
