t(s),Total solute volume 1,Total retention volume 1,Total 1 volume 1,Total 2 volume 1,Total 3 volume 1,Total 4 volume 1,Total 5 volume 1,Total 6 volume 1
0,2.399005506587524e+17,8.618579446525977e+18,9.36616297076456e+16,1.5772427002204848e+17,1032165614441780.9,6601693806815762.0,6.004333746241829e+16,8.059615799253883e+18
