t(s),Total solute volume 1,Total retention volume 1,Total 1 volume 1,Total 2 volume 1,Total 3 volume 1,Total 4 volume 1,Total 5 volume 1,Total 6 volume 1
0,2.7620042352160896e+18,1.1942918490545095e+20,2.1816306119850037e+19,8.283158743020675e+19,1.8110075220978982e+17,1.97920495786292e+18,3.6103338816883656e+18,6.248647528416846e+18
