t(s),Total solute volume 1,Total retention volume 1,Total 1 volume 1,Total 2 volume 1,Total 3 volume 1,Total 4 volume 1,Total 5 volume 1,Total 6 volume 1
0,8.405294887353384e+16,9.398675668017952e+16,2733248773475387.0,4637024230775944.0,3430451659157.8203,7734524867823.152,38871941810786.37,2513497884056471.0
