t(s),Total solute volume 1,Total retention volume 1,Total 1 volume 1,Total 2 volume 1,Total 3 volume 1,Total 4 volume 1,Total 5 volume 1,Total 6 volume 1
0,4.920172616987362e+16,7.364028304917835e+16,2733248773475387.0,2714355750467661.0,33414669183411.242,116169178715341.84,469916360684832.9,1.8371452146778532e+16
