t(s),Total solute volume 1,Total retention volume 1,Total 1 volume 1,Total 2 volume 1,Total 3 volume 1,Total 4 volume 1,Total 5 volume 1,Total 6 volume 1
0,8.70000992795148e+16,9.622470025668013e+16,2951661998355005.5,5065423436879563.0,1520032396897.0964,3472860119160.827,17765048313451.703,1184757601101217.0
