t(s),Total solute volume 1,Total retention volume 1,Total 1 volume 1,Total 2 volume 1,Total 3 volume 1,Total 4 volume 1,Total 5 volume 1,Total 6 volume 1
0,5.092688738313051e+16,6.5791446402296104e+16,2951661998355005.5,2965126037401479.5,14820149576561.861,52228911988418.47,214995423806292.94,8665726498038011.0
