t(s),Total solute volume 1,Total retention volume 1,Total 1 volume 1,Total 2 volume 1,Total 3 volume 1,Total 4 volume 1,Total 5 volume 1,Total 6 volume 1
0,4.0452254584778307e+18,1.1497996653360973e+20,1.5476103569735987e+19,9.533228108352348e+19,1945477993964344.0,1.2917810426575576e+16,2.8803693372044736e+16,8.268944008018424e+16
