t(s),Total solute volume 1,Total retention volume 1,Total 1 volume 1,Total 2 volume 1,Total 3 volume 1,Total 4 volume 1,Total 5 volume 1,Total 6 volume 1
0,2.3679368537431424e+18,7.555284037320966e+19,1.5476103569735985e+19,5.584790903245229e+19,1.9230195029717744e+16,2.2822832750150803e+17,5.798612640282904e+17,1.0335711307185555e+18
