t(s),Total solute volume 1,Total retention volume 1,Total 1 volume 1,Total 2 volume 1,Total 3 volume 1,Total 4 volume 1,Total 5 volume 1,Total 6 volume 1
0,8.516285748348854e+19,8.217063133784616e+22,3.579686312483719e+22,4.628721412782856e+22,3.9710922942807706e+17,3.5787764696747674e+17,2.3859005596375363e+17,3.9765076450343674e+17
