t(s),Total solute volume 1,Total retention volume 1,Total 1 volume 1,Total 2 volume 1,Total 3 volume 1,Total 4 volume 1,Total 5 volume 1,Total 6 volume 1
0,9.566309649021271e+17,5.433568044161613e+18,6.205788698891987e+17,2.368112616809924e+18,521659623144079.3,2984855767596202.0,4.785981410752277e+16,1.4368792630621064e+18
