t(s),Total solute volume 1,Total retention volume 1,Total 1 volume 1,Total 2 volume 1,Total 3 volume 1,Total 4 volume 1,Total 5 volume 1,Total 6 volume 1
0,5.599791014061281e+17,2.0589053668910076e+19,6.205788698891987e+17,1.3862391755847913e+18,5089388580807515.0,4.500176881260658e+16,6.013216808937124e+17,1.7370843683742814e+19
