t(s),Total solute volume 1,Total retention volume 1,Total 1 volume 1,Total 2 volume 1,Total 3 volume 1,Total 4 volume 1,Total 5 volume 1,Total 6 volume 1
0,2.781149916601816e+17,1.2460475961406181e+19,1.3024520054842829e+17,2.3040703518610144e+17,1353798824582715.2,9164786198603784.0,8.977894395917411e+16,1.1721411205029126e+19
