t(s),Total solute volume 1,Total retention volume 1,Total 1 volume 1,Total 2 volume 1,Total 3 volume 1,Total 4 volume 1,Total 5 volume 1,Total 6 volume 1
0,4.751131107528108e+17,2.331182576525217e+18,1.3024520054842829e+17,3.9361074833054605e+17,138815066452276.31,609077735050764.9,7396485064992012.0,1.324069139026926e+18
