t(s),Total solute volume 1,Total retention volume 1,Total 1 volume 1,Total 2 volume 1,Total 3 volume 1,Total 4 volume 1,Total 5 volume 1,Total 6 volume 1
0,1.950956450790701e+17,1.8204170944821082e+18,5.905751296626006e+16,9.282918675798294e+16,241701569329794.12,1427985049395970.8,1.1693504342051022e+16,1.460071558718028e+18
