t(s),Total solute volume 1,Total retention volume 1,Total 1 volume 1,Total 2 volume 1,Total 3 volume 1,Total 4 volume 1,Total 5 volume 1,Total 6 volume 1
0,3.332883936767457e+17,7.418007865160333e+17,5.905751296626006e+16,1.5858298787719715e+17,24779099928838.992,94888824727154.38,965082682135721.8,1.897871413890375e+17
