t(s),Total solute volume 1,Total retention volume 1,Total 1 volume 1,Total 2 volume 1,Total 3 volume 1,Total 4 volume 1,Total 5 volume 1,Total 6 volume 1
0,6.8888290702006904e+16,8.48571669823935e+16,5790815030907821.0,6433524569071775.0,3638899749897.3716,14407145678476.006,69234212298587.29,3657256422679650.5
