t(s),Total solute volume 1,Total retention volume 1,Total 1 volume 1,Total 2 volume 1,Total 3 volume 1,Total 4 volume 1,Total 5 volume 1,Total 6 volume 1
0,1.1768416328259624e+17,1.3497227856920275e+17,5790815030907821.0,1.0990603481902652e+16,373010992407.72845,957223740804.6599,5716982248230.961,499649556814238.5
