t(s),Total solute volume 1,Total retention volume 1,Total 1 volume 1,Total 2 volume 1,Total 3 volume 1,Total 4 volume 1,Total 5 volume 1,Total 6 volume 1
0,1.3860424099942965e+19,2.405771584437686e+21,2.4107704894684447e+20,2.1505892778574825e+21,4.592086408312692e+16,4.728690407591455e+16,4.032956970050639e+16,1.1129619553588926e+17
