t(s),Total solute volume 1,Total retention volume 1,Total 1 volume 1,Total 2 volume 1,Total 3 volume 1,Total 4 volume 1,Total 5 volume 1,Total 6 volume 1
0,8.113418985332498e+18,1.5346623358189476e+21,2.4107704894684443e+20,1.281474549652156e+21,5.803961258242313e+17,1.191586641135973e+18,8.34180750577513e+17,1.3911547170825546e+18
