t(s),Total solute volume 1,Total retention volume 1,Total 1 volume 1,Total 2 volume 1,Total 3 volume 1,Total 4 volume 1,Total 5 volume 1,Total 6 volume 1
0,4.0452254584778307e+18,1.157065126277237e+20,1.5476103569735987e+19,9.533228108352348e+19,1.3131924425113612e+16,8.719492781669618e+16,1.944242320951834e+17,5.5815143164959066e+17
