t(s),Total solute volume 1,Total retention volume 1,Total 1 volume 1,Total 2 volume 1,Total 3 volume 1,Total 4 volume 1,Total 5 volume 1,Total 6 volume 1
0,2.3679368537431424e+18,8.625221754316215e+19,1.547610356973599e+19,5.584790903245229e+19,1.297956959355869e+17,1.5404124613396641e+18,3.913784390361371e+18,6.976275539593878e+18
