t(s),Total solute volume 1,Total retention volume 1,Total 1 volume 1,Total 2 volume 1,Total 3 volume 1,Total 4 volume 1,Total 5 volume 1,Total 6 volume 1
0,1.0438198847203212e+18,6.694062761637991e+18,7.538773491030418e+17,2.961613368357028e+18,853107048773110.4,5040878003008613.0,8.180002571511842e+16,1.8470581486906988e+18
