t(s),Total solute volume 1,Total retention volume 1,Total 1 volume 1,Total 2 volume 1,Total 3 volume 1,Total 4 volume 1,Total 5 volume 1,Total 6 volume 1
0,7.523525865105635e+17,1.9432692024956867e+19,1.1991975012111887e+18,2.955764414391274e+18,8702422754674380.0,8.58570598123451e+16,1.2053412412230226e+18,1.3225476799053806e+19
