t(s),Total solute volume 1,Total retention volume 1,Total 1 volume 1,Total 2 volume 1,Total 3 volume 1,Total 4 volume 1,Total 5 volume 1,Total 6 volume 1
0,1.2852690019555497e+18,8.697599168677936e+18,1.1991975012111887e+18,5.049221861376426e+18,891710080384534.2,5676563697833519.0,9.005064421029232e+16,1.0672918861462244e+18
