t(s),Total solute volume 1,Total retention volume 1,Total 1 volume 1,Total 2 volume 1,Total 3 volume 1,Total 4 volume 1,Total 5 volume 1,Total 6 volume 1
0,2.7620042352160896e+18,1.2120968979168587e+20,2.1816306119850037e+19,8.283158743020675e+19,2.0792846706639034e+17,2.272390924979695e+18,4.145152112391224e+18,7.174320501975486e+18
