t(s),Total solute volume 1,Total retention volume 1,Total 1 volume 1,Total 2 volume 1,Total 3 volume 1,Total 4 volume 1,Total 5 volume 1,Total 6 volume 1
0,4.718423901827473e+18,1.68793948474533e+20,2.1816306119850037e+19,1.413400008682567e+20,2.088542663915117e+16,1.2085412908692307e+17,2.0349182346063082e+17,5.73986205412605e+17
