t(s),Total solute volume 1,Total retention volume 1,Total 1 volume 1,Total 2 volume 1,Total 3 volume 1,Total 4 volume 1,Total 5 volume 1,Total 6 volume 1
0,7.82153398870977e+16,2.067581384214564e+17,7687035129498279.0,8909437720794750.0,86879267482183.12,361060357086826.0,1852202138695437.0,1.0964618392080254e+17
