t(s),Total solute volume 1,Total retention volume 1,Total 1 volume 1,Total 2 volume 1,Total 3 volume 1,Total 4 volume 1,Total 5 volume 1,Total 6 volume 1
0,1.3361787230712443e+17,1.7169693643164848e+17,7687035129498279.0,1.522028754057002e+16,8914503970567.135,24021653376417.777,153118439137699.22,1.4985686857971352e+16
