t(s),Total solute volume 1,Total retention volume 1,Total 1 volume 1,Total 2 volume 1,Total 3 volume 1,Total 4 volume 1,Total 5 volume 1,Total 6 volume 1
0,1.0446784147997133e+17,1.1951932081709306e+17,4439458008290587.5,8097793286123659.0,2287079975273.1455,5606317006930.843,31499483641960.082,2474835162084226.0
