t(s),Total solute volume 1,Total retention volume 1,Total 1 volume 1,Total 2 volume 1,Total 3 volume 1,Total 4 volume 1,Total 5 volume 1,Total 6 volume 1
0,6.1151907207788056e+16,8.892462593298178e+16,4439458008290587.5,4740171994361016.0,22300524392358.254,84323381422297.12,381247685917122.56,1.8105217130810748e+16
