t(s),Total solute volume 1,Total retention volume 1,Total 1 volume 1,Total 2 volume 1,Total 3 volume 1,Total 4 volume 1,Total 5 volume 1,Total 6 volume 1
0,8.125946973719792e+16,8.982595211712088e+16,2534742031225782.5,4252075647885005.0,2528608372302.1772,5627517703772.799,27796664210569.03,1743711910525456.5
