t(s),Total solute volume 1,Total retention volume 1,Total 1 volume 1,Total 2 volume 1,Total 3 volume 1,Total 4 volume 1,Total 5 volume 1,Total 6 volume 1
0,4.7566518870554744e+16,6.578322602431398e+16,2534742031225782.5,2489019978208205.5,24637435557085.984,84556961636720.2,336143583788805.1,1.2747607163342044e+16
