t(s),Total solute volume 1,Total retention volume 1,Total 1 volume 1,Total 2 volume 1,Total 3 volume 1,Total 4 volume 1,Total 5 volume 1,Total 6 volume 1
0,3.434508319345575e+19,1.7657090777804003e+22,1.8076337742290045e+21,1.581487631351659e+22,6.66641476848373e+16,4.1017781805866664e+16,3.4034805104948044e+16,9.389013033870494e+16
