t(s),Total solute volume 1,Total retention volume 1,Total 1 volume 1,Total 2 volume 1,Total 3 volume 1,Total 4 volume 1,Total 5 volume 1,Total 6 volume 1
0,2.0104438942510703e+19,1.2468253134505413e+22,1.8076337742290045e+21,1.0636512866415753e+22,1.0706333130922605e+18,1.0536514269582373e+18,7.041535322765348e+17,1.1736166457566912e+18
