t(s),Total solute volume 1,Total retention volume 1,Total 1 volume 1,Total 2 volume 1,Total 3 volume 1,Total 4 volume 1,Total 5 volume 1,Total 6 volume 1
0,4.566829557989454e+18,3.844303741559504e+20,6.696388307350977e+19,2.9943637271575534e+20,6.567178712840675e+17,3.7829647869659674e+18,3.3720857288969856e+18,5.651520421550026e+18
