t(s),Total solute volume 1,Total retention volume 1,Total 1 volume 1,Total 2 volume 1,Total 3 volume 1,Total 4 volume 1,Total 5 volume 1,Total 6 volume 1
0,7.801667161565198e+18,5.850088026417859e+20,6.696388307350977e+19,5.094009276905077e+20,6.219778734524993e+16,1.6461558884435206e+17,1.633693526391691e+17,4.5214198737542483e+17
