t(s),Total solute volume 1,Total retention volume 1,Total 1 volume 1,Total 2 volume 1,Total 3 volume 1,Total 4 volume 1,Total 5 volume 1,Total 6 volume 1
0,4.408003339419685e+17,2.069793985383782e+18,1.1018915844204802e+17,3.247827274525352e+17,124538805404238.56,530954225399273.75,6214056548700464.0,1.187152215967732e+18
