t(s),Total solute volume 1,Total retention volume 1,Total 1 volume 1,Total 2 volume 1,Total 3 volume 1,Total 4 volume 1,Total 5 volume 1,Total 6 volume 1
0,2.5802946377090512e+17,1.0730355680373651e+19,1.1018915844204802e+17,1.9011722470774906e+17,1214506922908676.8,7988433028410870.0,7.53720998451226e+16,1.008744479365649e+19
