t(s),Total solute volume 1,Total retention volume 1,Total 1 volume 1,Total 2 volume 1,Total 3 volume 1,Total 4 volume 1,Total 5 volume 1,Total 6 volume 1
0,7.772197376133865e+19,5.045240170972598e+22,1.0574109797244612e+22,3.980048746435125e+22,2.417112306468737e+16,1.416991289398203e+16,1.174189216753991e+16,3.2391440797376044e+16
