t(s),Total solute volume 1,Total retention volume 1,Total 1 volume 1,Total 2 volume 1,Total 3 volume 1,Total 4 volume 1,Total 5 volume 1,Total 6 volume 1
0,4.5495789518832886e+19,4.52021072099804e+22,1.0574109797244612e+22,3.4581088036988603e+22,4.0141717155484896e+17,3.643427364968847e+17,2.429344980752263e+17,4.0489182192105664e+17
