t(s),Total solute volume 1,Total retention volume 1,Total 1 volume 1,Total 2 volume 1,Total 3 volume 1,Total 4 volume 1,Total 5 volume 1,Total 6 volume 1
0,6.561971943550011e+17,4.071899003639986e+18,2.6766928604882394e+17,9.008356262596815e+17,328693883627241.7,1631682753785761.5,2.3036999177852076e+16,2.2221995211612227e+18
