t(s),Total solute volume 1,Total retention volume 1,Total 1 volume 1,Total 2 volume 1,Total 3 volume 1,Total 4 volume 1,Total 5 volume 1,Total 6 volume 1
0,3.841154308419529e+17,2.53581507844515e+19,2.6766928604882394e+17,5.273223096638238e+17,3205830064713784.5,2.4561705809338024e+16,2.8145424501167693e+17,2.386982197701117e+19
