t(s),Total solute volume 1,Total retention volume 1,Total 1 volume 1,Total 2 volume 1,Total 3 volume 1,Total 4 volume 1,Total 5 volume 1,Total 6 volume 1
0,2.0426316755341617e+18,5.823765557245425e+19,1.1130180818752053e+19,3.82466985051091e+19,4.8707841783715016e+16,5.997735396591967e+17,2.1489413792544973e+18,4.0207218123610317e+18
