t(s),Total solute volume 1,Total retention volume 1,Total 1 volume 1,Total 2 volume 1,Total 3 volume 1,Total 4 volume 1,Total 5 volume 1,Total 6 volume 1
0,8.175062817381762e+16,1.670488085091183e+17,8483748054658170.0,9978813516605722.0,47974019504102.83,202832860300615.94,1064244179874083.8,6.552056770435838e+16
