t(s),Total solute volume 1,Total retention volume 1,Total 1 volume 1,Total 2 volume 1,Total 3 volume 1,Total 4 volume 1,Total 5 volume 1,Total 6 volume 1
0,1.3965732313027035e+17,1.7424434906523414e+17,8483748054658170.0,1.7047137375161364e+16,4919844083263.704,13484614721745.67,87923765446546.1,8949812280891736.0
