t(s),Total solute volume 1,Total retention volume 1,Total 1 volume 1,Total 2 volume 1,Total 3 volume 1,Total 4 volume 1,Total 5 volume 1,Total 6 volume 1
0,1.9607015664959024e+17,2.665404603212123e+17,1.8083672627208548e+16,4.068797579280357e+16,3498171722512.947,10924290897769.232,84754557603977.97,1.1599478231388366e+16
