t(s),Total solute volume 1,Total retention volume 1,Total 1 volume 1,Total 2 volume 1,Total 3 volume 1,Total 4 volume 1,Total 5 volume 1,Total 6 volume 1
0,1.1477277462414928e+17,2.4314320437220074e+17,1.8083672627208548e+16,2.3817359628092044e+16,34124010828875.582,164406849337066.62,1026397490403423.1,8.52444691421804e+16
