t(s),Total solute volume 1,Total retention volume 1,Total 1 volume 1,Total 2 volume 1,Total 3 volume 1,Total 4 volume 1,Total 5 volume 1,Total 6 volume 1
0,1.2104370031327629e+17,6.672078471124497e+17,2.036220404915564e+16,2.7298126560537492e+16,179240508404287.94,881268811199472.9,5654352890681009.0,4.917889539791918e+17
