t(s),Total solute volume 1,Total retention volume 1,Total 1 volume 1,Total 2 volume 1,Total 3 volume 1,Total 4 volume 1,Total 5 volume 1,Total 6 volume 1
0,1.0575407049402066e+18,3.0873606570017554e+19,2.563088576888768e+18,7.076244436375885e+18,2.829206471155608e+16,3.138528707233995e+17,3.7972189730507136e+18,1.6037368943326978e+19
