t(s),Total solute volume 1,Total retention volume 1,Total 1 volume 1,Total 2 volume 1,Total 3 volume 1,Total 4 volume 1,Total 5 volume 1,Total 6 volume 1
0,1.806632037606207e+18,1.8011216954365348e+19,2.563088576888768e+18,1.2087386361672243e+19,2896792325594592.0,2.054032818035731e+16,2.4530532225748256e+17,1.2853675354347203e+18
