t(s),Total solute volume 1,Total retention volume 1,Total 1 volume 1,Total 2 volume 1,Total 3 volume 1,Total 4 volume 1,Total 5 volume 1,Total 6 volume 1
0,1.0056372927748115e+17,1.1239059179566931e+17,4077840541915392.0,7344347682422831.0,393878479451.34125,951468947251.4985,5242512629331.411,398086433794125.75
