t(s),Total solute volume 1,Total retention volume 1,Total 1 volume 1,Total 2 volume 1,Total 3 volume 1,Total 4 volume 1,Total 5 volume 1,Total 6 volume 1
0,5.88665732355986e+16,7.0238338771522264e+16,4077840541915392.0,4299130609532136.5,3842304256551.4478,14319667240368.957,63484701014112.41,2913147711964977.0
