t(s),Total solute volume 1,Total retention volume 1,Total 1 volume 1,Total 2 volume 1,Total 3 volume 1,Total 4 volume 1,Total 5 volume 1,Total 6 volume 1
0,6.8888290702006904e+16,1.0544512365754723e+17,5790815030907821.0,6433524569071775.0,23643946889992.965,93599371778253.08,449829320561119.1,2.376542071633032e+16
