t(s),Total solute volume 1,Total retention volume 1,Total 1 volume 1,Total 2 volume 1,Total 3 volume 1,Total 4 volume 1,Total 5 volume 1,Total 6 volume 1
0,1.1768416328259624e+17,1.3775902972728485e+17,5790815030907821.0,1.0990603481902652e+16,2424513637414.022,6221828686606.954,37159581602193.97,3247642007953420.5
