t(s),Total solute volume 1,Total retention volume 1,Total 1 volume 1,Total 2 volume 1,Total 3 volume 1,Total 4 volume 1,Total 5 volume 1,Total 6 volume 1
0,1.1999214403838232e+20,1.1034916709296377e+23,6.1524972335763196e+22,4.870349495676083e+22,2.0211631361457206e+17,1.8199357982615616e+17,1.2132987658983482e+17,2.0221663104766432e+17
