t(s),Total solute volume 1,Total retention volume 1,Total 1 volume 1,Total 2 volume 1,Total 3 volume 1,Total 4 volume 1,Total 5 volume 1,Total 6 volume 1
0,2.0498657939890205e+20,1.1119344532932586e+23,6.1524972335763196e+22,4.946344516545733e+22,1.2129495344494028e+16,7077566170186023.0,5864290929251342.0,1.6177354190665552e+16
