t(s),Total solute volume 1,Total retention volume 1,Total 1 volume 1,Total 2 volume 1,Total 3 volume 1,Total 4 volume 1,Total 5 volume 1,Total 6 volume 1
0,1.1999214403838232e+20,1.1034949370255303e+23,6.1524972335763196e+22,4.870349495676083e+22,2.954004758422327e+17,2.65990267566857e+17,1.773280825679591e+17,2.9554716492112474e+17
