t(s),Total solute volume 1,Total retention volume 1,Total 1 volume 1,Total 2 volume 1,Total 3 volume 1,Total 4 volume 1,Total 5 volume 1,Total 6 volume 1
0,4.751131107528108e+17,1.4430482927543104e+18,1.3024520054842829e+17,3.9361074833054605e+17,46272501377855.62,203028930661853.6,2465534258395808.0,4.4136439743208634e+17
