t(s),Total solute volume 1,Total retention volume 1,Total 1 volume 1,Total 2 volume 1,Total 3 volume 1,Total 4 volume 1,Total 5 volume 1,Total 6 volume 1
0,2.781149916601816e+17,4.5801642491894513e+18,1.3024520054842829e+17,2.3040703518610144e+17,451391382681438.4,3056060139137581.0,2.993577269513148e+16,3.9079537975777935e+18
