t(s),Total solute volume 1,Total retention volume 1,Total 1 volume 1,Total 2 volume 1,Total 3 volume 1,Total 4 volume 1,Total 5 volume 1,Total 6 volume 1
0,2.600924566469286e+19,2.041324217555709e+22,3.1834588077439205e+21,1.7201685979806866e+22,5.781851135956911e+17,5.432214812624647e+17,3.6252378353479834e+17,6.042119635241207e+17
