t(s),Total solute volume 1,Total retention volume 1,Total 1 volume 1,Total 2 volume 1,Total 3 volume 1,Total 4 volume 1,Total 5 volume 1,Total 6 volume 1
0,4.443246134384989e+19,2.6909240018309598e+22,3.1834588077439205e+21,2.3681226433136985e+22,3.53221685917166e+16,2.1134593700753828e+16,1.7522153718659566e+16,4.8337168754013256e+16
