t(s),Total solute volume 1,Total retention volume 1,Total 1 volume 1,Total 2 volume 1,Total 3 volume 1,Total 4 volume 1,Total 5 volume 1,Total 6 volume 1
0,7.772197376133865e+19,5.04524841840516e+22,1.0574109797244612e+22,3.980048746435127e+22,4.834223308042006e+16,2.8339819310370012e+16,2.3483778590410636e+16,6.478286350500809e+16
