t(s),Total solute volume 1,Total retention volume 1,Total 1 volume 1,Total 2 volume 1,Total 3 volume 1,Total 4 volume 1,Total 5 volume 1,Total 6 volume 1
0,4.5495789518832886e+19,4.520352078367487e+22,1.0574109797244612e+22,3.4581088036988603e+22,8.028309214325048e+17,7.286813240447163e+17,4.85866635473216e+17,8.09781041669722e+17
