t(s),Total solute volume 1,Total retention volume 1,Total 1 volume 1,Total 2 volume 1,Total 3 volume 1,Total 4 volume 1,Total 5 volume 1,Total 6 volume 1
0,4.408003339419685e+17,1.830995453623875e+18,1.1018915844204802e+17,3.247827274525352e+17,99631631691068.9,424765500786891.7,4971271799049648.0,9.497275648557981e+17
