t(s),Total solute volume 1,Total retention volume 1,Total 1 volume 1,Total 2 volume 1,Total 3 volume 1,Total 4 volume 1,Total 5 volume 1,Total 6 volume 1
0,6.1674638455494386e+19,6.141109308169051e+22,1.961934451448198e+22,4.172998634441791e+22,2.496155731453627e+16,2.2543352358669096e+16,1.5029781298332648e+16,2.504964429866578e+16
