t(s),Total solute volume 1,Total retention volume 1,Total 1 volume 1,Total 2 volume 1,Total 3 volume 1,Total 4 volume 1,Total 5 volume 1,Total 6 volume 1
0,1.806632037606207e+18,1.7256367752592775e+19,2.563088576888768e+18,1.2087386361672243e+19,1489786680238236.2,1.0563644002432352e+16,1.2615761916165152e+17,6.610497265812692e+17
