t(s),Total solute volume 1,Total retention volume 1,Total 1 volume 1,Total 2 volume 1,Total 3 volume 1,Total 4 volume 1,Total 5 volume 1,Total 6 volume 1
0,7.831248687372006e+17,4.349590209097183e+18,3.971127163555371e+17,1.417606166617462e+18,372252377357228.3,1976119938090024.5,2.9938325781120016e+16,1.719459759290406e+18
