t(s),Total solute volume 1,Total retention volume 1,Total 1 volume 1,Total 2 volume 1,Total 3 volume 1,Total 4 volume 1,Total 5 volume 1,Total 6 volume 1
0,4.584145573095851e+17,2.19619943715651e+19,3.971127163555371e+17,8.29827887724081e+17,3631246097721938.5,2.9764035122707188e+16,3.689887523734576e+17,1.9874255176582025e+19
