t(s),Total solute volume 1,Total retention volume 1,Total 1 volume 1,Total 2 volume 1,Total 3 volume 1,Total 4 volume 1,Total 5 volume 1,Total 6 volume 1
0,8.113418985332498e+18,1.5343548557254182e+21,2.4107704894684447e+20,1.281474549652156e+21,5.357508734823256e+17,1.0999277855066313e+18,7.700139897520659e+17,1.2841454923500948e+18
