t(s),Total solute volume 1,Total retention volume 1,Total 1 volume 1,Total 2 volume 1,Total 3 volume 1,Total 4 volume 1,Total 5 volume 1,Total 6 volume 1
0,1.3860424099942965e+19,2.405752748178e+21,2.4107704894684447e+20,2.1505892778574658e+21,4.238849294684451e+16,4.364945254678142e+16,3.722729705220665e+16,1.0273203118307166e+17
