t(s),Total solute volume 1,Total retention volume 1,Total 1 volume 1,Total 2 volume 1,Total 3 volume 1,Total 4 volume 1,Total 5 volume 1,Total 6 volume 1
0,1.827745988668061e+17,3.778649957308526e+18,5.1059153534519e+16,7.853065002362187e+16,626535174064213.0,3609380362000939.0,2.8592359143793628e+16,3.4334572802036833e+18
