t(s),Total solute volume 1,Total retention volume 1,Total 1 volume 1,Total 2 volume 1,Total 3 volume 1,Total 4 volume 1,Total 5 volume 1,Total 6 volume 1
0,3.122399397307938e+17,9.521346043511258e+17,5.1059153534519e+16,1.3415637957682182e+17,64259333282106.875,239983148792166.3,2361287051755291.0,4.520136019751648e+17
