t(s),Total solute volume 1,Total retention volume 1,Total 1 volume 1,Total 2 volume 1,Total 3 volume 1,Total 4 volume 1,Total 5 volume 1,Total 6 volume 1
0,1.1768416328259624e+17,1.3471893074943645e+17,5790815030907821.0,1.0990603481902652e+16,186505900502.74677,478612748943.527,2858496739711.533,249825338641352.22
