t(s),Total solute volume 1,Total retention volume 1,Total 1 volume 1,Total 2 volume 1,Total 3 volume 1,Total 4 volume 1,Total 5 volume 1,Total 6 volume 1
0,6.8888290702006904e+16,8.298494757419014e+16,5790815030907821.0,6433524569071775.0,1819512148657.511,7203902216591.076,34618456847011.242,1828675400991207.0
