t(s),Total solute volume 1,Total retention volume 1,Total 1 volume 1,Total 2 volume 1,Total 3 volume 1,Total 4 volume 1,Total 5 volume 1,Total 6 volume 1
0,4.920172616987362e+16,6.780218218966535e+16,2733248773475387.0,2714355750467661.0,23145308588411.87,80480881370140.88,325520283320350.44,1.2723705022569408e+16
