t(s),Total solute volume 1,Total retention volume 1,Total 1 volume 1,Total 2 volume 1,Total 3 volume 1,Total 4 volume 1,Total 5 volume 1,Total 6 volume 1
0,8.405294887353384e+16,9.319803735677056e+16,2733248773475387.0,4637024230775944.0,2375006676767.5283,5354821136289.699,26912151540282.742,1740173499631542.0
