t(s),Total solute volume 1,Total retention volume 1,Total 1 volume 1,Total 2 volume 1,Total 3 volume 1,Total 4 volume 1,Total 5 volume 1,Total 6 volume 1
0,1.5746764332366418e+19,7.372918863667526e+21,1.0530177027067483e+21,6.302159391947708e+21,5.002252682649162e+17,5.362168658216194e+17,3.594497154752775e+17,5.991128311709541e+17
