t(s),Total solute volume 1,Total retention volume 1,Total 1 volume 1,Total 2 volume 1,Total 3 volume 1,Total 4 volume 1,Total 5 volume 1,Total 6 volume 1
0,2.6900722401125917e+19,1.0973057879231984e+22,1.0530177027067483e+21,9.893021029122586e+21,3.2218661036002304e+16,2.0900986224320764e+16,1.737386466005198e+16,4.793148961068258e+16
