t(s),Total solute volume 1,Total retention volume 1,Total 1 volume 1,Total 2 volume 1,Total 3 volume 1,Total 4 volume 1,Total 5 volume 1,Total 6 volume 1
0,5.274852243967814e+16,8.041096947541926e+16,3192384722575143.5,3244736830869188.5,33039096503731.973,117993177992904.28,494607224659360.9,2.0579685983141428e+16
