t(s),Total solute volume 1,Total retention volume 1,Total 1 volume 1,Total 2 volume 1,Total 3 volume 1,Total 4 volume 1,Total 5 volume 1,Total 6 volume 1
0,9.011205916778291e+16,1.0171456723703808e+17,3192384722575143.5,5543091834178185.0,3390843791404.608,7852636805724.747,40899711048047.41,2814888320857044.0
