t(s),Total solute volume 1,Total retention volume 1,Total 1 volume 1,Total 2 volume 1,Total 3 volume 1,Total 4 volume 1,Total 5 volume 1,Total 6 volume 1
0,1.3361787230712443e+17,1.6621850962736474e+17,7687035129498279.0,1.522028754057002e+16,5695524084343.603,15347501826291.32,97827950625495.36,9574443673634990.0
