t(s),Total solute volume 1,Total retention volume 1,Total 1 volume 1,Total 2 volume 1,Total 3 volume 1,Total 4 volume 1,Total 5 volume 1,Total 6 volume 1
0,7.82153398870977e+16,1.6635521932145174e+17,7687035129498279.0,8909437720794750.0,55528734470627.055,230802539043588.4,1183899020582299.2,7.007317628996542e+16
