t(s),Total solute volume 1,Total retention volume 1,Total 1 volume 1,Total 2 volume 1,Total 3 volume 1,Total 4 volume 1,Total 5 volume 1,Total 6 volume 1
0,1.806632037606207e+18,1.7966814276739099e+19,2.563088576888768e+18,1.2087386361672243e+19,2814027693899178.0,1.995346684451155e+16,2.3829666501710525e+17,1.2486431410163932e+18
