t(s),Total solute volume 1,Total retention volume 1,Total 1 volume 1,Total 2 volume 1,Total 3 volume 1,Total 4 volume 1,Total 5 volume 1,Total 6 volume 1
0,1.0575407049402066e+18,3.029720785379518e+19,2.563088576888768e+18,7.076244436375885e+18,2.7483853118534084e+16,3.0488761846872845e+17,3.6887473688912374e+18,1.5579215295111807e+19
