t(s),Total solute volume 1,Total retention volume 1,Total 1 volume 1,Total 2 volume 1,Total 3 volume 1,Total 4 volume 1,Total 5 volume 1,Total 6 volume 1
0,2.9302339152982e+17,7.656364985230738e+17,4.431341940307482e+16,1.1399288614301397e+17,48613672738687.68,177174170280091.6,1687851904289625.2,3.1239316169985344e+17
