t(s),Total solute volume 1,Total retention volume 1,Total 1 volume 1,Total 2 volume 1,Total 3 volume 1,Total 4 volume 1,Total 5 volume 1,Total 6 volume 1
0,1.7152588772477386e+17,2.6571532829437706e+18,4.431341940307482e+16,6.672760546581344e+16,474013603637017.3,2664900200437662.5,2.0436781891272412e+16,2.351010674654757e+18
