t(s),Total solute volume 1,Total retention volume 1,Total 1 volume 1,Total 2 volume 1,Total 3 volume 1,Total 4 volume 1,Total 5 volume 1,Total 6 volume 1
0,8.591862577826981e+17,5.280387788374202e+18,4.883330109832728e+17,1.7979335094057503e+18,568317554254573.2,3124062124915362.0,4.8787073936948616e+16,2.0824555565863718e+18
