t(s),Total solute volume 1,Total retention volume 1,Total 1 volume 1,Total 2 volume 1,Total 3 volume 1,Total 4 volume 1,Total 5 volume 1,Total 6 volume 1
0,5.0293829723865024e+17,2.7380291330108195e+19,4.883330109832728e+17,1.0524643962722104e+18,5543792049284515.0,4.706807803400416e+16,6.056501454320468e+17,2.4678293610098704e+19
