t(s),Total solute volume 1,Total retention volume 1,Total 1 volume 1,Total 2 volume 1,Total 3 volume 1,Total 4 volume 1,Total 5 volume 1,Total 6 volume 1
0,2.5932953168279194e+17,4.405357666103787e+17,3.3743667340789536e+16,8.333962927494267e+16,11973827467448.277,41637081706358.0,372701816521832.3,6.369662558615796e+16
