t(s),Total solute volume 1,Total retention volume 1,Total 1 volume 1,Total 2 volume 1,Total 3 volume 1,Total 4 volume 1,Total 5 volume 1,Total 6 volume 1
0,1.5180265269236467e+17,7.132897007842973e+17,3.3743667340789536e+16,4.87842065642926e+16,116794909552536.61,626575772345650.1,4513937466026125.0,4.7370186603892614e+17
