t(s),Total solute volume 1,Total retention volume 1,Total 1 volume 1,Total 2 volume 1,Total 3 volume 1,Total 4 volume 1,Total 5 volume 1,Total 6 volume 1
0,2.0498657939890205e+20,1.1119343263741853e+23,6.1524972335763196e+22,4.946344516545733e+22,8397343279128748.0,4899853674541577.0,4059893872868886.0,1.1199707227971706e+16
