t(s),Total solute volume 1,Total retention volume 1,Total 1 volume 1,Total 2 volume 1,Total 3 volume 1,Total 4 volume 1,Total 5 volume 1,Total 6 volume 1
0,1.1999214403838232e+20,1.1034894935286699e+23,6.1524972335763196e+22,4.870349495676083e+22,1.399267703016043e+17,1.259956655072845e+17,8.399766958635917e+16,1.3999619831885949e+17
