t(s),Total solute volume 1,Total retention volume 1,Total 1 volume 1,Total 2 volume 1,Total 3 volume 1,Total 4 volume 1,Total 5 volume 1,Total 6 volume 1
0,1.0446784147997133e+17,1.1731938200352442e+17,4439458008290587.5,8097793286123659.0,285894445486.83984,700809238262.9313,3937553388621.7173,309364972066835.4
