t(s),Total solute volume 1,Total retention volume 1,Total 1 volume 1,Total 2 volume 1,Total 3 volume 1,Total 4 volume 1,Total 5 volume 1,Total 6 volume 1
0,6.1151907207788056e+16,7.265660085558926e+16,4439458008290587.5,4740171994361016.0,2789020128641.9385,10547770280992.893,47684309230976.63,2264042545508444.0
