t(s),Total solute volume 1,Total retention volume 1,Total 1 volume 1,Total 2 volume 1,Total 3 volume 1,Total 4 volume 1,Total 5 volume 1,Total 6 volume 1
0,5.274852243967814e+16,6.883903276113001e+16,3192384722575143.5,3244736830869188.5,15028965137693.367,53686658825666.27,225012488317219.25,9359660655726762.0
