t(s),Total solute volume 1,Total retention volume 1,Total 1 volume 1,Total 2 volume 1,Total 3 volume 1,Total 4 volume 1,Total 5 volume 1,Total 6 volume 1
0,9.011205916778291e+16,1.0015079539898859e+17,3192384722575143.5,5543091834178185.0,1541365435579.2615,3569523133282.82,18591573564048.594,1279557212319478.8
