t(s),Total solute volume 1,Total retention volume 1,Total 1 volume 1,Total 2 volume 1,Total 3 volume 1,Total 4 volume 1,Total 5 volume 1,Total 6 volume 1
0,8.125946973719792e+16,8.890745567084523e+16,2534742031225782.5,4252075647885005.0,1223575498900.7139,2723096687804.5464,13450549915165.55,843771032434666.1
