t(s),Total solute volume 1,Total retention volume 1,Total 1 volume 1,Total 2 volume 1,Total 3 volume 1,Total 4 volume 1,Total 5 volume 1,Total 6 volume 1
0,5.467373305480017e+16,8.84082937459644e+16,3458157710870755.5,3557120067332162.0,39042776937047.375,141365902127271.47,603585808208042.1,2.59352884256888e+16
