t(s),Total solute volume 1,Total retention volume 1,Total 1 volume 1,Total 2 volume 1,Total 3 volume 1,Total 4 volume 1,Total 5 volume 1,Total 6 volume 1
0,9.340096063528438e+16,1.0654676178450741e+17,3458157710870755.0,6076746478966877.0,4007333172349.9414,9409170259584.197,49915924837543.06,3547564531116007.0
