t(s),Total solute volume 1,Total retention volume 1,Total 1 volume 1,Total 2 volume 1,Total 3 volume 1,Total 4 volume 1,Total 5 volume 1,Total 6 volume 1
0,2.5932953168279194e+17,5.454603385918508e+17,3.3743667340789536e+16,8.333962927494267e+16,31566663709360.453,109768428094654.39,982557781316939.2,1.6792361742020413e+17
