t(s),Total solute volume 1,Total retention volume 1,Total 1 volume 1,Total 2 volume 1,Total 3 volume 1,Total 4 volume 1,Total 5 volume 1,Total 6 volume 1
0,1.5180265269236467e+17,1.496706084260098e+18,3.3743667340789536e+16,4.87842065642926e+16,307806159393853.4,1651109894343378.0,1.189563609778656e+16,1.2485210055111327e+18
