t(s),Total solute volume 1,Total retention volume 1,Total 1 volume 1,Total 2 volume 1,Total 3 volume 1,Total 4 volume 1,Total 5 volume 1,Total 6 volume 1
0,6.110165178850669e+17,1.8671842719957467e+19,7.538773491030418e+17,1.7336694297627313e+18,5469933616069514.0,4.997658293039762e+16,6.844654602844183e+17,1.4833367446375762e+19
