t(s),Total solute volume 1,Total retention volume 1,Total 1 volume 1,Total 2 volume 1,Total 3 volume 1,Total 4 volume 1,Total 5 volume 1,Total 6 volume 1
0,6.030890236958341e+17,2.0007409103452728e+18,2.2173507663096877e+17,7.255463282409612e+17,57316702807566.56,275517872040306.3,3746822235938580.0,4.462908249667176e+17
