t(s),Total solute volume 1,Total retention volume 1,Total 1 volume 1,Total 2 volume 1,Total 3 volume 1,Total 4 volume 1,Total 5 volume 1,Total 6 volume 1
0,3.5302772118780864e+17,5.626064175232398e+18,2.2173507663096877e+17,4.247125719959892e+17,559170255193875.56,4148392792468373.0,4.5676680933720664e+16,4.5762045614362675e+18
