t(s),Total solute volume 1,Total retention volume 1,Total 1 volume 1,Total 2 volume 1,Total 3 volume 1,Total 4 volume 1,Total 5 volume 1,Total 6 volume 1
0,1.806632037606207e+18,1.8188827373776736e+19,2.563088576888768e+18,1.2087386361672243e+19,3227850344546009.0,2.2887770474597096e+16,2.7333991224238227e+17,1.4322648645480256e+18
