t(s),Total solute volume 1,Total retention volume 1,Total 1 volume 1,Total 2 volume 1,Total 3 volume 1,Total 4 volume 1,Total 5 volume 1,Total 6 volume 1
0,1.0575407049402066e+18,3.317915475573999e+19,2.563088576888768e+18,7.076244436375885e+18,3.1524832796656624e+16,3.497127196683154e+17,4.2310934119743145e+18,1.786995007309581e+19
