t(s),Total solute volume 1,Total retention volume 1,Total 1 volume 1,Total 2 volume 1,Total 3 volume 1,Total 4 volume 1,Total 5 volume 1,Total 6 volume 1
0,1.3860424099942965e+19,2.4056209157226307e+21,2.4107704894684447e+20,2.150589277857464e+21,1.7661880881404546e+16,1.8187279583790884e+16,1.5511380671961318e+16,4.280427723611784e+16
