t(s),Total solute volume 1,Total retention volume 1,Total 1 volume 1,Total 2 volume 1,Total 3 volume 1,Total 4 volume 1,Total 5 volume 1,Total 6 volume 1
0,8.113418985332498e+18,1.5322024642972583e+21,2.4107704894684447e+20,1.281474549652156e+21,2.2323129081467837e+17,4.583080717520538e+17,3.2084204683102106e+17,5.350653035335091e+17
