t(s),Total solute volume 1,Total retention volume 1,Total 1 volume 1,Total 2 volume 1,Total 3 volume 1,Total 4 volume 1,Total 5 volume 1,Total 6 volume 1
0,7.82153398870977e+16,1.6013716503075014e+17,7687035129498279.0,8909437720794750.0,50703315911625.38,210750335020258.22,1081028248758347.0,6.3982870393670216e+16
