t(s),Total solute volume 1,Total retention volume 1,Total 1 volume 1,Total 2 volume 1,Total 3 volume 1,Total 4 volume 1,Total 5 volume 1,Total 6 volume 1
0,9.402531052744658e+17,6.1935059545508006e+22,1.9718743661304886e+18,5.234982861726286e+18,5.8854161970188394e+19,5.380517079153225e+20,7.748939393619617e+21,5.358106717166973e+22
