t(s),Total solute volume 1,Total retention volume 1,Total 1 volume 1,Total 2 volume 1,Total 3 volume 1,Total 4 volume 1,Total 5 volume 1,Total 6 volume 1
0,9.402531052744658e+17,1.8799549700023644e+19,1.9718743661304886e+18,5.234982861726286e+18,1.1197844692292906e+16,1.1951088744488445e+17,1.5772138187253614e+18,8.944516816029871e+18
