t(s),Total solute volume 1,Total retention volume 1,Total 1 volume 1,Total 2 volume 1,Total 3 volume 1,Total 4 volume 1,Total 5 volume 1,Total 6 volume 1
0,1.6062657215105326e+18,1.335529675223581e+19,1.9718743661304888e+18,8.94244010427008e+18,1146871410874536.8,7858650014445954.0,1.0793653535866222e+17,7.177745035407935e+17
