t(s),Total solute volume 1,Total retention volume 1,Total 1 volume 1,Total 2 volume 1,Total 3 volume 1,Total 4 volume 1,Total 5 volume 1,Total 6 volume 1
0,2.9302339152982e+17,5.25286480956633e+17,4.431341940307482e+16,1.1399288614301397e+17,11438846756544.957,41689075526714.266,397152181714923.1,7.35065037767264e+16
