t(s),Total solute volume 1,Total retention volume 1,Total 1 volume 1,Total 2 volume 1,Total 3 volume 1,Total 4 volume 1,Total 5 volume 1,Total 6 volume 1
0,1.7152588772477386e+17,8.414892467612439e+17,4.431341940307482e+16,6.672760546581344e+16,111584262050957.6,627423242399609.4,4811193099252941.0,5.5337213356388186e+17
