t(s),Total solute volume 1,Total retention volume 1,Total 1 volume 1,Total 2 volume 1,Total 3 volume 1,Total 4 volume 1,Total 5 volume 1,Total 6 volume 1
0,2.5802946377090512e+17,4.3373516317067366e+18,1.1018915844204802e+17,1.9011722470774906e+17,451234524019562.56,2968291687342980.5,2.8004686559510064e+16,3.7475915720151603e+18
