t(s),Total solute volume 1,Total retention volume 1,Total 1 volume 1,Total 2 volume 1,Total 3 volume 1,Total 4 volume 1,Total 5 volume 1,Total 6 volume 1
0,4.408003339419685e+17,1.3192745129980874e+18,1.1018915844204802e+17,3.247827274525352e+17,46258127666872.54,197214663618625.56,2308116903152475.0,4.409507034671042e+17
