t(s),Total solute volume 1,Total retention volume 1,Total 1 volume 1,Total 2 volume 1,Total 3 volume 1,Total 4 volume 1,Total 5 volume 1,Total 6 volume 1
0,1.1300816793349946e+17,1.3444808196089408e+17,5290051337496820.0,9905407456456888.0,4940234112290.603,12481626492818.887,73012099058714.05,6154021273778347.0
