t(s),Total solute volume 1,Total retention volume 1,Total 1 volume 1,Total 2 volume 1,Total 3 volume 1,Total 4 volume 1,Total 5 volume 1,Total 6 volume 1
0,6.615112269277926e+16,1.2337108904470118e+17,5290051337496820.0,5798287762430659.0,48151339103479.21,187631190936317.4,883283256975722.2,4.501256146497944e+16
