t(s),Total solute volume 1,Total retention volume 1,Total 1 volume 1,Total 2 volume 1,Total 3 volume 1,Total 4 volume 1,Total 5 volume 1,Total 6 volume 1
0,7.158676193942945e+17,3.9804745422225485e+18,3.250257609819086e+17,1.1260624170802307e+18,315144427321041.1,1617043608814444.2,2.367566653306514e+16,1.78791089019691e+18
