t(s),Total solute volume 1,Total retention volume 1,Total 1 volume 1,Total 2 volume 1,Total 3 volume 1,Total 4 volume 1,Total 5 volume 1,Total 6 volume 1
0,4.1904446013324595e+17,2.1719943843411825e+19,3.250257609819086e+17,6.591645730832125e+17,3074018017291418.5,2.434878717380105e+16,2.903181271169378e+17,1.9998968116905423e+19
