t(s),Total solute volume 1,Total retention volume 1,Total 1 volume 1,Total 2 volume 1,Total 3 volume 1,Total 4 volume 1,Total 5 volume 1,Total 6 volume 1
0,2.0861979911880643e+17,5.29854798348114e+18,6.858169948084933e+16,1.1023516579767e+17,733955695140915.0,4448934233011148.0,3.769775549259766e+16,4.868230673663035e+18
