t(s),Total solute volume 1,Total retention volume 1,Total 1 volume 1,Total 2 volume 1,Total 3 volume 1,Total 4 volume 1,Total 5 volume 1,Total 6 volume 1
0,3.563921568279588e+17,1.2393949772198333e+18,6.858169948084933e+16,1.8831811750643e+17,75266771820972.02,295744573977150.4,3111686127467846.5,6.22620305931327e+17
