t(s),Total solute volume 1,Total retention volume 1,Total 1 volume 1,Total 2 volume 1,Total 3 volume 1,Total 4 volume 1,Total 5 volume 1,Total 6 volume 1
0,4.584145573095851e+17,1.567008920073362e+19,3.971127163555371e+17,8.29827887724081e+17,2504506248766085.5,2.0529095303394828e+16,2.5449800653169808e+17,1.370720243126055e+19
