t(s),Total solute volume 1,Total retention volume 1,Total 1 volume 1,Total 2 volume 1,Total 3 volume 1,Total 4 volume 1,Total 5 volume 1,Total 6 volume 1
0,7.831248687372006e+17,3.805951020025816e+18,3.971127163555371e+17,1.417606166617462e+18,256727067086200.28,1362847133552168.8,2.0647215220817332e+16,1.18584047889415e+18
