t(s),Total solute volume 1,Total retention volume 1,Total 1 volume 1,Total 2 volume 1,Total 3 volume 1,Total 4 volume 1,Total 5 volume 1,Total 6 volume 1
0,1.4314015651477992e+17,1.1827408955419218e+18,2.9598370758294e+16,4.196129288420449e+16,260650879201821.12,1366925915354230.0,9556542706321156.0,9.568569558837605e+17
