t(s),Total solute volume 1,Total retention volume 1,Total 1 volume 1,Total 2 volume 1,Total 3 volume 1,Total 4 volume 1,Total 5 volume 1,Total 6 volume 1
0,2.445311007127456e+17,4.759176575238002e+17,2.9598370758294e+16,7.168383321791445e+16,26730830797678.82,90876274177587.2,789398183941058.1,1.2919734754593226e+17
