t(s),Total solute volume 1,Total retention volume 1,Total 1 volume 1,Total 2 volume 1,Total 3 volume 1,Total 4 volume 1,Total 5 volume 1,Total 6 volume 1
0,8.957740053321614e+16,1.875499753817306e+17,1.0403170291897828e+16,1.2615155834536548e+16,45770446646449.87,200452018931883.88,1102193825736533.6,7.360583243076614e+16
