t(s),Total solute volume 1,Total retention volume 1,Total 1 volume 1,Total 2 volume 1,Total 3 volume 1,Total 4 volume 1,Total 5 volume 1,Total 6 volume 1
0,1.5302805924424387e+17,1.9513949809008915e+17,1.0403170291897824e+16,2.15508874098567e+16,4693211524829.475,13323791546569.377,91043509438498.98,1.004832063158165e+16
