t(s),Total solute volume 1,Total retention volume 1,Total 1 volume 1,Total 2 volume 1,Total 3 volume 1,Total 4 volume 1,Total 5 volume 1,Total 6 volume 1
0,5.599791014061281e+17,9.49908499224569e+18,6.205788698891987e+17,1.3862391755847913e+18,1957696297909306.0,1.731119757815076e+16,2.3130978133560672e+17,6.681709170153919e+18
