t(s),Total solute volume 1,Total retention volume 1,Total 1 volume 1,Total 2 volume 1,Total 3 volume 1,Total 4 volume 1,Total 5 volume 1,Total 6 volume 1
0,9.566309649021271e+17,4.517729164744598e+18,6.205788698891987e+17,2.368112616809924e+18,200639869188330.25,1148028971573673.2,1.8407749899821796e+16,5.5265029440278214e+17
