t(s),Total solute volume 1,Total retention volume 1,Total 1 volume 1,Total 2 volume 1,Total 3 volume 1,Total 4 volume 1,Total 5 volume 1,Total 6 volume 1
0,3.122399397307938e+17,6.839952821243078e+17,5.1059153534519e+16,1.3415637957682182e+17,26363457051328.746,98456692242769.16,968754916955973.1,1.8544623421592218e+17
