t(s),Total solute volume 1,Total retention volume 1,Total 1 volume 1,Total 2 volume 1,Total 3 volume 1,Total 4 volume 1,Total 5 volume 1,Total 6 volume 1
0,1.827745988668061e+17,1.7348520815351565e+18,5.1059153534519e+16,7.853065002362187e+16,257140675062072.0,1481545620203753.8,1.1735432295948546e+16,1.4090135605189821e+18
