t(s),Total solute volume 1,Total retention volume 1,Total 1 volume 1,Total 2 volume 1,Total 3 volume 1,Total 4 volume 1,Total 5 volume 1,Total 6 volume 1
0,2.600924566469286e+19,2.0417257756228554e+22,3.1834588077439205e+21,1.7201685979806866e+22,1.690058891720902e+18,1.5878522308000404e+18,1.059670130398679e+18,1.7661417602282947e+18
