t(s),Total solute volume 1,Total retention volume 1,Total 1 volume 1,Total 2 volume 1,Total 3 volume 1,Total 4 volume 1,Total 5 volume 1,Total 6 volume 1
0,4.443246134384989e+19,2.690947524128004e+22,3.1834588077439205e+21,2.3681226433136985e+22,1.0324933590301931e+17,6.177800260260318e+16,5.12185672215616e+16,1.4129314928708264e+17
