t(s),Total solute volume 1,Total retention volume 1,Total 1 volume 1,Total 2 volume 1,Total 3 volume 1,Total 4 volume 1,Total 5 volume 1,Total 6 volume 1
0,6.768171426953814e+17,2.5482957516456174e+19,9.470815640223639e+17,2.2534875290841032e+18,9859825523658902.0,9.357468671281349e+16,1.3067029193094502e+18,2.0195433849108402e+19
