t(s),Total solute volume 1,Total retention volume 1,Total 1 volume 1,Total 2 volume 1,Total 3 volume 1,Total 4 volume 1,Total 5 volume 1,Total 6 volume 1
0,1.1562292854379274e+18,7.699383700818856e+18,9.470815640223638e+17,3.849586369903471e+18,1010502706626533.5,6196567352601339.0,1.0050073201394877e+17,1.638778679381948e+18
