t(s),Total solute volume 1,Total retention volume 1,Total 1 volume 1,Total 2 volume 1,Total 3 volume 1,Total 4 volume 1,Total 5 volume 1,Total 6 volume 1
0,1.9607015664959024e+17,2.918867981408687e+17,1.8083672627208548e+16,4.068797579280357e+16,11077327178968.916,34593015049381.91,268384676349645.44,3.673093805268524e+16
