t(s),Total solute volume 1,Total retention volume 1,Total 1 volume 1,Total 2 volume 1,Total 3 volume 1,Total 4 volume 1,Total 5 volume 1,Total 6 volume 1
0,1.1477277462414928e+17,4.3042935579376006e+17,1.8083672627208548e+16,2.3817359628092044e+16,108026018875333.97,520407074738045.5,3249115281954006.5,2.698780005387418e+17
