t(s),Total solute volume 1,Total retention volume 1,Total 1 volume 1,Total 2 volume 1,Total 3 volume 1,Total 4 volume 1,Total 5 volume 1,Total 6 volume 1
0,1.2266054339042045e+17,1.4332757386764275e+17,6351323389472384.0,1.22219832432844e+16,1432011603221.4373,3733849994710.069,22778861198774.777,2065779121667194.2
