t(s),Total solute volume 1,Total retention volume 1,Total 1 volume 1,Total 2 volume 1,Total 3 volume 1,Total 4 volume 1,Total 5 volume 1,Total 6 volume 1
0,7.180129369195402e+16,1.007732769043071e+17,6351323389472384.0,7154332371437873.0,13967808126039.062,56186253548978.73,275809806254606.4,1.5120363583512648e+16
