t(s),Total solute volume 1,Total retention volume 1,Total 1 volume 1,Total 2 volume 1,Total 3 volume 1,Total 4 volume 1,Total 5 volume 1,Total 6 volume 1
0,2.781149916601816e+17,4.2218896284423025e+18,1.3024520054842829e+17,2.3040703518610144e+17,410360973680735.6,2778283260552530.0,2.7214729771076084e+16,3.5527190270422784e+18
