t(s),Total solute volume 1,Total retention volume 1,Total 1 volume 1,Total 2 volume 1,Total 3 volume 1,Total 4 volume 1,Total 5 volume 1,Total 6 volume 1
0,4.751131107528108e+17,1.4026777864757184e+18,1.3024520054842829e+17,3.9361074833054605e+17,42065943920998.914,184571879900246.5,2241396401739342.0,4.012406926183776e+17
