t(s),Total solute volume 1,Total retention volume 1,Total 1 volume 1,Total 2 volume 1,Total 3 volume 1,Total 4 volume 1,Total 5 volume 1,Total 6 volume 1
0,1.0357694112375635e+17,4.136448756228127e+17,1.4382961689890436e+16,1.830613831100575e+16,131074260326652.02,606941532384179.9,3595425118918010.0,2.7304539358653347e+17
