t(s),Total solute volume 1,Total retention volume 1,Total 1 volume 1,Total 2 volume 1,Total 3 volume 1,Total 4 volume 1,Total 5 volume 1,Total 6 volume 1
0,2.7544357765683786e+17,6.973312745513763e+17,3.860071170759496e+16,9.727055195100427e+16,48567611332281.82,172846603840041.44,1595516147060550.0,2.8419950287370355e+17
