t(s),Total solute volume 1,Total retention volume 1,Total 1 volume 1,Total 2 volume 1,Total 3 volume 1,Total 4 volume 1,Total 5 volume 1,Total 6 volume 1
0,1.612352649698545e+17,2.402979983050192e+18,3.860071170759496e+16,5.693890508297374e+16,473510591825049.0,2599389610181388.0,1.9314532138167484e+16,2.1238176689495933e+18
