t(s),Total solute volume 1,Total retention volume 1,Total 1 volume 1,Total 2 volume 1,Total 3 volume 1,Total 4 volume 1,Total 5 volume 1,Total 6 volume 1
0,2.781149916601816e+17,6.729668359481314e+18,1.3024520054842829e+17,2.3040703518610144e+17,697552122117339.0,4722525031063369.0,4.626038861969207e+16,6.039220666313728e+18
