t(s),Total solute volume 1,Total retention volume 1,Total 1 volume 1,Total 2 volume 1,Total 3 volume 1,Total 4 volume 1,Total 5 volume 1,Total 6 volume 1
0,4.751131107528108e+17,1.6852699314203359e+18,1.3024520054842829e+17,3.9361074833054605e+17,71511705095436.0,313770711274463.25,3810354588624253.5,6.821052347835683e+17
