t(s),Total solute volume 1,Total retention volume 1,Total 1 volume 1,Total 2 volume 1,Total 3 volume 1,Total 4 volume 1,Total 5 volume 1,Total 6 volume 1
0,6.768171426953814e+17,1.5663162511615052e+19,9.470815640223639e+17,2.2534875290841032e+18,5378624476561828.0,5.104755689190525e+16,7.128283015087236e+17,1.101652179293602e+19
