t(s),Total solute volume 1,Total retention volume 1,Total 1 volume 1,Total 2 volume 1,Total 3 volume 1,Total 4 volume 1,Total 5 volume 1,Total 6 volume 1
0,1.5302805924424387e+17,1.9586500512055814e+17,1.0403170291897824e+16,2.15508874098567e+16,5028431887475.011,14275469230228.516,97546458469906.4,1.0766037814972364e+16
