t(s),Total solute volume 1,Total retention volume 1,Total 1 volume 1,Total 2 volume 1,Total 3 volume 1,Total 4 volume 1,Total 5 volume 1,Total 6 volume 1
0,8.957740053321614e+16,1.9290211675603382e+17,1.040317029189783e+16,1.2615155834536546e+16,49038374014156.35,214761887443567.62,1180883792954299.0,7.886170604197237e+16
