t(s),Total solute volume 1,Total retention volume 1,Total 1 volume 1,Total 2 volume 1,Total 3 volume 1,Total 4 volume 1,Total 5 volume 1,Total 6 volume 1
0,7.772197376133865e+19,5.045233192372412e+22,1.0574109797244612e+22,3.980048746435126e+22,3718635166984900.5,2179987020692918.2,1806445322765833.2,4983299761651213.0
