t(s),Total solute volume 1,Total retention volume 1,Total 1 volume 1,Total 2 volume 1,Total 3 volume 1,Total 4 volume 1,Total 5 volume 1,Total 6 volume 1
0,4.5495789518832886e+19,4.520091109937222e+22,1.0574109797244612e+22,3.4581088036988603e+22,6.175671064598523e+16,5.605299874460568e+16,3.737469182034669e+16,6.2291218899489096e+16
