t(s),Total solute volume 1,Total retention volume 1,Total 1 volume 1,Total 2 volume 1,Total 3 volume 1,Total 4 volume 1,Total 5 volume 1,Total 6 volume 1
0,3.4133172510483444e+19,3.1502948389605098e+22,5.744900751039818e+21,2.57204529767919e+22,9.750406310473372e+17,8.948777140001942e+17,5.968366804266391e+17,9.947342373506392e+17
