t(s),Total solute volume 1,Total retention volume 1,Total 1 volume 1,Total 2 volume 1,Total 3 volume 1,Total 4 volume 1,Total 5 volume 1,Total 6 volume 1
0,5.831083637207589e+19,3.810654735630335e+22,5.744900751039818e+21,3.230313354759354e+22,5.898716773860322e+16,3.4807355225766972e+16,2.8847462281626652e+16,7.957931266048982e+16
