t(s),Total solute volume 1,Total retention volume 1,Total 1 volume 1,Total 2 volume 1,Total 3 volume 1,Total 4 volume 1,Total 5 volume 1,Total 6 volume 1
0,3.563921568279588e+17,9.631783842363855e+17,6.858169948084933e+16,1.8831811750643e+17,42061461770421.26,165271085169267.84,1738906604372916.8,3.47940171269831e+17
