t(s),Total solute volume 1,Total retention volume 1,Total 1 volume 1,Total 2 volume 1,Total 3 volume 1,Total 4 volume 1,Total 5 volume 1,Total 6 volume 1
0,2.0861979911880643e+17,3.132363962657816e+18,6.858169948084933e+16,1.1023516579767e+17,410246945645617.1,2486940246413166.0,2.107196877920438e+16,2.7209581422892375e+18
