t(s),Total solute volume 1,Total retention volume 1,Total 1 volume 1,Total 2 volume 1,Total 3 volume 1,Total 4 volume 1,Total 5 volume 1,Total 6 volume 1
0,8.957740053321614e+16,1.821976029347143e+17,1.040317029189783e+16,1.2615155834536546e+16,42502333980410.27,186141066575314.94,1023498772231020.2,6.834973410227737e+16
