t(s),Total solute volume 1,Total retention volume 1,Total 1 volume 1,Total 2 volume 1,Total 3 volume 1,Total 4 volume 1,Total 5 volume 1,Total 6 volume 1
0,8.553063609334184e+16,2.8400650115090813e+17,9383807851828778.0,1.1205049428947024e+16,117856305724679.97,506924910854517.56,2722477823281425.0,1.7453974873693286e+17
