t(s),Total solute volume 1,Total retention volume 1,Total 1 volume 1,Total 2 volume 1,Total 3 volume 1,Total 4 volume 1,Total 5 volume 1,Total 6 volume 1
0,1.772257703331625e+18,3.697209991136492e+19,8.108748995498784e+18,2.6581741941542703e+19,2544533089212223.5,3.151399961309258e+16,1.5741794940143805e+17,3.1787478888809376e+17
