t(s),Total solute volume 1,Total retention volume 1,Total 1 volume 1,Total 2 volume 1,Total 3 volume 1,Total 4 volume 1,Total 5 volume 1,Total 6 volume 1
0,3.027606909858182e+18,5.656577182685176e+19,8.108748995498786e+18,4.539357696078196e+19,259345479841562.78,1942161767646906.2,8203589099671047.0,2.5433864365557812e+16
