t(s),Total solute volume 1,Total retention volume 1,Total 1 volume 1,Total 2 volume 1,Total 3 volume 1,Total 4 volume 1,Total 5 volume 1,Total 6 volume 1
0,5.274852243967814e+16,6.562225828508116e+16,3192384722575143.5,3244736830869188.5,10021385029460.965,35801006633233.51,150043738508051.56,6240748161787505.0
