t(s),Total solute volume 1,Total retention volume 1,Total 1 volume 1,Total 2 volume 1,Total 3 volume 1,Total 4 volume 1,Total 5 volume 1,Total 6 volume 1
0,9.011205916778291e+16,9.971638727349862e+16,3192384722575143.5,5543091834178185.0,1027590439926.3064,2379708528547.9526,12394529757229.898,853049720236040.8
