t(s),Total solute volume 1,Total retention volume 1,Total 1 volume 1,Total 2 volume 1,Total 3 volume 1,Total 4 volume 1,Total 5 volume 1,Total 6 volume 1
0,2.781149916601816e+17,1.4250994473236517e+19,1.3024520054842829e+17,2.3040703518610144e+17,1558821666871375.5,1.0552502277479768e+16,1.0337439139962931e+17,1.3496741530497808e+19
