t(s),Total solute volume 1,Total retention volume 1,Total 1 volume 1,Total 2 volume 1,Total 3 volume 1,Total 4 volume 1,Total 5 volume 1,Total 6 volume 1
0,9.367034766423861e+18,9.199489780616321e+20,1.00671705467033e+20,8.092422388220401e+20,7.0901517266835384e+16,1.3405333863069179e+17,1.2305062882540288e+17,3.39993521408196e+17
