t(s),Total solute volume 1,Total retention volume 1,Total 1 volume 1,Total 2 volume 1,Total 3 volume 1,Total 4 volume 1,Total 5 volume 1,Total 6 volume 1
0,5.483142302296937e+18,5.938171695782691e+20,1.00671705467033e+20,4.768663777774811e+20,7.818286292055026e+17,3.2214548703590047e+18,2.5428536716880143e+18,4.2498068602020424e+18
