t(s),Total solute volume 1,Total retention volume 1,Total 1 volume 1,Total 2 volume 1,Total 3 volume 1,Total 4 volume 1,Total 5 volume 1,Total 6 volume 1
0,2.5802946377090512e+17,1.189241581281382e+19,1.1018915844204802e+17,1.9011722470774906e+17,1353235764796163.2,8900764684282377.0,8.398096419800584e+16,1.1239845001246056e+19
