t(s),Total solute volume 1,Total retention volume 1,Total 1 volume 1,Total 2 volume 1,Total 3 volume 1,Total 4 volume 1,Total 5 volume 1,Total 6 volume 1
0,4.408003339419685e+17,2.2062489824617124e+18,1.1018915844204802e+17,3.247827274525352e+17,138771344243755.92,591633020596291.0,6924213300495168.0,1.322822144959822e+18
