t(s),Total solute volume 1,Total retention volume 1,Total 1 volume 1,Total 2 volume 1,Total 3 volume 1,Total 4 volume 1,Total 5 volume 1,Total 6 volume 1
0,1.4314015651477992e+17,1.2864101441536993e+18,2.9598370758294e+16,4.196129288420449e+16,288560215861445.0,1513259380809573.0,1.0579724803061342e+16,1.0593287795967022e+18
