t(s),Total solute volume 1,Total retention volume 1,Total 1 volume 1,Total 2 volume 1,Total 3 volume 1,Total 4 volume 1,Total 5 volume 1,Total 6 volume 1
0,2.600924566469286e+19,2.0414527172492344e+22,3.1834588077439205e+21,1.7201685979806866e+22,9.339876817961235e+17,8.775070353234257e+17,5.856127297099437e+17,9.7603183006346e+17
