t(s),Total solute volume 1,Total retention volume 1,Total 1 volume 1,Total 2 volume 1,Total 3 volume 1,Total 4 volume 1,Total 5 volume 1,Total 6 volume 1
0,4.443246134384989e+19,2.690931528969855e+22,3.1834588077439205e+21,2.3681226433136985e+22,5.705887358116006e+16,3.4140490350483508e+16,2.8305011186979052e+16,7.808309873358634e+16
