t(s),Total solute volume 1,Total retention volume 1,Total 1 volume 1,Total 2 volume 1,Total 3 volume 1,Total 4 volume 1,Total 5 volume 1,Total 6 volume 1
0,2.1328894422529733e+19,6.631556620886878e+21,6.290856345856501e+20,5.980718300898789e+21,1.0740846118777147e+17,7.648892081477243e+16,6.381950052939285e+16,1.7607409735959248e+17
