t(s),Total solute volume 1,Total retention volume 1,Total 1 volume 1,Total 2 volume 1,Total 3 volume 1,Total 4 volume 1,Total 5 volume 1,Total 6 volume 1
0,1.2485206491236938e+19,4.330037109734019e+21,6.290856345856501e+20,3.6814069503789776e+21,1.58111456209154e+18,1.9570837983962504e+18,1.3203067013548488e+18,2.2008132162904492e+18
