t(s),Total solute volume 1,Total retention volume 1,Total 1 volume 1,Total 2 volume 1,Total 3 volume 1,Total 4 volume 1,Total 5 volume 1,Total 6 volume 1
0,1.355755053821572e+18,3.124557660940187e+19,4.460907519859345e+18,1.337749223333267e+19,3.091125501306205e+16,3.677492544235394e+17,3.189479324396381e+18,8.463281968555308e+18
