t(s),Total solute volume 1,Total retention volume 1,Total 1 volume 1,Total 2 volume 1,Total 3 volume 1,Total 4 volume 1,Total 5 volume 1,Total 6 volume 1
0,2.3160815502785014e+18,3.0512530326108017e+19,4.460907519859345e+18,2.284893514595476e+19,3160502178913713.5,2.3627266358885052e+16,1.823516823107218e+17,6.774666591667558e+17
