t(s),Total solute volume 1,Total retention volume 1,Total 1 volume 1,Total 2 volume 1,Total 3 volume 1,Total 4 volume 1,Total 5 volume 1,Total 6 volume 1
0,3.332883936767457e+17,9.326674005495904e+17,5.905751296626006e+16,1.5858298787719715e+17,49557537030476.28,189775500143328.53,1930141968981751.8,3.795690310232265e+17
