t(s),Total solute volume 1,Total retention volume 1,Total 1 volume 1,Total 2 volume 1,Total 3 volume 1,Total 4 volume 1,Total 5 volume 1,Total 6 volume 1
0,1.950956450790701e+17,3.2933804910140585e+18,5.905751296626006e+16,9.282918675798294e+16,483301094032557.75,2855164796598607.0,2.3381380937479876e+16,2.919678299382638e+18
