t(s),Total solute volume 1,Total retention volume 1,Total 1 volume 1,Total 2 volume 1,Total 3 volume 1,Total 4 volume 1,Total 5 volume 1,Total 6 volume 1
0,1.4611483665945994e+17,1.8247917060621414e+17,9383807851828782.0,1.9141956437258628e+16,3930594224337.4727,10962119404316.424,73151831835525.92,7750525112203222.0
