t(s),Total solute volume 1,Total retention volume 1,Total 1 volume 1,Total 2 volume 1,Total 3 volume 1,Total 4 volume 1,Total 5 volume 1,Total 6 volume 1
0,8.553063609334184e+16,1.639676166165144e+17,9383807851828776.0,1.1205049428947024e+16,38333605916200.15,164924719755111.53,885603342007916.8,5.675926157471768e+16
