t(s),Total solute volume 1,Total retention volume 1,Total 1 volume 1,Total 2 volume 1,Total 3 volume 1,Total 4 volume 1,Total 5 volume 1,Total 6 volume 1
0,1.0056372927748115e+17,1.1454875200015467e+17,4077840541915392.0,7344347682422831.0,2494466878640.7886,6025771943015.158,33201412067042.15,2521112847445224.0
