t(s),Total solute volume 1,Total retention volume 1,Total 1 volume 1,Total 2 volume 1,Total 3 volume 1,Total 4 volume 1,Total 5 volume 1,Total 6 volume 1
0,5.88665732355986e+16,8.620168475899867e+16,4077840541915392.0,4299130609532136.5,24319690178830.168,90617042253083.62,401789084563629.25,1.844141455495659e+16
