t(s),Total solute volume 1,Total retention volume 1,Total 1 volume 1,Total 2 volume 1,Total 3 volume 1,Total 4 volume 1,Total 5 volume 1,Total 6 volume 1
0,1.0357694112375635e+17,1.745437791561489e+17,1.4382961689890436e+16,1.830613831100575e+16,18090760300934.207,83787532458834.14,496281939456172.7,3.767957779927952e+16
