t(s),Total solute volume 1,Total retention volume 1,Total 1 volume 1,Total 2 volume 1,Total 3 volume 1,Total 4 volume 1,Total 5 volume 1,Total 6 volume 1
0,1.7694394108641648e+17,2.2778407420619264e+17,1.4382961689890436e+16,3.1272978263682056e+16,1854478068269.8416,5567132243142.764,40979787730899.12,5135791768162320.0
