t(s),Total solute volume 1,Total retention volume 1,Total 1 volume 1,Total 2 volume 1,Total 3 volume 1,Total 4 volume 1,Total 5 volume 1,Total 6 volume 1
0,1.454865482009603e+20,8.391698273746038e+22,3.579686312483719e+22,4.797460062369274e+22,9536040978367818.0,5567062490680516.0,4612762787859376.0,1.272486322739341e+16
