t(s),Total solute volume 1,Total retention volume 1,Total 1 volume 1,Total 2 volume 1,Total 3 volume 1,Total 4 volume 1,Total 5 volume 1,Total 6 volume 1
0,8.516285748348854e+19,8.216979660268148e+22,3.579686312483719e+22,4.628721412782856e+22,1.58844090704341e+17,1.4315153908476254e+17,9.543629562733411e+16,1.5906060699457315e+17
