t(s),Total solute volume 1,Total retention volume 1,Total 1 volume 1,Total 2 volume 1,Total 3 volume 1,Total 4 volume 1,Total 5 volume 1,Total 6 volume 1
0,8.125946973719792e+16,8.930930841095755e+16,2534742031225782.5,4252075647885005.0,1794541901284.1797,3993808246605.092,19727119575949.04,1237505524924915.0
