t(s),Total solute volume 1,Total retention volume 1,Total 1 volume 1,Total 2 volume 1,Total 3 volume 1,Total 4 volume 1,Total 5 volume 1,Total 6 volume 1
0,2.3160815502785014e+18,3.0633430381378433e+19,4.460907519859345e+18,2.284893514595476e+19,3591476981780606.0,2.6849148801024116e+16,2.072176761278161e+17,7.698478633750418e+17
