t(s),Total solute volume 1,Total retention volume 1,Total 1 volume 1,Total 2 volume 1,Total 3 volume 1,Total 4 volume 1,Total 5 volume 1,Total 6 volume 1
0,1.355755053821572e+18,3.2888806652601573e+19,4.460907519859345e+18,1.337749223333267e+19,3.5125998889697584e+16,4.1789008954970477e+17,3.6243580662976916e+18,9.61727769085087e+18
