t(s),Total solute volume 1,Total retention volume 1,Total 1 volume 1,Total 2 volume 1,Total 3 volume 1,Total 4 volume 1,Total 5 volume 1,Total 6 volume 1
0,2.0426316755341617e+18,6.0672577107872645e+19,1.1130180818752053e+19,3.824669850510912e+19,6.6102500217302e+16,8.139619359944431e+17,2.916370180751336e+18,5.456631491513713e+18
