t(s),Total solute volume 1,Total retention volume 1,Total 1 volume 1,Total 2 volume 1
0,1.7694394108641648e+17,2.2259988103999072e+17,1.4382961689890436e+16,3.1272978263682056e+16
