t(s),Total solute volume 1,Total retention volume 1,Total 1 volume 1,Total 2 volume 1
0,1.0357694112375635e+17,1.3626604112465242e+17,1.4382961689890436e+16,1.830613831100575e+16
