t(s),Total solute volume 1,Total retention volume 1,Total 1 volume 1,Total 2 volume 1,Total 3 volume 1,Total 4 volume 1,Total 5 volume 1,Total 6 volume 1
0,1.6062657215105326e+18,1.3819023772996055e+19,1.9718743661304888e+18,8.94244010427008e+18,1784016240906441.0,1.222453214337669e+16,1.6790076942160723e+17,1.1165342632791392e+18
