t(s),Total solute volume 1,Total retention volume 1,Total 1 volume 1,Total 2 volume 1,Total 3 volume 1,Total 4 volume 1,Total 5 volume 1,Total 6 volume 1
0,9.402531052744658e+17,2.471685748350516e+19,1.9718743661304886e+18,5.234982861726286e+18,1.7417951779218536e+16,1.8589274037855018e+17,2.4532963603689236e+18,1.391314009784728e+19
