t(s),Total solute volume 1,Total retention volume 1,Total 1 volume 1,Total 2 volume 1,Total 3 volume 1,Total 4 volume 1,Total 5 volume 1,Total 6 volume 1
0,1.3517038836082043e+17,9.973114238116489e+17,2.6047523684028044e+16,3.622882322688759e+16,237534989673586.3,1218538997354892.0,8273006959920248.0,7.901356075929615e+17
