t(s),Total solute volume 1,Total retention volume 1,Total 1 volume 1,Total 2 volume 1,Total 3 volume 1,Total 4 volume 1,Total 5 volume 1,Total 6 volume 1
0,2.3091608011640064e+17,4.2664460509655405e+17,2.6047523684028044e+16,6.18908749437171e+16,24361236992302.77,81016123063184.7,683435870564876.2,1.0700131312178349e+17
