t(s),Total solute volume 1,Total retention volume 1,Total 1 volume 1,Total 2 volume 1,Total 3 volume 1,Total 4 volume 1,Total 5 volume 1,Total 6 volume 1
0,1.0056372927748115e+17,1.1643700030810421e+17,4077840541915392.0,7344347682422831.0,4332347967878.797,10465513452519.383,57663835620178.93,4378621109243906.0
