t(s),Total solute volume 1,Total retention volume 1,Total 1 volume 1,Total 2 volume 1,Total 3 volume 1,Total 4 volume 1,Total 5 volume 1,Total 6 volume 1
0,5.88665732355986e+16,1.001573412190541e+17,4077840541915391.5,4299130609532136.5,42216838568382.164,157274927672014.12,697418184834835.9,3.2016886880933096e+16
