t(s),Total solute volume 1,Total retention volume 1,Total 1 volume 1,Total 2 volume 1,Total 3 volume 1,Total 4 volume 1,Total 5 volume 1,Total 6 volume 1
0,4.566829557989454e+18,3.7866059481231144e+20,6.696388307350977e+19,2.9943637271575534e+20,3.752769228067934e+17,2.161767792517067e+18,1.9269621368621604e+18,3.229502612872373e+18
