t(s),Total solute volume 1,Total retention volume 1,Total 1 volume 1,Total 2 volume 1,Total 3 volume 1,Total 4 volume 1,Total 5 volume 1,Total 6 volume 1
0,7.801667161565198e+18,5.8464780615083544e+20,6.696388307350977e+19,5.094009276905076e+20,3.554165016102257e+16,9.406617938752982e+16,9.33540521614732e+16,2.583663435436463e+17
