t(s),Total solute volume 1,Total retention volume 1,Total 1 volume 1,Total 2 volume 1,Total 3 volume 1,Total 4 volume 1,Total 5 volume 1,Total 6 volume 1
0,5.0293829723865024e+17,2.3862012762556174e+19,4.883330109832728e+17,1.0524643962722106e+18,4774017729358205.0,4.053307694773328e+16,5.2155657864149677e+17,2.1251413384743457e+19
