t(s),Total solute volume 1,Total retention volume 1,Total 1 volume 1,Total 2 volume 1,Total 3 volume 1,Total 4 volume 1,Total 5 volume 1,Total 6 volume 1
0,8.591862577826981e+17,4.983873988030249e+18,4.883330109832728e+17,1.7979335094057503e+18,489385838638594.56,2690170556491077.0,4.2011190872535224e+16,1.7932304625908716e+18
