t(s),Total solute volume 1,Total retention volume 1,Total 1 volume 1,Total 2 volume 1,Total 3 volume 1,Total 4 volume 1,Total 5 volume 1,Total 6 volume 1
0,4.7566518870554744e+16,2.1279493977041055e+18,2534742031225782.5,2489019978208205.5,3689903442786388.5,1.1846518472023702e+16,4.893603180048176e+16,2.0108866631088067e+18
