t(s),Total solute volume 1,Total retention volume 1,Total 1 volume 1,Total 2 volume 1,Total 3 volume 1,Total 4 volume 1,Total 5 volume 1,Total 6 volume 1
0,4.7566518870554744e+16,6.9608193065002e+16,2534742031225782.5,2489019978208205.5,31777495914190.98,109047362797039.42,433535496920260.06,1.6443551829381322e+16
