t(s),Total solute volume 1,Total retention volume 1,Total 1 volume 1,Total 2 volume 1,Total 3 volume 1,Total 4 volume 1,Total 5 volume 1,Total 6 volume 1
0,5.831083637207589e+19,3.81066251336561e+22,5.744900751039818e+21,3.230313354759354e+22,8.167451911370038e+16,4.819478913426559e+16,3.9942630849518184e+16,1.1018671153328269e+17
