t(s),Total solute volume 1,Total retention volume 1,Total 1 volume 1,Total 2 volume 1,Total 3 volume 1,Total 4 volume 1,Total 5 volume 1,Total 6 volume 1
0,3.4133172510483444e+19,3.150427971154954e+22,5.744900751039818e+21,2.57204529767919e+22,1.350050821376018e+18,1.2390547838654482e+18,8.263854558341847e+17,1.3773201465041096e+18
