t(s),Total solute volume 1,Total retention volume 1,Total 1 volume 1,Total 2 volume 1
0,1.5302805924424387e+17,1.8498211694599795e+17,1.0403170291897824e+16,2.15508874098567e+16
