t(s),Total solute volume 1,Total retention volume 1,Total 1 volume 1,Total 2 volume 1,Total 3 volume 1,Total 4 volume 1,Total 5 volume 1,Total 6 volume 1
0,5.67102642256257e+16,7.984048511799226e+16,3752113566455123.5,3906825519925697.5,21198150406578.39,77860867500304.94,338684237623513.4,1.5033538550455658e+16
