t(s),Total solute volume 1,Total retention volume 1,Total 1 volume 1,Total 2 volume 1,Total 3 volume 1,Total 4 volume 1,Total 5 volume 1,Total 6 volume 1
0,9.688003471877627e+16,1.0939690581669634e+17,3752113566455123.5,6674159898032270.0,2174251120655.1257,5177393501414.563,27986241660082.883,2055259747150818.8
