t(s),Total solute volume 1,Total retention volume 1,Total 1 volume 1,Total 2 volume 1,Total 3 volume 1,Total 4 volume 1,Total 5 volume 1,Total 6 volume 1
0,6.549761982660554e+18,3.793344803524163e+20,4.533611706929847e+19,3.264895769282699e+20,4.804463630274835e+16,1.7411018626708694e+17,1.9513468511433962e+17,5.417348645043943e+17
