t(s),Total solute volume 1,Total retention volume 1,Total 1 volume 1,Total 2 volume 1,Total 3 volume 1,Total 4 volume 1,Total 5 volume 1,Total 6 volume 1
0,3.8340070142403466e+18,2.5585029395511466e+20,4.533611706929847e+19,1.916287548066981e+20,4.928617844636885e+17,3.7683249981845565e+18,4.0189092493067187e+18,6.77131903292214e+18
