t(s),Total solute volume 1,Total retention volume 1,Total 1 volume 1,Total 2 volume 1,Total 3 volume 1,Total 4 volume 1,Total 5 volume 1,Total 6 volume 1
0,1.194648755498281e+18,2.829701886752702e+19,3.364073161464839e+18,9.67235389752105e+18,2.6512132243747508e+16,3.051530402836281e+17,3.216584821310006e+18,1.0517693059205362e+19
