t(s),Total solute volume 1,Total retention volume 1,Total 1 volume 1,Total 2 volume 1,Total 3 volume 1,Total 4 volume 1,Total 5 volume 1,Total 6 volume 1
0,2.0408582906428972e+18,2.298641632102716e+19,3.3640731614648397e+18,1.6521366587680283e+19,2712943311775295.0,1.982414282851758e+16,1.9528099209772995e+17,8.423002030011594e+17
