t(s),Total solute volume 1,Total retention volume 1,Total 1 volume 1,Total 2 volume 1,Total 3 volume 1,Total 4 volume 1,Total 5 volume 1,Total 6 volume 1
0,2.0408582906428972e+18,2.20959179735099e+19,3.3640731614648397e+18,1.6521366587680283e+19,434073492753861.1,3171878710545284.0,3.1245125919301708e+16,1.3476885559934245e+17
