t(s),Total solute volume 1,Total retention volume 1,Total 1 volume 1,Total 2 volume 1,Total 3 volume 1,Total 4 volume 1,Total 5 volume 1,Total 6 volume 1
0,1.194648755498281e+18,1.648180616152924e+19,3.3640731614648397e+18,9.67235389752105e+18,4242336608394126.0,4.8830567060413784e+16,5.1470826608541165e+17,1.6829491772907277e+18
