t(s),Total solute volume 1,Total retention volume 1,Total 1 volume 1,Total 2 volume 1
0,1.1477277462414928e+17,1.5667380687945165e+17,1.8083672627208548e+16,2.3817359628092044e+16
