t(s),Total solute volume 1,Total retention volume 1,Total 1 volume 1,Total 2 volume 1
0,1.9607015664959024e+17,2.5484180506960058e+17,1.8083672627208548e+16,4.068797579280357e+16
