t(s),Total solute volume 1,Total retention volume 1,Total 1 volume 1,Total 2 volume 1,Total 3 volume 1,Total 4 volume 1,Total 5 volume 1,Total 6 volume 1
0,5.556772250990977e+17,2.991974538812254e+18,1.8471874136236307e+17,5.881523663147372e+17,190962527479595.38,889675298772376.2,1.1649015174624966e+16,1.650696553035178e+18
