t(s),Total solute volume 1,Total retention volume 1,Total 1 volume 1,Total 2 volume 1,Total 3 volume 1,Total 4 volume 1,Total 5 volume 1,Total 6 volume 1
0,3.2527447322874304e+17,1.7107275475786666e+19,1.8471874136236307e+17,3.4428597201944646e+17,1862491896103821.2,1.3389560507314524e+16,1.4171554464280442e+17,1.6096028692129808e+19
