t(s),Total solute volume 1,Total retention volume 1,Total 1 volume 1,Total 2 volume 1,Total 3 volume 1,Total 4 volume 1,Total 5 volume 1,Total 6 volume 1
0,1.4340238840712154e+18,1.1587762139626238e+19,1.531053857194819e+18,6.685981104100383e+18,1979563907439524.0,1.3080228475802898e+16,1.9693099757093146e+17,1.7247125043056192e+18
