t(s),Total solute volume 1,Total retention volume 1,Total 1 volume 1,Total 2 volume 1,Total 3 volume 1,Total 4 volume 1,Total 5 volume 1,Total 6 volume 1
0,8.394286150660815e+17,3.0686307805690257e+19,1.531053857194819e+18,3.913959566691929e+18,1.9320854431485304e+16,1.982438647641605e+17,2.7396389620453386e+18,2.1444662085496447e+19
