t(s),Total solute volume 1,Total retention volume 1,Total 1 volume 1,Total 2 volume 1,Total 3 volume 1,Total 4 volume 1,Total 5 volume 1,Total 6 volume 1
0,4.5495789518832886e+19,4.520286836660406e+22,1.0574109797244612e+22,3.4581088036988603e+22,6.17563462049621e+17,5.6052556841416154e+17,3.7374440385669466e+17,6.229094174386772e+17
