t(s),Total solute volume 1,Total retention volume 1,Total 1 volume 1,Total 2 volume 1,Total 3 volume 1,Total 4 volume 1,Total 5 volume 1,Total 6 volume 1
0,7.772197376133865e+19,5.045244611898402e+22,1.0574109797244612e+22,3.980048746435127e+22,3.7186337771549016e+16,2.179986330771425e+16,1.8064447109073744e+16,4.983297834932268e+16
