t(s),Total solute volume 1,Total retention volume 1,Total 1 volume 1,Total 2 volume 1,Total 3 volume 1,Total 4 volume 1,Total 5 volume 1,Total 6 volume 1
0,4.584145573095851e+17,1.7068356056114723e+19,3.971127163555371e+17,8.29827887724081e+17,2754908325163798.5,2.2581473238377396e+16,2.7994218337074403e+17,1.507772232979122e+19
