t(s),Total solute volume 1,Total retention volume 1,Total 1 volume 1,Total 2 volume 1,Total 3 volume 1,Total 4 volume 1,Total 5 volume 1,Total 6 volume 1
0,7.831248687372006e+17,3.9267602158363034e+18,3.971127163555371e+17,1.417606166617462e+18,282399458558413.94,1499130429873319.2,2.27119137668833e+16,1.3044230204707786e+18
