t(s),Total solute volume 1,Total retention volume 1,Total 1 volume 1,Total 2 volume 1,Total 3 volume 1,Total 4 volume 1,Total 5 volume 1,Total 6 volume 1
0,1.0357694112375635e+17,2.4151550257889632e+17,1.4382961689890436e+16,1.830613831100575e+16,49740691711490.33,230360657002949.34,1364497037940377.8,1.0360486306758858e+17
