t(s),Total solute volume 1,Total retention volume 1,Total 1 volume 1,Total 2 volume 1,Total 3 volume 1,Total 4 volume 1,Total 5 volume 1,Total 6 volume 1
0,6.8888290702006904e+16,9.795996329665504e+16,5790815030907821.0,6433524569071775.0,16371126704826.62,64811412367615.21,311468887940829.56,1.6454681567654766e+16
