t(s),Total solute volume 1,Total retention volume 1,Total 1 volume 1,Total 2 volume 1,Total 3 volume 1,Total 4 volume 1,Total 5 volume 1,Total 6 volume 1
0,1.1768416328259624e+17,1.3674568154877034e+17,5790815030907821.0,1.0990603481902652e+16,1678523995446.9402,4307451486338.5635,25726066340046.914,2248387711540765.5
