t(s),Total solute volume 1,Total retention volume 1,Total 1 volume 1,Total 2 volume 1,Total 3 volume 1,Total 4 volume 1,Total 5 volume 1,Total 6 volume 1
0,7.158676193942945e+17,3.49687608276798e+18,3.250257609819086e+17,1.1260624170802307e+18,231107013796444.2,1185836761054290.2,1.7362230378421566e+16,1.3111411111582653e+18
