t(s),Total solute volume 1,Total retention volume 1,Total 1 volume 1,Total 2 volume 1,Total 3 volume 1,Total 4 volume 1,Total 5 volume 1,Total 6 volume 1
0,4.1904446013324595e+17,1.6303006193571647e+19,3.250257609819086e+17,6.591645730832125e+17,2254449329451068.5,1.7857570213138568e+16,2.129182031213985e+17,1.4666741176709315e+19
