t(s),Total solute volume 1,Total retention volume 1,Total 1 volume 1,Total 2 volume 1,Total 3 volume 1,Total 4 volume 1,Total 5 volume 1,Total 6 volume 1
0,4.5495789518832886e+19,4.5204825609807115e+22,1.0574109797244612e+22,3.4581088036988603e+22,1.1733636535965806e+18,1.064990183958691e+18,7.10109590133144e+17,1.1835226272235707e+18
