t(s),Total solute volume 1,Total retention volume 1,Total 1 volume 1,Total 2 volume 1,Total 3 volume 1,Total 4 volume 1,Total 5 volume 1,Total 6 volume 1
0,7.772197376133865e+19,5.0452560314159845e+22,1.0574109797244612e+22,3.980048746435126e+22,7.0654015359193384e+16,4.141972717615732e+16,3.4322437881937212e+16,9.468262225608027e+16
