t(s),Total solute volume 1,Total retention volume 1,Total 1 volume 1,Total 2 volume 1,Total 3 volume 1,Total 4 volume 1,Total 5 volume 1,Total 6 volume 1
0,2.0498657939890205e+20,1.1119342629146351e+23,6.1524972335763196e+22,4.946344516545733e+22,6531267130337667.0,3810997369350935.5,3157695293804982.0,8710883586428801.0
