t(s),Total solute volume 1,Total retention volume 1,Total 1 volume 1,Total 2 volume 1,Total 3 volume 1,Total 4 volume 1,Total 5 volume 1,Total 6 volume 1
0,1.1999214403838232e+20,1.103488404827071e+23,6.1524972335763196e+22,4.870349495676083e+22,1.0883196809670045e+17,9.799667160023107e+16,6.53315451791582e+16,1.0888595891047e+17
