t(s),Total solute volume 1,Total retention volume 1,Total 1 volume 1,Total 2 volume 1,Total 3 volume 1,Total 4 volume 1,Total 5 volume 1,Total 6 volume 1
0,1.950956450790701e+17,5.7369530286129504e+17,5.905751296626006e+16,9.282918675798294e+16,37191501367428.97,219742451018569.25,1799367133844970.0,2.246566569717488e+17
