t(s),Total solute volume 1,Total retention volume 1,Total 1 volume 1,Total 2 volume 1,Total 3 volume 1,Total 4 volume 1,Total 5 volume 1,Total 6 volume 1
0,3.332883936767457e+17,5.802941445258661e+17,5.905751296626006e+16,1.5858298787719715e+17,3812212363485.6025,14598420626160.695,148475781594521.66,2.919836359107346e+16
