t(s),Total solute volume 1,Total retention volume 1,Total 1 volume 1,Total 2 volume 1,Total 3 volume 1,Total 4 volume 1,Total 5 volume 1,Total 6 volume 1
0,1.2485206491236938e+19,4.32600324390009e+21,6.290856345856501e+20,3.6814069503789776e+21,6.776294968924385e+17,8.38765032553428e+17,5.658542664102919e+17,9.432036483695058e+17
