t(s),Total solute volume 1,Total retention volume 1,Total 1 volume 1,Total 2 volume 1,Total 3 volume 1,Total 4 volume 1,Total 5 volume 1,Total 6 volume 1
0,2.1328894422529733e+19,6.631314451176116e+21,6.290856345856501e+20,5.980718300898713e+21,4.603223624555506e+16,3.2780989331677564e+16,2.7351234909040636e+16,7.54568087149261e+16
