t(s),Total solute volume 1,Total retention volume 1,Total 1 volume 1,Total 2 volume 1,Total 3 volume 1,Total 4 volume 1,Total 5 volume 1,Total 6 volume 1
0,8.553063609334184e+16,1.595189530377585e+17,9383807851828776.0,1.1205049428947024e+16,35385903971325.28,152244162323723.53,817507317269728.9,5.2394322280077336e+16
