t(s),Total solute volume 1,Total retention volume 1,Total 1 volume 1,Total 2 volume 1,Total 3 volume 1,Total 4 volume 1,Total 5 volume 1,Total 6 volume 1
0,1.4611483665945994e+17,1.8187621758667904e+17,9383807851828778.0,1.9141956437258628e+16,3628247558757.0874,10118895358530.922,67524881463475.055,7154344613751882.0
