t(s),Total solute volume 1,Total retention volume 1,Total 1 volume 1,Total 2 volume 1,Total 3 volume 1,Total 4 volume 1,Total 5 volume 1,Total 6 volume 1
0,3.2527447322874304e+17,1.964600412453361e+19,1.8471874136236307e+17,3.4428597201944646e+17,2153384992820542.5,1.548051488298555e+16,1.6384808062999837e+17,1.8610242957417288e+19
