t(s),Total solute volume 1,Total retention volume 1,Total 1 volume 1,Total 2 volume 1,Total 3 volume 1,Total 4 volume 1,Total 5 volume 1,Total 6 volume 1
0,5.556772250990977e+17,3.251877792010533e+18,1.8471874136236307e+17,5.881523663147372e+17,220799634662541.7,1028683956546974.8,1.3469130247410678e+16,1.908610845395714e+18
