t(s),Total solute volume 1,Total retention volume 1,Total 1 volume 1,Total 2 volume 1,Total 3 volume 1,Total 4 volume 1,Total 5 volume 1,Total 6 volume 1
0,1.806632037606207e+18,1.6501510586867149e+19,2.563088576888768e+18,1.2087386361672243e+19,82766358347318.48,586871703076588.9,7008789747424431.0,3.672518289113411e+16
