t(s),Total solute volume 1,Total retention volume 1,Total 1 volume 1,Total 2 volume 1,Total 3 volume 1,Total 4 volume 1,Total 5 volume 1,Total 6 volume 1
0,1.0575407049402066e+18,1.127343117618348e+19,2.563088576888768e+18,7.076244436375885e+18,808477840345815.4,8969197922219560.0,1.0851234086926528e+17,4.582674413467694e+17
