t(s),Total solute volume 1,Total retention volume 1,Total 1 volume 1,Total 2 volume 1,Total 3 volume 1,Total 4 volume 1,Total 5 volume 1,Total 6 volume 1
0,1.1999214403838232e+20,1.1034867717732714e+23,6.1524972335763196e+22,4.870349495676083e+22,6.218972660376621e+16,5.599813480503773e+16,3.7332332436481624e+16,6.22205709928761e+16
