t(s),Total solute volume 1,Total retention volume 1,Total 1 volume 1,Total 2 volume 1,Total 3 volume 1,Total 4 volume 1,Total 5 volume 1,Total 6 volume 1
0,2.0498657939890205e+20,1.1119341677253093e+23,6.1524972335763196e+22,4.946344516545733e+22,3732152762015636.0,2177712839854600.0,1804397361618345.0,4977647923869615.0
