t(s),Total solute volume 1,Total retention volume 1,Total 1 volume 1,Total 2 volume 1,Total 3 volume 1,Total 4 volume 1,Total 5 volume 1,Total 6 volume 1
0,2.445311007127456e+17,4.4803896742059725e+17,2.9598370758294e+16,7.168383321791445e+16,21002957452411.785,71403252713310.02,620245761160118.0,1.0151301076031709e+17
