t(s),Total solute volume 1,Total retention volume 1,Total 1 volume 1,Total 2 volume 1,Total 3 volume 1,Total 4 volume 1,Total 5 volume 1,Total 6 volume 1
0,1.4314015651477992e+17,9.753737021061472e+17,2.9598370758294e+16,4.196129288420449e+16,204822024018547.12,1074187675742033.5,7509753004132322.0,7.518851192449728e+17
