t(s),Total solute volume 1,Total retention volume 1,Total 1 volume 1,Total 2 volume 1,Total 3 volume 1,Total 4 volume 1,Total 5 volume 1,Total 6 volume 1
0,2.399005506587524e+17,7.690051371099519e+18,9.36616297076456e+16,1.5772427002204848e+17,914255040463785.5,5847652024690850.0,5.3184637638889336e+16,7.13881837600703e+18
