t(s),Total solute volume 1,Total retention volume 1,Total 1 volume 1,Total 2 volume 1,Total 3 volume 1,Total 4 volume 1,Total 5 volume 1,Total 6 volume 1
0,5.467373305480017e+16,7.654040091725117e+16,3458157710870755.0,3557120067332162.0,21704436185607.246,78604336145860.02,335572236632307.8,1.4415509075284442e+16
