t(s),Total solute volume 1,Total retention volume 1,Total 1 volume 1,Total 2 volume 1,Total 3 volume 1,Total 4 volume 1,Total 5 volume 1,Total 6 volume 1
0,9.340096063528438e+16,1.0494200342595538e+17,3458157710870755.0,6076746478966877.0,2226387312405.8384,5227497949770.467,27732097793296.934,1970952617778080.2
