t(s),Total solute volume 1,Total retention volume 1,Total 1 volume 1,Total 2 volume 1,Total 3 volume 1,Total 4 volume 1,Total 5 volume 1,Total 6 volume 1
0,2.1328894422529733e+19,6.631344721366029e+21,6.290856345856501e+20,5.980718300898714e+21,5.3704269991546264e+16,3.824448415969756e+16,3.1909771029883628e+16,8.803293395666037e+16
