t(s),Total solute volume 1,Total retention volume 1,Total 1 volume 1,Total 2 volume 1,Total 3 volume 1,Total 4 volume 1,Total 5 volume 1,Total 6 volume 1
0,1.2485206491236938e+19,4.326507500904306e+21,6.290856345856501e+20,3.6814069503789787e+21,7.905664381941443e+17,9.785570414798442e+17,6.601620692201618e+17,1.100423899522479e+18
