t(s),Total solute volume 1,Total retention volume 1,Total 1 volume 1,Total 2 volume 1,Total 3 volume 1,Total 4 volume 1,Total 5 volume 1,Total 6 volume 1
0,6.030890236958341e+17,3.295528136037292e+18,2.2173507663096877e+17,7.255463282409612e+17,222098785921953.12,1067617762313971.9,1.4518732521921552e+16,1.7293492583993705e+18
