t(s),Total solute volume 1,Total retention volume 1,Total 1 volume 1,Total 2 volume 1,Total 3 volume 1,Total 4 volume 1,Total 5 volume 1,Total 6 volume 1
0,3.5302772118780864e+17,1.892418541826733e+19,2.2173507663096877e+17,4.247125719959892e+17,2166255399900703.0,1.6069776318431448e+16,1.7694784744194515e+17,1.772952616929225e+19
