t(s),Total solute volume 1,Total retention volume 1,Total 1 volume 1,Total 2 volume 1,Total 3 volume 1,Total 4 volume 1,Total 5 volume 1,Total 6 volume 1
0,2.0426316755341617e+18,5.288058707605868e+19,1.1130180818752053e+19,3.82466985051091e+19,1.0437741826084018e+16,1.2852861220339374e+17,4.605048989180516e+17,8.616048237152997e+17
