t(s),Total solute volume 1,Total retention volume 1,Total 1 volume 1,Total 2 volume 1,Total 3 volume 1,Total 4 volume 1,Total 5 volume 1,Total 6 volume 1
0,3.489495779037574e+18,8.002375959582858e+19,1.1130180818752053e+19,6.5303130943887696e+19,1060776801484843.8,7641886335716413.0,2.3315293439379348e+16,6.893409757433175e+16
