t(s),Total solute volume 1,Total retention volume 1,Total 1 volume 1,Total 2 volume 1,Total 3 volume 1,Total 4 volume 1,Total 5 volume 1,Total 6 volume 1
0,2.445311007127456e+17,4.573319134580167e+17,2.9598370758294e+16,7.168383321791445e+16,22912258374814.508,77894288101240.4,676630164559813.8,1.1074117205802438e+17
