t(s),Total solute volume 1,Total retention volume 1,Total 1 volume 1,Total 2 volume 1,Total 3 volume 1,Total 4 volume 1,Total 5 volume 1,Total 6 volume 1
0,1.4314015651477992e+17,1.0445003516679386e+18,2.9598370758294e+16,4.196129288420449e+16,223433151051270.94,1171777655200051.0,8192079286716816.0,8.202132414176906e+17
