t(s),Total solute volume 1,Total retention volume 1,Total 1 volume 1,Total 2 volume 1,Total 3 volume 1,Total 4 volume 1,Total 5 volume 1,Total 6 volume 1
0,1.4340238840712154e+18,9.844731749011085e+18,1.531053857194819e+18,6.68598110410038e+18,197958970236915.06,1308037280289471.8,1.9693332312758308e+16,1.724735750813388e+17
