t(s),Total solute volume 1,Total retention volume 1,Total 1 volume 1,Total 2 volume 1,Total 3 volume 1,Total 4 volume 1,Total 5 volume 1,Total 6 volume 1
0,8.394286150660815e+17,8.725031374702404e+18,1.531053857194819e+18,3.913959566691929e+18,1932482954471103.0,1.982983533750463e+16,2.7402815313403523e+17,2.1447988643235965e+18
