t(s),Total solute volume 1,Total retention volume 1,Total 1 volume 1,Total 2 volume 1,Total 3 volume 1,Total 4 volume 1,Total 5 volume 1,Total 6 volume 1
0,1.1342546114652189e+19,1.4743887914601297e+21,1.542273968290348e+20,1.3085723532580886e+21,3.5909261303556444e+16,4.904124105855242e+16,4.2954796073266264e+16,1.1858995991981022e+17
