t(s),Total solute volume 1,Total retention volume 1,Total 1 volume 1,Total 2 volume 1,Total 3 volume 1,Total 4 volume 1,Total 5 volume 1,Total 6 volume 1
0,6.639539189064714e+18,9.391721815948885e+20,1.542273968290348e+20,7.742999917924145e+20,4.20768368277808e+17,1.2139527144953715e+18,8.882195681876781e+17,1.48231313340992e+18
