t(s),Total solute volume 1,Total retention volume 1,Total 1 volume 1,Total 2 volume 1,Total 3 volume 1,Total 4 volume 1,Total 5 volume 1,Total 6 volume 1
0,5.5346593079818586e+17,2.612965717090491e+19,6.045923551720415e+17,1.3452732373157307e+18,6483400991413701.0,5.707468186583811e+16,7.597894188276102e+17,2.2802978145934103e+19
