t(s),Total solute volume 1,Total retention volume 1,Total 1 volume 1,Total 2 volume 1,Total 3 volume 1,Total 4 volume 1,Total 5 volume 1,Total 6 volume 1
0,9.455042984468884e+17,5.802888833498385e+18,6.045923551720416e+17,2.298131816040415e+18,664588837913303.2,3786200023162609.5,6.0568325699616936e+16,1.8896412492783322e+18
