t(s),Total solute volume 1,Total retention volume 1,Total 1 volume 1,Total 2 volume 1,Total 3 volume 1,Total 4 volume 1,Total 5 volume 1,Total 6 volume 1
0,8.957740053321614e+16,3.26630596459095e+17,1.040317029189783e+16,1.2615155834536546e+16,130676382311740.06,572156710455889.6,3146481371071598.5,2.1018555533560528e+17
