t(s),Total solute volume 1,Total retention volume 1,Total 1 volume 1,Total 2 volume 1,Total 3 volume 1,Total 4 volume 1,Total 5 volume 1,Total 6 volume 1
0,1.5302805924424387e+17,2.1400180586915245e+17,1.0403170291897824e+16,2.15508874098567e+16,13408549595709.963,38066470502880.55,260113303992520.22,2.870810059906314e+16
