t(s),Total solute volume 1,Total retention volume 1,Total 1 volume 1,Total 2 volume 1,Total 3 volume 1,Total 4 volume 1,Total 5 volume 1,Total 6 volume 1
0,8.957740053321614e+16,5.917006841280319e+19,1.040317029189783e+16,1.2615155834536548e+16,3.35532936876835e+16,1.338803951164984e+17,7.764118265532402e+17,5.811362717078557e+19
