t(s),Total solute volume 1,Total retention volume 1,Total 1 volume 1,Total 2 volume 1,Total 3 volume 1,Total 4 volume 1,Total 5 volume 1,Total 6 volume 1
0,1.0446784147997133e+17,1.2030497686805082e+17,4439458008290587.5,8097793286123659.0,3001757036968.8804,7358217527902.839,41342630047886.31,3248181489052251.0
