t(s),Total solute volume 1,Total retention volume 1,Total 1 volume 1,Total 2 volume 1,Total 3 volume 1,Total 4 volume 1,Total 5 volume 1,Total 6 volume 1
0,6.1151907207788056e+16,9.473148972572442e+16,4439458008290587.5,4740171994361016.0,29263987451587.133,110646910647054.83,500281366676650.75,2.3759760250509396e+16
