t(s),Total solute volume 1,Total retention volume 1,Total 1 volume 1,Total 2 volume 1,Total 3 volume 1,Total 4 volume 1,Total 5 volume 1,Total 6 volume 1
0,6.639539189064714e+18,9.418423027777506e+20,1.542273968290348e+20,7.742999917924197e+20,7.01273318972141e+17,2.023226408132404e+18,1.4803483998097083e+18,2.4705268403174113e+18
