t(s),Total solute volume 1,Total retention volume 1,Total 1 volume 1,Total 2 volume 1,Total 3 volume 1,Total 4 volume 1,Total 5 volume 1,Total 6 volume 1
0,1.1342546114652189e+19,1.4745531129929953e+21,1.542273968290348e+20,1.3085723532580755e+21,5.984872940948956e+16,8.17353561436478e+16,7.15912824602542e+16,1.9764142322046614e+17
