t(s),Total solute volume 1,Total retention volume 1,Total 1 volume 1,Total 2 volume 1,Total 3 volume 1,Total 4 volume 1,Total 5 volume 1,Total 6 volume 1
0,2.6900722401125917e+19,1.0973097346205328e+22,1.0530177027067483e+21,9.893021029122236e+21,4.295820899507304e+16,2.786797848350959e+16,2.3165149386191024e+16,6.390063842451063e+16
