t(s),Total solute volume 1,Total retention volume 1,Total 1 volume 1,Total 2 volume 1,Total 3 volume 1,Total 4 volume 1,Total 5 volume 1,Total 6 volume 1
0,1.5746764332366418e+19,7.373583859403362e+21,1.0530177027067483e+21,6.302159391947708e+21,6.669656222934172e+17,7.149538132684515e+17,4.7926513876757126e+17,7.98815842141092e+17
