t(s),Total solute volume 1,Total retention volume 1,Total 1 volume 1,Total 2 volume 1,Total 3 volume 1,Total 4 volume 1,Total 5 volume 1,Total 6 volume 1
0,7.772197376133865e+19,5.045240805390658e+22,1.0574109797244612e+22,3.980048746435125e+22,2.6030439683020116e+16,1.5259905925216496e+16,1.2645114404021046e+16,3.4883089340202612e+16
