t(s),Total solute volume 1,Total retention volume 1,Total 1 volume 1,Total 2 volume 1,Total 3 volume 1,Total 4 volume 1,Total 5 volume 1,Total 6 volume 1
0,4.5495789518832886e+19,4.520221594686329e+22,1.0574109797244612e+22,3.4581088036988603e+22,4.3229527379377766e+17,3.9236892899193363e+17,2.6162166937796835e+17,4.360372389016102e+17
