t(s),Total solute volume 1,Total retention volume 1,Total 1 volume 1,Total 2 volume 1,Total 3 volume 1,Total 4 volume 1,Total 5 volume 1,Total 6 volume 1
0,7.82153398870977e+16,1.1348286932216258e+17,7687035129498279.0,8909437720794750.0,14493451823706.787,60252083842220.11,309030247586822.2,1.828728080151852e+16
