t(s),Total solute volume 1,Total retention volume 1,Total 1 volume 1,Total 2 volume 1,Total 3 volume 1,Total 4 volume 1,Total 5 volume 1,Total 6 volume 1
0,1.3361787230712443e+17,1.59053973641164e+17,7687035129498279.0,1.522028754057002e+16,1485838887360.709,4003810207639.5435,25521113181618.27,2497767901694471.5
