t(s),Total solute volume 1,Total retention volume 1,Total 1 volume 1,Total 2 volume 1,Total 3 volume 1,Total 4 volume 1,Total 5 volume 1,Total 6 volume 1
0,4.5495789518832886e+19,4.520112857469586e+22,1.0574109797244612e+22,3.4581088036988603e+22,1.235133403046516e+17,1.1210589928781322e+17,7.474932776598606e+16,1.2458237620859622e+17
