t(s),Total solute volume 1,Total retention volume 1,Total 1 volume 1,Total 2 volume 1,Total 3 volume 1,Total 4 volume 1,Total 5 volume 1,Total 6 volume 1
0,7.772197376133865e+19,5.0452344612090645e+22,1.0574109797244612e+22,3.980048746435126e+22,7437270025118670.0,4359973888069887.0,3612890509563131.5,9966599095142648.0
