t(s),Total solute volume 1,Total retention volume 1,Total 1 volume 1,Total 2 volume 1,Total 3 volume 1,Total 4 volume 1,Total 5 volume 1,Total 6 volume 1
0,5.274852243967814e+16,8.29807160874029e+16,3192384722575143.5,3244736830869188.5,37037705088642.23,132266147983484.55,554455015487798.56,2.3071313225720856e+16
