t(s),Total solute volume 1,Total retention volume 1,Total 1 volume 1,Total 2 volume 1,Total 3 volume 1,Total 4 volume 1,Total 5 volume 1,Total 6 volume 1
0,9.011205916778291e+16,1.0206205138515632e+17,3192384722575143.5,5543091834178185.0,3801815255466.628,8804393316389.432,45856815579482.6,3156052636468172.5
