t(s),Total solute volume 1,Total retention volume 1,Total 1 volume 1,Total 2 volume 1,Total 3 volume 1,Total 4 volume 1,Total 5 volume 1,Total 6 volume 1
0,2.3091608011640064e+17,3.8575971274834035e+17,2.6047523684028044e+16,6.18908749437171e+16,15120990323597.31,50286496159351.66,424207232616396.0,6.6415619285094264e+16
