t(s),Total solute volume 1,Total retention volume 1,Total 1 volume 1,Total 2 volume 1,Total 3 volume 1,Total 4 volume 1,Total 5 volume 1,Total 6 volume 1
0,1.3517038836082043e+17,2.727637374850423e+20,2.6047523684028044e+16,3.622882322688759e+16,7.707215958210733e+16,3.7071577443231226e+17,2.611900602158551e+18,2.6950660221359777e+20
