t(s),Total solute volume 1,Total retention volume 1,Total 1 volume 1,Total 2 volume 1,Total 3 volume 1,Total 4 volume 1,Total 5 volume 1,Total 6 volume 1
0,1.3517038836082043e+17,6.940020045643968e+17,2.6047523684028044e+16,3.622882322688759e+16,147469759217861.94,756569233625876.5,5136329582746715.0,4.905149007170702e+17
