t(s),Total solute volume 1,Total retention volume 1,Total 1 volume 1,Total 2 volume 1,Total 3 volume 1,Total 4 volume 1,Total 5 volume 1,Total 6 volume 1
0,3.8340070142403466e+18,2.5137577894828104e+20,4.533611706929847e+19,1.916287548066981e+20,3.463426471024861e+17,2.6480871235494523e+18,2.8241666156589276e+18,4.758303671732358e+18
