t(s),Total solute volume 1,Total retention volume 1,Total 1 volume 1,Total 2 volume 1,Total 3 volume 1,Total 4 volume 1,Total 5 volume 1,Total 6 volume 1
0,6.549761982660554e+18,3.7904936590671885e+20,4.533611706929847e+19,3.264895769282699e+20,3.3761141092530664e+16,1.2234783750531714e+17,1.3712183741310965e+17,3.806791104799872e+17
