t(s),Total solute volume 1,Total retention volume 1,Total 1 volume 1,Total 2 volume 1,Total 3 volume 1,Total 4 volume 1,Total 5 volume 1,Total 6 volume 1
0,7.158676193942945e+17,2.2878591277703293e+18,3.250257609819086e+17,1.1260624170802307e+18,21009978628317.223,107804428578687.64,1578401607577443.2,1.1919611429910472e+17
