t(s),Total solute volume 1,Total retention volume 1,Total 1 volume 1,Total 2 volume 1,Total 3 volume 1,Total 4 volume 1,Total 5 volume 1,Total 6 volume 1
0,4.1904446013324595e+17,2.7579530125413647e+18,3.250257609819086e+17,6.591645730832125e+17,204988460562094.16,1623823106338631.0,1.93603477174416e+16,1.3335290590586545e+18
