t(s),Total solute volume 1,Total retention volume 1,Total 1 volume 1,Total 2 volume 1,Total 3 volume 1,Total 4 volume 1,Total 5 volume 1,Total 6 volume 1
0,4.1904446013324595e+17,4.263746535022324e+21,3.250257609819086e+17,6.591645730832125e+17,6.359342326619343e+17,4.94082421429818e+18,5.957529428384572e+19,4.1971912474973165e+21
