t(s),Total solute volume 1,Total retention volume 1,Total 1 volume 1,Total 2 volume 1,Total 3 volume 1,Total 4 volume 1,Total 5 volume 1,Total 6 volume 1
0,2.5932953168279194e+17,4.521942897785735e+17,3.3743667340789536e+16,8.333962927494267e+16,14150852159627.945,49207357589340.39,440464800176864.2,7.527763847012232e+16
