t(s),Total solute volume 1,Total retention volume 1,Total 1 volume 1,Total 2 volume 1,Total 3 volume 1,Total 4 volume 1,Total 5 volume 1,Total 6 volume 1
0,1.5180265269236467e+17,8.003564976032991e+17,3.3743667340789536e+16,4.87842065642926e+16,138024981962574.73,740460187545507.1,5334416969347014.0,5.598130688669941e+17
