t(s),Total solute volume 1,Total retention volume 1,Total 1 volume 1,Total 2 volume 1,Total 3 volume 1,Total 4 volume 1,Total 5 volume 1,Total 6 volume 1
0,5.539824915009872e+18,2.4990456748152845e+20,3.120606282469643e+19,2.1299199081623975e+20,5619439515585487.0,2.6560873238693016e+16,3.5470680487000932e+16,9.903793234003288e+16
