t(s),Total solute volume 1,Total retention volume 1,Total 1 volume 1,Total 2 volume 1,Total 3 volume 1,Total 4 volume 1,Total 5 volume 1,Total 6 volume 1
0,3.242824340493574e+18,1.61903474759221e+20,3.120606282469643e+19,1.2489632049785533e+20,5.659852782075131e+16,5.360392480723044e+17,7.27678228103788e+17,1.237951092179657e+18
