t(s),Total solute volume 1,Total retention volume 1,Total 1 volume 1,Total 2 volume 1,Total 3 volume 1,Total 4 volume 1,Total 5 volume 1,Total 6 volume 1
0,1.4340238840712154e+18,1.100675715762226e+19,1.531053857194819e+18,6.685981104100381e+18,1385700753972294.0,9156193609135768.0,1.3785224092524334e+17,1.2073041769674552e+18
