t(s),Total solute volume 1,Total retention volume 1,Total 1 volume 1,Total 2 volume 1,Total 3 volume 1,Total 4 volume 1,Total 5 volume 1,Total 6 volume 1
0,8.394286150660815e+17,2.336668774550655e+19,1.531053857194819e+18,3.913959566691929e+18,1.3525525501255576e+16,1.3878341701486053e+17,1.917897182827333e+18,1.5012039581210337e+19
