t(s),Total solute volume 1,Total retention volume 1,Total 1 volume 1,Total 2 volume 1,Total 3 volume 1,Total 4 volume 1,Total 5 volume 1,Total 6 volume 1
0,5.274852243967814e+16,6.2404462192792104e+16,3192384722575143.5,3244736830869188.5,5011730413359.045,17905456430906.863,75039584097674.44,3120861428728135.5
