t(s),Total solute volume 1,Total retention volume 1,Total 1 volume 1,Total 2 volume 1,Total 3 volume 1,Total 4 volume 1,Total 5 volume 1,Total 6 volume 1
0,9.011205916778291e+16,9.928196738217339e+16,3192384722575143.5,5543091834178185.0,513801961576.8044,1189867484414.1423,6197338570966.152,426530649620048.5
