t(s),Total solute volume 1,Total retention volume 1,Total 1 volume 1,Total 2 volume 1,Total 3 volume 1,Total 4 volume 1,Total 5 volume 1,Total 6 volume 1
0,1.0536084069480294e+20,6.471835234273859e+22,1.961934451448198e+22,4.49934784566537e+22,4.949603611637417e+16,2.8931336739096852e+16,2.3972498885218784e+16,6.613103639525828e+16
