t(s),Total solute volume 1,Total retention volume 1,Total 1 volume 1,Total 2 volume 1,Total 3 volume 1,Total 4 volume 1,Total 5 volume 1,Total 6 volume 1
0,6.1674638455494386e+19,6.14138957550535e+22,1.961934451448198e+22,4.172998634441791e+22,8.237244409787226e+17,7.439222420929691e+17,4.959780120015214e+17,8.266330029702112e+17
