t(s),Total solute volume 1,Total retention volume 1,Total 1 volume 1,Total 2 volume 1,Total 3 volume 1,Total 4 volume 1,Total 5 volume 1,Total 6 volume 1
0,4.5495789518832886e+19,4.520395572690541e+22,1.0574109797244612e+22,3.4581088036988603e+22,9.263421560937952e+17,8.407846701398185e+17,5.6061451051800166e+17,9.343618165438396e+17
