t(s),Total solute volume 1,Total retention volume 1,Total 1 volume 1,Total 2 volume 1,Total 3 volume 1,Total 4 volume 1,Total 5 volume 1,Total 6 volume 1
0,1.1477277462414928e+17,1.8549901968766192e+17,1.8083672627208548e+16,2.3817359628092044e+16,11375750833815.445,54809237949070.49,342169548264511.3,2.841685827116456e+16
