t(s),Total solute volume 1,Total retention volume 1,Total 1 volume 1,Total 2 volume 1,Total 3 volume 1,Total 4 volume 1,Total 5 volume 1,Total 6 volume 1
0,1.5746764332366418e+19,7.372475531559175e+21,1.0530177027067483e+21,6.302159391947708e+21,3.890646427867738e+17,4.1705834313098944e+17,2.79572447578637e+17,4.659771388347022e+17
