t(s),Total solute volume 1,Total retention volume 1,Total 1 volume 1,Total 2 volume 1,Total 3 volume 1,Total 4 volume 1,Total 5 volume 1,Total 6 volume 1
0,3.489495779037574e+18,8.123517543249388e+19,1.1130180818752053e+19,6.53031309438877e+19,1.3790003348868926e+16,9.934394241500587e+16,3.0309692108382e+17,8.96137023968579e+17
