t(s),Total solute volume 1,Total retention volume 1,Total 1 volume 1,Total 2 volume 1,Total 3 volume 1,Total 4 volume 1,Total 5 volume 1,Total 6 volume 1
0,2.0426316755341617e+18,7.041158063539069e+19,1.1130180818752053e+19,3.82466985051091e+19,1.356758748544038e+17,1.6706290125591127e+18,5.985820884160546e+18,1.119994386442076e+19
