t(s),Total solute volume 1,Total retention volume 1,Total 1 volume 1,Total 2 volume 1,Total 3 volume 1,Total 4 volume 1,Total 5 volume 1,Total 6 volume 1
0,4.1904446013324595e+17,1.8334430364339132e+19,3.250257609819086e+17,6.591645730832125e+17,2561802025769159.5,2.0291929333877824e+16,2.419447290246123e+17,1.6666397109756494e+19
