t(s),Total solute volume 1,Total retention volume 1,Total 1 volume 1,Total 2 volume 1,Total 3 volume 1,Total 4 volume 1,Total 5 volume 1,Total 6 volume 1
0,7.158676193942945e+17,3.678226062393412e+18,3.250257609819086e+17,1.1260624170802307e+18,262621137653223.4,1347539736452715.2,1.9729775321625692e+16,1.4899303287412426e+18
