t(s),Total solute volume 1,Total retention volume 1,Total 1 volume 1,Total 2 volume 1,Total 3 volume 1,Total 4 volume 1,Total 5 volume 1,Total 6 volume 1
0,8.394286150660815e+17,1.2995847323196641e+19,1.531053857194819e+18,3.913959566691929e+18,5314115531430513.0,5.452913290595016e+16,7.53543055019298e+17,5.898018980787177e+18
