t(s),Total solute volume 1,Total retention volume 1,Total 1 volume 1,Total 2 volume 1,Total 3 volume 1,Total 4 volume 1,Total 5 volume 1,Total 6 volume 1
0,1.4340238840712154e+18,1.0183657953755466e+19,1.531053857194819e+18,6.68598110410038e+18,544385788824829.7,3597094803237140.0,5.415653950620503e+16,4.743010882907456e+17
