t(s),Total solute volume 1,Total retention volume 1,Total 1 volume 1,Total 2 volume 1,Total 3 volume 1,Total 4 volume 1,Total 5 volume 1,Total 6 volume 1
0,9.85717952218855e+16,3.394585773695952e+17,1.2878448802488326e+16,1.6122851276236812e+16,109261151041372.31,496393764547082.44,2866832256224256.5,2.0841299489717405e+17
