t(s),Total solute volume 1,Total retention volume 1,Total 1 volume 1,Total 2 volume 1,Total 3 volume 1,Total 4 volume 1,Total 5 volume 1,Total 6 volume 1
0,1.6839348350405472e+17,2.3753153165426787e+17,1.2878448802488326e+16,2.7543198044355056e+16,11206755864542.67,33008059078718.215,236884174073835.1,2.8435302314353516e+16
