t(s),Total solute volume 1,Total retention volume 1,Total 1 volume 1,Total 2 volume 1,Total 3 volume 1,Total 4 volume 1,Total 5 volume 1,Total 6 volume 1
0,6.561971943550011e+17,3.5988142075438853e+18,2.6766928604882394e+17,9.008356262596815e+17,259496486318429.72,1288176122862980.2,1.818718813976636e+16,1.7543772401314363e+18
