t(s),Total solute volume 1,Total retention volume 1,Total 1 volume 1,Total 2 volume 1,Total 3 volume 1,Total 4 volume 1,Total 5 volume 1,Total 6 volume 1
0,3.841154308419529e+17,2.0268984965426872e+19,2.6766928604882394e+17,5.273223096638238e+17,2531120928485782.5,1.9392892385540684e+16,2.222209818858489e+17,1.8845732943672426e+19
