t(s),Total solute volume 1,Total retention volume 1,Total 1 volume 1,Total 2 volume 1,Total 3 volume 1,Total 4 volume 1,Total 5 volume 1,Total 6 volume 1
0,1.710368165630296e+19,3.98122004689648e+21,3.850111262848305e+20,3.578457514507153e+21,1.457718492913079e+17,1.206607476732205e+17,1.014328068007485e+17,2.79859044378633e+17
