t(s),Total solute volume 1,Total retention volume 1,Total 1 volume 1,Total 2 volume 1,Total 3 volume 1,Total 4 volume 1,Total 5 volume 1,Total 6 volume 1
0,1.001191121344553e+19,2.563702323864508e+21,3.850111262848305e+20,2.1580146193043675e+21,1.9972517507882637e+18,3.0709763014819533e+18,2.098289779730857e+18,3.4981492298884475e+18
