t(s),Total solute volume 1,Total retention volume 1,Total 1 volume 1,Total 2 volume 1,Total 3 volume 1,Total 4 volume 1,Total 5 volume 1,Total 6 volume 1
0,9.367034766423861e+18,9.20127118007648e+20,1.00671705467033e+20,8.09242238822048e+20,8.980852068343542e+16,1.6980078698811046e+17,1.5586402480395952e+17,4.306656196682188e+17
