t(s),Total solute volume 1,Total retention volume 1,Total 1 volume 1,Total 2 volume 1,Total 3 volume 1,Total 4 volume 1,Total 5 volume 1,Total 6 volume 1
0,5.483142302296937e+18,5.966959555252056e+20,1.00671705467033e+20,4.7686637777748827e+20,9.903044501024224e+17,4.080444474864032e+18,3.220904195889886e+18,5.383076857534405e+18
