t(s),Total solute volume 1,Total retention volume 1,Total 1 volume 1,Total 2 volume 1,Total 3 volume 1,Total 4 volume 1,Total 5 volume 1,Total 6 volume 1
0,3.818076622203744e+17,1.0761829030945638e+18,7.99733013773092e+16,2.2469880913100803e+17,43891114396427.44,177083787221173.78,1929018613518944.0,3.875531368507381e+17
