t(s),Total solute volume 1,Total retention volume 1,Total 1 volume 1,Total 2 volume 1,Total 3 volume 1,Total 4 volume 1,Total 5 volume 1,Total 6 volume 1
0,2.2349716812900077e+17,3.5580543185175137e+18,7.99733013773092e+16,1.3153125251363437e+17,428110977806093.75,2664890791707032.5,2.338313715571937e+16,3.096576457572332e+18
