t(s),Total solute volume 1,Total retention volume 1,Total 1 volume 1,Total 2 volume 1,Total 3 volume 1,Total 4 volume 1,Total 5 volume 1,Total 6 volume 1
0,9.455042984468884e+17,4.193173386331291e+18,6.045923551720417e+17,2.298131816040415e+18,117281984730828.33,668160671432064.4,1.0688660342296906e+16,3.3347081367346e+17
