t(s),Total solute volume 1,Total retention volume 1,Total 1 volume 1,Total 2 volume 1,Total 3 volume 1,Total 4 volume 1,Total 5 volume 1,Total 6 volume 1
0,6.561971943550011e+17,2.830040849501106e+18,2.6766928604882394e+17,9.008356262596815e+17,147049219856808.88,729971559833606.4,1.0306150193351554e+16,9.941555718645635e+17
