t(s),Total solute volume 1,Total retention volume 1,Total 1 volume 1,Total 2 volume 1,Total 3 volume 1,Total 4 volume 1,Total 5 volume 1,Total 6 volume 1
0,3.841154308419529e+17,1.199777210991736e+19,2.6766928604882394e+17,5.273223096638238e+17,1434488327176502.0,1.0991214196052762e+16,1.2594388558920358e+17,1.068029549525033e+19
