t(s),Total solute volume 1,Total retention volume 1,Total 1 volume 1,Total 2 volume 1,Total 3 volume 1,Total 4 volume 1,Total 5 volume 1,Total 6 volume 1
0,5.67102642256257e+16,8.327627077009325e+16,3752113566455123.5,3906825519925697.5,25904776754233.71,95143298848554.97,413873211964533.44,1.8372146170519536e+16
