t(s),Total solute volume 1,Total retention volume 1,Total 1 volume 1,Total 2 volume 1,Total 3 volume 1,Total 4 volume 1,Total 5 volume 1,Total 6 volume 1
0,9.688003471877627e+16,1.0986145678157408e+17,3752113566455123.5,6674159898032270.0,2657391551988.9907,6327871988026.041,34205097533015.664,2511958237238072.5
