t(s),Total solute volume 1,Total retention volume 1,Total 1 volume 1,Total 2 volume 1,Total 3 volume 1,Total 4 volume 1,Total 5 volume 1,Total 6 volume 1
0,1.4314015651477992e+17,7.679682381976342e+17,2.9598370758294e+16,4.196129288420449e+16,148979588888800.66,781354319244944.0,5462395760354958.0,5.468756883718659e+17
