t(s),Total solute volume 1,Total retention volume 1,Total 1 volume 1,Total 2 volume 1,Total 3 volume 1,Total 4 volume 1,Total 5 volume 1,Total 6 volume 1
0,2.445311007127456e+17,4.201598332855374e+17,2.9598370758294e+16,7.168383321791445e+16,15274995840414.09,51929977148275.94,451090976102775.4,7.382823264749134e+16
