t(s),Total solute volume 1,Total retention volume 1,Total 1 volume 1,Total 2 volume 1,Total 3 volume 1,Total 4 volume 1,Total 5 volume 1,Total 6 volume 1
0,8.591862577826981e+17,3.6791942928993157e+18,4.883330109832728e+17,1.7979335094057503e+18,142081392208667.9,781024857698882.2,1.2196924361471908e+16,5.206214841162259e+17
