t(s),Total solute volume 1,Total retention volume 1,Total 1 volume 1,Total 2 volume 1,Total 3 volume 1,Total 4 volume 1,Total 5 volume 1,Total 6 volume 1
0,5.0293829723865024e+17,8.378952573149305e+18,4.883330109832728e+17,1.0524643962722106e+18,1386256596818788.2,1.1770519515808022e+16,1.5145096803521856e+17,6.170609124507334e+18
