t(s),Total solute volume 1,Total retention volume 1,Total 1 volume 1,Total 2 volume 1,Total 3 volume 1,Total 4 volume 1,Total 5 volume 1,Total 6 volume 1
0,4.1904446013324595e+17,1.968866477558202e+19,3.250257609819086e+17,6.591645730832125e+17,2766694197457926.0,2.1914733570209104e+16,2.612947099902e+17,1.799945384362578e+19
