t(s),Total solute volume 1,Total retention volume 1,Total 1 volume 1,Total 2 volume 1,Total 3 volume 1,Total 4 volume 1,Total 5 volume 1,Total 6 volume 1
0,7.158676193942945e+17,3.799125677225598e+18,3.250257609819086e+17,1.1260624170802307e+18,283630491034258.6,1455341448392336.8,2.130813436027969e+16,1.6091227734694561e+18
