t(s),Total solute volume 1,Total retention volume 1,Total 1 volume 1,Total 2 volume 1,Total 3 volume 1,Total 4 volume 1,Total 5 volume 1,Total 6 volume 1
0,7.801667161565198e+18,5.842627437362799e+20,6.696388307350977e+19,5.094009276905076e+20,7108342275940622.0,1.881326331710654e+16,1.8670839578110876e+16,5.167336552716287e+16
