t(s),Total solute volume 1,Total retention volume 1,Total 1 volume 1,Total 2 volume 1,Total 3 volume 1,Total 4 volume 1,Total 5 volume 1,Total 6 volume 1
0,4.566829557989454e+18,3.725058302656097e+20,6.696388307350977e+19,2.9943637271575534e+20,7.505742579687522e+16,4.3236926703036704e+17,3.8540437605925805e+17,6.459138494700311e+17
