t(s),Total solute volume 1,Total retention volume 1,Total 1 volume 1,Total 2 volume 1,Total 3 volume 1,Total 4 volume 1,Total 5 volume 1,Total 6 volume 1
0,2.1836778534678442e+17,3.8155633087316454e+17,2.2995109404381096e+16,5.36299248106901e+16,21503956071295.51,69993891300029.734,573817227499828.6,8.589819623643722e+16
