t(s),Total solute volume 1,Total retention volume 1,Total 1 volume 1,Total 2 volume 1,Total 3 volume 1,Total 4 volume 1,Total 5 volume 1,Total 6 volume 1
0,1.454865482009603e+20,8.391709222487339e+22,3.579686312483719e+22,4.797460062369274e+22,4.17201643492645e+16,2.4355891015691532e+16,2.0180830651537092e+16,5.567125600880534e+16
