t(s),Total solute volume 1,Total retention volume 1,Total 1 volume 1,Total 2 volume 1,Total 3 volume 1,Total 4 volume 1,Total 5 volume 1,Total 6 volume 1
0,8.516285748348854e+19,8.217167475066934e+22,3.579686312483719e+22,4.628721412782856e+22,6.94938969846018e+17,6.262832555844735e+17,4.175311036549226e+17,6.958871907377133e+17
