t(s),Total solute volume 1,Total retention volume 1,Total 1 volume 1,Total 2 volume 1,Total 3 volume 1,Total 4 volume 1,Total 5 volume 1,Total 6 volume 1
0,3.4133172510483444e+19,3.15022827244492e+22,5.744900751039818e+21,2.57204529767919e+22,7.875344031848275e+17,7.227877902731235e+17,4.820615023164624e+17,8.034404115012908e+17
