t(s),Total solute volume 1,Total retention volume 1,Total 1 volume 1,Total 2 volume 1,Total 3 volume 1,Total 4 volume 1,Total 5 volume 1,Total 6 volume 1
0,5.831083637207589e+19,3.810650846761227e+22,5.744900751039818e+21,3.230313354759354e+22,4.76434877110455e+16,2.8113636102955108e+16,2.329987607419529e+16,6.4275607167107256e+16
