t(s),Total solute volume 1,Total retention volume 1,Total 1 volume 1,Total 2 volume 1,Total 3 volume 1,Total 4 volume 1,Total 5 volume 1,Total 6 volume 1
0,1.827745988668061e+17,2.0903822808614948e+18,5.1059153534519e+16,7.853065002362187e+16,321403966397912.56,1851763650475821.0,1.4668152195650808e+16,1.7611765586240292e+18
