t(s),Total solute volume 1,Total retention volume 1,Total 1 volume 1,Total 2 volume 1,Total 3 volume 1,Total 4 volume 1,Total 5 volume 1,Total 6 volume 1
0,3.122399397307938e+17,7.306291950813676e+17,5.1059153534519e+16,1.3415637957682182e+17,32954179212653.938,123070415926697.84,1210938914038027.8,2.31806758730054e+17
