t(s),Total solute volume 1,Total retention volume 1,Total 1 volume 1,Total 2 volume 1,Total 3 volume 1,Total 4 volume 1,Total 5 volume 1,Total 6 volume 1
0,3.122399397307938e+17,8.355539792147776e+17,5.1059153534519e+16,1.3415637957682182e+17,47783096258681.2,178450637019414.97,1755845986889176.8,3.36116426652478e+17
