t(s),Total solute volume 1,Total retention volume 1,Total 1 volume 1,Total 2 volume 1,Total 3 volume 1,Total 4 volume 1,Total 5 volume 1,Total 6 volume 1
0,8.591862577826981e+17,4.390841596082309e+18,4.883330109832728e+17,1.7979335094057503e+18,331521170616510.75,1822381662671696.5,2.845932852515375e+16,1.2147755865521444e+18
