t(s),Total solute volume 1,Total retention volume 1,Total 1 volume 1,Total 2 volume 1,Total 3 volume 1,Total 4 volume 1,Total 5 volume 1,Total 6 volume 1
0,5.0293829723865024e+17,1.682479040455366e+19,4.883330109832728e+17,1.0524643962722106e+18,3234278672777001.0,2.7460915299975532e+16,3.5334573139012045e+17,1.4397013774696675e+19
