t(s),Total solute volume 1,Total retention volume 1,Total 1 volume 1,Total 2 volume 1,Total 3 volume 1,Total 4 volume 1,Total 5 volume 1,Total 6 volume 1
0,2.399005506587524e+17,9.314923801356968e+18,9.36616297076456e+16,1.5772427002204848e+17,1120589876789093.2,7167151101621179.0,6.518678756909818e+16,8.750162822421027e+18
