t(s),Total solute volume 1,Total retention volume 1,Total 1 volume 1,Total 2 volume 1,Total 3 volume 1,Total 4 volume 1,Total 5 volume 1,Total 6 volume 1
0,8.957740053321614e+16,2.089571545930864e+17,1.040317029189783e+16,1.2615155834536546e+16,58841044484853.5,257684991140419.12,1416923181811844.8,9.4627978715999e+16
