t(s),Total solute volume 1,Total retention volume 1,Total 1 volume 1,Total 2 volume 1,Total 3 volume 1,Total 4 volume 1,Total 5 volume 1,Total 6 volume 1
0,1.5302805924424387e+17,1.9804151005721622e+17,1.0403170291897824e+16,2.15508874098567e+16,6034085750057.147,17130484911661.592,117055178539347.84,1.2919173362016524e+16
