t(s),Total solute volume 1,Total retention volume 1,Total 1 volume 1,Total 2 volume 1,Total 3 volume 1,Total 4 volume 1,Total 5 volume 1,Total 6 volume 1
0,8.957740053321614e+16,3.0686416619140588e+19,1.0403170291897832e+16,1.2615155834536546e+16,1.7975590291037746e+16,7.481693980017731e+16,4.236473732180261e+17,3.0057380989171765e+19
