t(s),Total solute volume 1,Total retention volume 1,Total 1 volume 1,Total 2 volume 1,Total 3 volume 1,Total 4 volume 1,Total 5 volume 1,Total 6 volume 1
0,1.3361787230712443e+17,1.7338254763552544e+17,7687035129498279.0,1.522028754057002e+16,9904925994263.424,26690547040376.465,170130378382703.78,1.6650626806914534e+16
