t(s),Total solute volume 1,Total retention volume 1,Total 1 volume 1,Total 2 volume 1,Total 3 volume 1,Total 4 volume 1,Total 5 volume 1,Total 6 volume 1
0,7.82153398870977e+16,2.191847748057605e+17,7687035129498278.0,8909437720794750.0,96520466532139.73,401111284885908.44,2057709494479829.2,1.2181762082247426e+17
