t(s),Total solute volume 1,Total retention volume 1,Total 1 volume 1,Total 2 volume 1,Total 3 volume 1,Total 4 volume 1,Total 5 volume 1,Total 6 volume 1
0,8.405294887353384e+16,9.181764889258152e+16,2733248773475387.0,4637024230775944.0,527809832914.17725,1190018619099.081,5980792060856.452,386728394283251.56
