t(s),Total solute volume 1,Total retention volume 1,Total 1 volume 1,Total 2 volume 1,Total 3 volume 1,Total 4 volume 1,Total 5 volume 1,Total 6 volume 1
0,4.920172616987362e+16,5.757423795634221e+16,2733248773475387.0,2714355750467661.0,5148104908562.421,17906485340069.848,72413242071576.64,2829439430205388.0
