t(s),Total solute volume 1,Total retention volume 1,Total 1 volume 1,Total 2 volume 1,Total 3 volume 1,Total 4 volume 1,Total 5 volume 1,Total 6 volume 1
0,1.001191121344553e+19,2.561457198911822e+21,3.850111262848306e+20,2.1580146193043675e+21,1.576789921363626e+18,2.4244800831140623e+18,1.6565592024641313e+18,2.7617129022675323e+18
