t(s),Total solute volume 1,Total retention volume 1,Total 1 volume 1,Total 2 volume 1,Total 3 volume 1,Total 4 volume 1,Total 5 volume 1,Total 6 volume 1
0,1.710368165630296e+19,3.981083684098684e+21,3.850111262848306e+20,3.578457514507153e+21,1.150830954177863e+17,9.52585246089114e+16,8.007856731587907e+16,2.2094146304387744e+17
