t(s),Total solute volume 1,Total retention volume 1,Total 1 volume 1,Total 2 volume 1,Total 3 volume 1,Total 4 volume 1,Total 5 volume 1,Total 6 volume 1
0,1.772257703331625e+18,4.868632232825688e+19,8.108748995498784e+18,2.6581741941542703e+19,6.1064092999626136e+16,7.56258209778391e+17,3.7776992353419305e+18,7.628552149763847e+18
