t(s),Total solute volume 1,Total retention volume 1,Total 1 volume 1,Total 2 volume 1,Total 3 volume 1,Total 4 volume 1,Total 5 volume 1,Total 6 volume 1
0,3.027606909858182e+18,5.739006375292381e+19,8.108748995498786e+18,4.539357696078196e+19,6224261167579164.0,4.6611689975441096e+16,1.9688526840656656e+17,6.104096672352052e+17
