t(s),Total solute volume 1,Total retention volume 1,Total 1 volume 1,Total 2 volume 1,Total 3 volume 1,Total 4 volume 1,Total 5 volume 1,Total 6 volume 1
0,8.113418985332498e+18,1.5361997306346264e+21,2.4107704894684447e+20,1.281474549652156e+21,8.036208788378465e+17,1.649876781365787e+18,1.1550120841099128e+18,1.9262033059851569e+18
