t(s),Total solute volume 1,Total retention volume 1,Total 1 volume 1,Total 2 volume 1,Total 3 volume 1,Total 4 volume 1,Total 5 volume 1,Total 6 volume 1
0,1.3860424099942965e+19,2.405865750038813e+21,2.4107704894684447e+20,2.1505892778574818e+21,6.358271220365948e+16,6.547415509543452e+16,5.584092444847248e+16,1.5410134277848394e+17
