t(s),Total solute volume 1,Total retention volume 1,Total 1 volume 1,Total 2 volume 1,Total 3 volume 1,Total 4 volume 1,Total 5 volume 1,Total 6 volume 1
0,4.584145573095851e+17,2.7554160737078686e+19,3.971127163555371e+17,8.29827887724081e+17,4632642629358617.0,3.7971228255493e+16,4.707409292154352e+17,2.535546077558919e+19
