t(s),Total solute volume 1,Total retention volume 1,Total 1 volume 1,Total 2 volume 1,Total 3 volume 1,Total 4 volume 1,Total 5 volume 1,Total 6 volume 1
0,7.831248687372006e+17,4.832820311706536e+18,3.971127163555371e+17,1.417606166617462e+18,474940567699422.6,2521246940069038.5,3.819701970841559e+16,2.1937833527801329e+18
