t(s),Total solute volume 1,Total retention volume 1,Total 1 volume 1,Total 2 volume 1,Total 3 volume 1,Total 4 volume 1,Total 5 volume 1,Total 6 volume 1
0,7.49048861694545e+16,1.8923744911608598e+17,6980090150537523.0,7974287186130815.0,83256396883013.33,340285271967629.2,1707380109521302.0,9.724726383158947e+16
