t(s),Total solute volume 1,Total retention volume 1,Total 1 volume 1,Total 2 volume 1,Total 3 volume 1,Total 4 volume 1,Total 5 volume 1,Total 6 volume 1
0,2.445311007127456e+17,3.690469340866485e+17,2.9598370758294e+16,7.168383321791445e+16,4773503630000.554,16228311973078.678,140967734643322.75,2.3071659847448772e+16
