t(s),Total solute volume 1,Total retention volume 1,Total 1 volume 1,Total 2 volume 1,Total 3 volume 1,Total 4 volume 1,Total 5 volume 1,Total 6 volume 1
0,1.9607015664959024e+17,2.6849021498186762e+17,1.8083672627208548e+16,4.068797579280357e+16,4081194204104.672,12744989814133.482,98880182415226.77,1.3532703545833768e+16
