t(s),Total solute volume 1,Total retention volume 1,Total 1 volume 1,Total 2 volume 1,Total 3 volume 1,Total 4 volume 1,Total 5 volume 1,Total 6 volume 1
0,1.1477277462414928e+17,2.575529505140851e+17,1.8083672627208548e+16,2.3817359628092044e+16,39810400591447.46,191801906376334.38,1197431323161652.5,9.94501000045031e+16
