t(s),Total solute volume 1,Total retention volume 1,Total 1 volume 1,Total 2 volume 1,Total 3 volume 1,Total 4 volume 1,Total 5 volume 1,Total 6 volume 1
0,1.194648755498281e+18,2.998475263009405e+19,3.364073161464839e+18,9.67235389752105e+18,2.9693192705730052e+16,3.417653253679742e+17,3.6025203118479585e+18,1.177969798568806e+19
