t(s),Total solute volume 1,Total retention volume 1,Total 1 volume 1,Total 2 volume 1,Total 3 volume 1,Total 4 volume 1,Total 5 volume 1,Total 6 volume 1
0,1.2796251387281995e+17,1.606140950769412e+17,6980090150537523.0,1.3622739088267018e+16,7644306798608.668,20259104132587.95,126303710268193.92,1.1894544844118696e+16
