t(s),Total solute volume 1,Total retention volume 1,Total 1 volume 1,Total 2 volume 1,Total 3 volume 1,Total 4 volume 1,Total 5 volume 1,Total 6 volume 1
0,7.49048861694545e+16,1.7878532598613286e+17,6980090150537523.0,7974287186130815.0,74502160594161.38,304518141182333.4,1527880169328740.2,8.70191620089032e+16
