t(s),Total solute volume 1,Total retention volume 1,Total 1 volume 1,Total 2 volume 1,Total 3 volume 1,Total 4 volume 1,Total 5 volume 1,Total 6 volume 1
0,9.688003471877627e+16,1.1032599818818434e+17,3752113566455123.5,6674159898032270.0,3140522353267.716,7478331056578.395,40423841070573.56,2968647310440609.5
