t(s),Total solute volume 1,Total retention volume 1,Total 1 volume 1,Total 2 volume 1,Total 3 volume 1,Total 4 volume 1,Total 5 volume 1,Total 6 volume 1
0,5.67102642256257e+16,8.671122908597941e+16,3752113566455123.5,3906825519925697.5,30609923254649.52,112418473331086.11,489035239700863.8,2.170996213768684e+16
