t(s),Total solute volume 1,Total retention volume 1,Total 1 volume 1,Total 2 volume 1,Total 3 volume 1,Total 4 volume 1,Total 5 volume 1,Total 6 volume 1
0,2.2349716812900077e+17,1.3536696419849938e+18,7.99733013773092e+16,1.3153125251363437e+17,125937262023267.9,783976587755846.6,6878779841326500.0,9.108792262739535e+17
