t(s),Total solute volume 1,Total retention volume 1,Total 1 volume 1,Total 2 volume 1,Total 3 volume 1,Total 4 volume 1,Total 5 volume 1,Total 6 volume 1
0,3.818076622203744e+17,8.010996677279875e+17,7.99733013773092e+16,2.2469880913100803e+17,12909295895141.232,52083960849881.89,567364175211171.5,1.139875375673344e+17
