t(s),Total solute volume 1,Total retention volume 1,Total 1 volume 1,Total 2 volume 1,Total 3 volume 1,Total 4 volume 1,Total 5 volume 1,Total 6 volume 1
0,4.718423901827473e+18,1.6834916684073606e+20,2.1816306119850037e+19,1.413400008682567e+20,1.0779599989161312e+16,6.2376446940181736e+16,1.050282582122343e+17,2.9625164566096006e+17
