t(s),Total solute volume 1,Total retention volume 1,Total 1 volume 1,Total 2 volume 1,Total 3 volume 1,Total 4 volume 1,Total 5 volume 1,Total 6 volume 1
0,2.7620042352160896e+18,1.1453262291523702e+20,2.1816306119850037e+19,8.283158743020675e+19,1.0732184029068632e+17,1.1729041869345964e+18,2.1395224761806636e+18,3.702976626558011e+18
