t(s),Total solute volume 1,Total retention volume 1,Total 1 volume 1,Total 2 volume 1,Total 3 volume 1,Total 4 volume 1,Total 5 volume 1,Total 6 volume 1
0,6.639539189064714e+18,9.428436015658518e+20,1.542273968290348e+20,7.742999917924197e+20,8.064611709703191e+17,2.326698244616231e+18,1.7023930968297695e+18,2.8411212429153193e+18
