t(s),Total solute volume 1,Total retention volume 1,Total 1 volume 1,Total 2 volume 1,Total 3 volume 1,Total 4 volume 1,Total 5 volume 1,Total 6 volume 1
0,1.1342546114652189e+19,1.474614740944846e+21,1.542273968290348e+20,1.3085723532580823e+21,6.882602181714583e+16,9.399563991626021e+16,8.232995744515309e+16,2.2729312389914224e+17
