t(s),Total solute volume 1,Total retention volume 1,Total 1 volume 1,Total 2 volume 1,Total 3 volume 1,Total 4 volume 1,Total 5 volume 1,Total 6 volume 1
0,2.445311007127456e+17,4.062200997027447e+17,2.9598370758294e+16,7.168383321791444e+16,12410981933753.91,42193244076421.414,366512697704990.9,5.99856780900778e+16
