t(s),Total solute volume 1,Total retention volume 1,Total 1 volume 1,Total 2 volume 1,Total 3 volume 1,Total 4 volume 1,Total 5 volume 1,Total 6 volume 1
0,1.3361787230712443e+17,1.6284702531595517e+17,7687035129498279.0,1.522028754057002e+16,3714531046451.7676,10009374530107.246,63801752921244.67,6244304680263838.0
