t(s),Total solute volume 1,Total retention volume 1,Total 1 volume 1,Total 2 volume 1,Total 3 volume 1,Total 4 volume 1,Total 5 volume 1,Total 6 volume 1
0,7.82153398870977e+16,1.4147944743781245e+17,7687035129498279.0,8909437720794750.0,36223442448209.69,150573641834971.25,772328015591481.5,4.570850960054766e+16
