t(s),Total solute volume 1,Total retention volume 1,Total 1 volume 1,Total 2 volume 1,Total 3 volume 1,Total 4 volume 1,Total 5 volume 1,Total 6 volume 1
0,6.357639040862142e+16,9.266278361006707e+16,4841705944743442.0,5237103708245424.0,21284565073120.508,81696819837201.06,376804022535978.5,1.8527798141010628e+16
