t(s),Total solute volume 1,Total retention volume 1,Total 1 volume 1,Total 2 volume 1,Total 3 volume 1,Total 4 volume 1,Total 5 volume 1,Total 6 volume 1
0,1.0860966694806053e+17,1.2496916171991554e+17,4841705944743442.0,8946718178722158.0,2182704326024.23,5431068266064.462,31129305610333.13,2532327570185435.5
