t(s),Total solute volume 1,Total retention volume 1,Total 1 volume 1,Total 2 volume 1,Total 3 volume 1,Total 4 volume 1,Total 5 volume 1,Total 6 volume 1
0,1.0357694112375635e+17,2.9890533767182995e+17,1.4382961689890436e+16,1.830613831100575e+16,76860193575639.86,355939023824964.44,2108399637859792.0,1.6009809769191597e+17
