t(s),Total solute volume 1,Total retention volume 1,Total 1 volume 1,Total 2 volume 1,Total 3 volume 1,Total 4 volume 1,Total 5 volume 1,Total 6 volume 1
0,3.027606909858182e+18,5.749757949893084e+19,8.108748995498786e+18,4.539357696078196e+19,7002289360221216.0,5.243812298283629e+16,2.2149579929568237e+17,6.867104211530694e+17
