t(s),Total solute volume 1,Total retention volume 1,Total 1 volume 1,Total 2 volume 1,Total 3 volume 1,Total 4 volume 1,Total 5 volume 1,Total 6 volume 1
0,1.0896465516898744e+17,4.0359694348865274e+17,1.6105550931134632e+16,2.0848021191923476e+16,111378346999382.83,525931009314236.2,3197434748044775.0,2.5384397209224842e+17
