t(s),Total solute volume 1,Total retention volume 1,Total 1 volume 1,Total 2 volume 1,Total 3 volume 1,Total 4 volume 1,Total 5 volume 1,Total 6 volume 1
0,1.8614795258035258e+17,2.7276360321393632e+17,1.6105550931134632e+16,3.561535913744106e+16,11422061797885.898,34964339443710.973,264146039034261.8,3.4584208124731524e+16
