t(s),Total solute volume 1,Total retention volume 1,Total 1 volume 1,Total 2 volume 1,Total 3 volume 1,Total 4 volume 1,Total 5 volume 1,Total 6 volume 1
0,6.549761982660554e+18,3.786605721104854e+20,4.533611706929847e+19,3.264895769282699e+20,1.4283585834741836e+16,5.176262685624361e+16,5.801318124558584e+16,1.6105673632065645e+17
