t(s),Total solute volume 1,Total retention volume 1,Total 1 volume 1,Total 2 volume 1,Total 3 volume 1,Total 4 volume 1,Total 5 volume 1,Total 6 volume 1
0,3.8340070142403466e+18,2.452738518876045e+20,4.533611706929847e+19,1.916287548066981e+20,1.4653381577522762e+17,1.1203878028444205e+18,1.1948790833785923e+18,2.0131722953684227e+18
