t(s),Total solute volume 1,Total retention volume 1,Total 1 volume 1,Total 2 volume 1
0,1.4611483665945994e+17,1.7464060094854688e+17,9383807851828782.0,1.9141956437258628e+16
