t(s),Total solute volume 1,Total retention volume 1,Total 1 volume 1,Total 2 volume 1
0,8.553063609334184e+16,1.0611949337411736e+17,9383807851828774.0,1.1205049428947024e+16
