t(s),Total solute volume 1,Total retention volume 1,Total 1 volume 1,Total 2 volume 1,Total 3 volume 1,Total 4 volume 1,Total 5 volume 1,Total 6 volume 1
0,4.443246134384989e+19,2.6909305880777138e+22,3.1834588077439205e+21,2.3681226433136985e+22,5.4341786046809336e+16,3.251475356785554e+16,2.695715426837809e+16,7.436485832042634e+16
