t(s),Total solute volume 1,Total retention volume 1,Total 1 volume 1,Total 2 volume 1,Total 3 volume 1,Total 4 volume 1,Total 5 volume 1,Total 6 volume 1
0,2.600924566469286e+19,2.0414366548447728e+22,3.1834588077439205e+21,1.7201685979806866e+22,8.895125130841935e+17,8.357215322405748e+17,5.577267203086335e+17,9.295544667553626e+17
