t(s),Total solute volume 1,Total retention volume 1,Total 1 volume 1,Total 2 volume 1,Total 3 volume 1,Total 4 volume 1,Total 5 volume 1,Total 6 volume 1
0,1.950956450790701e+17,1.0270877373110418e+18,5.905751296626006e+16,9.282918675798294e+16,111567254680862.7,659170133362794.5,5397701568801715.0,6.73936953550877e+17
