t(s),Total solute volume 1,Total retention volume 1,Total 1 volume 1,Total 2 volume 1,Total 3 volume 1,Total 4 volume 1,Total 5 volume 1,Total 6 volume 1
0,3.332883936767457e+17,6.3902426975828e+17,5.905751296626006e+16,1.5858298787719715e+17,11436590024302.383,43795109260563.0,445425683531548.3,8.759471785525653e+16
