t(s),Total solute volume 1,Total retention volume 1,Total 1 volume 1,Total 2 volume 1,Total 3 volume 1,Total 4 volume 1,Total 5 volume 1,Total 6 volume 1
0,2.0861979911880643e+17,4.2877569306950267e+18,6.858169948084933e+16,1.1023516579767e+17,582910316801110.1,3533488472257643.0,2.994015014027966e+16,3.866263717368385e+18
