t(s),Total solute volume 1,Total retention volume 1,Total 1 volume 1,Total 2 volume 1,Total 3 volume 1,Total 4 volume 1,Total 5 volume 1,Total 6 volume 1
0,3.563921568279588e+17,1.110494945854612e+18,6.858169948084933e+16,1.8831811750643e+17,59771082028772.49,234857350341804.6,2471060237953471.0,4.9443728336904864e+17
