t(s),Total solute volume 1,Total retention volume 1,Total 1 volume 1,Total 2 volume 1,Total 3 volume 1,Total 4 volume 1,Total 5 volume 1,Total 6 volume 1
0,2.5802946377090512e+17,3.756028987298797e+18,1.1018915844204802e+17,1.9011722470774906e+17,381823981459715.44,2511720651897856.0,2.3696991595310068e+16,3.171102604149429e+18
