t(s),Total solute volume 1,Total retention volume 1,Total 1 volume 1,Total 2 volume 1,Total 3 volume 1,Total 4 volume 1,Total 5 volume 1,Total 6 volume 1
0,4.408003339419685e+17,1.2510440444115973e+18,1.1018915844204802e+17,3.247827274525352e+17,39141558572390.17,166874184157112.53,1953024976298445.5,3.731127838560195e+17
