t(s),Total solute volume 1,Total retention volume 1,Total 1 volume 1,Total 2 volume 1,Total 3 volume 1,Total 4 volume 1,Total 5 volume 1,Total 6 volume 1
0,1.710368165630296e+19,3.980759807918062e+21,3.850111262848305e+20,3.578457514506969e+21,4.2197184191154664e+16,3.4928160154996572e+16,2.9362170541865052e+16,8.099795506823347e+16
