t(s),Total solute volume 1,Total retention volume 1,Total 1 volume 1,Total 2 volume 1,Total 3 volume 1,Total 4 volume 1,Total 5 volume 1,Total 6 volume 1
0,1.001191121344553e+19,2.5561248671729493e+21,3.850111262848305e+20,2.1580146193043334e+21,5.781669492984486e+17,8.88997896300967e+17,6.074177867457107e+17,1.0126277379897683e+18
