t(s),Total solute volume 1,Total retention volume 1,Total 1 volume 1,Total 2 volume 1,Total 3 volume 1,Total 4 volume 1,Total 5 volume 1,Total 6 volume 1
0,1.2852690019555497e+18,8.140948852208664e+18,1.1991975012111887e+18,5.049221861376426e+18,465242045398688.56,2961696207228523.5,4.698312815996871e+16,5.568504212528633e+17
