t(s),Total solute volume 1,Total retention volume 1,Total 1 volume 1,Total 2 volume 1,Total 3 volume 1,Total 4 volume 1,Total 5 volume 1,Total 6 volume 1
0,7.523525865105635e+17,1.2486179189271116e+19,1.1991975012111887e+18,2.955764414391274e+18,4540703179134329.0,4.479905633367945e+16,6.289224332148228e+17,6.900602494430432e+18
