t(s),Total solute volume 1,Total retention volume 1,Total 1 volume 1,Total 2 volume 1,Total 3 volume 1,Total 4 volume 1,Total 5 volume 1,Total 6 volume 1
0,3.818076622203744e+17,1.1449527165217697e+18,7.99733013773092e+16,2.2469880913100803e+17,51636460572217.51,208333373304759.03,2269427903566223.5,4.559435460556372e+17
