t(s),Total solute volume 1,Total retention volume 1,Total 1 volume 1,Total 2 volume 1,Total 3 volume 1,Total 4 volume 1,Total 5 volume 1,Total 6 volume 1
0,2.2349716812900077e+17,4.1090582293170437e+18,7.99733013773092e+16,1.3153125251363435e+17,503637710260392.0,3134980513543776.0,2.7508186913488004e+16,3.6429097021598085e+18
