t(s),Total solute volume 1,Total retention volume 1,Total 1 volume 1,Total 2 volume 1,Total 3 volume 1,Total 4 volume 1,Total 5 volume 1,Total 6 volume 1
0,9.688003471877627e+16,1.0870006144698122e+17,3752113566455123.5,6674159898032270.0,1449522416671.107,3451639361561.196,18657747215196.086,1370194354723956.8
