t(s),Total solute volume 1,Total retention volume 1,Total 1 volume 1,Total 2 volume 1,Total 3 volume 1,Total 4 volume 1,Total 5 volume 1,Total 6 volume 1
0,5.67102642256257e+16,7.468525472499525e+16,3752113566455123.5,3906825519925697.5,14135434643946.572,51923603848902.46,225850219520413.06,1.0024142154976546e+16
