t(s),Total solute volume 1,Total retention volume 1,Total 1 volume 1,Total 2 volume 1,Total 3 volume 1,Total 4 volume 1,Total 5 volume 1,Total 6 volume 1
0,6.110165178850669e+17,6.484396712909586e+18,7.538773491030418e+17,1.7336694297627313e+18,1189269555703849.0,1.086634877403603e+16,1.488187434340642e+17,3.224959054394948e+18
