t(s),Total solute volume 1,Total retention volume 1,Total 1 volume 1,Total 2 volume 1,Total 3 volume 1,Total 4 volume 1,Total 5 volume 1,Total 6 volume 1
0,1.0438198847203212e+18,5.035707642919174e+18,7.538773491030418e+17,2.961613368357028e+18,121874096781490.78,720133740961304.1,1.1685862314042584e+16,2.6386917058699744e+17
