t(s),Total solute volume 1,Total retention volume 1,Total 1 volume 1,Total 2 volume 1,Total 3 volume 1,Total 4 volume 1,Total 5 volume 1,Total 6 volume 1
0,1.3860424099942965e+19,2.4059787469715816e+21,2.4107704894684447e+20,2.1505892778574778e+21,8.477691331579456e+16,8.729884181228688e+16,7.445453663893669e+16,2.0546577553830035e+17
