t(s),Total solute volume 1,Total retention volume 1,Total 1 volume 1,Total 2 volume 1,Total 3 volume 1,Total 4 volume 1,Total 5 volume 1,Total 6 volume 1
0,8.113418985332498e+18,1.5380445825808954e+21,2.4107704894684443e+20,1.281474549652156e+21,1.0714872633677266e+18,2.199815846348548e+18,1.5400042466653816e+18,2.568257640184893e+18
