t(s),Total solute volume 1,Total retention volume 1,Total 1 volume 1,Total 2 volume 1,Total 3 volume 1,Total 4 volume 1,Total 5 volume 1,Total 6 volume 1
0,7.801667161565198e+18,5.84623740753694e+20,6.696388307350977e+19,5.094009276905077e+20,3.376457128783775e+16,8.936287856772528e+16,8.868635846015606e+16,2.454490197962147e+17
