t(s),Total solute volume 1,Total retention volume 1,Total 1 volume 1,Total 2 volume 1,Total 3 volume 1,Total 4 volume 1,Total 5 volume 1,Total 6 volume 1
0,4.566829557989454e+18,3.7827593233689084e+20,6.696388307350977e+19,2.9943637271575534e+20,3.5651368264280096e+17,2.0536840662026266e+18,1.8306175772799245e+18,3.0680316635121403e+18
