t(s),Total solute volume 1,Total retention volume 1,Total 1 volume 1,Total 2 volume 1,Total 3 volume 1,Total 4 volume 1,Total 5 volume 1,Total 6 volume 1
0,8.113418985332498e+18,1.5309725078333688e+21,2.4107704894684447e+20,1.281474549652156e+21,4.464645933078095e+16,9.166216610403805e+16,6.4168738834425496e+16,1.0701288477226581e+17
