t(s),Total solute volume 1,Total retention volume 1,Total 1 volume 1,Total 2 volume 1,Total 3 volume 1,Total 4 volume 1,Total 5 volume 1,Total 6 volume 1
0,1.3860424099942965e+19,2.4055455837539197e+21,2.4107704894684447e+20,2.1505892778574634e+21,3532377184305365.0,3637456795465139.0,3102276917832613.5,8560738769348297.0
