t(s),Total solute volume 1,Total retention volume 1,Total 1 volume 1,Total 2 volume 1,Total 3 volume 1,Total 4 volume 1,Total 5 volume 1,Total 6 volume 1
0,1.1562292854379274e+18,6.32336822373557e+18,9.470815640223638e+17,3.849586369903471e+18,214351412414693.94,1314435598167639.8,2.1318549213946536e+16,3.476236681473103e+17
