t(s),Total solute volume 1,Total retention volume 1,Total 1 volume 1,Total 2 volume 1,Total 3 volume 1,Total 4 volume 1,Total 5 volume 1,Total 6 volume 1
0,6.768171426953814e+17,8.461005857793058e+18,9.470815640223639e+17,2.2534875290841032e+18,2091840703405722.2,1.9853772718440796e+16,2.7723418333339392e+17,4.284439825235974e+18
