t(s),Total solute volume 1,Total retention volume 1,Total 1 volume 1,Total 2 volume 1,Total 3 volume 1,Total 4 volume 1,Total 5 volume 1,Total 6 volume 1
0,8.957740053321614e+16,1.3937030293530856e+17,1.040317029189783e+16,1.2615155834536546e+16,16350760020429.424,71614414525827.33,393755178635594.5,2.6292855922477108e+16
