t(s),Total solute volume 1,Total retention volume 1,Total 1 volume 1,Total 2 volume 1,Total 3 volume 1,Total 4 volume 1,Total 5 volume 1,Total 6 volume 1
0,1.5302805924424387e+17,1.886098136523419e+17,1.0403170291897824e+16,2.15508874098567e+16,1676174069595.4998,4758562119481.949,32516015449817.57,3588745954703754.0
