t(s),Total solute volume 1,Total retention volume 1,Total 1 volume 1,Total 2 volume 1,Total 3 volume 1,Total 4 volume 1,Total 5 volume 1,Total 6 volume 1
0,8.70000992795148e+16,9.71302664925255e+16,2951661998355005.5,5065423436879563.0,2659970798009.9214,6077339026965.89,31087924760114.535,2073256543191431.8
