t(s),Total solute volume 1,Total retention volume 1,Total 1 volume 1,Total 2 volume 1,Total 3 volume 1,Total 4 volume 1,Total 5 volume 1,Total 6 volume 1
0,5.092688738313051e+16,7.249615591384299e+16,2951661998355005.5,2965126037401479.5,25922053076840.9,91338433163604.19,376023583570261.9,1.5159196425145568e+16
