t(s),Total solute volume 1,Total retention volume 1,Total 1 volume 1,Total 2 volume 1
0,1.6062657215105326e+18,1.2520580191911018e+19,1.9718743661304888e+18,8.94244010427008e+18
