t(s),Total solute volume 1,Total retention volume 1,Total 1 volume 1,Total 2 volume 1
0,9.402531052744658e+17,8.147110333131169e+18,1.9718743661304886e+18,5.234982861726286e+18
