t(s),Total solute volume 1,Total retention volume 1,Total 1 volume 1,Total 2 volume 1,Total 3 volume 1,Total 4 volume 1,Total 5 volume 1,Total 6 volume 1
0,8.70000992795148e+16,9.554548596897693e+16,2951661998355005.5,5065423436879563.0,665030280157.6489,1519407462667.4841,7772379231201.441,518344437253899.4
