t(s),Total solute volume 1,Total retention volume 1,Total 1 volume 1,Total 2 volume 1,Total 3 volume 1,Total 4 volume 1,Total 5 volume 1,Total 6 volume 1
0,5.092688738313051e+16,6.0759473277633976e+16,2951661998355005.5,2965126037401479.5,6486294276948.518,22861818411889.527,94101491076124.03,3792348254981506.5
