t(s),Total solute volume 1,Total retention volume 1,Total 1 volume 1,Total 2 volume 1,Total 3 volume 1,Total 4 volume 1,Total 5 volume 1,Total 6 volume 1
0,5.132271443883372e+17,1.891801404919569e+18,1.5471077007747866e+17,4.797289871713226e+17,79959481489620.39,361364091781911.56,4555881975969702.0,7.391372977331887e+17
