t(s),Total solute volume 1,Total retention volume 1,Total 1 volume 1,Total 2 volume 1,Total 3 volume 1,Total 4 volume 1,Total 5 volume 1,Total 6 volume 1
0,3.004256454956098e+17,7.654172953324927e+18,1.5471077007747866e+17,2.808180725040099e+17,779976876863758.9,5439301948526675.0,5.5363914850295064e+16,6.856635271572144e+18
