t(s),Total solute volume 1,Total retention volume 1,Total 1 volume 1,Total 2 volume 1,Total 3 volume 1,Total 4 volume 1,Total 5 volume 1,Total 6 volume 1
0,5.67102642256257e+16,7.81222819466667e+16,3752113566455123.5,3906825519925697.5,18844282071845.234,69216929072435.016,301079640947371.8,1.336393778256933e+16
