t(s),Total solute volume 1,Total retention volume 1,Total 1 volume 1,Total 2 volume 1,Total 3 volume 1,Total 4 volume 1,Total 5 volume 1,Total 6 volume 1
0,9.688003471877627e+16,1.091646267498141e+17,3752113566455123.5,6674159898032270.0,1932677293627.541,4602146976183.014,24876771596899.46,1826906970684411.8
