t(s),Total solute volume 1,Total retention volume 1,Total 1 volume 1,Total 2 volume 1,Total 3 volume 1,Total 4 volume 1,Total 5 volume 1,Total 6 volume 1
0,2.5802946377090512e+17,8.490644993217068e+17,1.1018915844204802e+17,1.9011722470774906e+17,34715886979711.56,228378806157663.97,2154598546541220.2,2.883109591613297e+17
