t(s),Total solute volume 1,Total retention volume 1,Total 1 volume 1,Total 2 volume 1,Total 3 volume 1,Total 4 volume 1,Total 5 volume 1,Total 6 volume 1
0,4.408003339419685e+17,9.098881372733103e+17,1.1018915844204802e+17,3.247827274525352e+17,3558353475606.872,15170488568970.074,177549080277385.8,3.3919639514441556e+16
