t(s),Total solute volume 1,Total retention volume 1,Total 1 volume 1,Total 2 volume 1,Total 3 volume 1,Total 4 volume 1,Total 5 volume 1,Total 6 volume 1
0,1.0536084069480294e+20,6.471822466782502e+22,1.961934451448198e+22,4.49934784566537e+22,1.1999044068042918e+16,7013659870787011.0,5811517080075219.0,1.6031773322817358e+16
