t(s),Total solute volume 1,Total retention volume 1,Total 1 volume 1,Total 2 volume 1,Total 3 volume 1,Total 4 volume 1,Total 5 volume 1,Total 6 volume 1
0,6.1674638455494386e+19,6.141170617069191e+22,1.961934451448198e+22,4.172998634441791e+22,1.9969208993199114e+17,1.8034637416693834e+17,1.2023799738548592e+17,2.0039687550763366e+17
