t(s),Total solute volume 1,Total retention volume 1,Total 1 volume 1,Total 2 volume 1,Total 3 volume 1,Total 4 volume 1,Total 5 volume 1,Total 6 volume 1
0,2.641240568788231e+18,4.172052830487728e+19,5.979897840391367e+18,3.199484310387922e+19,5569898424151848.0,4.2084286117359736e+16,2.437436872401659e+17,8.131489200366971e+17
