t(s),Total solute volume 1,Total retention volume 1,Total 1 volume 1,Total 2 volume 1,Total 3 volume 1,Total 4 volume 1,Total 5 volume 1,Total 6 volume 1
0,1.5460920402662884e+18,4.163157615614042e+19,5.979897840391367e+18,1.873360234042119e+19,5.454148291383764e+16,6.660323222772974e+17,4.490715657381792e+18,1.0160694472488612e+19
