t(s),Total solute volume 1,Total retention volume 1,Total 1 volume 1,Total 2 volume 1,Total 3 volume 1,Total 4 volume 1,Total 5 volume 1,Total 6 volume 1
0,5.831083637207589e+19,3.810636847274242e+22,5.744900751039819e+21,3.230313354759645e+22,6806215655008797.0,4016235291721680.5,3328555305954707.5,9186727838779698.0
