t(s),Total solute volume 1,Total retention volume 1,Total 1 volume 1,Total 2 volume 1,Total 3 volume 1,Total 4 volume 1,Total 5 volume 1,Total 6 volume 1
0,3.4133172510483444e+19,3.149988630679789e+22,5.744900751039818e+21,2.57204529767919e+22,1.125057303027554e+17,1.0325639857419e+17,6.886649801037609e+16,1.1477782897056597e+17
