t(s),Total solute volume 1,Total retention volume 1,Total 1 volume 1,Total 2 volume 1,Total 3 volume 1,Total 4 volume 1,Total 5 volume 1,Total 6 volume 1
0,7.82153398870977e+16,1.6946402434465808e+17,7687035129498278.0,8909437720794750.0,57941217702029.875,240827386456703.5,1235328913398846.0,7.311811408971014e+16
