t(s),Total solute volume 1,Total retention volume 1,Total 1 volume 1,Total 2 volume 1,Total 3 volume 1,Total 4 volume 1,Total 5 volume 1,Total 6 volume 1
0,1.3361787230712443e+17,1.6663993741219542e+17,7687035129498279.0,1.522028754057002e+16,5943143802974.796,16014757673073.055,102081156674723.0,9990703376852294.0
