t(s),Total solute volume 1,Total retention volume 1,Total 1 volume 1,Total 2 volume 1,Total 3 volume 1,Total 4 volume 1,Total 5 volume 1,Total 6 volume 1
0,4.584145573095851e+17,9.377423649848027e+18,3.971127163555371e+17,8.29827887724081e+17,1377587681487089.5,1.1292198661302438e+16,1.3998655857243683e+17,7.53941214354359e+18
