t(s),Total solute volume 1,Total retention volume 1,Total 1 volume 1,Total 2 volume 1,Total 3 volume 1,Total 4 volume 1,Total 5 volume 1,Total 6 volume 1
0,7.831248687372006e+17,3.2623061940944886e+18,3.971127163555371e+17,1.417606166617462e+18,141200596183691.4,749569111796914.9,1.1356020067772426e+16,6.522156526085242e+17
