t(s),Total solute volume 1,Total retention volume 1,Total 1 volume 1,Total 2 volume 1,Total 3 volume 1,Total 4 volume 1,Total 5 volume 1,Total 6 volume 1
0,1.454865482009603e+20,8.391701112309285e+22,3.579686312483719e+22,4.797460062369274e+22,1.7880075175428612e+16,1.0438241349910736e+16,8648929499975274.0,2.385911626124622e+16
