t(s),Total solute volume 1,Total retention volume 1,Total 1 volume 1,Total 2 volume 1,Total 3 volume 1,Total 4 volume 1,Total 5 volume 1,Total 6 volume 1
0,8.516285748348854e+19,8.217028353205736e+22,3.579686312483719e+22,4.628721412782856e+22,2.9783223373709555e+17,2.6840861045750877e+17,1.789427554426406e+17,2.982383086845043e+17
