t(s),Total solute volume 1,Total retention volume 1,Total 1 volume 1,Total 2 volume 1,Total 3 volume 1,Total 4 volume 1,Total 5 volume 1,Total 6 volume 1
0,1.7694394108641648e+17,2.6925512224647136e+17,1.4382961689890436e+16,3.1272978263682056e+16,16689438039496.62,50101992409548.43,368800775433723.8,4.621964900059747e+16
