t(s),Total solute volume 1,Total retention volume 1,Total 1 volume 1,Total 2 volume 1,Total 3 volume 1,Total 4 volume 1,Total 5 volume 1,Total 6 volume 1
0,8.175062817381762e+16,1.0764211123797614e+17,8483748054658170.0,9978813516605722.0,5333028948417.334,22551570014275.723,118314658741106.02,7282722235190999.0
