t(s),Total solute volume 1,Total retention volume 1,Total 1 volume 1,Total 2 volume 1,Total 3 volume 1,Total 4 volume 1,Total 5 volume 1,Total 6 volume 1
0,1.0896465516898744e+17,6.142671063374564e+17,1.6105550931134632e+16,2.0848021191923476e+16,202416322301203.66,955672130813397.0,5810580452955934.0,4.6138021013934163e+17
