t(s),Total solute volume 1,Total retention volume 1,Total 1 volume 1,Total 2 volume 1,Total 3 volume 1,Total 4 volume 1,Total 5 volume 1,Total 6 volume 1
0,1.8614795258035258e+17,3.013120033596853e+17,1.6105550931134632e+16,3.561535913744106e+16,20766801541112.043,63570013648904.28,480253295551656.94,6.2878550600013816e+16
