t(s),Total solute volume 1,Total retention volume 1,Total 1 volume 1,Total 2 volume 1,Total 3 volume 1,Total 4 volume 1,Total 5 volume 1,Total 6 volume 1
0,1.5180265269236467e+17,5.826798781969152e+17,3.3743667340789536e+16,4.87842065642926e+16,84946705828241.06,455726970020117.06,3283081850841829.0,3.4452559607278035e+17
