t(s),Total solute volume 1,Total retention volume 1,Total 1 volume 1,Total 2 volume 1,Total 3 volume 1,Total 4 volume 1,Total 5 volume 1,Total 6 volume 1
0,2.5932953168279194e+17,4.2304787057738906e+17,3.3743667340789536e+16,8.333962927494267e+16,8708270325132.961,30281608684829.73,271056773937442.72,4.632499562591735e+16
