t(s),Total solute volume 1,Total retention volume 1,Total 1 volume 1,Total 2 volume 1,Total 3 volume 1,Total 4 volume 1,Total 5 volume 1,Total 6 volume 1
0,1.001191121344553e+19,2.554721606093647e+21,3.850111262848306e+20,2.1580146193043675e+21,3.1536531852388474e+17,4.8491108220282477e+17,3.313206245145716e+17,5.523522657774914e+17
