t(s),Total solute volume 1,Total retention volume 1,Total 1 volume 1,Total 2 volume 1,Total 3 volume 1,Total 4 volume 1,Total 5 volume 1,Total 6 volume 1
0,1.710368165630296e+19,3.980674587568094e+21,3.850111262848305e+20,3.578457514506972e+21,2.301665298543315e+16,1.9051728671864772e+16,1.6015733878077794e+16,4.418100443924554e+16
