t(s),Total solute volume 1,Total retention volume 1,Total 1 volume 1,Total 2 volume 1,Total 3 volume 1,Total 4 volume 1,Total 5 volume 1,Total 6 volume 1
0,8.70000992795148e+16,9.67529545626003e+16,2951661998355005.5,5065423436879563.0,2185005411217.468,4992156791719.636,25536821004983.73,1703055864643551.8
