t(s),Total solute volume 1,Total retention volume 1,Total 1 volume 1,Total 2 volume 1,Total 3 volume 1,Total 4 volume 1,Total 5 volume 1,Total 6 volume 1
0,5.092688738313051e+16,6.970316383611415e+16,2951661998355005.5,2965126037401479.5,21297634512743.61,75049266190684.97,308951242525492.06,1.2454190273997888e+16
