t(s),Total solute volume 1,Total retention volume 1,Total 1 volume 1,Total 2 volume 1,Total 3 volume 1,Total 4 volume 1,Total 5 volume 1,Total 6 volume 1
0,3.818076622203744e+17,8.240235140020271e+17,7.99733013773092e+16,2.2469880913100803e+17,15491140613813.748,62500703617416.29,680836434301011.4,1.3678491299480507e+17
