t(s),Total solute volume 1,Total retention volume 1,Total 1 volume 1,Total 2 volume 1,Total 3 volume 1,Total 4 volume 1,Total 5 volume 1,Total 6 volume 1
0,2.2349716812900077e+17,1.5373909205992497e+18,7.99733013773092e+16,1.3153125251363437e+17,151122487211826.56,940753383453626.8,8254397127943802.0,1.0930429255806884e+18
