t(s),Total solute volume 1,Total retention volume 1,Total 1 volume 1,Total 2 volume 1,Total 3 volume 1,Total 4 volume 1,Total 5 volume 1,Total 6 volume 1
0,1.0860966694806053e+17,1.2717280074060229e+17,4841705944743442.0,8946718178722158.0,4053482073297.997,10086034339090.16,57810124180789.125,4702760028481398.0
