t(s),Total solute volume 1,Total retention volume 1,Total 1 volume 1,Total 2 volume 1,Total 3 volume 1,Total 4 volume 1,Total 5 volume 1,Total 6 volume 1
0,6.357639040862142e+16,1.0894326840574414e+17,4841705944743442.0,5237103708245424.0,39511298498137.984,151634601182752.12,699432234998670.0,3.439749020945468e+16
