t(s),Total solute volume 1,Total retention volume 1,Total 1 volume 1,Total 2 volume 1,Total 3 volume 1,Total 4 volume 1,Total 5 volume 1,Total 6 volume 1
0,1.0575407049402066e+18,1.4156148418507043e+19,2.563088576888768e+18,7.076244436375885e+18,4850749554130651.0,5.381344628507022e+16,6.510560686217073e+17,2.7495544358412314e+18
