t(s),Total solute volume 1,Total retention volume 1,Total 1 volume 1,Total 2 volume 1,Total 3 volume 1,Total 4 volume 1,Total 5 volume 1,Total 6 volume 1
0,1.806632037606207e+18,1.6723528226934407e+19,2.563088576888768e+18,1.2087386361672243e+19,496597388315079.6,3521225644627016.5,4.205268002433069e+16,2.2035074770993603e+17
