t(s),Total solute volume 1,Total retention volume 1,Total 1 volume 1,Total 2 volume 1,Total 3 volume 1,Total 4 volume 1,Total 5 volume 1,Total 6 volume 1
0,9.688003471877627e+16,1.0835163119677398e+17,3752113566455123.5,6674159898032270.0,1087149938773.4576,2588745906713.8438,13993405204001.488,1027653712461082.6
