t(s),Total solute volume 1,Total retention volume 1,Total 1 volume 1,Total 2 volume 1,Total 3 volume 1,Total 4 volume 1,Total 5 volume 1,Total 6 volume 1
0,5.67102642256257e+16,7.210694089111915e+16,3752113566455123.5,3906825519925697.5,10602826815378.926,38948840355409.7,169410446743239.75,7518775465199717.0
