t(s),Total solute volume 1,Total retention volume 1,Total 1 volume 1,Total 2 volume 1,Total 3 volume 1,Total 4 volume 1,Total 5 volume 1,Total 6 volume 1
0,4.0452254584778307e+18,1.1513791182173028e+20,1.547610356973599e+19,9.533228108352348e+19,4377321715817870.5,2.906505225954813e+16,6.480825949618333e+16,1.8605107652179565e+17
