t(s),Total solute volume 1,Total retention volume 1,Total 1 volume 1,Total 2 volume 1,Total 3 volume 1,Total 4 volume 1,Total 5 volume 1,Total 6 volume 1
0,2.3679368537431424e+18,7.787889969517208e+19,1.5476103569735987e+19,5.584790903245229e+19,4.3267350344936824e+16,5.1350440660857056e+17,1.3046676150634785e+18,2.3255108672233943e+18
