t(s),Total solute volume 1,Total retention volume 1,Total 1 volume 1,Total 2 volume 1,Total 3 volume 1,Total 4 volume 1,Total 5 volume 1,Total 6 volume 1
0,7.180129369195402e+16,1.0519121928887803e+17,6351323389472384.0,7154332371437873.0,17957417351125.33,72233057934521.77,354585751892532.0,1.943949360883646e+16
