t(s),Total solute volume 1,Total retention volume 1,Total 1 volume 1,Total 2 volume 1,Total 3 volume 1,Total 4 volume 1,Total 5 volume 1,Total 6 volume 1
0,1.2266054339042045e+17,1.4392576897977845e+17,6351323389472384.0,1.22219832432844e+16,1841150026530.8857,4800647169816.273,29286995548117.773,2655990163854825.5
