t(s),Total solute volume 1,Total retention volume 1,Total 1 volume 1,Total 2 volume 1,Total 3 volume 1,Total 4 volume 1,Total 5 volume 1,Total 6 volume 1
0,5.483142302296937e+18,5.927376362897345e+20,1.00671705467033e+20,4.7686637777748813e+20,7.036489140283261e+17,2.8993267102835656e+18,2.2885799815602376e+18,3.824855137047867e+18
