t(s),Total solute volume 1,Total retention volume 1,Total 1 volume 1,Total 2 volume 1,Total 3 volume 1,Total 4 volume 1,Total 5 volume 1,Total 6 volume 1
0,9.367034766423861e+18,9.198821811095901e+20,1.00671705467033e+20,8.092422388220405e+20,6.3811383619946136e+16,1.2064803372219894e+17,1.107455950029541e+17,3.0599704174237e+17
