t(s),Total solute volume 1,Total retention volume 1,Total 1 volume 1,Total 2 volume 1,Total 3 volume 1,Total 4 volume 1,Total 5 volume 1,Total 6 volume 1
0,6.1151907207788056e+16,1.1562250764163726e+17,4439458008290587.5,4740171994361016.0,54310993884048.516,205303289354524.25,928384495758456.1,4.410297165220146e+16
