t(s),Total solute volume 1,Total retention volume 1,Total 1 volume 1,Total 2 volume 1,Total 3 volume 1,Total 4 volume 1,Total 5 volume 1,Total 6 volume 1
0,1.0446784147997133e+17,1.2313318011485997e+17,4439458008290587.5,8097793286123659.0,5574454774229.838,13664769453728.174,76776213596359.62,6032071902649688.0
