t(s),Total solute volume 1,Total retention volume 1,Total 1 volume 1,Total 2 volume 1,Total 3 volume 1,Total 4 volume 1,Total 5 volume 1,Total 6 volume 1
0,2.3091608011640064e+17,4.006270902348808e+17,2.6047523684028044e+16,6.18908749437171e+16,18481111490016.42,61460994560617.28,518472991939578.94,8.117419639274421e+16
