t(s),Total solute volume 1,Total retention volume 1,Total 1 volume 1,Total 2 volume 1,Total 3 volume 1,Total 4 volume 1,Total 5 volume 1,Total 6 volume 1
0,1.3517038836082043e+17,8.04308712659097e+17,2.6047523684028044e+16,3.622882322688759e+16,180225593067044.78,924591405596787.6,6277131723506781.0,5.994800286651784e+17
