t(s),Total solute volume 1,Total retention volume 1,Total 1 volume 1,Total 2 volume 1,Total 3 volume 1,Total 4 volume 1,Total 5 volume 1,Total 6 volume 1
0,2.5932953168279194e+17,4.6385275359758624e+17,3.3743667340789536e+16,8.333962927494267e+16,16327866129741.922,56777601900791.3,508227481379951.75,8.68585923496552e+16
