t(s),Total solute volume 1,Total retention volume 1,Total 1 volume 1,Total 2 volume 1,Total 3 volume 1,Total 4 volume 1,Total 5 volume 1,Total 6 volume 1
0,1.5180265269236467e+17,8.874181603624655e+17,3.3743667340789536e+16,4.87842065642926e+16,159253403872269.03,854332775814769.6,6154823758505506.0,6.45919223826824e+17
