t(s),Total solute volume 1,Total retention volume 1,Total 1 volume 1,Total 2 volume 1,Total 3 volume 1,Total 4 volume 1,Total 5 volume 1,Total 6 volume 1
0,1.0536084069480294e+20,6.4718326807763656e+22,1.961934451448198e+22,4.49934784566537e+22,4.199664021147078e+16,2.4547802605179544e+16,2.0340303623594636e+16,5.611118724275206e+16
