t(s),Total solute volume 1,Total retention volume 1,Total 1 volume 1,Total 2 volume 1,Total 3 volume 1,Total 4 volume 1,Total 5 volume 1,Total 6 volume 1
0,6.1674638455494386e+19,6.141345784058312e+22,1.961934451448198e+22,4.172998634441791e+22,6.989186289452069e+17,6.312078626024338e+17,4.2083046085797594e+17,7.013862754747758e+17
