t(s),Total solute volume 1,Total retention volume 1,Total 1 volume 1,Total 2 volume 1,Total 3 volume 1,Total 4 volume 1,Total 5 volume 1,Total 6 volume 1
0,2.6900722401125917e+19,1.097333420653629e+22,1.0530177027067483e+21,9.893021029122664e+21,1.0739543669879923e+17,6.966989910292803e+16,5.791283351957508e+16,1.5977413647020912e+17
