t(s),Total solute volume 1,Total retention volume 1,Total 1 volume 1,Total 2 volume 1,Total 3 volume 1,Total 4 volume 1,Total 5 volume 1,Total 6 volume 1
0,1.5746764332366418e+19,7.377573772661756e+21,1.0530177027067483e+21,6.302159391947708e+21,1.667393025145798e+18,1.7873544163575078e+18,1.1981456192160323e+18,1.9970206142608061e+18
