t(s),Total solute volume 1,Total retention volume 1,Total 1 volume 1,Total 2 volume 1,Total 3 volume 1,Total 4 volume 1,Total 5 volume 1,Total 6 volume 1
0,3.4133172510483444e+19,3.1499753171424104e+22,5.744900751039818e+21,2.57204529767919e+22,7.500385040807014e+16,6.883763608553345e+16,4.5911019751842824e+16,7.651857588153072e+16
