t(s),Total solute volume 1,Total retention volume 1,Total 1 volume 1,Total 2 volume 1,Total 3 volume 1,Total 4 volume 1,Total 5 volume 1,Total 6 volume 1
0,5.831083637207589e+19,3.810636069049883e+22,5.744900751039818e+21,3.230313354759354e+22,4537477219041202.0,2677490251402075.5,2219036791157224.2,6121489465745316.0
