t(s),Total solute volume 1,Total retention volume 1,Total 1 volume 1,Total 2 volume 1,Total 3 volume 1,Total 4 volume 1,Total 5 volume 1,Total 6 volume 1
0,6.639539189064714e+18,9.4050723882424e+20,1.542273968290348e+20,7.742999917924149e+20,5.610215730920395e+17,1.6185923727960364e+18,1.1842857361215524e+18,1.9764113317125046e+18
