t(s),Total solute volume 1,Total retention volume 1,Total 1 volume 1,Total 2 volume 1,Total 3 volume 1,Total 4 volume 1,Total 5 volume 1,Total 6 volume 1
0,5.467373305480017e+16,8.17340486667292e+16,3458157710870755.0,3557120067332162.0,29292714407729.53,106075835001635.47,452876700189051.2,1.945679258412736e+16
