t(s),Total solute volume 1,Total retention volume 1,Total 1 volume 1,Total 2 volume 1,Total 3 volume 1,Total 4 volume 1,Total 5 volume 1,Total 6 volume 1
0,9.340096063528438e+16,1.0564410188873925e+17,3458157710870755.0,6076746478966877.0,3005569061296.901,7057015244947.628,37437724586432.664,2660736754724266.0
