t(s),Total solute volume 1,Total retention volume 1,Total 1 volume 1,Total 2 volume 1,Total 3 volume 1,Total 4 volume 1,Total 5 volume 1,Total 6 volume 1
0,4.1904446013324595e+17,2.645925646669567e+19,3.250257609819086e+17,6.591645730832125e+17,3791039561900207.0,3.0027532851974664e+16,3.580321811771795e+17,2.46641709189063e+19
