t(s),Total solute volume 1,Total retention volume 1,Total 1 volume 1,Total 2 volume 1,Total 3 volume 1,Total 4 volume 1,Total 5 volume 1,Total 6 volume 1
0,7.158676193942945e+17,4.4036192931649336e+18,3.250257609819086e+17,1.1260624170802307e+18,388676507664371.3,1994346748203306.0,2.9199878472177996e+16,2.2050805939804483e+18
