t(s),Total solute volume 1,Total retention volume 1,Total 1 volume 1,Total 2 volume 1,Total 3 volume 1,Total 4 volume 1,Total 5 volume 1,Total 6 volume 1
0,1.2104370031327629e+17,6.494124821034715e+17,2.036220404915564e+16,2.7298126560537492e+16,172843010828982.12,849820859257026.8,5452553725740652.0,4.742332335846733e+17
