t(s),Total solute volume 1,Total retention volume 1,Total 1 volume 1,Total 2 volume 1,Total 3 volume 1,Total 4 volume 1,Total 5 volume 1,Total 6 volume 1
0,2.067829880351787e+17,3.387741223926535e+17,2.0362204049155636e+16,4.663428171230368e+16,17726614826066.926,56502049889081.04,450465713312906.3,6.446995421798693e+16
