t(s),Total solute volume 1,Total retention volume 1,Total 1 volume 1,Total 2 volume 1,Total 3 volume 1,Total 4 volume 1,Total 5 volume 1,Total 6 volume 1
0,6.8888290702006904e+16,8.860131223770042e+16,5790815030907821.0,6433524569071775.0,7277301361273.229,28811656699529.355,138457620280123.38,7314135357372722.0
