t(s),Total solute volume 1,Total retention volume 1,Total 1 volume 1,Total 2 volume 1,Total 3 volume 1,Total 4 volume 1,Total 5 volume 1,Total 6 volume 1
0,4.0452254584778307e+18,1.1507473376514636e+20,1.547610356973599e+19,9.533228108352348e+19,3404584729822767.5,2.260615835310026e+16,5.040643980378593e+16,1.4470647052271888e+17
