t(s),Total solute volume 1,Total retention volume 1,Total 1 volume 1,Total 2 volume 1,Total 3 volume 1,Total 4 volume 1,Total 5 volume 1,Total 6 volume 1
0,2.3679368537431424e+18,7.69484832264354e+19,1.5476103569735987e+19,5.584790903245229e+19,3.3652566680279084e+16,3.9939521897010234e+17,1.0147477718025645e+18,1.8087382130508605e+18
