t(s),Total solute volume 1,Total retention volume 1,Total 1 volume 1,Total 2 volume 1,Total 3 volume 1,Total 4 volume 1,Total 5 volume 1,Total 6 volume 1
0,1.7152588772477386e+17,2.2382669986568696e+18,4.431341940307482e+16,6.672760546581344e+16,390405846164207.3,2194936850208446.2,1.6832340493488026e+16,1.9362824028733827e+18
