t(s),Total solute volume 1,Total retention volume 1,Total 1 volume 1,Total 2 volume 1,Total 3 volume 1,Total 4 volume 1,Total 5 volume 1,Total 6 volume 1
0,2.9302339152982e+17,7.101724034830528e+17,4.431341940307482e+16,1.1399288614301397e+17,40035060308182.305,145908976548417.8,1390004212661206.5,2.5726675815762422e+17
