t(s),Total solute volume 1,Total retention volume 1,Total 1 volume 1,Total 2 volume 1,Total 3 volume 1,Total 4 volume 1,Total 5 volume 1,Total 6 volume 1
0,5.0293829723865024e+17,1.8232305840079034e+19,4.883330109832728e+17,1.0524643962722106e+18,3542246797388135.5,3.007557800653314e+16,3.869904306076485e+17,1.576796188017333e+19
