t(s),Total solute volume 1,Total retention volume 1,Total 1 volume 1,Total 2 volume 1,Total 3 volume 1,Total 4 volume 1,Total 5 volume 1,Total 6 volume 1
0,8.591862577826981e+17,4.5094485855324467e+18,4.883330109832728e+17,1.7979335094057503e+18,363094236146105.75,1995940055515978.0,3.1169711258005588e+16,1.330467061811054e+18
