t(s),Total solute volume 1,Total retention volume 1,Total 1 volume 1,Total 2 volume 1,Total 3 volume 1,Total 4 volume 1,Total 5 volume 1,Total 6 volume 1
0,3.8340070142403466e+18,2.4893505084386827e+20,4.533611706929847e+19,1.916287548066981e+20,2.664205002919769e+17,2.0370215492718042e+18,2.1724644840627323e+18,3.6602654200040146e+18
