t(s),Total solute volume 1,Total retention volume 1,Total 1 volume 1,Total 2 volume 1,Total 3 volume 1,Total 4 volume 1,Total 5 volume 1,Total 6 volume 1
0,6.549761982660554e+18,3.78893848374894e+20,4.533611706929847e+19,3.264895769282699e+20,2.597012754487428e+16,9.411377949874294e+16,1.0547840638177478e+17,2.9283008124066106e+17
