t(s),Total solute volume 1,Total retention volume 1,Total 1 volume 1,Total 2 volume 1,Total 3 volume 1,Total 4 volume 1,Total 5 volume 1,Total 6 volume 1
0,9.688003471877627e+16,1.0962918249393869e+17,3752113566455123.5,6674159898032270.0,2415822540096.963,5752635172008.381,31095683638661.344,2283610169323217.5
