t(s),Total solute volume 1,Total retention volume 1,Total 1 volume 1,Total 2 volume 1,Total 3 volume 1,Total 4 volume 1,Total 5 volume 1,Total 6 volume 1
0,5.67102642256257e+16,8.155848137990578e+16,3752113566455123.5,3906825519925697.5,23551648604942.43,86502990568405.08,376282094025222.3,1.6702941334701362e+16
