t(s),Total solute volume 1,Total retention volume 1,Total 1 volume 1,Total 2 volume 1,Total 3 volume 1,Total 4 volume 1,Total 5 volume 1,Total 6 volume 1
0,1.4340238840712154e+18,1.1103591677706076e+19,1.531053857194819e+18,6.68598110410038e+18,1484678304472734.5,9810201424756736.0,1.4769873266488426e+17,1.2935392199455076e+18
