t(s),Total solute volume 1,Total retention volume 1,Total 1 volume 1,Total 2 volume 1,Total 3 volume 1,Total 4 volume 1,Total 5 volume 1,Total 6 volume 1
0,8.394286150660815e+17,2.4586680332077367e+19,1.531053857194819e+18,3.913959566691929e+18,1.4491468849165026e+16,1.4869424811408605e+17,2.054863067463488e+18,1.6084189508697848e+19
