t(s),Total solute volume 1,Total retention volume 1,Total 1 volume 1,Total 2 volume 1,Total 3 volume 1,Total 4 volume 1,Total 5 volume 1,Total 6 volume 1
0,3.5302772118780864e+17,6.204345841148284e+18,2.2173507663096877e+17,4.247125719959892e+17,629059853833244.1,4666875655183584.0,5.1385643695894184e+16,5.148188892128606e+18
