t(s),Total solute volume 1,Total retention volume 1,Total 1 volume 1,Total 2 volume 1,Total 3 volume 1,Total 4 volume 1,Total 5 volume 1,Total 6 volume 1
0,6.030890236958341e+17,2.0570368682693033e+18,2.2173507663096877e+17,7.255463282409612e+17,64481247267805.99,309957429428010.94,4215172444875931.5,5.020768285799634e+17
