t(s),Total solute volume 1,Total retention volume 1,Total 1 volume 1,Total 2 volume 1,Total 3 volume 1,Total 4 volume 1,Total 5 volume 1,Total 6 volume 1
0,1.1562292854379274e+18,8.016921329871963e+18,9.470815640223638e+17,3.849586369903471e+18,1194227445665781.0,7323200250475282.0,1.1877331965765336e+17,1.9367333631544325e+18
