t(s),Total solute volume 1,Total retention volume 1,Total 1 volume 1,Total 2 volume 1,Total 3 volume 1,Total 4 volume 1,Total 5 volume 1,Total 6 volume 1
0,6.768171426953814e+17,2.9410446646284505e+19,9.470815640223639e+17,2.2534875290841032e+18,1.1652055021677114e+16,1.1058235769326922e+17,1.5442148588482074e+18,2.3866611138919506e+19
