t(s),Total solute volume 1,Total retention volume 1,Total 1 volume 1,Total 2 volume 1,Total 3 volume 1,Total 4 volume 1,Total 5 volume 1,Total 6 volume 1
0,4.718423901827473e+18,1.6903116428082607e+20,2.1816306119850037e+19,1.413400008682567e+20,2.6275181724567244e+16,1.5204213250661053e+17,2.5600555593504413e+17,7.221105207263328e+17
