t(s),Total solute volume 1,Total retention volume 1,Total 1 volume 1,Total 2 volume 1,Total 3 volume 1,Total 4 volume 1,Total 5 volume 1,Total 6 volume 1
0,2.7620042352160896e+18,1.2477059994641795e+20,2.1816306119850037e+19,8.283158743020675e+19,2.615823282487415e+17,2.858739959777843e+18,5.214752928312524e+18,9.025626944805647e+18
