t(s),Total solute volume 1,Total retention volume 1,Total 1 volume 1,Total 2 volume 1,Total 3 volume 1,Total 4 volume 1,Total 5 volume 1,Total 6 volume 1
0,2.9302339152982e+17,7.471485530826038e+17,4.431341940307482e+16,1.1399288614301397e+17,45754148165861.51,166752478859637.0,1588569746437128.5,2.940177796332261e+17
