t(s),Total solute volume 1,Total retention volume 1,Total 1 volume 1,Total 2 volume 1,Total 3 volume 1,Total 4 volume 1,Total 5 volume 1,Total 6 volume 1
0,9.566309649021271e+17,4.5749695225099587e+18,6.205788698891987e+17,2.368112616809924e+18,220703749365522.2,1262831351556111.5,2.0248516014862356e+16,6.079150197929408e+17
