t(s),Total solute volume 1,Total retention volume 1,Total 1 volume 1,Total 2 volume 1,Total 3 volume 1,Total 4 volume 1,Total 5 volume 1,Total 6 volume 1
0,7.158676193942945e+17,2.4692135659136415e+18,3.250257609819086e+17,1.1260624170802307e+18,52524852781830.77,269510663943977.66,3945997633489689.5,2.9798973530699034e+17
