t(s),Total solute volume 1,Total retention volume 1,Total 1 volume 1,Total 2 volume 1,Total 3 volume 1,Total 4 volume 1,Total 5 volume 1,Total 6 volume 1
0,4.1904446013324595e+17,4.78995775157895e+18,3.250257609819086e+17,6.591645730832125e+17,512456703527032.06,4059404871065899.0,4.8399313722721576e+16,3.333751782083281e+18
