t(s),Total solute volume 1,Total retention volume 1,Total 1 volume 1,Total 2 volume 1,Total 3 volume 1,Total 4 volume 1,Total 5 volume 1,Total 6 volume 1
0,5.67102642256257e+16,8.75698394289789e+16,3752113566455123.5,3906825519925697.5,31785978735408.25,116736133602052.66,507821537925454.94,2.254429246670973e+16
