t(s),Total solute volume 1,Total retention volume 1,Total 1 volume 1,Total 2 volume 1,Total 3 volume 1,Total 4 volume 1,Total 5 volume 1,Total 6 volume 1
0,1.0575407049402066e+18,2.7991566310915727e+19,2.563088576888768e+18,7.076244436375885e+18,2.4250928456045764e+16,2.6902544930872803e+17,3.2548489739445755e+18,1.3746567241001486e+19
