t(s),Total solute volume 1,Total retention volume 1,Total 1 volume 1,Total 2 volume 1,Total 3 volume 1,Total 4 volume 1,Total 5 volume 1,Total 6 volume 1
0,1.806632037606207e+18,1.778920330682186e+19,2.563088576888768e+18,1.2087386361672243e+19,2482968659286040.0,1.7606018451981366e+16,2.1026199708753875e+17,1.1017453464558769e+18
