t(s),Total solute volume 1,Total retention volume 1,Total 1 volume 1,Total 2 volume 1,Total 3 volume 1,Total 4 volume 1,Total 5 volume 1,Total 6 volume 1
0,1.194648755498281e+18,1.8169809054961865e+19,3.364073161464839e+18,9.67235389752105e+18,7423990194441402.0,8.545197203969384e+16,9.007257907353427e+17,2.94513148750808e+18
