t(s),Total solute volume 1,Total retention volume 1,Total 1 volume 1,Total 2 volume 1,Total 3 volume 1,Total 4 volume 1,Total 5 volume 1,Total 6 volume 1
0,2.0408582906428972e+18,2.222313267437716e+19,3.3640731614648397e+18,1.6521366587680283e+19,759627971598563.8,5550783778941897.0,5.467892856366613e+16,2.3584529427500413e+17
