t(s),Total solute volume 1,Total retention volume 1,Total 1 volume 1,Total 2 volume 1,Total 3 volume 1,Total 4 volume 1,Total 5 volume 1,Total 6 volume 1
0,6.357639040862142e+16,7.90874429462417e+16,4841705944743442.0,5237103708245424.0,6083508562259.433,23353250837723.27,107702776656833.39,5295103348574667.0
