t(s),Total solute volume 1,Total retention volume 1,Total 1 volume 1,Total 2 volume 1,Total 3 volume 1,Total 4 volume 1,Total 5 volume 1,Total 6 volume 1
0,1.0860966694806053e+17,1.2313270009918082e+17,4841705944743442.0,8946718178722158.0,623644125470.5338,1551763957990.1035,8894272374588.049,723539347197010.2
