t(s),Total solute volume 1,Total retention volume 1,Total 1 volume 1,Total 2 volume 1,Total 3 volume 1,Total 4 volume 1,Total 5 volume 1,Total 6 volume 1
0,2.399005506587524e+17,3.2784668267631027e+18,9.36616297076456e+16,1.5772427002204848e+17,353999368587136.8,2264412035615413.5,2.059384800926406e+16,2.763968116961194e+18
