t(s),Total solute volume 1,Total retention volume 1,Total 1 volume 1,Total 2 volume 1,Total 3 volume 1,Total 4 volume 1,Total 5 volume 1,Total 6 volume 1
0,4.0983010737537254e+17,1.1113506067919516e+18,9.36616297076456e+16,2.6944503277455203e+17,36290079345116.77,150452272714059.34,1698146650994065.5,3.365289479313324e+17
