t(s),Total solute volume 1,Total retention volume 1,Total 1 volume 1,Total 2 volume 1,Total 3 volume 1,Total 4 volume 1,Total 5 volume 1,Total 6 volume 1
0,4.443246134384989e+19,2.6909352925379716e+22,3.1834588077439205e+21,2.3681226433136985e+22,6.792722203476531e+16,4.064343662788736e+16,3.3696438104411452e+16,9.295605800254968e+16
