t(s),Total solute volume 1,Total retention volume 1,Total 1 volume 1,Total 2 volume 1,Total 3 volume 1,Total 4 volume 1,Total 5 volume 1,Total 6 volume 1
0,1.6839348350405472e+17,2.513569887224611e+17,1.2878448802488326e+16,2.7543198044355056e+16,16602239285143.574,48899925414940.195,350932582724678.1,4.212542362413958e+16
