t(s),Total solute volume 1,Total retention volume 1,Total 1 volume 1,Total 2 volume 1,Total 3 volume 1,Total 4 volume 1,Total 5 volume 1,Total 6 volume 1
0,9.85717952218855e+16,4.413953697514068e+17,1.2878448802488326e+16,1.6122851276236812e+16,161812701276542.44,735060401693221.4,4245493940377392.5,3.0867990740744806e+17
