t(s),Total solute volume 1,Total retention volume 1,Total 1 volume 1,Total 2 volume 1,Total 3 volume 1,Total 4 volume 1,Total 5 volume 1,Total 6 volume 1
0,5.5346593079818586e+17,2.682440531920421e+19,6.045923551720415e+17,1.3452732373157307e+18,6674037874421011.0,5.875274476138617e+16,7.821293023157379e+17,2.347351771096672e+19
