t(s),Total solute volume 1,Total retention volume 1,Total 1 volume 1,Total 2 volume 1,Total 3 volume 1,Total 4 volume 1,Total 5 volume 1,Total 6 volume 1
0,9.455042984468884e+17,5.860377833612944e+18,6.045923551720417e+17,2.298131816040415e+18,684135234784543.6,3897557237774149.5,6.234971948623528e+16,1.9452179519947963e+18
