t(s),Total solute volume 1,Total retention volume 1,Total 1 volume 1,Total 2 volume 1,Total 3 volume 1,Total 4 volume 1,Total 5 volume 1,Total 6 volume 1
0,1.0896465516898744e+17,1.6935234238156074e+17,1.6105550931134632e+16,2.0848021191923476e+16,10130295785390.346,47843397507255.66,290839242136152.3,2.308530215408604e+16
