t(s),Total solute volume 1,Total retention volume 1,Total 1 volume 1,Total 2 volume 1,Total 3 volume 1,Total 4 volume 1,Total 5 volume 1,Total 6 volume 1
0,9.566309649021271e+17,4.4604887500403953e+18,6.205788698891987e+17,2.368112616809924e+18,180575969603654.12,1033226497559785.1,1.6566982171163364e+16,4.9738551380082976e+17
