t(s),Total solute volume 1,Total retention volume 1,Total 1 volume 1,Total 2 volume 1,Total 3 volume 1,Total 4 volume 1,Total 5 volume 1,Total 6 volume 1
0,5.599791014061281e+17,8.805892813805873e+18,6.205788698891987e+17,1.3862391755847913e+18,1761940122133415.0,1.558023675177528e+16,2.0818061538173616e+17,6.013572874670113e+18
