t(s),Total solute volume 1,Total retention volume 1,Total 1 volume 1,Total 2 volume 1,Total 3 volume 1,Total 4 volume 1,Total 5 volume 1,Total 6 volume 1
0,1.1342546114652189e+19,1.4743477078813e+21,1.542273968290348e+20,1.3085723532580854e+21,2.9924389348285136e+16,4.086770657894639e+16,3.579566853524464e+16,9.882391506546688e+16
