t(s),Total solute volume 1,Total retention volume 1,Total 1 volume 1,Total 2 volume 1,Total 3 volume 1,Total 4 volume 1,Total 5 volume 1,Total 6 volume 1
0,6.639539189064714e+18,9.385046481599732e+20,1.542273968290348e+20,7.742999917924145e+20,3.506412187631177e+17,1.0116307766586957e+18,7.401851678133874e+17,1.235263186221113e+18
