t(s),Total solute volume 1,Total retention volume 1,Total 1 volume 1,Total 2 volume 1,Total 3 volume 1,Total 4 volume 1,Total 5 volume 1,Total 6 volume 1
0,1.772257703331625e+18,4.512129793468121e+19,8.108748995498784e+18,2.6581741941542703e+19,4.325474595784172e+16,5.356996653849484e+17,2.675941762780306e+18,5.403653120184982e+18
