t(s),Total solute volume 1,Total retention volume 1,Total 1 volume 1,Total 2 volume 1,Total 3 volume 1,Total 4 volume 1,Total 5 volume 1,Total 6 volume 1
0,3.027606909858182e+18,5.713919314313095e+19,8.108748995498786e+18,4.539357696078196e+19,4408858202892689.0,3.3016655220386988e+16,1.3946058600521634e+17,4.3237417756334394e+17
