t(s),Total solute volume 1,Total retention volume 1,Total 1 volume 1,Total 2 volume 1,Total 3 volume 1,Total 4 volume 1,Total 5 volume 1,Total 6 volume 1
0,6.549761982660554e+18,3.790234458261726e+20,4.533611706929847e+19,3.264895769282699e+20,3.246263962675506e+16,1.1764216359997275e+17,1.3184793500169723e+17,3.66037107716382e+17
