t(s),Total solute volume 1,Total retention volume 1,Total 1 volume 1,Total 2 volume 1,Total 3 volume 1,Total 4 volume 1,Total 5 volume 1,Total 6 volume 1
0,3.8340070142403466e+18,2.5096899138988396e+20,4.533611706929847e+19,1.916287548066981e+20,3.3302241760470656e+17,2.5462441716604063e+18,2.715550784648297e+18,4.57529512573281e+18
