t(s),Total solute volume 1,Total retention volume 1,Total 1 volume 1,Total 2 volume 1,Total 3 volume 1,Total 4 volume 1,Total 5 volume 1,Total 6 volume 1
0,6.1151907207788056e+16,1.144624574013634e+17,4439458008290587.5,4740171994361016.0,52920374036635.81,200049044974299.03,904618141808964.2,4.297333263010306e+16
