t(s),Total solute volume 1,Total retention volume 1,Total 1 volume 1,Total 2 volume 1,Total 3 volume 1,Total 4 volume 1,Total 5 volume 1,Total 6 volume 1
0,1.0446784147997133e+17,1.2297606422186835e+17,4439458008290587.5,8097793286123659.0,5431532857712.9795,13314417363471.436,74807752767154.19,5877417744494435.0
