t(s),Total solute volume 1,Total retention volume 1,Total 1 volume 1,Total 2 volume 1,Total 3 volume 1,Total 4 volume 1,Total 5 volume 1,Total 6 volume 1
0,1.194648755498281e+18,3.1109887091762692e+19,3.3640731614648397e+18,9.67235389752105e+18,3.181385261435946e+16,3.6617279177322976e+17,3.859804129373574e+18,1.2621020503517213e+19
