t(s),Total solute volume 1,Total retention volume 1,Total 1 volume 1,Total 2 volume 1,Total 3 volume 1,Total 4 volume 1,Total 5 volume 1,Total 6 volume 1
0,2.0408582906428972e+18,2.319843818602944e+19,3.3640731614648397e+18,1.6521366587680283e+19,3255527397610583.0,2.378894307657126e+16,2.3433689198061853e+17,1.0107587837866858e+18
