t(s),Total solute volume 1,Total retention volume 1,Total 1 volume 1,Total 2 volume 1,Total 3 volume 1,Total 4 volume 1,Total 5 volume 1,Total 6 volume 1
0,4.443246134384989e+19,2.6909258831342286e+22,3.1834588077439205e+21,2.368122643313663e+22,4.075634584927595e+16,2.4386068372914924e+16,2.02178682725813e+16,5.576883546998766e+16
