t(s),Total solute volume 1,Total retention volume 1,Total 1 volume 1,Total 2 volume 1,Total 3 volume 1,Total 4 volume 1,Total 5 volume 1,Total 6 volume 1
0,2.600924566469286e+19,2.0413563425772064e+22,3.1834588077439205e+21,1.7201685979806866e+22,6.67136016754646e+17,6.267931975069535e+17,4.182962067143925e+17,6.971671358895826e+17
