t(s),Total solute volume 1,Total retention volume 1,Total 1 volume 1,Total 2 volume 1,Total 3 volume 1,Total 4 volume 1,Total 5 volume 1,Total 6 volume 1
0,2.2349716812900077e+17,5.394590543540752e+18,7.99733013773092e+16,1.3153125251363435e+17,679840788752126.4,4231640668205190.0,3.713168650226516e+16,4.917545653561599e+18
