t(s),Total solute volume 1,Total retention volume 1,Total 1 volume 1,Total 2 volume 1,Total 3 volume 1,Total 4 volume 1,Total 5 volume 1,Total 6 volume 1
0,3.818076622203744e+17,1.3054140661300657e+18,7.99733013773092e+16,2.2469880913100803e+17,69708766286589.016,281248497828781.56,3063709527866657.5,6.155196266093894e+17
