t(s),Total solute volume 1,Total retention volume 1,Total 1 volume 1,Total 2 volume 1,Total 3 volume 1,Total 4 volume 1,Total 5 volume 1,Total 6 volume 1
0,3.027606909858182e+18,5.782012590492963e+19,8.108748995498785e+18,4.539357696078196e+19,9336368000452260.0,6.991738435254658e+16,2.953272217425998e+17,9.15612064695034e+17
