t(s),Total solute volume 1,Total retention volume 1,Total 1 volume 1,Total 2 volume 1,Total 3 volume 1,Total 4 volume 1,Total 5 volume 1,Total 6 volume 1
0,1.772257703331625e+18,5.47974388546132e+19,8.108748995498784e+18,2.6581741941542703e+19,9.159246077622421e+16,1.1343264521565377e+18,5.666289413631394e+18,1.1442481887675845e+19
