t(s),Total solute volume 1,Total retention volume 1,Total 1 volume 1,Total 2 volume 1,Total 3 volume 1,Total 4 volume 1,Total 5 volume 1,Total 6 volume 1
0,5.539824915009872e+18,2.5051575787221352e+20,3.120606282469643e+19,2.1299199081623975e+20,2.622397171392225e+16,1.2395042415713826e+17,1.6552938829672352e+17,4.621755320988071e+17
