t(s),Total solute volume 1,Total retention volume 1,Total 1 volume 1,Total 2 volume 1,Total 3 volume 1,Total 4 volume 1,Total 5 volume 1,Total 6 volume 1
0,3.242824340493574e+18,1.7128322607908176e+20,3.120606282469643e+19,1.2489632049785533e+20,2.6411384342967312e+17,2.501356822640127e+18,3.3956467701288463e+18,5.776900979838726e+18
