t(s),Total solute volume 1,Total retention volume 1,Total 1 volume 1,Total 2 volume 1,Total 3 volume 1,Total 4 volume 1,Total 5 volume 1,Total 6 volume 1
0,2.600924566469286e+19,2.0412117794653538e+22,3.1834588077439205e+21,1.7201685979806866e+22,2.668555817077882e+17,2.5071875381136893e+17,1.673193225600165e+17,2.788677801532248e+17
