t(s),Total solute volume 1,Total retention volume 1,Total 1 volume 1,Total 2 volume 1,Total 3 volume 1,Total 4 volume 1,Total 5 volume 1,Total 6 volume 1
0,4.443246134384989e+19,2.6909174137176994e+22,3.1834588077439205e+21,2.368122643313208e+22,1.6302542885691966e+16,9754429645147728.0,8087148422917469.0,2.2290836250590536e+16
