t(s),Total solute volume 1,Total retention volume 1,Total 1 volume 1,Total 2 volume 1,Total 3 volume 1,Total 4 volume 1,Total 5 volume 1,Total 6 volume 1
0,1.3860424099942965e+19,2.4055832488679073e+21,2.4107704894684447e+20,2.1505892778574608e+21,1.0597130040846448e+16,1.0912369066696322e+16,9306829458716916.0,2.5681635102264256e+16
