t(s),Total solute volume 1,Total retention volume 1,Total 1 volume 1,Total 2 volume 1,Total 3 volume 1,Total 4 volume 1,Total 5 volume 1,Total 6 volume 1
0,8.113418985332498e+18,1.5315874876692137e+21,2.4107704894684447e+20,1.281474549652156e+21,1.3393907623991798e+17,2.7498567068216717e+17,1.9250572248212422e+17,3.210396154817558e+17
