t(s),Total solute volume 1,Total retention volume 1,Total 1 volume 1,Total 2 volume 1,Total 3 volume 1,Total 4 volume 1,Total 5 volume 1,Total 6 volume 1
0,4.718423901827473e+18,1.689125565472623e+20,2.1816306119850037e+19,1.413400008682567e+20,2.358030584515113e+16,1.364481389469551e+17,2.2974870442333984e+17,6.480485081131734e+17
