t(s),Total solute volume 1,Total retention volume 1,Total 1 volume 1,Total 2 volume 1,Total 3 volume 1,Total 4 volume 1,Total 5 volume 1,Total 6 volume 1
0,2.7620042352160896e+18,1.2299016086572786e+20,2.1816306119850037e+19,8.283158743020675e+19,2.3475565907427763e+17,2.565569258850359e+18,4.679958460746997e+18,8.099979701783008e+18
