t(s),Total solute volume 1,Total retention volume 1,Total 1 volume 1,Total 2 volume 1,Total 3 volume 1,Total 4 volume 1,Total 5 volume 1,Total 6 volume 1
0,9.85717952218855e+16,2.2962079702137066e+17,1.2878448802488326e+16,1.6122851276236812e+16,52626719522595.92,239122736834567.84,1380909851935238.0,1.0037504241246858e+17
