t(s),Total solute volume 1,Total retention volume 1,Total 1 volume 1,Total 2 volume 1,Total 3 volume 1,Total 4 volume 1,Total 5 volume 1,Total 6 volume 1
0,1.5302805924424387e+17,2.1182547862301533e+17,1.0403170291897824e+16,2.15508874098567e+16,12402975206959.598,35211645876116.43,240605981114927.4,2.655514107481866e+16
