t(s),Total solute volume 1,Total retention volume 1,Total 1 volume 1,Total 2 volume 1,Total 3 volume 1,Total 4 volume 1,Total 5 volume 1,Total 6 volume 1
0,8.957740053321614e+16,3.1059079602702054e+17,1.040317029189783e+16,1.2615155834536546e+16,120885927502264.03,529305030947602.8,2910777238296846.5,1.9443410117062435e+17
