t(s),Total solute volume 1,Total retention volume 1,Total 1 volume 1,Total 2 volume 1,Total 3 volume 1,Total 4 volume 1,Total 5 volume 1,Total 6 volume 1
0,1.2485206491236938e+19,4.329280746698978e+21,6.290856345856501e+20,3.6814069503789776e+21,1.411712934416622e+18,1.7474020426709007e+18,1.1788486004504535e+18,1.964991665560904e+18
