t(s),Total solute volume 1,Total retention volume 1,Total 1 volume 1,Total 2 volume 1,Total 3 volume 1,Total 4 volume 1,Total 5 volume 1,Total 6 volume 1
0,9.011205916778291e+16,1.0110645186168824e+17,3192384722575143.5,5543091834178185.0,2671622969539.071,6187022201357.681,32224551189311.652,2217832940791815.8
