t(s),Total solute volume 1,Total retention volume 1,Total 1 volume 1,Total 2 volume 1,Total 3 volume 1,Total 4 volume 1,Total 5 volume 1,Total 6 volume 1
0,5.274852243967814e+16,7.591234293758528e+16,3192384722575143.5,3244736830869188.5,26038345455368.02,93000293097674.3,389819237173740.56,1.6217841068735636e+16
