t(s),Total solute volume 1,Total retention volume 1,Total 1 volume 1,Total 2 volume 1,Total 3 volume 1,Total 4 volume 1,Total 5 volume 1,Total 6 volume 1
0,7.82153398870977e+16,1.8189776387151274e+17,7687035129498279.0,8909437720794750.0,67589643969732.625,280918414560496.2,1441011873152889.2,8.529643120243864e+16
