t(s),Total solute volume 1,Total retention volume 1,Total 1 volume 1,Total 2 volume 1,Total 3 volume 1,Total 4 volume 1,Total 5 volume 1,Total 6 volume 1
0,1.3361787230712443e+17,1.6832563132066134e+17,7687035129498279.0,1.522028754057002e+16,6933612875295.193,18683758693485.82,119093828288964.38,1.1655725143610328e+16
