t(s),Total solute volume 1,Total retention volume 1,Total 1 volume 1,Total 2 volume 1,Total 3 volume 1,Total 4 volume 1,Total 5 volume 1,Total 6 volume 1
0,1.0896465516898744e+17,2.279299478410808e+17,1.6105550931134632e+16,2.0848021191923476e+16,35451666060610.414,167424326045698.44,1017794350782235.5,8.079105020614667e+16
