t(s),Total solute volume 1,Total retention volume 1,Total 1 volume 1,Total 2 volume 1,Total 3 volume 1,Total 4 volume 1,Total 5 volume 1,Total 6 volume 1
0,9.402531052744658e+17,1.8207790881778538e+19,1.9718743661304886e+18,5.234982861726286e+18,1.0575797932674844e+16,1.1287218817769614e+17,1.489599776103448e+18,8.447632786433513e+18
