t(s),Total solute volume 1,Total retention volume 1,Total 1 volume 1,Total 2 volume 1,Total 3 volume 1,Total 4 volume 1,Total 5 volume 1,Total 6 volume 1
0,4.584145573095851e+17,1.916568593841015e+19,3.971127163555371e+17,8.29827887724081e+17,3130494892788222.0,2.565985896848679e+16,3.18106531901368e+17,1.7133433891258319e+19
