t(s),Total solute volume 1,Total retention volume 1,Total 1 volume 1,Total 2 volume 1,Total 3 volume 1,Total 4 volume 1,Total 5 volume 1,Total 6 volume 1
0,7.831248687372006e+17,4.107973487630804e+18,3.971127163555371e+17,1.417606166617462e+18,320907938301267.2,1703554891280946.0,2.5808953753348824e+16,1.4822963193376617e+18
