t(s),Total solute volume 1,Total retention volume 1,Total 1 volume 1,Total 2 volume 1,Total 3 volume 1,Total 4 volume 1,Total 5 volume 1,Total 6 volume 1
0,3.8340070142403466e+18,2.530028972908427e+20,4.533611706929847e+19,1.916287548066981e+20,3.9962305188750445e+17,3.055453689122032e+18,3.2586251610259236e+18,5.490316498569479e+18
