t(s),Total solute volume 1,Total retention volume 1,Total 1 volume 1,Total 2 volume 1,Total 3 volume 1,Total 4 volume 1,Total 5 volume 1,Total 6 volume 1
0,1.194648755498281e+18,1.7607145696810787e+19,3.364073161464839e+18,9.67235389752105e+18,6363448415055696.0,7.32449818334512e+16,7.720545848519514e+17,2.5244068672260403e+18
