t(s),Total solute volume 1,Total retention volume 1,Total 1 volume 1,Total 2 volume 1,Total 3 volume 1,Total 4 volume 1,Total 5 volume 1,Total 6 volume 1
0,2.0408582906428972e+18,2.218072779815547e+19,3.364073161464839e+18,1.6521366587680283e+19,651109873004581.1,4757815800381823.0,4.686766499613847e+16,2.0215316769802074e+17
