t(s),Total solute volume 1,Total retention volume 1,Total 1 volume 1,Total 2 volume 1,Total 3 volume 1,Total 4 volume 1,Total 5 volume 1,Total 6 volume 1
0,5.539824915009872e+18,2.507935705161267e+20,3.120606282469643e+19,2.1299199081623975e+20,3.558962694257169e+16,1.6821823684902534e+17,2.246467469405145e+17,6.272373494474376e+17
