t(s),Total solute volume 1,Total retention volume 1,Total 1 volume 1,Total 2 volume 1,Total 3 volume 1,Total 4 volume 1,Total 5 volume 1,Total 6 volume 1
0,3.242824340493574e+18,1.75546452920257e+20,3.120606282469643e+19,1.2489632049785533e+20,3.584324317233975e+17,3.394600057418421e+18,4.6082636663679345e+18,7.839949101702587e+18
