t(s),Total solute volume 1,Total retention volume 1,Total 1 volume 1,Total 2 volume 1,Total 3 volume 1,Total 4 volume 1,Total 5 volume 1,Total 6 volume 1
0,4.5495789518832886e+19,4.520243342040679e+22,1.0574109797244612e+22,3.4581088036988603e+22,4.940514175318731e+17,4.484212403321793e+17,2.98995970077997e+17,4.9832802667034586e+17
