t(s),Total solute volume 1,Total retention volume 1,Total 1 volume 1,Total 2 volume 1,Total 3 volume 1,Total 4 volume 1,Total 5 volume 1,Total 6 volume 1
0,7.772197376133865e+19,5.045242074226659e+22,1.0574109797244612e+22,3.980048746435129e+22,2.974907268804731e+16,1.7439891872698306e+16,1.4451558775007262e+16,3.986638610473529e+16
