t(s),Total solute volume 1,Total retention volume 1,Total 1 volume 1,Total 2 volume 1,Total 3 volume 1,Total 4 volume 1,Total 5 volume 1,Total 6 volume 1
0,4.718423901827473e+18,1.6823055796673584e+20,2.1816306119850037e+19,1.413400008682567e+20,8084704981805277.0,4.678235965498531e+16,7.877123767890762e+16,2.2218877448649536e+17
