t(s),Total solute volume 1,Total retention volume 1,Total 1 volume 1,Total 2 volume 1,Total 3 volume 1,Total 4 volume 1,Total 5 volume 1,Total 6 volume 1
0,2.7620042352160896e+18,1.1275199291805316e+20,2.1816306119850037e+19,8.283158743020675e+19,8.049216461528582e+16,8.796895924941148e+17,1.6046596842308385e+18,2.7772536914397804e+18
