t(s),Total solute volume 1,Total retention volume 1,Total 1 volume 1,Total 2 volume 1,Total 3 volume 1,Total 4 volume 1,Total 5 volume 1,Total 6 volume 1
0,1.0896465516898744e+17,5.6746378565544326e+17,1.6105550931134632e+16,2.0848021191923476e+16,182192636511588.12,860218079186895.9,5230109630934332.0,4.152730380167688e+17
