t(s),Total solute volume 1,Total retention volume 1,Total 1 volume 1,Total 2 volume 1,Total 3 volume 1,Total 4 volume 1,Total 5 volume 1,Total 6 volume 1
0,1.8614795258035258e+17,2.9496805770722784e+17,1.6105550931134632e+16,3.561535913744106e+16,18690238093640.93,57213314800892.72,432230411941080.3,5.659106109346569e+16
