t(s),Total solute volume 1,Total retention volume 1,Total 1 volume 1,Total 2 volume 1,Total 3 volume 1,Total 4 volume 1,Total 5 volume 1,Total 6 volume 1
0,9.402531052744658e+17,3.122530702969779e+19,1.9718743661304886e+18,5.234982861726286e+18,2.4259312593148644e+16,2.5890198682645715e+17,3.416865614592295e+18,1.937816978255469e+19
