t(s),Total solute volume 1,Total retention volume 1,Total 1 volume 1,Total 2 volume 1,Total 3 volume 1,Total 4 volume 1,Total 5 volume 1,Total 6 volume 1
0,1.6062657215105326e+18,1.432911986579786e+19,1.9718743661304888e+18,8.94244010427008e+18,2484870642130932.5,1.702697398526134e+16,2.3386100795857056e+17,1.5551668213008527e+18
