t(s),Total solute volume 1,Total retention volume 1,Total 1 volume 1,Total 2 volume 1,Total 3 volume 1,Total 4 volume 1,Total 5 volume 1,Total 6 volume 1
0,1.2852690019555497e+18,8.596390385150678e+18,1.1991975012111887e+18,5.049221861376426e+18,814170710856534.1,5182952899485568.0,8.222021174930373e+16,9.744846852478255e+17
