t(s),Total solute volume 1,Total retention volume 1,Total 1 volume 1,Total 2 volume 1,Total 3 volume 1,Total 4 volume 1,Total 5 volume 1,Total 6 volume 1
0,7.523525865105635e+17,1.8169745163433222e+19,1.1991975012111887e+18,2.955764414391274e+18,7945788557990173.0,7.839252298441458e+16,1.1005444672573876e+18,1.2075547882520404e+19
