t(s),Total solute volume 1,Total retention volume 1,Total 1 volume 1,Total 2 volume 1,Total 3 volume 1,Total 4 volume 1,Total 5 volume 1,Total 6 volume 1
0,3.818076622203744e+17,1.3741825523749873e+18,7.99733013773092e+16,2.2469880913100803e+17,77453967866852.56,312497589911181.44,3404113058679937.0,6.839087150298353e+17
