t(s),Total solute volume 1,Total retention volume 1,Total 1 volume 1,Total 2 volume 1,Total 3 volume 1,Total 4 volume 1,Total 5 volume 1,Total 6 volume 1
0,2.399005506587524e+17,2.5817382650279936e+18,9.36616297076456e+16,1.5772427002204848e+17,265510684150320.72,1698404371241584.8,1.5446125965288556e+16,2.0730417736188588e+18
