t(s),Total solute volume 1,Total retention volume 1,Total 1 volume 1,Total 2 volume 1,Total 3 volume 1,Total 4 volume 1,Total 5 volume 1,Total 6 volume 1
0,7.772197376133865e+19,5.0452357300455844e+22,1.0574109797244612e+22,3.980048746435127e+22,1.115590457440113e+16,6539960602130878.0,5419335560391778.0,1.4949898000474024e+16
