t(s),Total solute volume 1,Total retention volume 1,Total 1 volume 1,Total 2 volume 1,Total 3 volume 1,Total 4 volume 1,Total 5 volume 1,Total 6 volume 1
0,4.5495789518832886e+19,4.520134604972246e+22,1.0574109797244612e+22,3.4581088036988603e+22,1.8526988897615786e+17,1.681587016298835e+17,1.1212390783704442e+17,1.868734719274131e+17
