t(s),Total solute volume 1,Total retention volume 1,Total 1 volume 1,Total 2 volume 1,Total 3 volume 1,Total 4 volume 1,Total 5 volume 1,Total 6 volume 1
0,1.355755053821572e+18,2.5767890732744385e+19,4.460907519859345e+18,1.337749223333267e+19,1.6861368207028488e+16,2.0060136794119434e+17,1.7397964109970463e+18,4.616476778585512e+18
