t(s),Total solute volume 1,Total retention volume 1,Total 1 volume 1,Total 2 volume 1,Total 3 volume 1,Total 4 volume 1,Total 5 volume 1,Total 6 volume 1
0,2.6900722401125917e+19,1.097317630074146e+22,1.0530177027067483e+21,9.893021029122554e+21,6.443729633496606e+16,4.180195830773884e+16,3.474771644574707e+16,9.585954004135256e+16
