t(s),Total solute volume 1,Total retention volume 1,Total 1 volume 1,Total 2 volume 1,Total 3 volume 1,Total 4 volume 1,Total 5 volume 1,Total 6 volume 1
0,1.5746764332366418e+19,7.374913842138079e+21,1.0530177027067483e+21,6.302159391947708e+21,1.0004442272872035e+18,1.0724246964722915e+18,7.18894262577752e+17,1.1982199649691827e+18
