t(s),Total solute volume 1,Total retention volume 1,Total 1 volume 1,Total 2 volume 1,Total 3 volume 1,Total 4 volume 1,Total 5 volume 1,Total 6 volume 1
0,2.6900722401125917e+19,1.0973228925832028e+22,1.0530177027067483e+21,9.89302102912224e+21,7.875668153971395e+16,5.109127468966478e+16,4.246942373182343e+16,1.1715422194136371e+17
