t(s),Total solute volume 1,Total retention volume 1,Total 1 volume 1,Total 2 volume 1,Total 3 volume 1,Total 4 volume 1,Total 5 volume 1,Total 6 volume 1
0,1.5180265269236467e+17,1.1485723488360643e+18,3.3743667340789536e+16,4.87842065642926e+16,222928768523791.2,1195879597459470.5,8615607937656783.0,9.042074059349642e+17
