t(s),Total solute volume 1,Total retention volume 1,Total 1 volume 1,Total 2 volume 1,Total 3 volume 1,Total 4 volume 1,Total 5 volume 1,Total 6 volume 1
0,2.5932953168279194e+17,4.988277889641142e+17,3.3743667340789536e+16,8.333962927494267e+16,22858843708483.5,79488145407930.8,711513710297728.0,1.2160109996618026e+17
