t(s),Total solute volume 1,Total retention volume 1,Total 1 volume 1,Total 2 volume 1,Total 3 volume 1,Total 4 volume 1,Total 5 volume 1,Total 6 volume 1
0,3.434508319345575e+19,1.7656866390321687e+22,1.8076337742290045e+21,1.581487631351659e+22,3174485588586442.5,1953228937493849.0,1620706099462164.2,4470962034020504.5
