t(s),Total solute volume 1,Total retention volume 1,Total 1 volume 1,Total 2 volume 1,Total 3 volume 1,Total 4 volume 1,Total 5 volume 1,Total 6 volume 1
0,2.0104438942510703e+19,1.2464441655965015e+22,1.8076337742290045e+21,1.0636512866415753e+22,5.098313856307452e+16,5.0174666117954184e+16,3.353157033341509e+16,5.5887002707362104e+16
