t(s),Total solute volume 1,Total retention volume 1,Total 1 volume 1,Total 2 volume 1,Total 3 volume 1,Total 4 volume 1,Total 5 volume 1,Total 6 volume 1
0,8.516285748348854e+19,8.217035309327616e+22,3.579686312483719e+22,4.628721412782856e+22,3.1768764949742106e+17,2.8630243777178157e+17,1.9087222693187824e+17,3.1812081239796186e+17
