t(s),Total solute volume 1,Total retention volume 1,Total 1 volume 1,Total 2 volume 1,Total 3 volume 1,Total 4 volume 1,Total 5 volume 1,Total 6 volume 1
0,1.454865482009603e+20,8.391701517818318e+22,3.579686312483719e+22,4.797460062369274e+22,1.9072079934322452e+16,1.1134123981601548e+16,9225524689152806.0,2.544972366302596e+16
