t(s),Total solute volume 1,Total retention volume 1,Total 1 volume 1,Total 2 volume 1,Total 3 volume 1,Total 4 volume 1,Total 5 volume 1,Total 6 volume 1
0,2.2349716812900077e+17,3.741726388557944e+18,7.99733013773092e+16,1.3153125251363437e+17,453287297214992.1,2821593534258258.5,2.4758199934701092e+16,3.2786915857718246e+18
