t(s),Total solute volume 1,Total retention volume 1,Total 1 volume 1,Total 2 volume 1,Total 3 volume 1,Total 4 volume 1,Total 5 volume 1,Total 6 volume 1
0,2.2349716812900077e+17,3.491241152385006e+21,7.99733013773092e+16,1.3153125251363437e+17,4.4806879670799194e+17,2.563571896824402e+18,2.3607569328816476e+19,3.464186940640617e+21
