t(s),Total solute volume 1,Total retention volume 1,Total 1 volume 1,Total 2 volume 1,Total 3 volume 1,Total 4 volume 1,Total 5 volume 1,Total 6 volume 1
0,3.818076622203744e+17,1.0991062184771027e+18,7.99733013773092e+16,2.2469880913100803e+17,46472901274944.99,187500332382609.9,2042488568845041.5,4.103499839459102e+17
