t(s),Total solute volume 1,Total retention volume 1,Total 1 volume 1,Total 2 volume 1,Total 3 volume 1,Total 4 volume 1,Total 5 volume 1,Total 6 volume 1
0,6.768171426953814e+17,1.5008455047048921e+19,9.470815640223638e+17,2.2534875290841032e+18,5079845872453874.0,4.82120108948062e+16,6.732318458560568e+17,1.0404545108623763e+19
