t(s),Total solute volume 1,Total retention volume 1,Total 1 volume 1,Total 2 volume 1,Total 3 volume 1,Total 4 volume 1,Total 5 volume 1,Total 6 volume 1
0,1.1562292854379274e+18,6.852608615968646e+18,9.470815640223638e+17,3.849586369903471e+18,520565517587517.4,3192189323735604.0,5.177342138423242e+16,8.442252203793567e+17
