t(s),Total solute volume 1,Total retention volume 1,Total 1 volume 1,Total 2 volume 1,Total 3 volume 1,Total 4 volume 1,Total 5 volume 1,Total 6 volume 1
0,2.5802946377090512e+17,7.243613665802897e+18,1.1018915844204802e+17,1.9011722470774906e+17,798231871335626.5,5250660386187959.0,4.953924445909606e+16,6.629689682165579e+18
