t(s),Total solute volume 1,Total retention volume 1,Total 1 volume 1,Total 2 volume 1,Total 3 volume 1,Total 4 volume 1,Total 5 volume 1,Total 6 volume 1
0,4.408003339419685e+17,1.6604232917863752e+18,1.1018915844204802e+17,3.247827274525352e+17,81840613521571.34,348915762665993.4,4083560275945089.5,7.801367552976961e+17
