t(s),Total solute volume 1,Total retention volume 1,Total 1 volume 1,Total 2 volume 1,Total 3 volume 1,Total 4 volume 1,Total 5 volume 1,Total 6 volume 1
0,2.0408582906428972e+18,2.3580076001632555e+19,3.3640731614648397e+18,1.6521366587680283e+19,4232174907879615.0,3.092555973645985e+16,3.046372609882366e+17,1.3139829662120297e+18
