t(s),Total solute volume 1,Total retention volume 1,Total 1 volume 1,Total 2 volume 1,Total 3 volume 1,Total 4 volume 1,Total 5 volume 1,Total 6 volume 1
0,1.194648755498281e+18,3.6172780728210076e+19,3.364073161464839e+18,9.67235389752105e+18,4.135635627849368e+16,4.7599922704692966e+17,5.017516868836799e+18,1.6406832461563578e+19
