t(s),Total solute volume 1,Total retention volume 1,Total 1 volume 1,Total 2 volume 1,Total 3 volume 1,Total 4 volume 1,Total 5 volume 1,Total 6 volume 1
0,2.0408582906428972e+18,2.205351302610913e+19,3.364073161464839e+18,1.6521366587680283e+19,325555211097026.4,2378909599268452.5,2.3433850410356332e+16,1.0107667110043493e+17
