t(s),Total solute volume 1,Total retention volume 1,Total 1 volume 1,Total 2 volume 1,Total 3 volume 1,Total 4 volume 1,Total 5 volume 1,Total 6 volume 1
0,1.194648755498281e+18,1.5919129983917021e+19,3.3640731614648397e+18,9.67235389752105e+18,3181766580867580.0,3.6623142488467e+16,3.860331531625731e+17,1.2622161072008215e+18
