t(s),Total solute volume 1,Total retention volume 1,Total 1 volume 1,Total 2 volume 1,Total 3 volume 1,Total 4 volume 1,Total 5 volume 1,Total 6 volume 1
0,1.1477277462414928e+17,6.60814843896663e+17,1.8083672627208548e+16,2.3817359628092044e+16,198919741460334.56,958158482449720.4,5982621985828187.0,4.970013368074739e+17
