t(s),Total solute volume 1,Total retention volume 1,Total 1 volume 1,Total 2 volume 1,Total 3 volume 1,Total 4 volume 1,Total 5 volume 1,Total 6 volume 1
0,3.489495779037574e+18,8.04948677248703e+19,1.1130180818752053e+19,6.53031309438877e+19,6011052425751270.0,4.3303924258252104e+16,1.3211967517318157e+17,3.906255313354723e+17
