t(s),Total solute volume 1,Total retention volume 1,Total 1 volume 1,Total 2 volume 1,Total 3 volume 1,Total 4 volume 1,Total 5 volume 1,Total 6 volume 1
0,2.0426316755341617e+18,5.969861664452418e+19,1.1130180818752053e+19,3.82466985051091e+19,5.914469995723206e+16,7.282876156578748e+17,2.6094018343948006e+18,4.88227149511842e+18
