t(s),Total solute volume 1,Total retention volume 1,Total 1 volume 1,Total 2 volume 1,Total 3 volume 1,Total 4 volume 1,Total 5 volume 1,Total 6 volume 1
0,1.2104370031327629e+17,7.38383130806957e+17,2.036220404915564e+16,2.7298126560537492e+16,204827575545295.88,1007041427229397.2,6461444445713378.0,5.620057864355049e+17
