t(s),Total solute volume 1,Total retention volume 1,Total 1 volume 1,Total 2 volume 1,Total 3 volume 1,Total 4 volume 1,Total 5 volume 1,Total 6 volume 1
0,2.067829880351787e+17,3.508095921232268e+17,2.0362204049155636e+16,4.663428171230368e+16,21009169177037.83,66964981941951.44,533881787093792.6,7.640826238837448e+16
