t(s),Total solute volume 1,Total retention volume 1,Total 1 volume 1,Total 2 volume 1,Total 3 volume 1,Total 4 volume 1,Total 5 volume 1,Total 6 volume 1
0,8.516285748348854e+19,8.217000528688206e+22,3.579686312483719e+22,4.628721412782856e+22,2.1841048758495306e+17,1.9683320113877322e+17,1.3122481256050245e+17,2.1870823108223024e+17
