t(s),Total solute volume 1,Total retention volume 1,Total 1 volume 1,Total 2 volume 1,Total 3 volume 1,Total 4 volume 1,Total 5 volume 1,Total 6 volume 1
0,1.454865482009603e+20,8.39169949027327e+22,3.579686312483719e+22,4.797460062369274e+22,1.3112055823852414e+16,7654710666935248.0,6342548604738833.0,1.7496686217914812e+16
