t(s),Total solute volume 1,Total retention volume 1,Total 1 volume 1,Total 2 volume 1,Total 3 volume 1,Total 4 volume 1,Total 5 volume 1,Total 6 volume 1
0,2.7544357765683786e+17,6.459969940619162e+17,3.860071170759496e+16,9.72705519510043e+16,39850676713099.83,141823845763315.28,1309151247505330.2,2.3319132697650458e+17
