t(s),Total solute volume 1,Total retention volume 1,Total 1 volume 1,Total 2 volume 1
0,1.5746764332366418e+19,7.370923858986132e+21,1.0530177027067483e+21,6.302159391946973e+21
