t(s),Total solute volume 1,Total retention volume 1,Total 1 volume 1,Total 2 volume 1
0,2.6900722401125917e+19,1.0972939454226232e+22,1.0530177027067483e+21,9.89302102911836e+21
