t(s),Total solute volume 1,Total retention volume 1,Total 1 volume 1,Total 2 volume 1,Total 3 volume 1,Total 4 volume 1,Total 5 volume 1,Total 6 volume 1
0,2.5932953168279194e+17,3.880716778952881e+17,3.3743667340789536e+16,8.333962927494267e+16,2177083664955.754,7570449529936.793,67764647176970.18,1.1581337416394912e+16
