t(s),Total solute volume 1,Total retention volume 1,Total 1 volume 1,Total 2 volume 1,Total 3 volume 1,Total 4 volume 1,Total 5 volume 1,Total 6 volume 1
0,1.5180265269236467e+17,3.214255688909889e+17,3.3743667340789536e+16,4.87842065642926e+16,21239153603601.613,113949496265503.17,820879604068832.8,8.613897403960456e+16
