t(s),Total solute volume 1,Total retention volume 1,Total 1 volume 1,Total 2 volume 1,Total 3 volume 1,Total 4 volume 1,Total 5 volume 1,Total 6 volume 1
0,2.9302339152982e+17,7.841243577248571e+17,4.431341940307482e+16,1.1399288614301397e+17,51473184407622.33,187595821877414.56,1787133656121790.2,3.3076845798653843e+17
