t(s),Total solute volume 1,Total retention volume 1,Total 1 volume 1,Total 2 volume 1,Total 3 volume 1,Total 4 volume 1,Total 5 volume 1,Total 6 volume 1
0,1.7152588772477386e+17,2.7967669689309967e+18,4.431341940307482e+16,6.672760546581345e+16,501878887054948.7,2821524851688136.5,2.1638067307014684e+16,2.48923858529158e+18
