t(s),Total solute volume 1,Total retention volume 1,Total 1 volume 1,Total 2 volume 1,Total 3 volume 1,Total 4 volume 1,Total 5 volume 1,Total 6 volume 1
0,6.1151907207788056e+16,1.0401903133639536e+17,4439458008290587.5,4740171994361016.0,40400135275241.84,152737331420708.3,690630175922751.4,3.28037264833371e+16
