t(s),Total solute volume 1,Total retention volume 1,Total 1 volume 1,Total 2 volume 1,Total 3 volume 1,Total 4 volume 1,Total 5 volume 1,Total 6 volume 1
0,1.0446784147997133e+17,1.215619867229811e+17,4439458008290587.5,8097793286123659.0,4145205244941.295,10161185522402.88,57091226304091.766,4485496331525153.0
