t(s),Total solute volume 1,Total retention volume 1,Total 1 volume 1,Total 2 volume 1,Total 3 volume 1,Total 4 volume 1,Total 5 volume 1,Total 6 volume 1
0,6.615112269277926e+16,8.36067266266067e+16,5290051337496820.0,5798287762430659.0,6647413724098.511,25910614917263.758,121954500350695.42,6212752304907551.0
