t(s),Total solute volume 1,Total retention volume 1,Total 1 volume 1,Total 2 volume 1,Total 3 volume 1,Total 4 volume 1,Total 5 volume 1,Total 6 volume 1
0,1.1300816793349946e+17,1.290649805150023e+17,5290051337496820.0,9905407456456888.0,681449617410.0156,1721684984977.4802,10071143518283.738,848879509427776.8
