t(s),Total solute volume 1,Total retention volume 1,Total 1 volume 1,Total 2 volume 1,Total 3 volume 1,Total 4 volume 1,Total 5 volume 1,Total 6 volume 1
0,7.772197376133865e+19,5.0452350956273266e+22,1.0574109797244612e+22,3.980048746435125e+22,9296587338366292.0,5449967264264881.0,4516113051973498.0,1.2458248601328384e+16
