t(s),Total solute volume 1,Total retention volume 1,Total 1 volume 1,Total 2 volume 1,Total 3 volume 1,Total 4 volume 1,Total 5 volume 1,Total 6 volume 1
0,4.5495789518832886e+19,4.520123731224649e+22,1.0574109797244612e+22,3.4581088036988603e+22,1.5439162476378883e+17,1.40132312733974e+17,9.343662478582966e+16,1.557279317667845e+17
