t(s),Total solute volume 1,Total retention volume 1,Total 1 volume 1,Total 2 volume 1,Total 3 volume 1,Total 4 volume 1,Total 5 volume 1,Total 6 volume 1
0,1.2104370031327629e+17,2.9337542223663277e+17,2.0362204049155644e+16,2.7298126560537492e+16,44831637877344.234,220458486191692.34,1414361789694204.8,1.2299173939990042e+17
