t(s),Total solute volume 1,Total retention volume 1,Total 1 volume 1,Total 2 volume 1,Total 3 volume 1,Total 4 volume 1,Total 5 volume 1,Total 6 volume 1
0,2.067829880351787e+17,2.906304425338338e+17,2.0362204049155636e+16,4.663428171230368e+16,4595922119810.973,14649038816167.992,116790472169465.27,1.6714933304091332e+16
