t(s),Total solute volume 1,Total retention volume 1,Total 1 volume 1,Total 2 volume 1,Total 3 volume 1,Total 4 volume 1,Total 5 volume 1,Total 6 volume 1
0,3.242824340493574e+18,1.6403531501817364e+20,3.120606282469643e+19,1.2489632049785533e+20,1.0376284086782851e+17,9.827243646633192e+17,1.3340602371017395e+18,2.269559912496242e+18
