t(s),Total solute volume 1,Total retention volume 1,Total 1 volume 1,Total 2 volume 1,Total 3 volume 1,Total 4 volume 1,Total 5 volume 1,Total 6 volume 1
0,5.539824915009872e+18,2.5004347443579558e+20,3.120606282469643e+19,2.1299199081623975e+20,1.0302298692947494e+16,4.869490591078102e+16,6.502954026241067e+16,1.8156913498218733e+17
