t(s),Total solute volume 1,Total retention volume 1,Total 1 volume 1,Total 2 volume 1,Total 3 volume 1,Total 4 volume 1,Total 5 volume 1,Total 6 volume 1
0,2.3160815502785014e+18,3.0311029819932606e+19,4.460907519859345e+18,2.284893514595476e+19,2442209365083417.0,1.8257452946879744e+16,1.4090828212032355e+17,5.234976594075712e+17
