t(s),Total solute volume 1,Total retention volume 1,Total 1 volume 1,Total 2 volume 1,Total 3 volume 1,Total 4 volume 1,Total 5 volume 1,Total 6 volume 1
0,1.355755053821572e+18,2.8506782207363092e+19,4.460907519859345e+18,1.337749223333267e+19,2.3886454028238052e+16,2.8417757462565683e+17,2.464654619672356e+18,6.539908752023258e+18
