t(s),Total solute volume 1,Total retention volume 1,Total 1 volume 1,Total 2 volume 1,Total 3 volume 1,Total 4 volume 1,Total 5 volume 1,Total 6 volume 1
0,1.4340238840712154e+18,9.699477124924326e+18,1.531053857194819e+18,6.685981104100381e+18,49489796299424.02,327009620757403.2,4923337923163217.0,4.311844221766297e+16
