t(s),Total solute volume 1,Total retention volume 1,Total 1 volume 1,Total 2 volume 1,Total 3 volume 1,Total 4 volume 1,Total 5 volume 1,Total 6 volume 1
0,6.639539189064714e+18,9.471823376734906e+20,1.542273968290348e+20,7.742999917924197e+20,1.2622657136002138e+18,3.6417063206835205e+18,2.6645639232424294e+18,4.4468739054424996e+18
