t(s),Total solute volume 1,Total retention volume 1,Total 1 volume 1,Total 2 volume 1,Total 3 volume 1,Total 4 volume 1,Total 5 volume 1,Total 6 volume 1
0,1.1342546114652189e+19,1.4748817743139187e+21,1.542273968290348e+20,1.3085723532580823e+21,1.0772757099148877e+17,1.471234769308131e+17,1.2886415622141469e+17,3.557629080055475e+17
