t(s),Total solute volume 1,Total retention volume 1,Total 1 volume 1,Total 2 volume 1,Total 3 volume 1,Total 4 volume 1,Total 5 volume 1,Total 6 volume 1
0,1.5746764332366418e+19,7.372253865019529e+21,1.0530177027067483e+21,6.302159391947708e+21,3.3348421320946675e+17,3.5747891446690906e+17,2.3963371791933494e+17,3.994091871593929e+17
