t(s),Total solute volume 1,Total retention volume 1,Total 1 volume 1,Total 2 volume 1,Total 3 volume 1,Total 4 volume 1,Total 5 volume 1,Total 6 volume 1
0,2.6900722401125917e+19,1.0973018402923758e+22,1.0530177027067483e+21,9.89302102912236e+21,2.1479110216948068e+16,1.393399238590704e+16,1.158257772252286e+16,3.195301311414968e+16
