t(s),Total solute volume 1,Total retention volume 1,Total 1 volume 1,Total 2 volume 1,Total 3 volume 1,Total 4 volume 1,Total 5 volume 1,Total 6 volume 1
0,5.831083637207589e+19,3.8106562911777015e+22,5.744900751039818e+21,3.230313354759354e+22,6.352463893949125e+16,3.748484247009302e+16,3.106649640554805e+16,8.570079372720563e+16
