t(s),Total solute volume 1,Total retention volume 1,Total 1 volume 1,Total 2 volume 1,Total 3 volume 1,Total 4 volume 1,Total 5 volume 1,Total 6 volume 1
0,3.4133172510483444e+19,3.1503214654886303e+22,5.744900751039818e+21,2.57204529767919e+22,1.0500429107546647e+18,9.637134242482895e+17,6.427466041276378e+17,1.0712516050524392e+18
