t(s),Total solute volume 1,Total retention volume 1,Total 1 volume 1,Total 2 volume 1,Total 3 volume 1,Total 4 volume 1,Total 5 volume 1,Total 6 volume 1
0,8.125946973719792e+16,8.879263758926424e+16,2534742031225782.5,4252075647885005.0,1060438092217.182,2360028423720.6733,11657202965452.164,731272503474433.0
