t(s),Total solute volume 1,Total retention volume 1,Total 1 volume 1,Total 2 volume 1,Total 3 volume 1,Total 4 volume 1,Total 5 volume 1,Total 6 volume 1
0,4.7566518870554744e+16,5.812621729201019e+16,2534742031225782.5,2489019978208205.5,10340121071928.896,35497388250034.305,141092418872669.97,5349006483826670.0
