t(s),Total solute volume 1,Total retention volume 1,Total 1 volume 1,Total 2 volume 1,Total 3 volume 1,Total 4 volume 1,Total 5 volume 1,Total 6 volume 1
0,1.001191121344553e+19,2.55921203763306e+21,3.850111262848306e+20,2.1580146193043675e+21,1.1563215729457603e+18,1.7779704740556052e+18,1.21482081764386e+18,2.0252679658093507e+18
