t(s),Total solute volume 1,Total retention volume 1,Total 1 volume 1,Total 2 volume 1,Total 3 volume 1,Total 4 volume 1,Total 5 volume 1,Total 6 volume 1
0,1.710368165630296e+19,3.9809473211708327e+21,3.850111262848305e+20,3.578457514507153e+21,8.43943114090537e+16,6.985628042263395e+16,5.8724308827792e+16,1.620238218592614e+17
