t(s),Total solute volume 1,Total retention volume 1,Total 1 volume 1,Total 2 volume 1,Total 3 volume 1,Total 4 volume 1,Total 5 volume 1,Total 6 volume 1
0,1.6043878280498112e+17,2.1386040150712205e+17,1.1560640218829554e+16,2.4329176620616796e+16,7451197991517.005,21541858558519.258,150809977962364.7,1.7351998828183018e+16
