t(s),Total solute volume 1,Total retention volume 1,Total 1 volume 1,Total 2 volume 1,Total 3 volume 1,Total 4 volume 1,Total 5 volume 1,Total 6 volume 1
0,9.391538505657402e+16,2.490770702780607e+17,1.1560640218829556e+16,1.4241472081799574e+16,72657369509892.61,324027514561407.0,1825454278673879.5,1.271374337581148e+17
