t(s),Total solute volume 1,Total retention volume 1,Total 1 volume 1,Total 2 volume 1,Total 3 volume 1,Total 4 volume 1,Total 5 volume 1,Total 6 volume 1
0,3.242824340493574e+18,1.7512014054811078e+20,3.120606282469643e+19,1.2489632049785533e+20,3.4900075724562816e+17,3.305278066299042e+18,4.4870046798434493e+18,7.633649381678042e+18
