t(s),Total solute volume 1,Total retention volume 1,Total 1 volume 1,Total 2 volume 1,Total 3 volume 1,Total 4 volume 1,Total 5 volume 1,Total 6 volume 1
0,5.539824915009872e+18,2.507657888651591e+20,3.120606282469643e+19,2.1299199081623975e+20,3.465306257915707e+16,1.6379146021907722e+17,2.18735017560851e+17,6.107307688527308e+17
