t(s),Total solute volume 1,Total retention volume 1,Total 1 volume 1,Total 2 volume 1
0,6.615112269277926e+16,7.723946179270714e+16,5290051337496820.0,5798287762430659.0
