t(s),Total solute volume 1,Total retention volume 1,Total 1 volume 1,Total 2 volume 1
0,1.1300816793349946e+17,1.2820362672745245e+17,5290051337496820.0,9905407456456888.0
