t(s),Total solute volume 1,Total retention volume 1,Total 1 volume 1,Total 2 volume 1,Total 3 volume 1,Total 4 volume 1,Total 5 volume 1,Total 6 volume 1
0,1.2266054339042045e+17,1.4422486458579043e+17,6351323389472384.0,1.22219832432844e+16,2045717946706.2166,5334042905904.073,32541044105235.46,2951093757656730.5
