t(s),Total solute volume 1,Total retention volume 1,Total 1 volume 1,Total 2 volume 1,Total 3 volume 1,Total 4 volume 1,Total 5 volume 1,Total 6 volume 1
0,7.180129369195402e+16,1.0740002247141243e+17,6351323389472384.0,7154332371437873.0,19952023180279.926,80255392115693.5,393969250381510.1,2.1598896352871276e+16
