t(s),Total solute volume 1,Total retention volume 1,Total 1 volume 1,Total 2 volume 1,Total 3 volume 1,Total 4 volume 1,Total 5 volume 1,Total 6 volume 1
0,1.0056372927748115e+17,1.1684160771975648e+17,4077840541915392.0,7344347682422831.0,4726163388866.413,11416853411090.85,62905587619117.28,4776641613517906.0
