t(s),Total solute volume 1,Total retention volume 1,Total 1 volume 1,Total 2 volume 1,Total 3 volume 1,Total 4 volume 1,Total 5 volume 1,Total 6 volume 1
0,7.801667161565198e+18,5.8472000724998206e+20,6.696388307350977e+19,5.094009276905077e+20,4.087288448495236e+16,1.0817607671970245e+17,1.07357129101168e+17,2.971232340944236e+17
