t(s),Total solute volume 1,Total retention volume 1,Total 1 volume 1,Total 2 volume 1,Total 3 volume 1,Total 4 volume 1,Total 5 volume 1,Total 6 volume 1
0,1.4611483665945994e+17,1.776554816902501e+17,9383807851828776.0,1.9141956437258628e+16,1511789463958.2646,4216252799450.0864,28135698658860.207,2981017000780438.5
