t(s),Total solute volume 1,Total retention volume 1,Total 1 volume 1,Total 2 volume 1,Total 3 volume 1,Total 4 volume 1,Total 5 volume 1,Total 6 volume 1
0,4.0452254584778307e+18,1.1580127908722398e+20,1.5476103569735987e+19,9.533228108352348e+19,1.4591019597868464e+16,9.688321072942722e+16,2.1602682336540902e+17,6.201679217943232e+17
