t(s),Total solute volume 1,Total retention volume 1,Total 1 volume 1,Total 2 volume 1,Total 3 volume 1,Total 4 volume 1,Total 5 volume 1,Total 6 volume 1
0,2.7544357765683786e+17,5.799944890693363e+17,3.860071170759496e+16,9.727055195100427e+16,28642977881350.72,101936805252578.34,940961509548909.6,1.6760810646122173e+17
