t(s),Total solute volume 1,Total retention volume 1,Total 1 volume 1,Total 2 volume 1,Total 3 volume 1,Total 4 volume 1,Total 5 volume 1,Total 6 volume 1
0,1.612352649698545e+17,1.5227713979829796e+18,3.860071170759496e+16,5.693890508297374e+16,279332996315714.75,1533583150037914.2,1.1394488287731708e+16,1.2527891117884672e+18
