t(s),Total solute volume 1,Total retention volume 1,Total 1 volume 1,Total 2 volume 1,Total 3 volume 1,Total 4 volume 1,Total 5 volume 1,Total 6 volume 1
0,9.85717952218855e+16,2.453157006550016e+17,1.2878448802488326e+16,1.6122851276236812e+16,60719922826322.47,275891336694462.5,1593261353125818.5,1.1581273274174613e+17
