t(s),Total solute volume 1,Total retention volume 1,Total 1 volume 1,Total 2 volume 1,Total 3 volume 1,Total 4 volume 1,Total 5 volume 1,Total 6 volume 1
0,1.6839348350405472e+17,2.247690183898295e+17,1.2878448802488326e+16,2.754319804435506e+16,6226100791745.932,18338123135324.97,131604719397879.4,1.5797719095605356e+16
