t(s),Total solute volume 1,Total retention volume 1,Total 1 volume 1,Total 2 volume 1,Total 3 volume 1,Total 4 volume 1,Total 5 volume 1,Total 6 volume 1
0,8.394286150660815e+17,9.335164721733095e+18,1.531053857194819e+18,3.9139595666919296e+18,2415589887851560.0,2.4787104924758056e+16,3.425329597654023e+17,2.680987028202298e+18
