t(s),Total solute volume 1,Total retention volume 1,Total 1 volume 1,Total 2 volume 1,Total 3 volume 1,Total 4 volume 1,Total 5 volume 1,Total 6 volume 1
0,1.4340238840712154e+18,9.893149885530327e+18,1.531053857194819e+18,6.685981104100383e+18,247448623229281.6,1635046099220721.0,2.461665731600472e+16,2.1559188812543018e+17
