t(s),Total solute volume 1,Total retention volume 1,Total 1 volume 1,Total 2 volume 1,Total 3 volume 1,Total 4 volume 1,Total 5 volume 1,Total 6 volume 1
0,7.831248687372006e+17,4.470398152276381e+18,3.971127163555371e+17,1.417606166617462e+18,397924510913703.3,2112402075038567.2,3.200300552895555e+16,1.8380410684512625e+18
