t(s),Total solute volume 1,Total retention volume 1,Total 1 volume 1,Total 2 volume 1,Total 3 volume 1,Total 4 volume 1,Total 5 volume 1,Total 6 volume 1
0,4.584145573095851e+17,2.336009227353082e+19,3.971127163555371e+17,8.29827887724081e+17,3881608464710381.5,3.1815978292629096e+16,3.944283295043441e+17,2.1244611195879916e+19
