t(s),Total solute volume 1,Total retention volume 1,Total 1 volume 1,Total 2 volume 1,Total 3 volume 1,Total 4 volume 1,Total 5 volume 1,Total 6 volume 1
0,3.8340070142403466e+18,2.5666382191937847e+20,4.533611706929847e+19,1.916287548066981e+20,5.1950096047940064e+17,3.9719977976545715e+18,4.236128981369881e+18,7.137315289636848e+18
