t(s),Total solute volume 1,Total retention volume 1,Total 1 volume 1,Total 2 volume 1,Total 3 volume 1,Total 4 volume 1,Total 5 volume 1,Total 6 volume 1
0,3.242824340493574e+18,1.7426750056782496e+20,3.120606282469643e+19,1.2489632049785533e+20,3.3013728539087424e+17,3.126632529152912e+18,4.244484899973999e+18,7.221038190262679e+18
