t(s),Total solute volume 1,Total retention volume 1,Total 1 volume 1,Total 2 volume 1,Total 3 volume 1,Total 4 volume 1,Total 5 volume 1,Total 6 volume 1
0,5.539824915009872e+18,2.507102267982692e+20,3.120606282469643e+19,2.1299199081623975e+20,3.2779933079365892e+16,1.5493790386943283e+17,2.0691155482217488e+17,5.777188505512015e+17
