t(s),Total solute volume 1,Total retention volume 1,Total 1 volume 1,Total 2 volume 1,Total 3 volume 1,Total 4 volume 1,Total 5 volume 1,Total 6 volume 1
0,8.70000992795148e+16,9.796031585609235e+16,2951661998355005.5,5065423436879563.0,3704849661086.3213,8464652906144.777,43299876519018.43,2887661762256660.0
