t(s),Total solute volume 1,Total retention volume 1,Total 1 volume 1,Total 2 volume 1,Total 3 volume 1,Total 4 volume 1,Total 5 volume 1,Total 6 volume 1
0,5.092688738313051e+16,7.86375382810544e+16,2951661998355005.5,2965126037401479.5,36088868583646.04,127142123850315.3,523468584029829.94,2.1107163285703532e+16
