t(s),Total solute volume 1,Total retention volume 1,Total 1 volume 1,Total 2 volume 1,Total 3 volume 1,Total 4 volume 1,Total 5 volume 1,Total 6 volume 1
0,1.3965732313027035e+17,1.7474744904694947e+17,8483748054658170.0,1.7047137375161364e+16,5193158795812.107,14233736870772.777,92808257791882.17,9447005333399322.0
