t(s),Total solute volume 1,Total retention volume 1,Total 1 volume 1,Total 2 volume 1,Total 3 volume 1,Total 4 volume 1,Total 5 volume 1,Total 6 volume 1
0,8.175062817381762e+16,1.7076027123950246e+17,8483748054658170.0,9978813516605722.0,50637710336189.25,214092698328188.16,1123330104178905.8,6.915902098157827e+16
