t(s),Total solute volume 1,Total retention volume 1,Total 1 volume 1,Total 2 volume 1,Total 3 volume 1,Total 4 volume 1,Total 5 volume 1,Total 6 volume 1
0,3.8340070142403466e+18,2.5381644807603392e+20,4.533611706929847e+19,1.916287548066981e+20,4.262629463605476e+17,3.259133826830701e+18,3.475851571945318e+18,5.856320840659839e+18
