t(s),Total solute volume 1,Total retention volume 1,Total 1 volume 1,Total 2 volume 1,Total 3 volume 1,Total 4 volume 1,Total 5 volume 1,Total 6 volume 1
0,8.113418985332498e+18,1.5389670153996639e+21,2.4107704894684447e+20,1.281474549652156e+21,1.2054190978464896e+18,2.4747816549114993e+18,1.7324981076042688e+18,2.8892989549729976e+18
