t(s),Total solute volume 1,Total retention volume 1,Total 1 volume 1,Total 2 volume 1,Total 3 volume 1,Total 4 volume 1,Total 5 volume 1,Total 6 volume 1
0,1.3860424099942965e+19,2.40603524081456e+21,2.4107704894684447e+20,2.150589277857464e+21,9.537400706749445e+16,9.82111792277802e+16,8.376133659305054e+16,2.311433874102833e+17
