t(s),Total solute volume 1,Total retention volume 1,Total 1 volume 1,Total 2 volume 1,Total 3 volume 1,Total 4 volume 1,Total 5 volume 1,Total 6 volume 1
0,5.132271443883372e+17,2.728930500549308e+18,1.5471077007747862e+17,4.797289871713226e+17,169911588122142.75,767889854788148.8,9681129917823166.0,1.5706446675514496e+18
