t(s),Total solute volume 1,Total retention volume 1,Total 1 volume 1,Total 2 volume 1,Total 3 volume 1,Total 4 volume 1,Total 5 volume 1,Total 6 volume 1
0,2.0408582906428972e+18,2.3071225138696712e+19,3.3640731614648397e+18,1.6521366587680283e+19,2929977129168791.5,2.141006406043783e+16,2.10903363992276e+17,9.096836937268681e+17
