t(s),Total solute volume 1,Total retention volume 1,Total 1 volume 1,Total 2 volume 1,Total 3 volume 1,Total 4 volume 1,Total 5 volume 1,Total 6 volume 1
0,1.194648755498281e+18,2.9422178989879513e+19,3.3640731614648397e+18,9.67235389752105e+18,2.8632848631733104e+16,3.2956137507263085e+17,3.473876450256756e+18,1.1359032501434108e+19
