t(s),Total solute volume 1,Total retention volume 1,Total 1 volume 1,Total 2 volume 1,Total 3 volume 1,Total 4 volume 1,Total 5 volume 1,Total 6 volume 1
0,6.1674638455494386e+19,6.141310750814167e+22,1.961934451448198e+22,4.172998634441791e+22,5.99073742376107e+17,5.410360731375299e+17,3.6071225730324954e+17,6.011887142000492e+17
