t(s),Total solute volume 1,Total retention volume 1,Total 1 volume 1,Total 2 volume 1,Total 3 volume 1,Total 4 volume 1,Total 5 volume 1,Total 6 volume 1
0,1.950956450790701e+17,4.31284838201017e+18,5.905751296626006e+16,9.282918675798294e+16,650502559789243.4,3842740926878143.0,3.1469693219405572e+16,3.9299031005007857e+18
