t(s),Total solute volume 1,Total retention volume 1,Total 1 volume 1,Total 2 volume 1,Total 3 volume 1,Total 4 volume 1,Total 5 volume 1,Total 6 volume 1
0,3.332883936767457e+17,1.0648027339408872e+18,5.905751296626006e+16,1.5858298787719715e+17,66711451369892.95,255465016406008.84,2598246232312435.0,5.1095341672059014e+17
