t(s),Total solute volume 1,Total retention volume 1,Total 1 volume 1,Total 2 volume 1,Total 3 volume 1,Total 4 volume 1,Total 5 volume 1,Total 6 volume 1
0,5.467373305480017e+16,8.692544906311011e+16,3458157710870755.0,3557120067332162.0,36876708061264.625,133526621366207.23,570105671928985.9,2.449592922875078e+16
