t(s),Total solute volume 1,Total retention volume 1,Total 1 volume 1,Total 2 volume 1,Total 3 volume 1,Total 4 volume 1,Total 5 volume 1,Total 6 volume 1
0,9.340096063528438e+16,1.0634617440329234e+17,3458157710870755.0,6076746478966877.0,3784722910898.8623,8886477069343.168,47143036438342.5,3350495341751692.0
