t(s),Total solute volume 1,Total retention volume 1,Total 1 volume 1,Total 2 volume 1,Total 3 volume 1,Total 4 volume 1,Total 5 volume 1,Total 6 volume 1
0,1.194648755498281e+18,3.561025408195378e+19,3.364073161464839e+18,9.67235389752105e+18,4.029611574239935e+16,4.6379686863269574e+17,4.888887326970615e+18,1.5986197956123714e+19
