t(s),Total solute volume 1,Total retention volume 1,Total 1 volume 1,Total 2 volume 1,Total 3 volume 1,Total 4 volume 1,Total 5 volume 1,Total 6 volume 1
0,2.0408582906428972e+18,2.3537671894937436e+19,3.3640731614648397e+18,1.6521366587680283e+19,4123658761927149.0,3.0132603840061664e+16,2.968261247978442e+17,1.2802914677496678e+18
