t(s),Total solute volume 1,Total retention volume 1,Total 1 volume 1,Total 2 volume 1,Total 3 volume 1,Total 4 volume 1,Total 5 volume 1,Total 6 volume 1
0,1.7694394108641648e+17,2.744386911112239e+17,1.4382961689890436e+16,3.1272978263682056e+16,18543699971031.008,55668575223069.38,409776234755532.25,5.135482156128267e+16
