t(s),Total solute volume 1,Total retention volume 1,Total 1 volume 1,Total 2 volume 1,Total 3 volume 1,Total 4 volume 1,Total 5 volume 1,Total 6 volume 1
0,1.0357694112375635e+17,5.1877580526878394e+17,1.4382961689890436e+16,1.830613831100575e+16,180741301222088.1,836846700606002.8,4957619299041826.0,3.765345568432564e+17
