t(s),Total solute volume 1,Total retention volume 1,Total 1 volume 1,Total 2 volume 1
0,8.175062817381762e+16,1.0021318974508088e+17,8483748054658170.0,9978813516605722.0
