t(s),Total solute volume 1,Total retention volume 1,Total 1 volume 1,Total 2 volume 1
0,1.3965732313027035e+17,1.651882085600915e+17,8483748054658170.0,1.7047137375161364e+16
