t(s),Total solute volume 1,Total retention volume 1,Total 1 volume 1,Total 2 volume 1,Total 3 volume 1,Total 4 volume 1,Total 5 volume 1,Total 6 volume 1
0,1.2104370031327629e+17,4.1801651464860045e+17,2.036220404915564e+16,2.7298126560537492e+16,89648930648534.22,440822743196919.44,2828207679929385.5,2.4595380437186144e+17
