t(s),Total solute volume 1,Total retention volume 1,Total 1 volume 1,Total 2 volume 1,Total 3 volume 1,Total 4 volume 1,Total 5 volume 1,Total 6 volume 1
0,7.801667161565198e+18,5.843590098218304e+20,6.696388307350977e+19,5.094009276905077e+20,1.4216678430010072e+16,3.762651291567727e+16,3.734166467748558e+16,1.0334704022569955e+17
