t(s),Total solute volume 1,Total retention volume 1,Total 1 volume 1,Total 2 volume 1,Total 3 volume 1,Total 4 volume 1,Total 5 volume 1,Total 6 volume 1
0,4.566829557989454e+18,3.740445555201033e+20,6.696388307350977e+19,2.9943637271575534e+20,1.5011383095518835e+17,8.647306795941023e+17,7.708027784383703e+17,1.2918228838619156e+18
