t(s),Total solute volume 1,Total retention volume 1,Total 1 volume 1,Total 2 volume 1,Total 3 volume 1,Total 4 volume 1,Total 5 volume 1,Total 6 volume 1
0,4.0452254584778307e+18,1.1599081172855418e+20,1.5476103569735987e+19,9.533228108352348e+19,1.7509205418717808e+16,1.1625975111490464e+17,2.592319452016639e+17,7.442007150820188e+17
