t(s),Total solute volume 1,Total retention volume 1,Total 1 volume 1,Total 2 volume 1,Total 3 volume 1,Total 4 volume 1,Total 5 volume 1,Total 6 volume 1
0,2.3679368537431424e+18,9.043858552561977e+19,1.547610356973599e+19,5.584790903245229e+19,1.7305669149243744e+17,2.0538161160527206e+18,5.218233563026776e+18,9.30152969911607e+18
