t(s),Total solute volume 1,Total retention volume 1,Total 1 volume 1,Total 2 volume 1,Total 3 volume 1,Total 4 volume 1,Total 5 volume 1,Total 6 volume 1
0,4.1904446013324595e+17,2.5105215505107775e+19,3.250257609819086e+17,6.591645730832125e+17,3586185886765256.5,2.840513589516105e+16,3.3868634458103334e+17,2.333130304454648e+19
