t(s),Total solute volume 1,Total retention volume 1,Total 1 volume 1,Total 2 volume 1,Total 3 volume 1,Total 4 volume 1,Total 5 volume 1,Total 6 volume 1
0,7.158676193942945e+17,4.2827211644284483e+18,3.250257609819086e+17,1.1260624170802307e+18,367667404374428.4,1886546122890544.2,2.76215364606111e+16,2.085889616984132e+18
