t(s),Total solute volume 1,Total retention volume 1,Total 1 volume 1,Total 2 volume 1,Total 3 volume 1,Total 4 volume 1,Total 5 volume 1,Total 6 volume 1
0,9.340096063528438e+16,1.033371094936215e+17,3458157710870755.0,6076746478966877.0,445295685081.4985,1045535820243.0157,5546625261737.621,394207211733450.2
