t(s),Total solute volume 1,Total retention volume 1,Total 1 volume 1,Total 2 volume 1,Total 3 volume 1,Total 4 volume 1,Total 5 volume 1,Total 6 volume 1
0,5.467373305480017e+16,6.4660759120862216e+16,3458157710870755.5,3557120067332162.0,4343691767089.9644,15734435379828.14,67163877556310.945,2884506283155728.0
