t(s),Total solute volume 1,Total retention volume 1,Total 1 volume 1,Total 2 volume 1,Total 3 volume 1,Total 4 volume 1,Total 5 volume 1,Total 6 volume 1
0,1.5302805924424387e+17,1.936884759516889e+17,1.0403170291897824e+16,2.15508874098567e+16,4022767186822.1987,11420427494400.1,78037547862673.75,8612878263146768.0
