t(s),Total solute volume 1,Total retention volume 1,Total 1 volume 1,Total 2 volume 1,Total 3 volume 1,Total 4 volume 1,Total 5 volume 1,Total 6 volume 1
0,9.688003471877627e+16,1.1125505232778042e+17,3752113566455123.5,6674159898032270.0,4106755066811.4146,9779190941472.385,52860991151739.586,3881997207356577.5
