t(s),Total solute volume 1,Total retention volume 1,Total 1 volume 1,Total 2 volume 1,Total 3 volume 1,Total 4 volume 1,Total 5 volume 1,Total 6 volume 1
0,5.67102642256257e+16,9.357866491413621e+16,3752113566455123.5,3906825519925697.5,40015779504626.59,146947069974192.5,639278513282262.6,2.8383220239369092e+16
