t(s),Total solute volume 1,Total retention volume 1,Total 1 volume 1,Total 2 volume 1,Total 3 volume 1,Total 4 volume 1,Total 5 volume 1,Total 6 volume 1
0,7.523525865105635e+17,7.433701369473395e+18,1.1991975012111887e+18,2.955764414391274e+18,1513642571151116.0,1.4934005261247832e+16,2.0965262893038678e+17,2.3002865905975642e+18
