t(s),Total solute volume 1,Total retention volume 1,Total 1 volume 1,Total 2 volume 1,Total 3 volume 1,Total 4 volume 1,Total 5 volume 1,Total 6 volume 1
0,1.2852690019555497e+18,7.73610917602416e+18,1.1991975012111887e+18,5.049221861376426e+18,155081167490191.06,987234687192834.0,1.566108716988849e+16,1.8561740845639594e+17
