t(s),Total solute volume 1,Total retention volume 1,Total 1 volume 1,Total 2 volume 1,Total 3 volume 1,Total 4 volume 1,Total 5 volume 1,Total 6 volume 1
0,8.516285748348854e+19,8.21698661641127e+22,3.579686312483719e+22,4.628721412782856e+22,1.7869956464231776e+17,1.610454364423013e+17,1.07365806964262e+17,1.789431546319843e+17
