t(s),Total solute volume 1,Total retention volume 1,Total 1 volume 1,Total 2 volume 1,Total 3 volume 1,Total 4 volume 1,Total 5 volume 1,Total 6 volume 1
0,5.5346593079818586e+17,5.283392305722788e+18,6.045923551720415e+17,1.3452732373157307e+18,762929264824305.2,6716740720546165.0,8.941053099571066e+16,2.6831705814557594e+18
