t(s),Total solute volume 1,Total retention volume 1,Total 1 volume 1,Total 2 volume 1,Total 3 volume 1,Total 4 volume 1,Total 5 volume 1,Total 6 volume 1
0,9.455042984468884e+17,4.0781919785504686e+18,6.045923551720419e+17,2.298131816040415e+18,78188066086889.77,445440815538703.9,7125779860551465.0,2.2231410014892934e+17
