t(s),Total solute volume 1,Total retention volume 1,Total 1 volume 1,Total 2 volume 1,Total 3 volume 1,Total 4 volume 1,Total 5 volume 1,Total 6 volume 1
0,1.1342546114652189e+19,1.474265543846548e+21,1.542273968290348e+20,1.3085723532580886e+21,1.7954639523422548e+16,2.452063078867274e+16,2.1477407645808736e+16,5.929496681424717e+16
