t(s),Total solute volume 1,Total retention volume 1,Total 1 volume 1,Total 2 volume 1,Total 3 volume 1,Total 4 volume 1,Total 5 volume 1,Total 6 volume 1
0,6.639539189064714e+18,9.371695711367433e+20,1.542273968290348e+20,7.742999917924146e+20,2.1038582550435267e+17,6.069826835367386e+17,4.441137340502935e+17,7.411610831343762e+17
