t(s),Total solute volume 1,Total retention volume 1,Total 1 volume 1,Total 2 volume 1,Total 3 volume 1,Total 4 volume 1,Total 5 volume 1,Total 6 volume 1
0,5.67102642256257e+16,6.952816112924808e+16,3752113566455123.5,3906825519925697.5,7069385295328.614,25969986506005.902,112955489983489.47,5012962955457204.0
