t(s),Total solute volume 1,Total retention volume 1,Total 1 volume 1,Total 2 volume 1,Total 3 volume 1,Total 4 volume 1,Total 5 volume 1,Total 6 volume 1
0,6.1674638455494386e+19,6.141337025754487e+22,1.961934451448198e+22,4.172998634441791e+22,6.739574270481551e+17,6.086649390589636e+17,4.058009235226453e+17,6.763369000959784e+17
