t(s),Total solute volume 1,Total retention volume 1,Total 1 volume 1,Total 2 volume 1,Total 3 volume 1,Total 4 volume 1,Total 5 volume 1,Total 6 volume 1
0,1.0536084069480294e+20,6.471832170076843e+22,1.961934451448198e+22,4.49934784566537e+22,4.049676088020451e+16,2.3671095704011416e+16,1.9613864505305504e+16,5.410721720453202e+16
