t(s),Total solute volume 1,Total retention volume 1,Total 1 volume 1,Total 2 volume 1,Total 3 volume 1,Total 4 volume 1,Total 5 volume 1,Total 6 volume 1
0,1.2782504508104443e+17,5.802150192082175e+17,2.2995109404381096e+16,3.1393140520667656e+16,130171454748324.61,653623600058983.1,4312285856933639.0,3.929056432903883e+17
