t(s),Total solute volume 1,Total retention volume 1,Total 1 volume 1,Total 2 volume 1,Total 3 volume 1,Total 4 volume 1,Total 5 volume 1,Total 6 volume 1
0,2.1836778534678442e+17,3.487227461066095e+17,2.2995109404381096e+16,5.36299248106901e+16,13347487529689.48,43445047763337.586,356167361238926.3,5.3316966648221336e+16
