t(s),Total solute volume 1,Total retention volume 1,Total 1 volume 1,Total 2 volume 1,Total 3 volume 1,Total 4 volume 1,Total 5 volume 1,Total 6 volume 1
0,1.2796251387281995e+17,1.5104610974191277e+17,6980090150537523.0,1.3622739088267018e+16,1573914625041.7886,4171186717414.197,26005004087109.42,2449016524859333.5
