t(s),Total solute volume 1,Total retention volume 1,Total 1 volume 1,Total 2 volume 1,Total 3 volume 1,Total 4 volume 1,Total 5 volume 1,Total 6 volume 1
0,7.49048861694545e+16,1.081797237647202e+17,6980090150537523.0,7974287186130815.0,15352027619647.016,62767789575356.734,314875605088448.56,1.79274648363135e+16
