t(s),Total solute volume 1,Total retention volume 1,Total 1 volume 1,Total 2 volume 1,Total 3 volume 1,Total 4 volume 1,Total 5 volume 1,Total 6 volume 1
0,1.2104370031327629e+17,5.0702732216549856e+17,2.0362204049155636e+16,2.7298126560537492e+16,121652503723402.88,598168126036485.2,3837781901052005.5,3.337656887117227e+17
