t(s),Total solute volume 1,Total retention volume 1,Total 1 volume 1,Total 2 volume 1,Total 3 volume 1,Total 4 volume 1,Total 5 volume 1,Total 6 volume 1
0,2.067829880351787e+17,3.1951699623566925e+17,2.0362204049155636e+16,4.663428171230368e+16,12474429003337.65,39761091773237.38,316997718527198.3,4.536828919972539e+16
