t(s),Total solute volume 1,Total retention volume 1,Total 1 volume 1,Total 2 volume 1,Total 3 volume 1,Total 4 volume 1,Total 5 volume 1,Total 6 volume 1
0,1.0438198847203212e+18,5.533219061192774e+18,7.538773491030418e+17,2.961613368357028e+18,341246075531182.56,2016367492588792.0,3.272029322029083e+16,7.388305522239734e+17
