t(s),Total solute volume 1,Total retention volume 1,Total 1 volume 1,Total 2 volume 1,Total 3 volume 1,Total 4 volume 1,Total 5 volume 1,Total 6 volume 1
0,6.110165178850669e+17,1.2578423793928026e+19,7.538773491030418e+17,1.7336694297627313e+18,3329739768997135.5,3.0423152427466052e+16,4.1666181341989037e+17,9.029445791560831e+18
