t(s),Total solute volume 1,Total retention volume 1,Total 1 volume 1,Total 2 volume 1,Total 3 volume 1,Total 4 volume 1,Total 5 volume 1,Total 6 volume 1
0,3.027606909858182e+18,5.670912751857284e+19,8.108748995498786e+18,4.539357696078196e+19,1296726299615765.8,9710801865453928.0,4.101791397700998e+16,1.271692102917215e+17
