t(s),Total solute volume 1,Total retention volume 1,Total 1 volume 1,Total 2 volume 1,Total 3 volume 1,Total 4 volume 1,Total 5 volume 1,Total 6 volume 1
0,1.772257703331625e+18,3.900947394933994e+19,8.108748995498784e+18,2.6581741941542703e+19,1.2722495104016018e+16,1.575671796761795e+17,7.870777334444703e+17,1.589357900742147e+18
