t(s),Total solute volume 1,Total retention volume 1,Total 1 volume 1,Total 2 volume 1,Total 3 volume 1,Total 4 volume 1,Total 5 volume 1,Total 6 volume 1
0,1.4611483665945994e+17,1.788614177964499e+17,9383807851828774.0,1.9141956437258628e+16,2116497390344.8152,5902735359059.352,39389845568323.85,4173407769585140.5
