t(s),Total solute volume 1,Total retention volume 1,Total 1 volume 1,Total 2 volume 1,Total 3 volume 1,Total 4 volume 1,Total 5 volume 1,Total 6 volume 1
0,9.455042984468884e+17,5.055526579769145e+18,6.045923551720419e+17,2.298131816040415e+18,410483943595752.94,2338547863369312.5,3.741006317600683e+16,1.167139015126815e+18
