t(s),Total solute volume 1,Total retention volume 1,Total 1 volume 1,Total 2 volume 1,Total 3 volume 1,Total 4 volume 1,Total 5 volume 1,Total 6 volume 1
0,5.5346593079818586e+17,1.709718366561623e+19,6.045923551720415e+17,1.3452732373157304e+18,4004854371999639.0,3.5256722967959004e+16,4.6933524661386963e+17,1.4085255318376444e+19
