t(s),Total solute volume 1,Total retention volume 1,Total 1 volume 1,Total 2 volume 1,Total 3 volume 1,Total 4 volume 1,Total 5 volume 1,Total 6 volume 1
0,5.831083637207589e+19,3.810647735665226e+22,5.744900751039818e+21,3.230313354759354e+22,3.856854160579316e+16,2.2758659763795292e+16,1.8861806184976816e+16,5.203263986504673e+16
