t(s),Total solute volume 1,Total retention volume 1,Total 1 volume 1,Total 2 volume 1,Total 3 volume 1,Total 4 volume 1,Total 5 volume 1,Total 6 volume 1
0,3.4133172510483444e+19,3.1501750190317087e+22,5.744900751039818e+21,2.57204529767919e+22,6.375288771955345e+17,5.851151846633142e+17,3.902409804299368e+17,6.504049326085379e+17
