t(s),Total solute volume 1,Total retention volume 1,Total 1 volume 1,Total 2 volume 1,Total 3 volume 1,Total 4 volume 1,Total 5 volume 1,Total 6 volume 1
0,1.827745988668061e+17,1.8237380701275277e+18,5.1059153534519e+16,7.853065002362187e+16,273207318062317.88,1574106439386051.2,1.2468654938334574e+16,1.4970576990067876e+18
