t(s),Total solute volume 1,Total retention volume 1,Total 1 volume 1,Total 2 volume 1,Total 3 volume 1,Total 4 volume 1,Total 5 volume 1,Total 6 volume 1
0,3.122399397307938e+17,6.956537993389644e+17,5.1059153534519e+16,1.3415637957682182e+17,28011142920368.645,104610140015117.53,1029301093679420.6,1.9703640412021613e+17
