t(s),Total solute volume 1,Total retention volume 1,Total 1 volume 1,Total 2 volume 1,Total 3 volume 1,Total 4 volume 1,Total 5 volume 1,Total 6 volume 1
0,1.1999214403838232e+20,1.1034878604759916e+23,6.1524972335763196e+22,4.870349495676083e+22,9.328455935713538e+16,8.39971654597856e+16,5.599847774918416e+16,9.333083344527603e+16
