t(s),Total solute volume 1,Total retention volume 1,Total 1 volume 1,Total 2 volume 1,Total 3 volume 1,Total 4 volume 1,Total 5 volume 1,Total 6 volume 1
0,2.399005506587524e+17,6.064937637835884e+18,9.36616297076456e+16,1.5772427002204848e+17,707879746604394.6,4527807348308640.0,4.117980501977371e+16,5.527235695332742e+18
