t(s),Total solute volume 1,Total retention volume 1,Total 1 volume 1,Total 2 volume 1,Total 3 volume 1,Total 4 volume 1,Total 5 volume 1,Total 6 volume 1
0,4.0983010737537254e+17,1.4497569939472745e+18,9.36616297076456e+16,2.6944503277455203e+17,72579385890298.28,300901832445927.5,3396260529966000.0,6.730504823414077e+17
