t(s),Total solute volume 1,Total retention volume 1,Total 1 volume 1,Total 2 volume 1,Total 3 volume 1,Total 4 volume 1,Total 5 volume 1,Total 6 volume 1
0,5.831083637207589e+19,3.81065318008278e+22,5.744900751039818e+21,3.230313354759354e+22,5.444969607478165e+16,3.2129867750127096e+16,2.662842795253285e+16,7.345783094769518e+16
