t(s),Total solute volume 1,Total retention volume 1,Total 1 volume 1,Total 2 volume 1,Total 3 volume 1,Total 4 volume 1,Total 5 volume 1,Total 6 volume 1
0,1.0056372927748115e+17,1.137394621917706e+17,4077840541915392.0,7344347682422831.0,1706765338450.8105,4122947408608.097,22717055281587.02,1724997921921125.0
