t(s),Total solute volume 1,Total retention volume 1,Total 1 volume 1,Total 2 volume 1,Total 3 volume 1,Total 4 volume 1,Total 5 volume 1,Total 6 volume 1
0,5.88665732355986e+16,8.021718408916723e+16,4077840541915392.0,4299130609532137.0,16643610463549.615,62020158389971.6,274980308352371.75,1.2619995624915452e+16
