t(s),Total solute volume 1,Total retention volume 1,Total 1 volume 1,Total 2 volume 1,Total 3 volume 1,Total 4 volume 1,Total 5 volume 1,Total 6 volume 1
0,7.523525865105635e+17,8.065282671930312e+18,1.1991975012111887e+18,2.955764414391274e+18,1892041518937100.0,1.8667352429626336e+16,2.6206393953138538e+17,2.8753448363373133e+18
