t(s),Total solute volume 1,Total retention volume 1,Total 1 volume 1,Total 2 volume 1,Total 3 volume 1,Total 4 volume 1,Total 5 volume 1,Total 6 volume 1
0,3.563921568279588e+17,1.000007748649688e+18,6.858169948084933e+16,1.8831811750643e+17,46488892884924.836,182667738136551.75,1921945988764317.8,3.845646722146604e+17
