t(s),Total solute volume 1,Total retention volume 1,Total 1 volume 1,Total 2 volume 1,Total 3 volume 1,Total 4 volume 1,Total 5 volume 1,Total 6 volume 1
0,2.0861979911880643e+17,3.4212325271150423e+18,6.858169948084933e+16,1.1023516579767e+17,453416797403461.06,2748609761523604.5,2.3289248840574052e+16,3.007304587318222e+18
