t(s),Total solute volume 1,Total retention volume 1,Total 1 volume 1,Total 2 volume 1,Total 3 volume 1,Total 4 volume 1,Total 5 volume 1,Total 6 volume 1
0,9.391538505657402e+16,1.3912831551702883e+17,1.1560640218829556e+16,1.4241472081799574e+16,10903684798714.395,48634388401983.44,273963621093574.3,1.907731646553206e+16
