t(s),Total solute volume 1,Total retention volume 1,Total 1 volume 1,Total 2 volume 1,Total 3 volume 1,Total 4 volume 1,Total 5 volume 1,Total 6 volume 1
0,1.6043878280498112e+17,1.9895845012477446e+17,1.1560640218829556e+16,2.4329176620616796e+16,1117712691763.2786,3231359553261.138,22622101860301.62,2602879306241283.5
