t(s),Total solute volume 1,Total retention volume 1,Total 1 volume 1,Total 2 volume 1,Total 3 volume 1,Total 4 volume 1,Total 5 volume 1,Total 6 volume 1
0,5.274852243967814e+16,6.497878081163418e+16,3192384722575143.5,3244736830869188.5,9019620108115.092,32222688696426.81,135045740796488.0,5616848768910681.0
