t(s),Total solute volume 1,Total retention volume 1,Total 1 volume 1,Total 2 volume 1,Total 3 volume 1,Total 4 volume 1,Total 5 volume 1,Total 6 volume 1
0,9.011205916778291e+16,9.962950423651554e+16,3192384722575143.5,5543091834178185.0,924833822889.126,2141742434901.3132,11155103310500.994,767746832410535.2
