t(s),Total solute volume 1,Total retention volume 1,Total 1 volume 1,Total 2 volume 1,Total 3 volume 1,Total 4 volume 1,Total 5 volume 1,Total 6 volume 1
0,1.001191121344553e+19,2.5608959119977695e+21,3.850111262848305e+20,2.1580146193043675e+21,1.471673445420688e+18,2.262853936242916e+18,1.5461253382252938e+18,2.577602475237348e+18
