t(s),Total solute volume 1,Total retention volume 1,Total 1 volume 1,Total 2 volume 1,Total 3 volume 1,Total 4 volume 1,Total 5 volume 1,Total 6 volume 1
0,1.710368165630296e+19,3.981049593378905e+21,3.850111262848305e+20,3.578457514507153e+21,1.0741090224078035e+17,8.890796554252738e+16,7.474000447541008e+16,2.062120583586507e+17
