t(s),Total solute volume 1,Total retention volume 1,Total 1 volume 1,Total 2 volume 1,Total 3 volume 1,Total 4 volume 1,Total 5 volume 1,Total 6 volume 1
0,1.3860424099942965e+19,2.406110577643026e+21,2.4107704894684447e+20,2.1505892778574715e+21,1.0950345834743302e+17,1.127609563211453e+17,9.617039943933693e+16,2.6539192464203395e+17
