t(s),Total solute volume 1,Total retention volume 1,Total 1 volume 1,Total 2 volume 1,Total 3 volume 1,Total 4 volume 1,Total 5 volume 1,Total 6 volume 1
0,8.113418985332498e+18,1.5401968842475941e+21,2.4107704894684443e+20,1.281474549652156e+21,1.3839934690959729e+18,2.841398871010953e+18,1.989154273585792e+18,3.317320049575472e+18
