t(s),Total solute volume 1,Total retention volume 1,Total 1 volume 1,Total 2 volume 1,Total 3 volume 1,Total 4 volume 1,Total 5 volume 1,Total 6 volume 1
0,5.092688738313051e+16,7.752125044822122e+16,2951661998355005.5,2965126037401479.5,34241062481216.324,120635680749089.4,496672068640392.25,2.0026026217462692e+16
