t(s),Total solute volume 1,Total retention volume 1,Total 1 volume 1,Total 2 volume 1,Total 3 volume 1,Total 4 volume 1,Total 5 volume 1,Total 6 volume 1
0,8.70000992795148e+16,9.780940156189251e+16,2951661998355005.5,5065423436879563.0,3514876286840.028,8030604738569.986,41079570385298.17,2739591795732714.5
