t(s),Total solute volume 1,Total retention volume 1,Total 1 volume 1,Total 2 volume 1,Total 3 volume 1,Total 4 volume 1,Total 5 volume 1,Total 6 volume 1
0,5.483142302296937e+18,5.859002492526186e+20,1.00671705467033e+20,4.7686637777748827e+20,2.0849447418938845e+17,8.590922820648202e+17,6.781196754245594e+17,1.1333172741256324e+18
