t(s),Total solute volume 1,Total retention volume 1,Total 1 volume 1,Total 2 volume 1,Total 3 volume 1,Total 4 volume 1,Total 5 volume 1,Total 6 volume 1
0,9.367034766423861e+18,9.194591140255136e+20,1.00671705467033e+20,8.092422388220478e+20,1.8907110555615784e+16,3.5747619867324156e+16,3.28135631529989e+16,9.066667643387392e+16
