t(s),Total solute volume 1,Total retention volume 1,Total 1 volume 1,Total 2 volume 1,Total 3 volume 1,Total 4 volume 1,Total 5 volume 1,Total 6 volume 1
0,2.641240568788231e+18,4.099686141415329e+19,5.979897840391367e+18,3.199484310387922e+19,1920663159466843.8,1.4511877376429782e+16,8.404988563089395e+16,2.803974749275898e+17
