t(s),Total solute volume 1,Total retention volume 1,Total 1 volume 1,Total 2 volume 1,Total 3 volume 1,Total 4 volume 1,Total 5 volume 1,Total 6 volume 1
0,1.5460920402662884e+18,3.1560608279226122e+19,5.979897840391367e+18,1.873360234042119e+19,1.8808726778022824e+16,2.2968783361945226e+17,1.5486464333270216e+18,3.5038730644227195e+18
