t(s),Total solute volume 1,Total retention volume 1,Total 1 volume 1,Total 2 volume 1,Total 3 volume 1,Total 4 volume 1,Total 5 volume 1,Total 6 volume 1
0,4.408003339419685e+17,1.455734737336968e+18,1.1018915844204802e+17,3.247827274525352e+17,60491193931930.9,257895362888505.2,3018297504550173.5,5.766258334390511e+17
