t(s),Total solute volume 1,Total retention volume 1,Total 1 volume 1,Total 2 volume 1,Total 3 volume 1,Total 4 volume 1,Total 5 volume 1,Total 6 volume 1
0,2.5802946377090512e+17,5.49992667868323e+18,1.1018915844204802e+17,1.9011722470774906e+17,590044535159299.4,3881336452189124.5,3.661929303238905e+16,4.90050015774278e+18
