t(s),Total solute volume 1,Total retention volume 1,Total 1 volume 1,Total 2 volume 1,Total 3 volume 1,Total 4 volume 1,Total 5 volume 1,Total 6 volume 1
0,1.3965732313027035e+17,1.7575364303107795e+17,8483748054658170.0,1.7047137375161364e+16,5739785076169.003,15731973870141.139,102577191550544.25,1.04413855204902e+16
