t(s),Total solute volume 1,Total retention volume 1,Total 1 volume 1,Total 2 volume 1,Total 3 volume 1,Total 4 volume 1,Total 5 volume 1,Total 6 volume 1
0,8.175062817381762e+16,1.7818268309766576e+17,8483748054658170.0,9978813516605722.0,55964608368831.04,236609643794109.94,1241489724067425.0,7.643542937635394e+16
