t(s),Total solute volume 1,Total retention volume 1,Total 1 volume 1,Total 2 volume 1,Total 3 volume 1,Total 4 volume 1,Total 5 volume 1,Total 6 volume 1
0,8.591862577826981e+17,5.043176875661623e+18,4.883330109832728e+17,1.7979335094057503e+18,505172214742673.25,2776949023694412.0,4.3366370051231144e+16,1.8510756062002368e+18
