t(s),Total solute volume 1,Total retention volume 1,Total 1 volume 1,Total 2 volume 1,Total 3 volume 1,Total 4 volume 1,Total 5 volume 1,Total 6 volume 1
0,5.0293829723865024e+17,2.4565686213817094e+19,4.883330109832728e+17,1.0524643962722106e+18,4927977670662400.0,4.184013474401653e+16,5.3837592429877024e+17,2.1936806472609513e+19
