t(s),Total solute volume 1,Total retention volume 1,Total 1 volume 1,Total 2 volume 1,Total 3 volume 1,Total 4 volume 1,Total 5 volume 1,Total 6 volume 1
0,1.1562292854379274e+18,6.217519594711172e+18,9.470815640223638e+17,3.849586369903471e+18,153108281035831.53,938883241573891.8,1.52275468078919e+16,2.4830283701693482e+17
