t(s),Total solute volume 1,Total retention volume 1,Total 1 volume 1,Total 2 volume 1,Total 3 volume 1,Total 4 volume 1,Total 5 volume 1,Total 6 volume 1
0,4.718423901827473e+18,1.6840847117220882e+20,2.1816306119850037e+19,1.413400008682567e+20,1.212704624535895e+16,7.017348447014453e+16,1.1815675744330155e+17,3.3328299411666496e+17
