t(s),Total solute volume 1,Total retention volume 1,Total 1 volume 1,Total 2 volume 1,Total 3 volume 1,Total 4 volume 1,Total 5 volume 1,Total 6 volume 1
0,2.7620042352160896e+18,1.3080580110111338e+23,2.1816306119850037e+19,8.283158743020675e+19,1.879104358153719e+21,1.670631445490022e+22,3.4193974451420468e+22,7.791899793885237e+22
