t(s),Total solute volume 1,Total retention volume 1,Total 1 volume 1,Total 2 volume 1,Total 3 volume 1,Total 4 volume 1,Total 5 volume 1,Total 6 volume 1
0,2.7620042352160896e+18,1.154229262345718e+20,2.1816306119850037e+19,8.283158743020675e+19,1.2073648203767024e+17,1.3195086212523236e+18,2.406949416333516e+18,4.165833929675095e+18
