t(s),Total solute volume 1,Total retention volume 1,Total 1 volume 1,Total 2 volume 1,Total 3 volume 1,Total 4 volume 1,Total 5 volume 1,Total 6 volume 1
0,1.194648755498281e+18,2.885960108154206e+19,3.3640731614648397e+18,9.67235389752105e+18,2.7572495144447308e+16,3.173572800453722e+17,3.34523128675543e+18,1.0938364205112498e+19
