t(s),Total solute volume 1,Total retention volume 1,Total 1 volume 1,Total 2 volume 1,Total 3 volume 1,Total 4 volume 1,Total 5 volume 1,Total 6 volume 1
0,2.0408582906428972e+18,2.302882074048979e+19,3.3640731614648397e+18,1.6521366587680283e+19,2821460250981977.5,2.0617103633260892e+16,2.0309218003476035e+17,8.759919567828195e+17
