t(s),Total solute volume 1,Total retention volume 1,Total 1 volume 1,Total 2 volume 1,Total 3 volume 1,Total 4 volume 1,Total 5 volume 1,Total 6 volume 1
0,1.1342546114652189e+19,1.4748406909420532e+21,1.542273968290348e+20,1.3085723532580815e+21,1.017427226938408e+17,1.3894996980995086e+17,1.2170505433904989e+17,3.359969934435033e+17
