t(s),Total solute volume 1,Total retention volume 1,Total 1 volume 1,Total 2 volume 1,Total 3 volume 1,Total 4 volume 1,Total 5 volume 1,Total 6 volume 1
0,6.639539189064714e+18,9.465148473633678e+20,1.542273968290348e+20,7.742999917924197e+20,1.1921429407697772e+18,3.4394012514529075e+18,2.51654005507106e+18,4.1998353055559235e+18
