t(s),Total solute volume 1,Total retention volume 1,Total 1 volume 1,Total 2 volume 1,Total 3 volume 1,Total 4 volume 1,Total 5 volume 1,Total 6 volume 1
0,1.1477277462414928e+17,6.032309363373362e+17,1.8083672627208548e+16,2.3817359628092044e+16,176202782318051.75,848762257769597.2,5299467155856070.0,4.40232697261944e+17
