t(s),Total solute volume 1,Total retention volume 1,Total 1 volume 1,Total 2 volume 1,Total 3 volume 1,Total 4 volume 1,Total 5 volume 1,Total 6 volume 1
0,1.9607015664959024e+17,3.1528250852973216e+17,1.8083672627208548e+16,4.068797579280357e+16,18073207601662.61,56440372439204.79,437883624995058.9,5.992830625509206e+16
