t(s),Total solute volume 1,Total retention volume 1,Total 1 volume 1,Total 2 volume 1,Total 3 volume 1,Total 4 volume 1,Total 5 volume 1,Total 6 volume 1
0,7.772197376133865e+19,5.045250321658224e+22,1.0574109797244612e+22,3.980048746435125e+22,5.39201796924841e+16,3.1609796794257132e+16,2.619344387218533e+16,7.225780463781395e+16
