t(s),Total solute volume 1,Total retention volume 1,Total 1 volume 1,Total 2 volume 1,Total 3 volume 1,Total 4 volume 1,Total 5 volume 1,Total 6 volume 1
0,4.5495789518832886e+19,4.520384699120924e+22,1.0574109797244612e+22,3.4581088036988603e+22,8.954643777979245e+17,8.127588704402926e+17,5.4192756270920154e+17,9.032166459212497e+17
