t(s),Total solute volume 1,Total retention volume 1,Total 1 volume 1,Total 2 volume 1,Total 3 volume 1,Total 4 volume 1,Total 5 volume 1,Total 6 volume 1
0,1.6839348350405472e+17,2.194511478682563e+17,1.2878448802488326e+16,2.7543198044355056e+16,4150768670891.0166,12225502241211.95,87737146412475.84,1.0531904100033122e+16
