t(s),Total solute volume 1,Total retention volume 1,Total 1 volume 1,Total 2 volume 1,Total 3 volume 1,Total 4 volume 1,Total 5 volume 1,Total 6 volume 1
0,5.483142302296937e+18,5.869798646460574e+20,1.00671705467033e+20,4.768663777774882e+20,2.8667861952385514e+17,1.1812448282099922e+18,9.32409798459402e+17,1.558305853049074e+18
