t(s),Total solute volume 1,Total retention volume 1,Total 1 volume 1,Total 2 volume 1,Total 3 volume 1,Total 4 volume 1,Total 5 volume 1,Total 6 volume 1
0,9.367034766423861e+18,9.195259130685044e+20,1.00671705467033e+20,8.092422388220405e+20,2.5997269648095116e+16,4.9152965520028296e+16,4.511863741319032e+16,1.2466514042164632e+17
