t(s),Total solute volume 1,Total retention volume 1,Total 1 volume 1,Total 2 volume 1,Total 3 volume 1,Total 4 volume 1,Total 5 volume 1,Total 6 volume 1
0,1.1562292854379274e+18,7.064303488145279e+18,9.470815640223638e+17,3.849586369903471e+18,643050435524857.1,3943287053863932.5,6.395530498475042e+16,1.0428646263074012e+18
