t(s),Total solute volume 1,Total retention volume 1,Total 1 volume 1,Total 2 volume 1,Total 3 volume 1,Total 4 volume 1,Total 5 volume 1,Total 6 volume 1
0,6.768171426953814e+17,1.7627244062186746e+19,9.470815640223639e+17,2.2534875290841032e+18,6274936386247385.0,5.9553891844040056e+16,8.316140572881701e+17,1.285241494086645e+19
