t(s),Total solute volume 1,Total retention volume 1,Total 1 volume 1,Total 2 volume 1,Total 3 volume 1,Total 4 volume 1,Total 5 volume 1,Total 6 volume 1
0,1.827745988668061e+17,3.423293922085056e+18,5.1059153534519e+16,7.853065002362187e+16,562313416968979.7,3239481905874386.0,2.5661799825623924e+16,3.08146592451166e+18
