t(s),Total solute volume 1,Total retention volume 1,Total 1 volume 1,Total 2 volume 1,Total 3 volume 1,Total 4 volume 1,Total 5 volume 1,Total 6 volume 1
0,3.122399397307938e+17,9.055026660823489e+17,5.1059153534519e+16,1.3415637957682182e+17,57668881100109.45,215370278887852.28,2119112045362976.2,4.0565504203486496e+17
