t(s),Total solute volume 1,Total retention volume 1,Total 1 volume 1,Total 2 volume 1,Total 3 volume 1,Total 4 volume 1,Total 5 volume 1,Total 6 volume 1
0,1.5180265269236467e+17,4.085154746181935e+17,3.3743667340789536e+16,4.87842065642926e+16,42476655647760.36,227887155461182.16,1641686440782130.2,1.7227289776885386e+17
