t(s),Total solute volume 1,Total retention volume 1,Total 1 volume 1,Total 2 volume 1,Total 3 volume 1,Total 4 volume 1,Total 5 volume 1,Total 6 volume 1
0,2.5932953168279194e+17,3.9973046814038515e+17,3.3743667340789536e+16,8.333962927494267e+16,4354156607410.3047,15140867487255.605,135528991890848.47,2.3162615825878724e+16
