t(s),Total solute volume 1,Total retention volume 1,Total 1 volume 1,Total 2 volume 1,Total 3 volume 1,Total 4 volume 1,Total 5 volume 1,Total 6 volume 1
0,8.553063609334184e+16,2.7956319544426077e+17,9383807851828774.0,1.1205049428947024e+16,114913262912902.86,494271115493531.8,2654504472910724.5,1.701800132188227e+17
