t(s),Total solute volume 1,Total retention volume 1,Total 1 volume 1,Total 2 volume 1,Total 3 volume 1,Total 4 volume 1,Total 5 volume 1,Total 6 volume 1
0,4.443246134384989e+19,2.6909484652687413e+22,3.1834588077439205e+21,2.3681226433137295e+22,1.0596642040657768e+17,6.340373785076184e+16,5.2566422918895656e+16,1.4501388127594454e+17
