t(s),Total solute volume 1,Total retention volume 1,Total 1 volume 1,Total 2 volume 1,Total 3 volume 1,Total 4 volume 1,Total 5 volume 1,Total 6 volume 1
0,2.600924566469286e+19,2.0417418377329373e+22,3.1834588077439205e+21,1.7201685979806866e+22,1.7345332771214103e+18,1.6296367507205245e+18,1.0875555799048803e+18,1.812618506353494e+18
