t(s),Total solute volume 1,Total retention volume 1,Total 1 volume 1,Total 2 volume 1,Total 3 volume 1,Total 4 volume 1,Total 5 volume 1,Total 6 volume 1
0,1.772257703331625e+18,4.359338398748501e+19,8.108748995498784e+18,2.6581741941542703e+19,3.5621913183055508e+16,4.4117034827298554e+17,2.2037419719981146e+18,4.4501011136577147e+18
