t(s),Total solute volume 1,Total retention volume 1,Total 1 volume 1,Total 2 volume 1,Total 3 volume 1,Total 4 volume 1,Total 5 volume 1,Total 6 volume 1
0,3.027606909858182e+18,5.703167694123691e+19,8.108748995498786e+18,4.539357696078196e+19,3630826711513331.5,2.719020129485687e+16,1.148499605518442e+17,3.560730865396439e+17
