t(s),Total solute volume 1,Total retention volume 1,Total 1 volume 1,Total 2 volume 1,Total 3 volume 1,Total 4 volume 1,Total 5 volume 1,Total 6 volume 1
0,2.3091608011640064e+17,3.3372259635231104e+17,2.6047523684028044e+16,6.18908749437171e+16,3360283013284.507,11174954169846.053,94269874144320.42,1.4759312496836572e+16
