t(s),Total solute volume 1,Total retention volume 1,Total 1 volume 1,Total 2 volume 1,Total 3 volume 1,Total 4 volume 1,Total 5 volume 1,Total 6 volume 1
0,2.2349716812900077e+17,7.230716910392291e+18,7.99733013773092e+16,1.3153125251363437e+17,931496435699221.9,5797773999693382.0,5.087561855958525e+16,6.738110299377397e+18
