t(s),Total solute volume 1,Total retention volume 1,Total 1 volume 1,Total 2 volume 1,Total 3 volume 1,Total 4 volume 1,Total 5 volume 1,Total 6 volume 1
0,8.175062817381762e+16,1.2992476231703056e+17,8483748054658170.0,9978813516605722.0,21328241115781.06,90184392905074.64,473160643026767.8,2.912689929490305e+16
