t(s),Total solute volume 1,Total retention volume 1,Total 1 volume 1,Total 2 volume 1,Total 3 volume 1,Total 4 volume 1,Total 5 volume 1,Total 6 volume 1
0,1.3965732313027035e+17,1.6921323962476426e+17,8483748054658170.0,1.7047137375161364e+16,2186639302777.7769,5993259419417.366,39077908218581.61,3977773257732910.5
