t(s),Total solute volume 1,Total retention volume 1,Total 1 volume 1,Total 2 volume 1,Total 3 volume 1,Total 4 volume 1,Total 5 volume 1,Total 6 volume 1
0,1.4314015651477992e+17,1.4591709733106473e+18,2.9598370758294e+16,4.196129288420449e+16,335068236978772.56,1757095688653816.0,1.2284713207909514e+16,1.2300942760198216e+18
