t(s),Total solute volume 1,Total retention volume 1,Total 1 volume 1,Total 2 volume 1,Total 3 volume 1,Total 4 volume 1,Total 5 volume 1,Total 6 volume 1
0,2.445311007127456e+17,5.1308855363019366e+17,2.9598370758294e+16,7.168383321791445e+16,34367857957758.883,116839907537378.45,1014931073082330.5,1.6610911010265968e+17
