t(s),Total solute volume 1,Total retention volume 1,Total 1 volume 1,Total 2 volume 1,Total 3 volume 1,Total 4 volume 1,Total 5 volume 1,Total 6 volume 1
0,6.8888290702006904e+16,1.3723960897146082e+17,5790815030907821.0,6433524569071775.0,54531238203017.26,215830874588589.84,1037379880760800.2,5.481923667592222e+16
