t(s),Total solute volume 1,Total retention volume 1,Total 1 volume 1,Total 2 volume 1,Total 3 volume 1,Total 4 volume 1,Total 5 volume 1,Total 6 volume 1
0,6.110165178850669e+17,3.0179975070406263e+19,7.538773491030418e+17,1.7336694297627313e+18,9511768146923224.0,8.690164034595122e+16,1.1902092621810537e+18,2.579478910298149e+19
