t(s),Total solute volume 1,Total retention volume 1,Total 1 volume 1,Total 2 volume 1,Total 3 volume 1,Total 4 volume 1,Total 5 volume 1,Total 6 volume 1
0,2.3679368537431424e+18,8.392637355563164e+19,1.5476103569735987e+19,5.584790903245229e+19,1.0576089429359637e+17,1.2551736987658158e+18,3.1890589455778104e+18,5.684430561062721e+18
