t(s),Total solute volume 1,Total retention volume 1,Total 1 volume 1,Total 2 volume 1,Total 3 volume 1,Total 4 volume 1,Total 5 volume 1,Total 6 volume 1
0,4.0452254584778307e+18,1.1554856823368407e+20,1.547610356973599e+19,9.533228108352348e+19,1.0700095785580814e+16,7.104777078419191e+16,1.58419868305951e+17,4.547903870712784e+17
