t(s),Total solute volume 1,Total retention volume 1,Total 1 volume 1,Total 2 volume 1,Total 3 volume 1,Total 4 volume 1,Total 5 volume 1,Total 6 volume 1
0,1.355755053821572e+18,2.46723069029999e+19,4.460907519859345e+18,1.337749223333267e+19,1.4051254120475764e+16,1.6716961765676304e+17,1.4498437458701696e+18,3.847087478338869e+18
