t(s),Total solute volume 1,Total retention volume 1,Total 1 volume 1,Total 2 volume 1,Total 3 volume 1,Total 4 volume 1,Total 5 volume 1,Total 6 volume 1
0,8.113418985332498e+18,1.5386595322712666e+21,2.4107704894684447e+20,1.281474549652156e+21,1.160775253595908e+18,2.383126661212285e+18,1.6683336504473802e+18,2.7822791216850616e+18
