t(s),Total solute volume 1,Total retention volume 1,Total 1 volume 1,Total 2 volume 1,Total 3 volume 1,Total 4 volume 1,Total 5 volume 1,Total 6 volume 1
0,1.3860424099942965e+19,2.406016412277696e+21,2.4107704894684447e+20,2.1505892778574694e+21,9.184164298772534e+16,9.457373386803586e+16,8.065907077640296e+16,2.2258692579035312e+17
