t(s),Total solute volume 1,Total retention volume 1,Total 1 volume 1,Total 2 volume 1,Total 3 volume 1,Total 4 volume 1,Total 5 volume 1,Total 6 volume 1
0,1.355755053821572e+18,3.946137713827211e+19,4.460907519859345e+18,1.337749223333267e+19,5.1983949122443e+16,6.1843713617528e+17,5.363752437935967e+18,1.4233048808024842e+19
