t(s),Total solute volume 1,Total retention volume 1,Total 1 volume 1,Total 2 volume 1,Total 3 volume 1,Total 4 volume 1,Total 5 volume 1,Total 6 volume 1
0,2.3160815502785014e+18,3.1117028731938824e+19,4.460907519859345e+18,2.284893514595476e+19,5315369552547059.0,3.9736636531779496e+16,3.0668130416607226e+17,1.139371205595704e+18
