t(s),Total solute volume 1,Total retention volume 1,Total 1 volume 1,Total 2 volume 1,Total 3 volume 1,Total 4 volume 1,Total 5 volume 1,Total 6 volume 1
0,8.125946973719792e+16,8.925190188095771e+16,2534742031225782.5,4252075647885005.0,1712976655294.2302,3812280630106.823,18830480544432.28,1181258726819476.0
