t(s),Total solute volume 1,Total retention volume 1,Total 1 volume 1,Total 2 volume 1,Total 3 volume 1,Total 4 volume 1,Total 5 volume 1,Total 6 volume 1
0,1.001191121344553e+19,2.56117655573858e+21,3.850111262848306e+20,2.1580146193043675e+21,1.5242317343219397e+18,2.343667114293695e+18,1.601342331341426e+18,2.6696577560091274e+18
