t(s),Total solute volume 1,Total retention volume 1,Total 1 volume 1,Total 2 volume 1,Total 3 volume 1,Total 4 volume 1,Total 5 volume 1,Total 6 volume 1
0,1.710368165630296e+19,3.9810666387397967e+21,3.850111262848306e+20,3.578457514507153e+21,1.1124699906471474e+17,9.208324524073494e+16,7.740928604410715e+16,2.1357676116884106e+17
