t(s),Total solute volume 1,Total retention volume 1,Total 1 volume 1,Total 2 volume 1,Total 3 volume 1,Total 4 volume 1,Total 5 volume 1,Total 6 volume 1
0,7.82153398870977e+16,1.8811374544432496e+17,7687035129498279.0,8909437720794750.0,72412953306423.73,300958913147663.75,1543831391595430.8,9.138472944888432e+16
