t(s),Total solute volume 1,Total retention volume 1,Total 1 volume 1,Total 2 volume 1,Total 3 volume 1,Total 4 volume 1,Total 5 volume 1,Total 6 volume 1
0,1.3361787230712443e+17,1.6916846793652365e+17,7687035129498279.0,1.522028754057002e+16,7428841530214.524,20018245783820.438,127600072547629.75,1.2488225799469328e+16
