t(s),Total solute volume 1,Total retention volume 1,Total 1 volume 1,Total 2 volume 1,Total 3 volume 1,Total 4 volume 1,Total 5 volume 1,Total 6 volume 1
0,1.5302805924424387e+17,2.038454047561227e+17,1.0403170291897824e+16,2.15508874098567e+16,8715776398818.628,24743732687817.71,169077500560993.03,1.866075080047731e+16
