t(s),Total solute volume 1,Total retention volume 1,Total 1 volume 1,Total 2 volume 1,Total 3 volume 1,Total 4 volume 1,Total 5 volume 1,Total 6 volume 1
0,9.85717952218855e+16,4.100358855762459e+17,1.2878448802488326e+16,1.6122851276236812e+16,145646843961783.88,661647867533070.6,3821405486411435.5,2.778340900777329e+17
