t(s),Total solute volume 1,Total retention volume 1,Total 1 volume 1,Total 2 volume 1,Total 3 volume 1,Total 4 volume 1,Total 5 volume 1,Total 6 volume 1
0,1.6839348350405472e+17,2.4710306827709248e+17,1.2878448802488326e+16,2.7543198044355056e+16,14942115600068.018,44010182890202.78,315841244727347.75,3.791314438297495e+16
