t(s),Total solute volume 1,Total retention volume 1,Total 1 volume 1,Total 2 volume 1,Total 3 volume 1,Total 4 volume 1,Total 5 volume 1,Total 6 volume 1
0,8.113418985332498e+18,1.5325099493055516e+21,2.4107704894684443e+20,1.281474549652156e+21,2.6787724722744653e+17,5.4996885846551866e+17,3.8500996121986496e+17,6.420756543101852e+17
