t(s),Total solute volume 1,Total retention volume 1,Total 1 volume 1,Total 2 volume 1,Total 3 volume 1,Total 4 volume 1,Total 5 volume 1,Total 6 volume 1
0,1.3860424099942965e+19,2.405639752226161e+21,2.4107704894684447e+20,2.1505892778575358e+21,2.1194255545795116e+16,2.182473418978706e+16,1.861365616397724e+16,5.1368675957638344e+16
