t(s),Total solute volume 1,Total retention volume 1,Total 1 volume 1,Total 2 volume 1,Total 3 volume 1,Total 4 volume 1,Total 5 volume 1,Total 6 volume 1
0,5.539824915009872e+18,2.504046320407135e+20,3.120606282469643e+19,2.1299199081623975e+20,2.2477702408078468e+16,1.0624327020394914e+17,1.4188240337142654e+17,3.961501087827283e+17
