t(s),Total solute volume 1,Total retention volume 1,Total 1 volume 1,Total 2 volume 1,Total 3 volume 1,Total 4 volume 1,Total 5 volume 1,Total 6 volume 1
0,3.242824340493574e+18,1.69577880955389e+20,3.120606282469643e+19,1.2489632049785533e+20,2.2638526100317494e+17,2.1440450157678246e+18,2.91058319740269e+18,4.951659818170804e+18
