t(s),Total solute volume 1,Total retention volume 1,Total 1 volume 1,Total 2 volume 1,Total 3 volume 1,Total 4 volume 1,Total 5 volume 1,Total 6 volume 1
0,5.67102642256257e+16,6.694891531201442e+16,3752113566455123.5,3906825519925697.5,3535109788635.5044,12987040366129.652,56485343112923.55,2506704506740952.5
