t(s),Total solute volume 1,Total retention volume 1,Total 1 volume 1,Total 2 volume 1,Total 3 volume 1,Total 4 volume 1,Total 5 volume 1,Total 6 volume 1
0,1.3361787230712443e+17,1.6073979161792874e+17,7687035129498279.0,1.522028754057002e+16,2476378538903.421,6672972274878.686,42534883438389.45,4162912406483252.5
