t(s),Total solute volume 1,Total retention volume 1,Total 1 volume 1,Total 2 volume 1,Total 3 volume 1,Total 4 volume 1,Total 5 volume 1,Total 6 volume 1
0,7.82153398870977e+16,1.2592727505698829e+17,7687035129498278.0,8909437720794750.0,24152734164702.29,100403375418518.84,514977035616761.25,3.0475929174397296e+16
