t(s),Total solute volume 1,Total retention volume 1,Total 1 volume 1,Total 2 volume 1,Total 3 volume 1,Total 4 volume 1,Total 5 volume 1,Total 6 volume 1
0,1.806632037606207e+18,1.6679124753716425e+19,2.563088576888768e+18,1.2087386361672243e+19,413831283890548.4,2934355466160460.5,3.504390976354421e+16,1.836256810356364e+17
