t(s),Total solute volume 1,Total retention volume 1,Total 1 volume 1,Total 2 volume 1,Total 3 volume 1,Total 4 volume 1,Total 5 volume 1,Total 6 volume 1
0,1.0575407049402066e+18,1.3579614309712826e+19,2.563088576888768e+18,7.076244436375885e+18,4042310876053465.5,4.48448287714208e+16,5.4254971988427104e+17,2.2913037319761987e+18
