t(s),Total solute volume 1,Total retention volume 1,Total 1 volume 1,Total 2 volume 1,Total 3 volume 1,Total 4 volume 1,Total 5 volume 1,Total 6 volume 1
0,3.5302772118780864e+17,1.5455585391392786e+19,2.2173507663096877e+17,4.247125719959892e+17,1747091502736503.5,1.2960600359253898e+16,1.4271024464733203e+17,1.4298692085068702e+19
