t(s),Total solute volume 1,Total retention volume 1,Total 1 volume 1,Total 2 volume 1,Total 3 volume 1,Total 4 volume 1,Total 5 volume 1,Total 6 volume 1
0,6.030890236958341e+17,2.9577615480043387e+18,2.2173507663096877e+17,7.255463282409612e+17,179112647290083.88,860985009939040.6,1.1708698101177036e+16,1.3946423236781658e+18
