t(s),Total solute volume 1,Total retention volume 1,Total 1 volume 1,Total 2 volume 1,Total 3 volume 1,Total 4 volume 1,Total 5 volume 1,Total 6 volume 1
0,6.1151907207788056e+16,8.660141707784093e+16,4439458008290587.5,4740171994361016.0,19514412772617.82,73790301960114.72,333620059221923.56,1.5842955093446536e+16
