t(s),Total solute volume 1,Total retention volume 1,Total 1 volume 1,Total 2 volume 1,Total 3 volume 1,Total 4 volume 1,Total 5 volume 1,Total 6 volume 1
0,1.0446784147997133e+17,1.1920505303524277e+17,4439458008290587.5,8097793286123659.0,2001204426674.0273,4905546992990.598,27562166117063.992,2165491343320068.8
