t(s),Total solute volume 1,Total retention volume 1,Total 1 volume 1,Total 2 volume 1,Total 3 volume 1,Total 4 volume 1,Total 5 volume 1,Total 6 volume 1
0,6.030890236958341e+17,2.225924272315305e+18,2.2173507663096877e+17,7.255463282409612e+17,85974822794711.89,413275866102958.7,5620219644306690.0,6.694343734143337e+17
