t(s),Total solute volume 1,Total retention volume 1,Total 1 volume 1,Total 2 volume 1,Total 3 volume 1,Total 4 volume 1,Total 5 volume 1,Total 6 volume 1
0,3.5302772118780864e+17,7.939134931467897e+18,2.2173507663096877e+17,4.247125719959892e+17,838719739874234.4,6222235943245274.0,6.851170229695504e+16,6.864086903673045e+18
