t(s),Total solute volume 1,Total retention volume 1,Total 1 volume 1,Total 2 volume 1,Total 3 volume 1,Total 4 volume 1,Total 5 volume 1,Total 6 volume 1
0,4.443246134384989e+19,2.690933410754043e+22,3.1834588077439205e+21,2.3681226433136985e+22,6.249304814472219e+16,3.739196365980718e+16,3.1000724797089108e+16,8.551957884480299e+16
