t(s),Total solute volume 1,Total retention volume 1,Total 1 volume 1,Total 2 volume 1,Total 3 volume 1,Total 4 volume 1,Total 5 volume 1,Total 6 volume 1
0,2.5932953168279194e+17,5.163151063492654e+17,3.3743667340789536e+16,8.333962927494267e+16,26124296311818.98,90843310609914.19,813155804005196.0,1.3897215463981285e+17
