t(s),Total solute volume 1,Total retention volume 1,Total 1 volume 1,Total 2 volume 1,Total 3 volume 1,Total 4 volume 1,Total 5 volume 1,Total 6 volume 1
0,4.1904446013324595e+17,6.144579187589906e+18,3.250257609819086e+17,6.591645730832125e+17,717425900885126.8,5683024126654354.0,6.775758742342184e+16,4.66718635594058e+18
