t(s),Total solute volume 1,Total retention volume 1,Total 1 volume 1,Total 2 volume 1,Total 3 volume 1,Total 4 volume 1,Total 5 volume 1,Total 6 volume 1
0,7.158676193942945e+17,2.5901161531277276e+18,3.250257609819086e+17,1.1260624170802307e+18,73534706358459.27,377314549186638.8,5524390727144688.0,4.171851156885964e+17
