t(s),Total solute volume 1,Total retention volume 1,Total 1 volume 1,Total 2 volume 1,Total 3 volume 1,Total 4 volume 1,Total 5 volume 1,Total 6 volume 1
0,1.194648755498281e+18,2.6046647444252762e+19,3.3640731614648397e+18,9.67235389752105e+18,2.2270586504301444e+16,2.5633463384030906e+17,2.701985939878255e+18,8.834980469545615e+18
