t(s),Total solute volume 1,Total retention volume 1,Total 1 volume 1,Total 2 volume 1,Total 3 volume 1,Total 4 volume 1,Total 5 volume 1,Total 6 volume 1
0,2.0408582906428972e+18,2.281679840499529e+19,3.364073161464839e+18,1.6521366587680283e+19,2278874944748817.0,1.66522958338729e+16,1.6403620054512285e+17,7.075329938836124e+17
