t(s),Total solute volume 1,Total retention volume 1,Total 1 volume 1,Total 2 volume 1,Total 3 volume 1,Total 4 volume 1,Total 5 volume 1,Total 6 volume 1
0,1.4340238840712154e+18,1.0135240032182424e+19,1.531053857194819e+18,6.685981104100381e+18,494896350791884.8,3270087187039584.0,4.923323388278537e+16,4.3118296939535866e+17
