t(s),Total solute volume 1,Total retention volume 1,Total 1 volume 1,Total 2 volume 1,Total 3 volume 1,Total 4 volume 1,Total 5 volume 1,Total 6 volume 1
0,8.394286150660815e+17,1.2385747540567036e+19,1.531053857194819e+18,3.913959566691929e+18,4831041728063452.0,4.9572317464979544e+16,6.850436038818292e+17,5.36185853853937e+18
