t(s),Total solute volume 1,Total retention volume 1,Total 1 volume 1,Total 2 volume 1
0,3.332883936767457e+17,5.509288945202077e+17,5.905751296626006e+16,1.5858298787719715e+17
