t(s),Total solute volume 1,Total retention volume 1,Total 1 volume 1,Total 2 volume 1
0,1.950956450790701e+17,3.469823448033136e+17,5.905751296626006e+16,9.282918675798294e+16
