t(s),Total solute volume 1,Total retention volume 1,Total 1 volume 1,Total 2 volume 1,Total 3 volume 1,Total 4 volume 1,Total 5 volume 1,Total 6 volume 1
0,1.0896465516898744e+17,2.5135791763950966e+17,1.6105550931134632e+16,2.0848021191923476e+16,45578466883030.125,215245674636104.03,1308519210025317.8,1.0387034699591798e+17
