t(s),Total solute volume 1,Total retention volume 1,Total 1 volume 1,Total 2 volume 1,Total 3 volume 1,Total 4 volume 1,Total 5 volume 1,Total 6 volume 1
0,1.8614795258035258e+17,2.521442831510205e+17,1.6105550931134632e+16,3.5615359137441056e+16,4672756475396.262,14303839218376.973,108061730697794.31,1.4148382175701546e+16
