t(s),Total solute volume 1,Total retention volume 1,Total 1 volume 1,Total 2 volume 1,Total 3 volume 1,Total 4 volume 1,Total 5 volume 1,Total 6 volume 1
0,2.2349716812900077e+17,9.862147797907863e+17,7.99733013773092e+16,1.3153125251363435e+17,75564584528528.69,470404475600923.94,4127406593433941.0,5.4653968211728736e+17
