t(s),Total solute volume 1,Total retention volume 1,Total 1 volume 1,Total 2 volume 1,Total 3 volume 1,Total 4 volume 1,Total 5 volume 1,Total 6 volume 1
0,3.818076622203744e+17,7.552518424545531e+17,7.99733013773092e+16,2.2469880913100803e+17,7745591997481.215,31250425912488.336,340419081080553.1,6.83926546268692e+16
