t(s),Total solute volume 1,Total retention volume 1,Total 1 volume 1,Total 2 volume 1,Total 3 volume 1,Total 4 volume 1,Total 5 volume 1,Total 6 volume 1
0,1.9607015664959024e+17,2.6069115997151187e+17,1.8083672627208548e+16,4.068797579280357e+16,1749093754081.6353,5462166320330.134,42377452103608.99,5799766189730158.0
