t(s),Total solute volume 1,Total retention volume 1,Total 1 volume 1,Total 2 volume 1,Total 3 volume 1,Total 4 volume 1,Total 5 volume 1,Total 6 volume 1
0,3.2527447322874304e+17,1.558393426633142e+19,1.8471874136236307e+17,3.4428597201944646e+17,1687940311919082.2,1.2134836883570632e+16,1.2843465907897198e+17,1.4587397643446405e+19
