t(s),Total solute volume 1,Total retention volume 1,Total 1 volume 1,Total 2 volume 1,Total 3 volume 1,Total 4 volume 1,Total 5 volume 1,Total 6 volume 1
0,5.556772250990977e+17,2.8360316669584835e+18,1.8471874136236307e+17,5.881523663147372e+17,173060160979197.72,806269700958971.5,1.0556940481556838e+16,1.495947063838789e+18
