t(s),Total solute volume 1,Total retention volume 1,Total 1 volume 1,Total 2 volume 1,Total 3 volume 1,Total 4 volume 1,Total 5 volume 1,Total 6 volume 1
0,1.4314015651477992e+17,5.259468131624465e+17,2.9598370758294e+16,4.196129288420449e+16,83812911082772.25,439595124299242.6,3073094684800255.5,3.076504902849841e+17
