t(s),Total solute volume 1,Total retention volume 1,Total 1 volume 1,Total 2 volume 1,Total 3 volume 1,Total 4 volume 1,Total 5 volume 1,Total 6 volume 1
0,3.563921568279588e+17,7.421990615705001e+17,6.858169948084933e+16,1.8831811750643e+17,15496510377424.207,60889953907326.375,640656633833863.6,1.2819004465713786e+17
