t(s),Total solute volume 1,Total retention volume 1,Total 1 volume 1,Total 2 volume 1,Total 3 volume 1,Total 4 volume 1,Total 5 volume 1,Total 6 volume 1
0,2.0861979911880643e+17,1.3988679947421975e+18,6.858169948084933e+16,1.1023516579767e+17,151171692153818.97,916468546687501.6,7765001155611749.0,1.0025986889504273e+18
