t(s),Total solute volume 1,Total retention volume 1,Total 1 volume 1,Total 2 volume 1,Total 3 volume 1,Total 4 volume 1,Total 5 volume 1,Total 6 volume 1
0,3.8340070142403466e+18,2.5340967734667146e+20,4.533611706929847e+19,1.916287548066981e+20,4.1294302478374746e+17,3.157294020083402e+18,3.367238606954033e+18,5.673322804612599e+18
