t(s),Total solute volume 1,Total retention volume 1,Total 1 volume 1,Total 2 volume 1,Total 3 volume 1,Total 4 volume 1,Total 5 volume 1,Total 6 volume 1
0,6.549761982660554e+18,3.791789634746692e+20,4.533611706929847e+19,3.264895769282699e+20,4.025364366836923e+16,1.4587619243690765e+17,1.6349133113576138e+17,4.538863272003657e+17
