t(s),Total solute volume 1,Total retention volume 1,Total 1 volume 1,Total 2 volume 1,Total 3 volume 1,Total 4 volume 1,Total 5 volume 1,Total 6 volume 1
0,5.0293829723865024e+17,2.2454639252420125e+19,4.883330109832728e+17,1.0524643962722106e+18,4466090230331936.5,3.791887497996329e+16,4.8791693881581856e+17,1.988060164389991e+19
