t(s),Total solute volume 1,Total retention volume 1,Total 1 volume 1,Total 2 volume 1,Total 3 volume 1,Total 4 volume 1,Total 5 volume 1,Total 6 volume 1
0,8.591862577826981e+17,4.865268020665616e+18,4.883330109832728e+17,1.7979335094057503e+18,457813036958945.75,2516613391805972.5,3.930082866640532e+16,1.6775399873987384e+18
