t(s),Total solute volume 1,Total retention volume 1,Total 1 volume 1,Total 2 volume 1,Total 3 volume 1,Total 4 volume 1,Total 5 volume 1,Total 6 volume 1
0,9.340096063528438e+16,1.0323679912098661e+17,3458157710870755.0,6076746478966877.0,333972618032.6546,784153563539.5857,4159978589015.005,295656191093606.7
