t(s),Total solute volume 1,Total retention volume 1,Total 1 volume 1,Total 2 volume 1,Total 3 volume 1,Total 4 volume 1,Total 5 volume 1,Total 6 volume 1
0,5.467373305480017e+16,6.3917891004414104e+16,3458157710870755.5,3557120067332162.0,3257900377906.0137,11801463125188.059,50375227022514.72,2163445580884819.0
