t(s),Total solute volume 1,Total retention volume 1,Total 1 volume 1,Total 2 volume 1,Total 3 volume 1,Total 4 volume 1,Total 5 volume 1,Total 6 volume 1
0,4.751131107528108e+17,2.492658073157428e+18,1.3024520054842829e+17,3.9361074833054605e+17,155640638185685.75,682903493014501.9,8293004713666908.0,1.484557464680781e+18
