t(s),Total solute volume 1,Total retention volume 1,Total 1 volume 1,Total 2 volume 1,Total 3 volume 1,Total 4 volume 1,Total 5 volume 1,Total 6 volume 1
0,2.781149916601816e+17,1.3892904439267787e+19,1.3024520054842829e+17,2.3040703518610144e+17,1517819164644596.8,1.0274977742500718e+16,1.0065545809916762e+17,1.3141688956866753e+19
