t(s),Total solute volume 1,Total retention volume 1,Total 1 volume 1,Total 2 volume 1,Total 3 volume 1,Total 4 volume 1,Total 5 volume 1,Total 6 volume 1
0,1.772257703331625e+18,5.174193654376008e+19,8.108748995498784e+18,2.6581741941542703e+19,7.63285834174113e+16,9.452974021631214e+17,4.722015942028807e+18,9.53554597577762e+18
