t(s),Total solute volume 1,Total retention volume 1,Total 1 volume 1,Total 2 volume 1,Total 3 volume 1,Total 4 volume 1,Total 5 volume 1,Total 6 volume 1
0,3.027606909858182e+18,5.760509511141675e+19,8.108748995498785e+18,4.539357696078196e+19,7780316563246221.0,5.826454971481551e+16,2.4610630181722122e+17,7.630110771824174e+17
