t(s),Total solute volume 1,Total retention volume 1,Total 1 volume 1,Total 2 volume 1,Total 3 volume 1,Total 4 volume 1,Total 5 volume 1,Total 6 volume 1
0,8.405294887353384e+16,9.372385622519099e+16,2733248773475387.0,4637024230775944.0,3078644427739.2925,6941305111552.404,34885424771395.703,2255728973095094.0
