t(s),Total solute volume 1,Total retention volume 1,Total 1 volume 1,Total 2 volume 1,Total 3 volume 1,Total 4 volume 1,Total 5 volume 1,Total 6 volume 1
0,1.2485206491236938e+19,4.331801852678337e+21,6.290856345856501e+20,3.6814069503789776e+21,1.9763817563767675e+18,2.4463358205228575e+18,1.650372474507221e+18,2.7509711710372936e+18
