t(s),Total solute volume 1,Total retention volume 1,Total 1 volume 1,Total 2 volume 1,Total 3 volume 1,Total 4 volume 1,Total 5 volume 1,Total 6 volume 1
0,2.1328894422529733e+19,6.631662557987808e+21,6.290856345856501e+20,5.980718300898714e+21,1.3426052723700654e+17,9.561112130876738e+16,7.97743480198853e+16,2.2008208435968666e+17
