t(s),Total solute volume 1,Total retention volume 1,Total 1 volume 1,Total 2 volume 1,Total 3 volume 1,Total 4 volume 1,Total 5 volume 1,Total 6 volume 1
0,8.125946973719792e+16,8.999816066053742e+16,2534742031225782.5,4252075647885005.0,2773288899122.9717,6172071886788.462,30486429765247.625,1912441453677879.2
