t(s),Total solute volume 1,Total retention volume 1,Total 1 volume 1,Total 2 volume 1,Total 3 volume 1,Total 4 volume 1,Total 5 volume 1,Total 6 volume 1
0,4.7566518870554744e+16,6.705847687177814e+16,2534742031225782.5,2489019978208205.5,27018091886659.23,92723342492395.94,368617445705801.6,1.3979837111704212e+16
