t(s),Total solute volume 1,Total retention volume 1,Total 1 volume 1,Total 2 volume 1,Total 3 volume 1,Total 4 volume 1,Total 5 volume 1,Total 6 volume 1
0,4.0452254584778307e+18,1.1564333484584868e+20,1.5476103569735985e+19,9.533228108352348e+19,1.215919347204211e+16,8.073606783027558e+16,1.8002249330010678e+17,5.168069795093727e+17
