t(s),Total solute volume 1,Total retention volume 1,Total 1 volume 1,Total 2 volume 1,Total 3 volume 1,Total 4 volume 1,Total 5 volume 1,Total 6 volume 1
0,2.3679368537431424e+18,8.532188771747414e+19,1.547610356973599e+19,5.584790903245229e+19,1.2018185372869616e+17,1.4263182000712274e+18,3.623896909502281e+18,6.459541298240353e+18
