t(s),Total solute volume 1,Total retention volume 1,Total 1 volume 1,Total 2 volume 1,Total 3 volume 1,Total 4 volume 1,Total 5 volume 1,Total 6 volume 1
0,8.516285748348854e+19,8.216930967182194e+22,3.579686312483719e+22,4.628721412782856e+22,1.9855540427030804e+16,1.7893977407493602e+16,1.1929556877390762e+16,1.9882597836391644e+16
