t(s),Total solute volume 1,Total retention volume 1,Total 1 volume 1,Total 2 volume 1,Total 3 volume 1,Total 4 volume 1,Total 5 volume 1,Total 6 volume 1
0,4.718423901827473e+18,1.690015122909544e+20,2.1816306119850037e+19,1.413400008682567e+20,2.5601463066580028e+16,1.4814363564464064e+17,2.4944134578300717e+17,7.035949565268033e+17
