t(s),Total solute volume 1,Total retention volume 1,Total 1 volume 1,Total 2 volume 1,Total 3 volume 1,Total 4 volume 1,Total 5 volume 1,Total 6 volume 1
0,1.0860966694806053e+17,1.2698916894381278e+17,4841705944743442.0,8946718178722158.0,3897587864726.683,9698128795027.014,55586773519045.58,4521895382108143.0
