t(s),Total solute volume 1,Total retention volume 1,Total 1 volume 1,Total 2 volume 1,Total 3 volume 1,Total 4 volume 1,Total 5 volume 1,Total 6 volume 1
0,6.357639040862142e+16,1.0758697459722411e+17,4841705944743442.0,5237103708245424.0,37993009184937.03,145809553811256.44,672558760140332.4,3.307541321247714e+16
