t(s),Total solute volume 1,Total retention volume 1,Total 1 volume 1,Total 2 volume 1,Total 3 volume 1,Total 4 volume 1,Total 5 volume 1,Total 6 volume 1
0,4.408003339419685e+17,1.353389658187418e+18,1.1018915844204802e+17,3.247827274525352e+17,49816403223602.1,212384870892668.22,2485662460039804.0,4.748695746167202e+17
