t(s),Total solute volume 1,Total retention volume 1,Total 1 volume 1,Total 2 volume 1,Total 3 volume 1,Total 4 volume 1,Total 5 volume 1,Total 6 volume 1
0,2.5802946377090512e+17,4.628004173413971e+18,1.1018915844204802e+17,1.9011722470774906e+17,485938410996773.1,3196565041161917.0,3.0158436105217096e+16,4.0358273869358976e+18
