t(s),Total solute volume 1,Total retention volume 1,Total 1 volume 1,Total 2 volume 1,Total 3 volume 1,Total 4 volume 1,Total 5 volume 1,Total 6 volume 1
0,2.0498657939890205e+20,1.1119344850230367e+23,6.1524972335763196e+22,4.946344516545733e+22,1.30625333124569e+16,7621994270193748.0,6315390172150014.0,1.7421765864590594e+16
