t(s),Total solute volume 1,Total retention volume 1,Total 1 volume 1,Total 2 volume 1,Total 3 volume 1,Total 4 volume 1,Total 5 volume 1,Total 6 volume 1
0,1.1999214403838232e+20,1.1034922152794143e+23,6.1524972335763196e+22,4.870349495676083e+22,2.1766368671432048e+17,1.9599304309439107e+17,1.3066291963010416e+17,2.177717296282149e+17
