t(s),Total solute volume 1,Total retention volume 1,Total 1 volume 1,Total 2 volume 1,Total 3 volume 1,Total 4 volume 1,Total 5 volume 1,Total 6 volume 1
0,5.274852243967814e+16,7.719786875609507e+16,3192384722575143.5,3244736830869188.5,28038973964191.05,100143090725715.33,419765724067396.25,1.746427697421602e+16
