t(s),Total solute volume 1,Total retention volume 1,Total 1 volume 1,Total 2 volume 1,Total 3 volume 1,Total 4 volume 1,Total 5 volume 1,Total 6 volume 1
0,9.011205916778291e+16,1.0128020146459214e+17,3192384722575143.5,5543091834178185.0,2877117329065.2207,6662917375529.786,34703197763701.21,2388422507587220.5
