t(s),Total solute volume 1,Total retention volume 1,Total 1 volume 1,Total 2 volume 1,Total 3 volume 1,Total 4 volume 1,Total 5 volume 1,Total 6 volume 1
0,7.82153398870977e+16,2.1297175245029328e+17,7687035129498278.0,8909437720794750.0,91700167972036.77,381087490578751.2,1954963128733878.2,1.1573218892561626e+17
