t(s),Total solute volume 1,Total retention volume 1,Total 1 volume 1,Total 2 volume 1,Total 3 volume 1,Total 4 volume 1,Total 5 volume 1,Total 6 volume 1
0,1.3361787230712443e+17,1.725397454794842e+17,7687035129498279.0,1.522028754057002e+16,9409716942704.771,25356104681448.05,161624439274600.44,1.581816024139274e+16
