t(s),Total solute volume 1,Total retention volume 1,Total 1 volume 1,Total 2 volume 1,Total 3 volume 1,Total 4 volume 1,Total 5 volume 1,Total 6 volume 1
0,1.2104370031327629e+17,8.273383410778606e+17,2.036220404915564e+16,2.7298126560537492e+16,236804833863520.38,1164214029026161.8,7470072465440829.0,6.49763218826568e+17
