t(s),Total solute volume 1,Total retention volume 1,Total 1 volume 1,Total 2 volume 1,Total 3 volume 1,Total 4 volume 1,Total 5 volume 1,Total 6 volume 1
0,2.067829880351787e+17,3.628448817682296e+17,2.0362204049155636e+16,4.663428171230368e+16,24291675999836.145,77427785713396.5,617296766315775.2,8.834639174356296e+16
