t(s),Total solute volume 1,Total retention volume 1,Total 1 volume 1,Total 2 volume 1,Total 3 volume 1,Total 4 volume 1,Total 5 volume 1,Total 6 volume 1
0,8.125946973719792e+16,8.971114474784816e+16,2534742031225782.5,4252075647885005.0,2365485716452.821,5264477238490.579,26003464214288.44,1631223904370164.0
