t(s),Total solute volume 1,Total retention volume 1,Total 1 volume 1,Total 2 volume 1,Total 3 volume 1,Total 4 volume 1,Total 5 volume 1,Total 6 volume 1
0,4.7566518870554744e+16,6.493291327407129e+16,2534742031225782.5,2489019978208205.5,23049977713816.254,79111087894312.75,314488844511207.7,1.19259824839637e+16
