t(s),Total solute volume 1,Total retention volume 1,Total 1 volume 1,Total 2 volume 1,Total 3 volume 1,Total 4 volume 1,Total 5 volume 1,Total 6 volume 1
0,1.1562292854379274e+18,7.911075636902369e+18,9.470815640223638e+17,3.849586369903471e+18,1132985969430644.5,6947656488328714.0,1.126824664334596e+17,1.8374153086474179e+18
