t(s),Total solute volume 1,Total retention volume 1,Total 1 volume 1,Total 2 volume 1,Total 3 volume 1,Total 4 volume 1,Total 5 volume 1,Total 6 volume 1
0,6.768171426953814e+17,2.810131083194388e+19,9.470815640223638e+17,2.2534875290841032e+18,1.1054661118467348e+16,1.0491333596389328e+17,1.4650466188184003e+18,2.264290998024128e+19
