t(s),Total solute volume 1,Total retention volume 1,Total 1 volume 1,Total 2 volume 1,Total 3 volume 1,Total 4 volume 1,Total 5 volume 1,Total 6 volume 1
0,4.566829557989454e+18,3.7712193586071346e+20,6.696388307350977e+19,2.9943637271575534e+20,3.0022357943931654e+17,1.7294299421120732e+18,1.541581657862679e+18,2.583615334046269e+18
