t(s),Total solute volume 1,Total retention volume 1,Total 1 volume 1,Total 2 volume 1,Total 3 volume 1,Total 4 volume 1,Total 5 volume 1,Total 6 volume 1
0,7.801667161565198e+18,5.845515420616579e+20,6.696388307350977e+19,5.094009276905077e+20,2.8433332372557068e+16,7.525297095456725e+16,7.46832712410569e+16,2.0669456150745885e+17
