t(s),Total solute volume 1,Total retention volume 1,Total 1 volume 1,Total 2 volume 1,Total 3 volume 1,Total 4 volume 1,Total 5 volume 1,Total 6 volume 1
0,2.3091608011640064e+17,4.08060717303992e+17,2.6047523684028044e+16,6.18908749437171e+16,20161158586546.57,67048205781869.31,565605528712296.6,8.85534236667658e+16
