t(s),Total solute volume 1,Total retention volume 1,Total 1 volume 1,Total 2 volume 1,Total 3 volume 1,Total 4 volume 1,Total 5 volume 1,Total 6 volume 1
0,5.467373305480017e+16,6.243201686478811e+16,3458157710870755.0,3557120067332162.0,1086054504986.422,3934245503962.5767,16793288457870.475,721192443318210.0
