t(s),Total solute volume 1,Total retention volume 1,Total 1 volume 1,Total 2 volume 1,Total 3 volume 1,Total 4 volume 1,Total 5 volume 1,Total 6 volume 1
0,8.175062817381762e+16,1.8560441023177862e+17,8483748054658170.0,9978813516605722.0,61290861656994.12,259122949210103.3,1359633041806418.0,8.37111736340242e+16
