t(s),Total solute volume 1,Total retention volume 1,Total 1 volume 1,Total 2 volume 1,Total 3 volume 1,Total 4 volume 1,Total 5 volume 1,Total 6 volume 1
0,1.3965732313027035e+17,1.7675982904288598e+17,8483748054658170.0,1.7047137375161364e+16,6286407163579.6,17230201138007.574,112346057400450.47,1.1435757817093314e+16
