t(s),Total solute volume 1,Total retention volume 1,Total 1 volume 1,Total 2 volume 1,Total 3 volume 1,Total 4 volume 1,Total 5 volume 1,Total 6 volume 1
0,1.3361787230712443e+17,1.729611474189735e+17,7687035129498279.0,1.522028754057002e+16,9657321958553.523,26023326979169.254,165877416457213.03,1.6234394376385784e+16
