t(s),Total solute volume 1,Total retention volume 1,Total 1 volume 1,Total 2 volume 1,Total 3 volume 1,Total 4 volume 1,Total 5 volume 1,Total 6 volume 1
0,7.82153398870977e+16,2.1607833758188253e+17,7687035129498279.0,8909437720794750.0,94110392486261.28,391099805078231.4,2006338139448315.8,1.187749765074802e+17
