t(s),Total solute volume 1,Total retention volume 1,Total 1 volume 1,Total 2 volume 1,Total 3 volume 1,Total 4 volume 1,Total 5 volume 1,Total 6 volume 1
0,2.0861979911880643e+17,3.5656617284329544e+18,6.858169948084933e+16,1.1023516579767e+17,475000720962579.44,2879436403577597.0,2.439783018580678e+16,3.1504727967252915e+18
