t(s),Total solute volume 1,Total retention volume 1,Total 1 volume 1,Total 2 volume 1,Total 3 volume 1,Total 4 volume 1,Total 5 volume 1,Total 6 volume 1
0,3.563921568279588e+17,1.0184223748538671e+18,6.858169948084933e+16,1.8831811750643e+17,48702601929666.18,191366042951564.8,2013465436959851.5,4.028768669567861e+17
