t(s),Total solute volume 1,Total retention volume 1,Total 1 volume 1,Total 2 volume 1,Total 3 volume 1,Total 4 volume 1,Total 5 volume 1,Total 6 volume 1
0,2.1328894422529733e+19,6.63125390717586e+21,6.290856345856501e+20,5.980718300898571e+21,3.0688163929188136e+16,2.185399676211742e+16,1.8234159682514976e+16,5.030094873485247e+16
