t(s),Total solute volume 1,Total retention volume 1,Total 1 volume 1,Total 2 volume 1,Total 3 volume 1,Total 4 volume 1,Total 5 volume 1,Total 6 volume 1
0,1.2485206491236938e+19,4.324994766884869e+21,6.290856345856501e+20,3.6814069503789776e+21,4.517544930000867e+17,5.5917916063560237e+17,3.7723760087929594e+17,6.288041744819132e+17
