t(s),Total solute volume 1,Total retention volume 1,Total 1 volume 1,Total 2 volume 1,Total 3 volume 1,Total 4 volume 1,Total 5 volume 1,Total 6 volume 1
0,1.1477277462414928e+17,7.32783047351715e+17,1.8083672627208548e+16,2.3817359628092044e+16,227309876376322.44,1094864763725113.2,6836357660797875.0,5.6795070817136966e+17
