t(s),Total solute volume 1,Total retention volume 1,Total 1 volume 1,Total 2 volume 1,Total 3 volume 1,Total 4 volume 1,Total 5 volume 1,Total 6 volume 1
0,4.1904446013324595e+17,1.2239896638318846e+19,3.250257609819086e+17,6.591645730832125e+17,1639691951816470.8,1.2988301937248554e+16,1.5485955461819834e+17,1.0667174295613213e+19
