t(s),Total solute volume 1,Total retention volume 1,Total 1 volume 1,Total 2 volume 1,Total 3 volume 1,Total 4 volume 1,Total 5 volume 1,Total 6 volume 1
0,7.158676193942945e+17,3.134174117186902e+18,3.250257609819086e+17,1.1260624170802307e+18,168078428453875.47,862429343289000.1,1.2627117505073574e+16,9.535606944536447e+17
