t(s),Total solute volume 1,Total retention volume 1,Total 1 volume 1,Total 2 volume 1,Total 3 volume 1,Total 4 volume 1,Total 5 volume 1,Total 6 volume 1
0,5.831083637207589e+19,3.810648513439296e+22,5.744900751039818e+21,3.230313354759354e+22,4.083727830570688e+16,2.409740393532775e+16,1.997132373422085e+16,5.5093381932842104e+16
