t(s),Total solute volume 1,Total retention volume 1,Total 1 volume 1,Total 2 volume 1,Total 3 volume 1,Total 4 volume 1,Total 5 volume 1,Total 6 volume 1
0,3.4133172510483444e+19,3.1501883324017316e+22,5.744900751039818e+21,2.57204529767919e+22,6.750303040012739e+17,6.195333916183525e+17,4.131961425182124e+17,6.886638371829194e+17
