t(s),Total solute volume 1,Total retention volume 1,Total 1 volume 1,Total 2 volume 1,Total 3 volume 1,Total 4 volume 1,Total 5 volume 1,Total 6 volume 1
0,9.340096063528438e+16,1.0544350497578435e+17,3458157710870755.0,6076746478966877.0,2782948551402.665,6534301678148.315,34664720497352.633,2463658179936303.0
