t(s),Total solute volume 1,Total retention volume 1,Total 1 volume 1,Total 2 volume 1,Total 3 volume 1,Total 4 volume 1,Total 5 volume 1,Total 6 volume 1
0,5.467373305480017e+16,8.025037869584165e+16,3458157710870755.0,3557120067332162.0,27125072275321.77,98228949872966.2,419368845607708.56,1.801664499508203e+16
