t(s),Total solute volume 1,Total retention volume 1,Total 1 volume 1,Total 2 volume 1,Total 3 volume 1,Total 4 volume 1,Total 5 volume 1,Total 6 volume 1
0,5.556772250990977e+17,2.7840505563150623e+18,1.8471874136236307e+17,5.881523663147372e+17,167092688447183.3,778467767829359.6,1.0192914642295834e+16,1.4443637484402885e+18
