t(s),Total solute volume 1,Total retention volume 1,Total 1 volume 1,Total 2 volume 1,Total 3 volume 1,Total 4 volume 1,Total 5 volume 1,Total 6 volume 1
0,3.2527447322874304e+17,1.5076136525145254e+19,1.8471874136236307e+17,3.4428597201944646e+17,1629753829232703.0,1.1716570505858114e+16,1.2400746986950648e+17,1.4084503544330152e+19
