t(s),Total solute volume 1,Total retention volume 1,Total 1 volume 1,Total 2 volume 1,Total 3 volume 1,Total 4 volume 1,Total 5 volume 1,Total 6 volume 1
0,8.125946973719792e+16,9.022776736563126e+16,2534742031225782.5,4252075647885005.0,3099523148735.4478,6898131969910.421,34072719552117.84,2137409574651848.5
