t(s),Total solute volume 1,Total retention volume 1,Total 1 volume 1,Total 2 volume 1,Total 3 volume 1,Total 4 volume 1,Total 5 volume 1,Total 6 volume 1
0,4.7566518870554744e+16,6.8758404009729464e+16,2534742031225782.5,2489019978208205.5,30191310577085.43,103607317179561.97,411900540896845.3,1.562242396108674e+16
