t(s),Total solute volume 1,Total retention volume 1,Total 1 volume 1,Total 2 volume 1,Total 3 volume 1,Total 4 volume 1,Total 5 volume 1,Total 6 volume 1
0,4.0983010737537254e+17,1.3087552379720205e+18,9.36616297076456e+16,2.6944503277455203e+17,57458935411548.56,238214845588974.16,2688717063044508.5,5.328340772704129e+17
