t(s),Total solute volume 1,Total retention volume 1,Total 1 volume 1,Total 2 volume 1,Total 3 volume 1,Total 4 volume 1,Total 5 volume 1,Total 6 volume 1
0,2.399005506587524e+17,4.903994347694671e+18,9.36616297076456e+16,1.5772427002204848e+17,560444045908421.9,3584849484172439.0,3.2603281616681044e+16,4.3759593221594634e+18
