t(s),Total solute volume 1,Total retention volume 1,Total 1 volume 1,Total 2 volume 1,Total 3 volume 1,Total 4 volume 1,Total 5 volume 1,Total 6 volume 1
0,8.70000992795148e+16,9.705480494480258e+16,2951661998355005.5,5065423436879563.0,2564978743135.949,5860304558115.375,29977714839005.08,1999217231912567.2
