t(s),Total solute volume 1,Total retention volume 1,Total 1 volume 1,Total 2 volume 1,Total 3 volume 1,Total 4 volume 1,Total 5 volume 1,Total 6 volume 1
0,5.092688738313051e+16,7.1937630258886456e+16,2951661998355005.5,2965126037401479.5,24997326383366.734,88081338376810.3,362611711181896.9,1.4618264464058016e+16
