t(s),Total solute volume 1,Total retention volume 1,Total 1 volume 1,Total 2 volume 1,Total 3 volume 1,Total 4 volume 1,Total 5 volume 1,Total 6 volume 1
0,9.85717952218855e+16,3.5514463407292346e+17,1.2878448802488326e+16,1.6122851276236812e+16,117348358412317.64,533125984261000.56,3079004432685135.0,2.2384205999695312e+17
