t(s),Total solute volume 1,Total retention volume 1,Total 1 volume 1,Total 2 volume 1,Total 3 volume 1,Total 4 volume 1,Total 5 volume 1,Total 6 volume 1
0,1.6839348350405472e+17,2.3965856559393645e+17,1.2878448802488326e+16,2.754319804435506e+16,12036845551398.959,35452999787903.04,254430376463491.44,3.054151502123661e+16
