t(s),Total solute volume 1,Total retention volume 1,Total 1 volume 1,Total 2 volume 1,Total 3 volume 1,Total 4 volume 1,Total 5 volume 1,Total 6 volume 1
0,8.591862577826981e+17,4.4501451227015163e+18,4.883330109832728e+17,1.7979335094057503e+18,347307711626669.5,1909160897474042.5,2.981452053304319e+16,1.2726213553876636e+18
