t(s),Total solute volume 1,Total retention volume 1,Total 1 volume 1,Total 2 volume 1,Total 3 volume 1,Total 4 volume 1,Total 5 volume 1,Total 6 volume 1
0,5.0293829723865024e+17,1.7528552557271972e+19,4.883330109832728e+17,1.0524643962722106e+18,3388264004757686.5,2.876826105324488e+16,3.701682391227102e+17,1.5082492088597135e+19
