t(s),Total solute volume 1,Total retention volume 1,Total 1 volume 1,Total 2 volume 1,Total 3 volume 1,Total 4 volume 1,Total 5 volume 1,Total 6 volume 1
0,6.1151907207788056e+16,8.07922361956313e+16,4439458008290587.5,4740171994361016.0,12547316921126.885,47448428397095.266,214515588468312.5,1.0186187651405898e+16
