t(s),Total solute volume 1,Total retention volume 1,Total 1 volume 1,Total 2 volume 1,Total 3 volume 1,Total 4 volume 1,Total 5 volume 1,Total 6 volume 1
0,1.0446784147997133e+17,1.1841937017654842e+17,4439458008290587.5,8097793286123659.0,1286503745039.654,3153597443673.4355,17718724894726.312,1392118576079753.2
