t(s),Total solute volume 1,Total retention volume 1,Total 1 volume 1,Total 2 volume 1,Total 3 volume 1,Total 4 volume 1,Total 5 volume 1,Total 6 volume 1
0,2.0498657939890205e+20,1.1119344215634969e+23,6.1524972335763196e+22,4.946344516545733e+22,1.119645735717976e+16,6533138060617012.0,5413191677873861.0,1.4932942490041024e+16
