t(s),Total solute volume 1,Total retention volume 1,Total 1 volume 1,Total 2 volume 1,Total 3 volume 1,Total 4 volume 1,Total 5 volume 1,Total 6 volume 1
0,1.1999214403838232e+20,1.1034911265796773e+23,6.1524972335763196e+22,4.870349495676083e+22,1.8656893542342986e+17,1.6799411043333344e+17,1.11996830065326e+17,1.8666152862645664e+17
