t(s),Total solute volume 1,Total retention volume 1,Total 1 volume 1,Total 2 volume 1,Total 3 volume 1,Total 4 volume 1,Total 5 volume 1,Total 6 volume 1
0,4.0452254584778307e+18,1.159592229787405e+20,1.547610356973599e+19,9.533228108352348e+19,1.7022841534192528e+16,1.1303033007287331e+17,2.520310971821701e+17,7.235285982143668e+17
