t(s),Total solute volume 1,Total retention volume 1,Total 1 volume 1,Total 2 volume 1,Total 3 volume 1,Total 4 volume 1,Total 5 volume 1,Total 6 volume 1
0,2.3679368537431424e+18,8.997344187772433e+19,1.5476103569735987e+19,5.584790903245229e+19,1.6825001880138784e+17,1.996772923729333e+18,5.073298360480609e+18,9.043171118781339e+18
