t(s),Total solute volume 1,Total retention volume 1,Total 1 volume 1,Total 2 volume 1,Total 3 volume 1,Total 4 volume 1,Total 5 volume 1,Total 6 volume 1
0,9.340096063528438e+16,1.0403926727204907e+17,3458157710870755.0,6076746478966877.0,1224541209403.4192,2875179915252.2896,15252971978099.443,1084049753824910.5
