t(s),Total solute volume 1,Total retention volume 1,Total 1 volume 1,Total 2 volume 1,Total 3 volume 1,Total 4 volume 1,Total 5 volume 1,Total 6 volume 1
0,5.467373305480017e+16,6.98595492081105e+16,3458157710870755.0,3557120067332162.0,11941776933486.992,43253365191281.96,184641167904670.6,7930702065078299.0
