t(s),Total solute volume 1,Total retention volume 1,Total 1 volume 1,Total 2 volume 1,Total 3 volume 1,Total 4 volume 1,Total 5 volume 1,Total 6 volume 1
0,1.001191121344553e+19,2.5541602919338874e+21,3.850111262848306e+20,2.1580146193043675e+21,2.1024395315125472e+17,3.2327489180671674e+17,2.2088090435827206e+17,3.682353819354416e+17
