t(s),Total solute volume 1,Total retention volume 1,Total 1 volume 1,Total 2 volume 1,Total 3 volume 1,Total 4 volume 1,Total 5 volume 1,Total 6 volume 1
0,1.710368165630296e+19,3.9806404994295325e+21,3.850111262848305e+20,3.5784575145069757e+21,1.5344437207092666e+16,1.270115376841419e+16,1.0677157136107414e+16,2.9454233298066256e+16
