t(s),Total solute volume 1,Total retention volume 1,Total 1 volume 1,Total 2 volume 1,Total 3 volume 1,Total 4 volume 1,Total 5 volume 1,Total 6 volume 1
0,4.7566518870554744e+16,5.599759452557104e+16,2534742031225782.5,2489019978208205.5,6364570534114.323,21851054194609.973,86848177656081.52,3292249843197828.5
