t(s),Total solute volume 1,Total retention volume 1,Total 1 volume 1,Total 2 volume 1,Total 3 volume 1,Total 4 volume 1,Total 5 volume 1,Total 6 volume 1
0,8.125946973719792e+16,8.850558652650683e+16,2534742031225782.5,4252075647885005.0,652586507962.0219,1452342559950.0374,7173755219835.728,450020425910232.56
