t(s),Total solute volume 1,Total retention volume 1,Total 1 volume 1,Total 2 volume 1,Total 3 volume 1,Total 4 volume 1,Total 5 volume 1,Total 6 volume 1
0,5.556772250990977e+17,2.524143853272381e+18,1.8471874136236307e+17,5.881523663147372e+17,137255198047185.62,639457598240040.6,8372778384162888.0,1.1864460293157268e+18
