t(s),Total solute volume 1,Total retention volume 1,Total 1 volume 1,Total 2 volume 1,Total 3 volume 1,Total 4 volume 1,Total 5 volume 1,Total 6 volume 1
0,3.2527447322874304e+17,1.2537017773944246e+19,1.8471874136236307e+17,3.4428597201944646e+17,1338801754121802.8,9625049818249032.0,1.0186981846372032e+17,1.1569904917297603e+19
