t(s),Total solute volume 1,Total retention volume 1,Total 1 volume 1,Total 2 volume 1,Total 3 volume 1,Total 4 volume 1,Total 5 volume 1,Total 6 volume 1
0,5.467373305480017e+16,9.137343323690032e+16,3458157710870755.5,3557120067332162.0,43373866633197.46,157039399119949.12,670527617607511.5,2.8813481520535684e+16
