t(s),Total solute volume 1,Total retention volume 1,Total 1 volume 1,Total 2 volume 1,Total 3 volume 1,Total 4 volume 1,Total 5 volume 1,Total 6 volume 1
0,9.340096063528438e+16,1.0694793019275621e+17,3458157710870755.0,6076746478966877.0,4452546863279.735,10454543056237.84,55461624512665.32,3941696653201686.5
