t(s),Total solute volume 1,Total retention volume 1,Total 1 volume 1,Total 2 volume 1
0,2.1328894422529733e+19,6.631132829906183e+21,6.290856345856501e+20,5.980718300898e+21
