t(s),Total solute volume 1,Total retention volume 1,Total 1 volume 1,Total 2 volume 1
0,1.2485206491236938e+19,4.3229777914555605e+21,6.290856345856501e+20,3.6814069503786557e+21
