t(s),Total solute volume 1,Total retention volume 1,Total 1 volume 1,Total 2 volume 1
0,1.2485206491236938e+19,4.322977791455916e+21,6.290856345856501e+20,3.6814069503789776e+21
