t(s),Total solute volume 1,Total retention volume 1,Total 1 volume 1,Total 2 volume 1,Total 3 volume 1,Total 4 volume 1,Total 5 volume 1,Total 6 volume 1
0,1.6043878280498112e+17,2.0597124635085686e+17,1.1560640218829554e+16,2.4329176620616796e+16,4098222939749.3794,11848178993161.797,82946662598409.02,9543753641898654.0
