t(s),Total solute volume 1,Total retention volume 1,Total 1 volume 1,Total 2 volume 1,Total 3 volume 1,Total 4 volume 1,Total 5 volume 1,Total 6 volume 1
0,9.391538505657402e+16,1.9087861982973898e+17,1.1560640218829556e+16,1.4241472081799574e+16,39971411026278.63,178273858166741.06,1004282183661090.5,6.993859501968215e+16
