t(s),Total solute volume 1,Total retention volume 1,Total 1 volume 1,Total 2 volume 1,Total 3 volume 1,Total 4 volume 1,Total 5 volume 1,Total 6 volume 1
0,3.434508319345575e+19,1.7657023461593503e+22,1.8076337742290042e+21,1.581487631351659e+22,4.7617258991052024e+16,2.9298421121653104e+16,2.431058000005137e+16,6.706439432243717e+16
