t(s),Total solute volume 1,Total retention volume 1,Total 1 volume 1,Total 2 volume 1,Total 3 volume 1,Total 4 volume 1,Total 5 volume 1,Total 6 volume 1
0,2.0104438942510703e+19,1.2467109700745967e+22,1.8076337742290045e+21,1.0636512866415753e+22,7.647407800577353e+17,7.526117109708602e+17,5.0296883261963366e+17,8.382998350476173e+17
