t(s),Total solute volume 1,Total retention volume 1,Total 1 volume 1,Total 2 volume 1,Total 3 volume 1,Total 4 volume 1,Total 5 volume 1,Total 6 volume 1
0,1.4340238840712154e+18,1.090992249438542e+19,1.531053857194819e+18,6.685981104100384e+18,1286723060168753.5,8502184991707382.0,1.2800573626599645e+17,1.1210690047010972e+18
