t(s),Total solute volume 1,Total retention volume 1,Total 1 volume 1,Total 2 volume 1,Total 3 volume 1,Total 4 volume 1,Total 5 volume 1,Total 6 volume 1
0,1.1300816793349946e+17,1.2841896666295784e+17,5290051337496820.0,9905407456456890.0,170363544895.20895,430423686297.33325,2517801155396.6416,212221347119141.1
