t(s),Total solute volume 1,Total retention volume 1,Total 1 volume 1,Total 2 volume 1,Total 3 volume 1,Total 4 volume 1,Total 5 volume 1,Total 6 volume 1
0,6.615112269277926e+16,7.883140655163637e+16,5290051337496820.0,5798287762430659.0,1662029095453.8284,6478568452822.143,30492299024292.13,1553311862356337.0
