t(s),Total solute volume 1,Total retention volume 1,Total 1 volume 1,Total 2 volume 1,Total 3 volume 1,Total 4 volume 1,Total 5 volume 1,Total 6 volume 1
0,2.445311007127456e+17,4.712712400083685e+17,2.9598370758294e+16,7.168383321791445e+16,25776191369681.71,87630788245882.14,761206277522439.4,1.245833220622707e+17
