t(s),Total solute volume 1,Total retention volume 1,Total 1 volume 1,Total 2 volume 1,Total 3 volume 1,Total 4 volume 1,Total 5 volume 1,Total 6 volume 1
0,1.194648755498281e+18,3.2797556748068622e+19,3.364073161464839e+18,9.67235389752105e+18,3.4994771880772704e+16,4.0278290595614483e+17,4.245720091820256e+18,1.388298316392717e+19
