t(s),Total solute volume 1,Total retention volume 1,Total 1 volume 1,Total 2 volume 1,Total 3 volume 1,Total 4 volume 1,Total 5 volume 1,Total 6 volume 1
0,2.0408582906428972e+18,2.332565099977976e+19,3.364073161464839e+18,1.6521366587680283e+19,3581077116875360.0,2.616781869461355e+16,2.5777038413815034e+17,1.1118336800421861e+18
