t(s),Total solute volume 1,Total retention volume 1,Total 1 volume 1,Total 2 volume 1,Total 3 volume 1,Total 4 volume 1,Total 5 volume 1,Total 6 volume 1
0,2.781149916601816e+17,7.446115024119939e+18,1.3024520054842829e+17,2.3040703518610144e+17,779597430650899.5,5277938528434676.0,5.170130196309815e+16,6.749588958803047e+18
