t(s),Total solute volume 1,Total retention volume 1,Total 1 volume 1,Total 2 volume 1,Total 3 volume 1,Total 4 volume 1,Total 5 volume 1,Total 6 volume 1
0,4.751131107528108e+17,1.7660099446965937e+18,1.3024520054842829e+17,3.9361074833054605e+17,79924719278421.47,350684438543867.7,4258625437875323.0,7.623516504691092e+17
