t(s),Total solute volume 1,Total retention volume 1,Total 1 volume 1,Total 2 volume 1,Total 3 volume 1,Total 4 volume 1,Total 5 volume 1,Total 6 volume 1
0,7.158676193942945e+17,2.952822131318562e+18,3.250257609819086e+17,1.1260624170802307e+18,136563966966880.92,700724900917682.1,1.0259549574855636e+16,7.747694954193815e+17
