t(s),Total solute volume 1,Total retention volume 1,Total 1 volume 1,Total 2 volume 1,Total 3 volume 1,Total 4 volume 1,Total 5 volume 1,Total 6 volume 1
0,4.1904446013324595e+17,1.0208211242973964e+19,3.250257609819086e+17,6.591645730832125e+17,1332287267569024.2,1.0553392740670206e+16,1.2582743165849826e+17,8.667263337108871e+18
