t(s),Total solute volume 1,Total retention volume 1,Total 1 volume 1,Total 2 volume 1,Total 3 volume 1,Total 4 volume 1,Total 5 volume 1,Total 6 volume 1
0,3.004256454956098e+17,8.086495208480977e+18,1.5471077007747866e+17,2.808180725040099e+17,828715550229895.4,5779166267265959.0,5.882335995614931e+16,7.285109478630225e+18
