t(s),Total solute volume 1,Total retention volume 1,Total 1 volume 1,Total 2 volume 1,Total 3 volume 1,Total 4 volume 1,Total 5 volume 1,Total 6 volume 1
0,4.1904446013324595e+17,2.8490245375864422e+19,3.250257609819086e+17,6.591645730832125e+17,4098305640971833.0,3.2460975593790044e+16,3.870493822490836e+17,2.666340191818217e+19
