t(s),Total solute volume 1,Total retention volume 1,Total 1 volume 1,Total 2 volume 1,Total 3 volume 1,Total 4 volume 1,Total 5 volume 1,Total 6 volume 1
0,4.1904446013324595e+17,4.601401349832455e+22,3.250257609819086e+17,6.591645730832125e+17,6.033880195159938e+18,4.03065864960304e+19,5.2891065676076004e+20,4.5437359140078325e+22
