t(s),Total solute volume 1,Total retention volume 1,Total 1 volume 1,Total 2 volume 1,Total 3 volume 1,Total 4 volume 1,Total 5 volume 1,Total 6 volume 1
0,7.158676193942945e+17,4.584965929005299e+18,3.250257609819086e+17,1.1260624170802307e+18,420190068816179.75,2156047278691226.5,3.156738510443599e+16,2.3838665090969185e+18
