t(s),Total solute volume 1,Total retention volume 1,Total 1 volume 1,Total 2 volume 1,Total 3 volume 1,Total 4 volume 1,Total 5 volume 1,Total 6 volume 1
0,5.88665732355986e+16,8.221225143961387e+16,4077840541915392.0,4299130609532137.0,19202695522635.027,71554402716135.77,317257278906163.06,1.456069267542244e+16
