t(s),Total solute volume 1,Total retention volume 1,Total 1 volume 1,Total 2 volume 1,Total 3 volume 1,Total 4 volume 1,Total 5 volume 1,Total 6 volume 1
0,1.0056372927748115e+17,1.1400922816358883e+17,4077840541915392.0,7344347682422831.0,1969335066374.0977,4757227465149.283,26211871609752.973,1990372227628285.8
