t(s),Total solute volume 1,Total retention volume 1,Total 1 volume 1,Total 2 volume 1,Total 3 volume 1,Total 4 volume 1,Total 5 volume 1,Total 6 volume 1
0,6.768171426953814e+17,2.3519121058014216e+19,9.470815640223639e+17,2.2534875290841032e+18,8963657010203815.0,8.507016966373238e+16,1.1879388272277015e+18,1.835976216831071e+19
