t(s),Total solute volume 1,Total retention volume 1,Total 1 volume 1,Total 2 volume 1,Total 3 volume 1,Total 4 volume 1,Total 5 volume 1,Total 6 volume 1
0,1.1562292854379274e+18,7.540614267029006e+18,9.470815640223638e+17,3.849586369903471e+18,918639987980339.5,5633249090796515.0,9.136440672448384e+16,1.4898007518620076e+18
