t(s),Total solute volume 1,Total retention volume 1,Total 1 volume 1,Total 2 volume 1,Total 3 volume 1,Total 4 volume 1,Total 5 volume 1,Total 6 volume 1
0,2.5932953168279194e+17,6.095785439333851e+17,3.3743667340789536e+16,8.333962927494267e+16,43539636114194.19,151402992026496.16,1355235477860753.8,2.316155375288568e+17
