t(s),Total solute volume 1,Total retention volume 1,Total 1 volume 1,Total 2 volume 1,Total 3 volume 1,Total 4 volume 1,Total 5 volume 1,Total 6 volume 1
0,1.5180265269236467e+17,1.975255944267337e+18,3.3743667340789536e+16,4.87842065642926e+16,424469495231854.4,2276742982754810.0,1.6403777305398558e+16,1.7218204278865185e+18
