t(s),Total solute volume 1,Total retention volume 1,Total 1 volume 1,Total 2 volume 1,Total 3 volume 1,Total 4 volume 1,Total 5 volume 1,Total 6 volume 1
0,9.391538505657402e+16,3.395645789815367e+17,1.1560640218829556e+16,1.4241472081799574e+16,123470160948586.17,550564657021454.6,3101915781238885.5,2.160711310251253e+17
