t(s),Total solute volume 1,Total retention volume 1,Total 1 volume 1,Total 2 volume 1,Total 3 volume 1,Total 4 volume 1,Total 5 volume 1,Total 6 volume 1
0,1.6043878280498112e+17,2.2613191431051712e+17,1.1560640218829554e+16,2.4329176620616796e+16,12666728667153.855,36620405735332.58,256371314596039.84,2.9497656217089084e+16
