t(s),Total solute volume 1,Total retention volume 1,Total 1 volume 1,Total 2 volume 1,Total 3 volume 1,Total 4 volume 1,Total 5 volume 1,Total 6 volume 1
0,2.641240568788231e+18,4.1872878414439285e+19,5.979897840391367e+18,3.199484310387922e+19,6338154349373700.0,4.788897732028155e+16,2.7736327114017043e+17,9.253064985705663e+17
