t(s),Total solute volume 1,Total retention volume 1,Total 1 volume 1,Total 2 volume 1,Total 3 volume 1,Total 4 volume 1,Total 5 volume 1,Total 6 volume 1
0,1.5460920402662884e+18,4.375161936954709e+19,5.979897840391367e+18,1.873360234042119e+19,6.206352987990697e+16,7.578839035079455e+17,5.11003871854195e+18,1.1562040996538395e+19
