t(s),Total solute volume 1,Total retention volume 1,Total 1 volume 1,Total 2 volume 1,Total 3 volume 1,Total 4 volume 1,Total 5 volume 1,Total 6 volume 1
0,5.132271443883372e+17,1.426719518901429e+18,1.5471077007747866e+17,4.797289871713226e+17,29985032038231.008,135512401124760.5,1708467435439505.5,2.7717865239568458e+17
