t(s),Total solute volume 1,Total retention volume 1,Total 1 volume 1,Total 2 volume 1,Total 3 volume 1,Total 4 volume 1,Total 5 volume 1,Total 6 volume 1
0,3.004256454956098e+17,3.330520785040219e+18,1.5471077007747866e+17,2.8081807250400986e+17,292526209061833.06,2040063180727070.8,2.0764290510715664e+16,2.571469417062606e+18
