t(s),Total solute volume 1,Total retention volume 1,Total 1 volume 1,Total 2 volume 1,Total 3 volume 1,Total 4 volume 1,Total 5 volume 1,Total 6 volume 1
0,1.806632037606207e+18,1.7833606089953649e+19,2.563088576888768e+18,1.2087386361672243e+19,2565733494114164.0,1.81928810074866e+16,2.1727066991562083e+17,1.1384698293692358e+18
