t(s),Total solute volume 1,Total retention volume 1,Total 1 volume 1,Total 2 volume 1,Total 3 volume 1,Total 4 volume 1,Total 5 volume 1,Total 6 volume 1
0,8.405294887353384e+16,9.247499731310163e+16,2733248773475387.0,4637024230775944.0,1407454065754.8452,3173308866054.9326,15948380163013.14,1031246292221733.2
