t(s),Total solute volume 1,Total retention volume 1,Total 1 volume 1,Total 2 volume 1,Total 3 volume 1,Total 4 volume 1,Total 5 volume 1,Total 6 volume 1
0,4.920172616987362e+16,6.2446477507260056e+16,2733248773475387.0,2714355750467661.0,13722304833515.059,47722870108150.6,193006178880551.7,7542695459621217.0
