t(s),Total solute volume 1,Total retention volume 1,Total 1 volume 1,Total 2 volume 1,Total 3 volume 1,Total 4 volume 1,Total 5 volume 1,Total 6 volume 1
0,2.7544357765683786e+17,6.09329114515943e+17,3.860071170759496e+16,9.72705519510043e+16,33624206732575.395,119664467323582.25,1104602267495083.9,1.967563822589542e+17
