t(s),Total solute volume 1,Total retention volume 1,Total 1 volume 1,Total 2 volume 1,Total 3 volume 1,Total 4 volume 1,Total 5 volume 1,Total 6 volume 1
0,1.612352649698545e+17,1.7428608102790423e+18,3.860071170759496e+16,5.693890508297374e+16,327888236713504.1,1800114249539178.5,1.337500332278942e+16,1.4705829227095747e+18
