t(s),Total solute volume 1,Total retention volume 1,Total 1 volume 1,Total 2 volume 1,Total 3 volume 1,Total 4 volume 1,Total 5 volume 1,Total 6 volume 1
0,5.67102642256257e+16,7.726310275819533e+16,3752113566455123.5,3906825519925697.5,17667209076052.348,64894278919826.39,282274814439950.0,1.2529063143754012e+16
