t(s),Total solute volume 1,Total retention volume 1,Total 1 volume 1,Total 2 volume 1,Total 3 volume 1,Total 4 volume 1,Total 5 volume 1,Total 6 volume 1
0,2.600924566469286e+19,2.0413884675333087e+22,3.1834588077439205e+21,1.7201685979806866e+22,7.56086745840696e+17,7.103646952646979e+17,4.740685054698416e+17,7.901221711010926e+17
