t(s),Total solute volume 1,Total retention volume 1,Total 1 volume 1,Total 2 volume 1,Total 3 volume 1,Total 4 volume 1,Total 5 volume 1,Total 6 volume 1
0,4.443246134384989e+19,2.69092776540088e+22,3.1834588077439205e+21,2.3681226433136985e+22,4.619052243347747e+16,2.7637542708106044e+16,2.291358305839487e+16,6.32101356507414e+16
