t(s),Total solute volume 1,Total retention volume 1,Total 1 volume 1,Total 2 volume 1,Total 3 volume 1,Total 4 volume 1,Total 5 volume 1,Total 6 volume 1
0,6.768171426953814e+17,2.482835217811533e+19,9.470815640223639e+17,2.2534875290841032e+18,9561106668578032.0,9.0739898185441e+16,1.2671154903005107e+18,1.9583549447158927e+19
