t(s),Total solute volume 1,Total retention volume 1,Total 1 volume 1,Total 2 volume 1,Total 3 volume 1,Total 4 volume 1,Total 5 volume 1,Total 6 volume 1
0,1.0446784147997133e+17,1.1873364561789282e+17,4439458008290587.5,8097793286123659.0,1572386042312.172,3854381465922.258,21656126654234.426,1701469949345818.5
