t(s),Total solute volume 1,Total retention volume 1,Total 1 volume 1,Total 2 volume 1,Total 3 volume 1,Total 4 volume 1,Total 5 volume 1,Total 6 volume 1
0,6.1151907207788056e+16,8.311610721893067e+16,4439458008290587.5,4740171994361016.0,15334466771541.578,57986751054998.3,262163447318492.72,1.2449085343346028e+16
