t(s),Total solute volume 1,Total retention volume 1,Total 1 volume 1,Total 2 volume 1,Total 3 volume 1,Total 4 volume 1,Total 5 volume 1,Total 6 volume 1
0,1.194648755498281e+18,3.5047723160291488e+19,3.364073161464839e+18,9.67235389752105e+18,3.923586579439524e+16,4.515943655148687e+17,4.760256483408806e+18,1.556556063108911e+19
