t(s),Total solute volume 1,Total retention volume 1,Total 1 volume 1,Total 2 volume 1,Total 3 volume 1,Total 4 volume 1,Total 5 volume 1,Total 6 volume 1
0,2.0408582906428972e+18,2.3495267764275597e+19,3.364073161464839e+18,1.6521366587680283e+19,4015142554955506.5,2.9339647566099708e+16,2.8901498462699334e+17,1.2465999497395889e+18
