t(s),Total solute volume 1,Total retention volume 1,Total 1 volume 1,Total 2 volume 1,Total 3 volume 1,Total 4 volume 1,Total 5 volume 1,Total 6 volume 1
0,1.5180265269236467e+17,1.4531938570443758e+18,3.3743667340789536e+16,4.87842065642926e+16,297197928628723.7,1594216445325453.8,1.1485696147714912e+16,1.2054862199252692e+18
