t(s),Total solute volume 1,Total retention volume 1,Total 1 volume 1,Total 2 volume 1,Total 3 volume 1,Total 4 volume 1,Total 5 volume 1,Total 6 volume 1
0,6.615112269277926e+16,1.1701238530386754e+17,5290051337496820.0,5798287762430659.0,41515620474327.8,161781447253373.3,761573307489461.4,3.88080531359427e+16
