t(s),Total solute volume 1,Total retention volume 1,Total 1 volume 1,Total 2 volume 1,Total 3 volume 1,Total 4 volume 1,Total 5 volume 1,Total 6 volume 1
0,7.158676193942945e+17,2.2274074997660902e+18,3.250257609819086e+17,1.1260624170802307e+18,10504995566770.926,53902241456247.78,789201229486561.1,5.95980938431427e+16
