t(s),Total solute volume 1,Total retention volume 1,Total 1 volume 1,Total 2 volume 1,Total 3 volume 1,Total 4 volume 1,Total 5 volume 1,Total 6 volume 1
0,4.1904446013324595e+17,2.0805987427208735e+18,3.250257609819086e+17,6.591645730832125e+17,102495193509135.92,811921746666591.0,9680277567890420.0,6.667692540144538e+17
