t(s),Total solute volume 1,Total retention volume 1,Total 1 volume 1,Total 2 volume 1,Total 3 volume 1,Total 4 volume 1,Total 5 volume 1,Total 6 volume 1
0,1.0357694112375635e+17,2.0324817742964074e+17,1.4382961689890436e+16,1.830613831100575e+16,31656403246870.168,146613164136378.9,868417486413207.4,6.593544925119107e+16
