t(s),Total solute volume 1,Total retention volume 1,Total 1 volume 1,Total 2 volume 1,Total 3 volume 1,Total 4 volume 1,Total 5 volume 1,Total 6 volume 1
0,5.092688738313051e+16,6.020018295791811e+16,2951661998355005.5,2965126037401479.5,5559916988835.331,19596956356761.48,80662326923573.12,3250688338761600.5
