t(s),Total solute volume 1,Total retention volume 1,Total 1 volume 1,Total 2 volume 1,Total 3 volume 1,Total 4 volume 1,Total 5 volume 1,Total 6 volume 1
0,8.70000992795148e+16,9.547001561884925e+16,2951661998355005.5,5065423436879563.0,570027488415.947,1302352221452.582,6662055588479.989,444296468801794.44
