t(s),Total solute volume 1,Total retention volume 1,Total 1 volume 1,Total 2 volume 1,Total 3 volume 1,Total 4 volume 1,Total 5 volume 1,Total 6 volume 1
0,5.483142302296937e+18,5.851805002374927e+20,1.00671705467033e+20,4.7686637777748827e+20,1.5637132200426733e+17,6.443217787131338e+17,5.0859148583337165e+17,8.499901041272878e+17
