t(s),Total solute volume 1,Total retention volume 1,Total 1 volume 1,Total 2 volume 1,Total 3 volume 1,Total 4 volume 1,Total 5 volume 1,Total 6 volume 1
0,9.367034766423861e+18,9.194145803298493e+20,1.00671705467033e+20,8.09242238822048e+20,1.4180335595201936e+16,2.6810719188810496e+16,2.4610176582522104e+16,6.800004297865054e+16
