t(s),Total solute volume 1,Total retention volume 1,Total 1 volume 1,Total 2 volume 1,Total 3 volume 1,Total 4 volume 1,Total 5 volume 1,Total 6 volume 1
0,5.831083637207589e+19,3.810643846794421e+22,5.744900751039818e+21,3.230313354759354e+22,2.7224856370219348e+16,1.6064938038707526e+16,1.3314217669362036e+16,3.672892710327559e+16
