t(s),Total solute volume 1,Total retention volume 1,Total 1 volume 1,Total 2 volume 1,Total 3 volume 1,Total 4 volume 1,Total 5 volume 1,Total 6 volume 1
0,3.4133172510483444e+19,3.1501084520141533e+22,5.744900751039818e+21,2.57204529767919e+22,4.5002129008097766e+17,4.1302359435958835e+17,2.754648538207489e+17,4.591100612237901e+17
