t(s),Total solute volume 1,Total retention volume 1,Total 1 volume 1,Total 2 volume 1
0,9.340096063528438e+16,1.029358648251225e+17,3458157710870755.0,6076746478966877.0
