t(s),Total solute volume 1,Total retention volume 1,Total 1 volume 1,Total 2 volume 1
0,5.467373305480017e+16,6.168901083300297e+16,3458157710870755.5,3557120067332162.0
