t(s),Total solute volume 1,Total retention volume 1,Total 1 volume 1,Total 2 volume 1,Total 3 volume 1,Total 4 volume 1,Total 5 volume 1,Total 6 volume 1
0,1.8614795258035258e+17,2.6959145641578403e+17,1.6105550931134632e+16,3.561535913744106e+16,10383724963764.482,31785847166889.746,240133442220156.56,3.144029075250307e+16
