t(s),Total solute volume 1,Total retention volume 1,Total 1 volume 1,Total 2 volume 1,Total 3 volume 1,Total 4 volume 1,Total 5 volume 1,Total 6 volume 1
0,1.0896465516898744e+17,3.8018037993422995e+17,1.6105550931134632e+16,2.0848021191923476e+16,101258032025794.39,478150568294094.0,2906922135227467.0,2.307758219066361e+17
