t(s),Total solute volume 1,Total retention volume 1,Total 1 volume 1,Total 2 volume 1,Total 3 volume 1,Total 4 volume 1,Total 5 volume 1,Total 6 volume 1
0,4.1904446013324595e+17,1.0885449384194267e+19,3.250257609819086e+17,6.591645730832125e+17,1434757421383692.5,1.1365049516289376e+16,1.3550501330787592e+17,9.333909769750364e+18
