t(s),Total solute volume 1,Total retention volume 1,Total 1 volume 1,Total 2 volume 1,Total 3 volume 1,Total 4 volume 1,Total 5 volume 1,Total 6 volume 1
0,7.158676193942945e+17,3.0132728676112896e+18,3.250257609819086e+17,1.1260624170802307e+18,147068799967473.47,754626436040837.2,1.1048739736305624e+16,8.343666351825386e+17
