t(s),Total solute volume 1,Total retention volume 1,Total 1 volume 1,Total 2 volume 1,Total 3 volume 1,Total 4 volume 1,Total 5 volume 1,Total 6 volume 1
0,8.591862577826981e+17,4.3315380055431905e+18,4.883330109832728e+17,1.7979335094057503e+18,315734613115600.7,1735602351108929.2,2.7104135234334948e+16,1.1569297551729196e+18
