t(s),Total solute volume 1,Total retention volume 1,Total 1 volume 1,Total 2 volume 1,Total 3 volume 1,Total 4 volume 1,Total 5 volume 1,Total 6 volume 1
0,5.0293829723865024e+17,1.6121019380316033e+19,4.883330109832728e+17,1.0524643962722106e+18,3080290801383158.5,2.615354074577469e+16,3.365229074009507e+17,1.3711526936873804e+19
