t(s),Total solute volume 1,Total retention volume 1,Total 1 volume 1,Total 2 volume 1,Total 3 volume 1,Total 4 volume 1,Total 5 volume 1,Total 6 volume 1
0,3.004256454956098e+17,2.898112601866751e+18,1.5471077007747866e+17,2.8081807250400986e+17,243774747952649.2,1700079734520469.0,1.730381066425749e+16,2.1429104486429184e+18
