t(s),Total solute volume 1,Total retention volume 1,Total 1 volume 1,Total 2 volume 1,Total 3 volume 1,Total 4 volume 1,Total 5 volume 1,Total 6 volume 1
0,5.132271443883372e+17,1.380210930903421e+18,1.5471077007747862e+17,4.797289871713226e+17,24987545571984.418,112927073163354.11,1423723837411172.8,2.3098239081013392e+17
