t(s),Total solute volume 1,Total retention volume 1,Total 1 volume 1,Total 2 volume 1,Total 3 volume 1,Total 4 volume 1,Total 5 volume 1,Total 6 volume 1
0,1.3965732313027035e+17,1.8128756744109286e+17,8483748054658170.0,1.7047137375161364e+16,8746154670510.06,23972103418616.707,156305113373161.5,1.5910335509538544e+16
