t(s),Total solute volume 1,Total retention volume 1,Total 1 volume 1,Total 2 volume 1,Total 3 volume 1,Total 4 volume 1,Total 5 volume 1,Total 6 volume 1
0,8.175062817381762e+16,2.189937114298724e+17,8483748054658170.0,9978813516605722.0,85251025878483.17,360387801622091.25,1891076322961694.0,1.1644380653432832e+17
