t(s),Total solute volume 1,Total retention volume 1,Total 1 volume 1,Total 2 volume 1,Total 3 volume 1,Total 4 volume 1,Total 5 volume 1,Total 6 volume 1
0,1.4340238840712154e+18,1.1248843190986699e+19,1.531053857194819e+18,6.685981104100381e+18,1633144361530801.8,1.0791211644802556e+16,1.6246844605032656e+17,1.4228915435635827e+18
