t(s),Total solute volume 1,Total retention volume 1,Total 1 volume 1,Total 2 volume 1,Total 3 volume 1,Total 4 volume 1,Total 5 volume 1,Total 6 volume 1
0,7.82153398870977e+16,1.0725977694354042e+17,7687035129498279.0,8909437720794750.0,9662905103973.188,40171409598325.836,206034843600254.88,1.2192095047847572e+16
