t(s),Total solute volume 1,Total retention volume 1,Total 1 volume 1,Total 2 volume 1,Total 3 volume 1,Total 4 volume 1,Total 5 volume 1,Total 6 volume 1
0,1.3361787230712443e+17,1.5821105431310112e+17,7687035129498279.0,1.522028754057002e+16,990563179626.6063,2669215752753.8193,17014136494597.291,1665185420481596.0
