t(s),Total solute volume 1,Total retention volume 1,Total 1 volume 1,Total 2 volume 1,Total 3 volume 1,Total 4 volume 1,Total 5 volume 1,Total 6 volume 1
0,1.0575407049402066e+18,3.2602774697356603e+19,2.563088576888768e+18,7.076244436375885e+18,3.071665251820204e+16,3.4074793143864736e+17,4.122626598857397e+18,1.7411809796337447e+19
