t(s),Total solute volume 1,Total retention volume 1,Total 1 volume 1,Total 2 volume 1,Total 3 volume 1,Total 4 volume 1,Total 5 volume 1,Total 6 volume 1
0,1.806632037606207e+18,1.8144424805287502e+19,2.563088576888768e+18,1.2087386361672243e+19,3145085915982601.5,2.230091035840758e+16,2.663312705906491e+17,1.3955405622552758e+18
