t(s),Total solute volume 1,Total retention volume 1,Total 1 volume 1,Total 2 volume 1,Total 3 volume 1,Total 4 volume 1,Total 5 volume 1,Total 6 volume 1
0,9.455042984468884e+17,5.687910660907119e+18,6.045923551720417e+17,2.298131816040415e+18,625495986973617.8,3563485318011757.5,5.7005533402318184e+16,1.778487676540458e+18
