t(s),Total solute volume 1,Total retention volume 1,Total 1 volume 1,Total 2 volume 1,Total 3 volume 1,Total 4 volume 1,Total 5 volume 1,Total 6 volume 1
0,5.5346593079818586e+17,2.4740136231665304e+19,6.045923551720415e+17,1.3452732373157307e+18,6102118419321075.0,5.371845252857464e+16,7.151084754747899e+17,2.1461875661956665e+19
