t(s),Total solute volume 1,Total retention volume 1,Total 1 volume 1,Total 2 volume 1,Total 3 volume 1,Total 4 volume 1,Total 5 volume 1,Total 6 volume 1
0,4.7566518870554744e+16,6.408248408077496e+16,2534742031225782.5,2489019978208205.5,21462236883449.28,73663917741154.39,292829705269947.6,1.1104247340892026e+16
