t(s),Total solute volume 1,Total retention volume 1,Total 1 volume 1,Total 2 volume 1,Total 3 volume 1,Total 4 volume 1,Total 5 volume 1,Total 6 volume 1
0,2.445311007127456e+17,5.037959036057609e+17,2.9598370758294e+16,7.168383321791445e+16,32458615878255.906,110349041546082.44,958548244495083.9,1.5688124301488653e+17
