t(s),Total solute volume 1,Total retention volume 1,Total 1 volume 1,Total 2 volume 1,Total 3 volume 1,Total 4 volume 1,Total 5 volume 1,Total 6 volume 1
0,4.0983010737537254e+17,1.7881559315710205e+18,9.36616297076456e+16,2.6944503277455203e+17,108867919660229.06,451348679268982.4,5094341637864447.0,1.0095646034766435e+18
