t(s),Total solute volume 1,Total retention volume 1,Total 1 volume 1,Total 2 volume 1,Total 3 volume 1,Total 4 volume 1,Total 5 volume 1,Total 6 volume 1
0,1.3517038836082043e+17,4.4576018981226944e+17,2.6047523684028044e+16,3.622882322688759e+16,73748896230870.25,378380677894582.44,2568721318791386.5,2.4529260364761184e+17
