t(s),Total solute volume 1,Total retention volume 1,Total 1 volume 1,Total 2 volume 1,Total 3 volume 1,Total 4 volume 1,Total 5 volume 1,Total 6 volume 1
0,7.801667161565198e+18,5.849125385223466e+20,6.696388307350977e+19,5.094009276905077e+20,5.508949251365511e+16,1.458024318591751e+17,1.446986262771168e+17,4.004700461143029e+17
