t(s),Total solute volume 1,Total retention volume 1,Total 1 volume 1,Total 2 volume 1,Total 3 volume 1,Total 4 volume 1,Total 5 volume 1,Total 6 volume 1
0,2.0426316755341617e+18,6.554221554515431e+19,1.1130180818752053e+19,3.82466985051091e+19,1.0089023930759803e+17,1.242312774983939e+18,4.4511484303488404e+18,8.32835310111813e+18
