t(s),Total solute volume 1,Total retention volume 1,Total 1 volume 1,Total 2 volume 1,Total 3 volume 1,Total 4 volume 1,Total 5 volume 1,Total 6 volume 1
0,3.489495779037574e+18,8.08986726414725e+19,1.1130180818752053e+19,6.530313094388768e+19,1.0254124691244738e+16,7.38712564571378e+16,2.2538015295240605e+17,6.663595656940666e+17
