t(s),Total solute volume 1,Total retention volume 1,Total 1 volume 1,Total 2 volume 1,Total 3 volume 1,Total 4 volume 1,Total 5 volume 1,Total 6 volume 1
0,7.49048861694545e+16,1.7094488534371686e+17,6980090150537523.0,7974287186130815.0,67935003281608.1,277684717095211.8,1393220621834927.8,7.934678149538133e+16
