t(s),Total solute volume 1,Total retention volume 1,Total 1 volume 1,Total 2 volume 1,Total 3 volume 1,Total 4 volume 1,Total 5 volume 1,Total 6 volume 1
0,1.2796251387281995e+17,1.5955103939200675e+17,6980090150537523.0,1.3622739088267018e+16,6969851826656.613,18471631916812.992,115159904422316.95,1.084509489221835e+16
