t(s),Total solute volume 1,Total retention volume 1,Total 1 volume 1,Total 2 volume 1,Total 3 volume 1,Total 4 volume 1,Total 5 volume 1,Total 6 volume 1
0,6.1151907207788056e+16,9.589266395643616e+16,4439458008290587.5,4740171994361016.0,30656368843598.21,115910045215122.34,524082038721079.5,2.4890478293216292e+16
