t(s),Total solute volume 1,Total retention volume 1,Total 1 volume 1,Total 2 volume 1,Total 3 volume 1,Total 4 volume 1,Total 5 volume 1,Total 6 volume 1
0,7.158676193942945e+17,4.222271988631106e+18,3.250257609819086e+17,1.1260624170802307e+18,357162833972772.06,1832645728737680.5,2.6832364177805156e+16,2.026294018434153e+18
