t(s),Total solute volume 1,Total retention volume 1,Total 1 volume 1,Total 2 volume 1,Total 3 volume 1,Total 4 volume 1,Total 5 volume 1,Total 6 volume 1
0,4.1904446013324595e+17,2.442818051709714e+19,3.250257609819086e+17,6.591645730832125e+17,3483756162308881.0,2.759390687577351e+16,3.2901311549852294e+17,2.266485494436216e+19
