t(s),Total solute volume 1,Total retention volume 1,Total 1 volume 1,Total 2 volume 1,Total 3 volume 1,Total 4 volume 1,Total 5 volume 1,Total 6 volume 1
0,6.768171426953814e+17,2.417374001800011e+19,9.470815640223638e+17,2.2534875290841032e+18,9262383830786240.0,8.79050591695305e+16,1.2275274596109596e+18,1.8971658879587e+19
