t(s),Total solute volume 1,Total retention volume 1,Total 1 volume 1,Total 2 volume 1,Total 3 volume 1,Total 4 volume 1,Total 5 volume 1,Total 6 volume 1
0,1.2852690019555497e+18,8.039739176429219e+18,1.1991975012111887e+18,5.049221861376426e+18,387702008054836.56,2468081809010085.5,3.915263458109605e+16,4.6404239348784794e+17
