t(s),Total solute volume 1,Total retention volume 1,Total 1 volume 1,Total 2 volume 1,Total 3 volume 1,Total 4 volume 1,Total 5 volume 1,Total 6 volume 1
0,7.523525865105635e+17,1.1223096718429995e+19,1.1991975012111887e+18,2.955764414391274e+18,3783966092193611.0,3.733316346628358e+16,5.241094135283162e+17,5.750555673230167e+18
