t(s),Total solute volume 1,Total retention volume 1,Total 1 volume 1,Total 2 volume 1,Total 3 volume 1,Total 4 volume 1,Total 5 volume 1,Total 6 volume 1
0,1.1477277462414928e+17,5.312393679323636e+17,1.8083672627208548e+16,2.3817359628092044e+16,147800517363263.72,711977960035172.4,4445315677159637.5,3.692604668983535e+17
