t(s),Total solute volume 1,Total retention volume 1,Total 1 volume 1,Total 2 volume 1,Total 3 volume 1,Total 4 volume 1,Total 5 volume 1,Total 6 volume 1
0,1.9607015664959024e+17,3.055344019303814e+17,1.8083672627208548e+16,4.068797579280357e+16,15158288116767.143,47337388019918.055,367259736948667.75,5.0262841447697624e+16
