t(s),Total solute volume 1,Total retention volume 1,Total 1 volume 1,Total 2 volume 1,Total 3 volume 1,Total 4 volume 1,Total 5 volume 1,Total 6 volume 1
0,2.641240568788231e+18,4.202522824133341e+19,5.979897840391367e+18,3.199484310387922e+19,7106408837908382.0,5.369365933134012e+16,3.1098279806443264e+17,1.0374638620407871e+18
