t(s),Total solute volume 1,Total retention volume 1,Total 1 volume 1,Total 2 volume 1,Total 3 volume 1,Total 4 volume 1,Total 5 volume 1,Total 6 volume 1
0,1.5460920402662884e+18,4.5871606581486264e+19,5.979897840391367e+18,1.873360234042119e+19,6.958535476855815e+16,8.497318621315828e+17,5.729340935575176e+18,1.2963356207932072e+19
