t(s),Total solute volume 1,Total retention volume 1,Total 1 volume 1,Total 2 volume 1,Total 3 volume 1,Total 4 volume 1,Total 5 volume 1,Total 6 volume 1
0,9.340096063528438e+16,1.0524290594457403e+17,3458157710870754.5,6076746478966877.0,2560325763980.4756,6011583583063.175,31891690698427.023,2266577519407566.5
