t(s),Total solute volume 1,Total retention volume 1,Total 1 volume 1,Total 2 volume 1,Total 3 volume 1,Total 4 volume 1,Total 5 volume 1,Total 6 volume 1
0,1.1999214403838232e+20,1.1035052796185148e+23,6.1524972335763196e+22,4.870349495676083e+22,5.90799113696368e+17,5.319783241655826e+17,3.546549073304009e+17,5.910929433672891e+17
