t(s),Total solute volume 1,Total retention volume 1,Total 1 volume 1,Total 2 volume 1,Total 3 volume 1,Total 4 volume 1,Total 5 volume 1,Total 6 volume 1
0,9.402531052744658e+17,2.1758267347737645e+19,1.9718743661304886e+18,5.234982861726286e+18,1.4307980167087038e+16,1.5270298198470925e+17,2.0152682446631951e+18,1.1428877807791448e+19
