t(s),Total solute volume 1,Total retention volume 1,Total 1 volume 1,Total 2 volume 1,Total 3 volume 1,Total 4 volume 1,Total 5 volume 1,Total 6 volume 1
0,1.6062657215105326e+18,1.3587160658055653e+19,1.9718743661304888e+18,8.94244010427008e+18,1465444357474554.8,1.0041594163334348e+16,1.3791869772982971e+17,9.17154729893989e+17
