t(s),Total solute volume 1,Total retention volume 1,Total 1 volume 1,Total 2 volume 1,Total 3 volume 1,Total 4 volume 1,Total 5 volume 1,Total 6 volume 1
0,6.357639040862142e+16,8.587605349687066e+16,4841705944743442.0,5237103708245424.0,13685414028137.555,52532096205347.77,242281192074020.47,1.191235473295316e+16
