t(s),Total solute volume 1,Total retention volume 1,Total 1 volume 1,Total 2 volume 1,Total 3 volume 1,Total 4 volume 1,Total 5 volume 1,Total 6 volume 1
0,1.0860966694806053e+17,1.2405094179295858e+17,4841705944743442.0,8946718178722158.0,1403183174334.365,3491434966501.11,20011904651138.344,1627944198640943.8
