t(s),Total solute volume 1,Total retention volume 1,Total 1 volume 1,Total 2 volume 1,Total 3 volume 1,Total 4 volume 1,Total 5 volume 1,Total 6 volume 1
0,2.3679368537431424e+18,8.34611976549034e+19,1.5476103569735987e+19,5.584790903245229e+19,1.0095385551443818e+17,1.1981247024729423e+18,3.0441111599938166e+18,5.426058480990479e+18
