t(s),Total solute volume 1,Total retention volume 1,Total 1 volume 1,Total 2 volume 1,Total 3 volume 1,Total 4 volume 1,Total 5 volume 1,Total 6 volume 1
0,4.0452254584778307e+18,1.1551697940934543e+20,1.5476103569735987e+19,9.533228108352348e+19,1.0213729554932434e+16,6.781833655115864e+16,1.5121898884081162e+17,4.341182426615114e+17
