t(s),Total solute volume 1,Total retention volume 1,Total 1 volume 1,Total 2 volume 1,Total 3 volume 1,Total 4 volume 1,Total 5 volume 1,Total 6 volume 1
0,3.122399397307938e+17,9.288186871805684e+17,5.1059153534519e+16,1.3415637957682182e+17,60964114295608.664,227676736307308.53,2240199785149668.5,4.288343737026841e+17
