t(s),Total solute volume 1,Total retention volume 1,Total 1 volume 1,Total 2 volume 1,Total 3 volume 1,Total 4 volume 1,Total 5 volume 1,Total 6 volume 1
0,1.827745988668061e+17,3.6009765212741207e+18,5.1059153534519e+16,7.853065002362187e+16,594425387993049.2,3424439538338250.0,2.7127136310698004e+16,3.257466117612114e+18
