t(s),Total solute volume 1,Total retention volume 1,Total 1 volume 1,Total 2 volume 1,Total 3 volume 1,Total 4 volume 1,Total 5 volume 1,Total 6 volume 1
0,4.0983010737537254e+17,1.6753571134070295e+18,9.36616297076456e+16,2.6944503277455203e+17,96771827599310.61,401200031757742.44,4528318243070136.0,8.973940534470424e+17
