t(s),Total solute volume 1,Total retention volume 1,Total 1 volume 1,Total 2 volume 1,Total 3 volume 1,Total 4 volume 1,Total 5 volume 1,Total 6 volume 1
0,2.399005506587524e+17,7.922190776389509e+18,9.36616297076456e+16,1.5772427002204848e+17,943733922367501.0,6036173048807513.0,5.489939471134609e+16,7.369025024318558e+18
