t(s),Total solute volume 1,Total retention volume 1,Total 1 volume 1,Total 2 volume 1,Total 3 volume 1,Total 4 volume 1,Total 5 volume 1,Total 6 volume 1
0,1.3965732313027035e+17,1.6569134441970182e+17,8483748054658170.0,1.7047137375161364e+16,273333582055.19638,749165943237.8344,4884797953060.872,497228562133109.3
