t(s),Total solute volume 1,Total retention volume 1,Total 1 volume 1,Total 2 volume 1,Total 3 volume 1,Total 4 volume 1,Total 5 volume 1,Total 6 volume 1
0,8.175062817381762e+16,1.0392773620127642e+17,8483748054658170.0,9978813516605722.0,2666595213774.06,11276241118584.875,59159371362533.39,3641444248500388.0
