t(s),Total solute volume 1,Total retention volume 1,Total 1 volume 1,Total 2 volume 1,Total 3 volume 1,Total 4 volume 1,Total 5 volume 1,Total 6 volume 1
0,1.2485206491236938e+19,4.3328102841051146e+21,6.290856345856501e+20,3.681406950378977e+21,2.202246668956227e+18,2.725905005578591e+18,1.838979533857379e+18,3.065361440849886e+18
