t(s),Total solute volume 1,Total retention volume 1,Total 1 volume 1,Total 2 volume 1,Total 3 volume 1,Total 4 volume 1,Total 5 volume 1,Total 6 volume 1
0,2.1328894422529733e+19,6.631723113554815e+21,6.290856345856501e+20,5.980718300898828e+21,1.4960455613592067e+17,1.0653808771112946e+17,8.889140112810018e+16,2.4524960283901587e+17
