t(s),Total solute volume 1,Total retention volume 1,Total 1 volume 1,Total 2 volume 1,Total 3 volume 1,Total 4 volume 1,Total 5 volume 1,Total 6 volume 1
0,1.001191121344553e+19,2.5597733313583964e+21,3.850111262848306e+20,2.1580146193043675e+21,1.2614392712141235e+18,1.9395991317201953e+18,1.325256145818387e+18,2.2093800070106312e+18
