t(s),Total solute volume 1,Total retention volume 1,Total 1 volume 1,Total 2 volume 1,Total 3 volume 1,Total 4 volume 1,Total 5 volume 1,Total 6 volume 1
0,1.710368165630296e+19,3.9809814119149795e+21,3.850111262848306e+20,3.578457514507153e+21,9.206651023641491e+16,7.62068434493894e+16,6.406287523136643e+16,1.767532377663449e+17
