t(s),Total solute volume 1,Total retention volume 1,Total 1 volume 1,Total 2 volume 1,Total 3 volume 1,Total 4 volume 1,Total 5 volume 1,Total 6 volume 1
0,1.3517038836082043e+17,1.162707858572912e+18,2.6047523684028044e+16,3.622882322688759e+16,286643848940788.8,1470401726563970.5,9983222007884030.0,9.535208557177953e+17
