t(s),Total solute volume 1,Total retention volume 1,Total 1 volume 1,Total 2 volume 1,Total 3 volume 1,Total 4 volume 1,Total 5 volume 1,Total 6 volume 1
0,2.3091608011640064e+17,4.489449312510087e+17,2.6047523684028044e+16,6.18908749437171e+16,29401256904854.96,97777414919844.88,824830394954046.9,1.291384434400843e+17
