t(s),Total solute volume 1,Total retention volume 1,Total 1 volume 1,Total 2 volume 1,Total 3 volume 1,Total 4 volume 1,Total 5 volume 1,Total 6 volume 1
0,3.2527447322874304e+17,1.1013442478996468e+19,1.8471874136236307e+17,3.4428597201944646e+17,1164214778117487.0,8369986345992171.0,8.85858631758204e+16,1.0061043228085987e+19
