t(s),Total solute volume 1,Total retention volume 1,Total 1 volume 1,Total 2 volume 1,Total 3 volume 1,Total 4 volume 1,Total 5 volume 1,Total 6 volume 1
0,5.556772250990977e+17,2.3681989114541583e+18,1.8471874136236307e+17,5.881523663147372e+17,119352601614590.12,556051093331228.2,7280690979787872.0,1.0316944840032239e+18
