t(s),Total solute volume 1,Total retention volume 1,Total 1 volume 1,Total 2 volume 1,Total 3 volume 1,Total 4 volume 1,Total 5 volume 1,Total 6 volume 1
0,3.4133172510483444e+19,3.1503880316137817e+22,5.744900751039818e+21,2.57204529767919e+22,1.23754808143138e+18,1.1358020517658062e+18,7.575210445245e+17,1.2625446177135114e+18
