t(s),Total solute volume 1,Total retention volume 1,Total 1 volume 1,Total 2 volume 1,Total 3 volume 1,Total 4 volume 1,Total 5 volume 1,Total 6 volume 1
0,1.0575407049402066e+18,3.375553013433745e+19,2.563088576888768e+18,7.076244436375885e+18,3.233300524675311e+16,3.586773918973619e+17,4.33955902737625e+18,1.8328086991612189e+19
