t(s),Total solute volume 1,Total retention volume 1,Total 1 volume 1,Total 2 volume 1,Total 3 volume 1,Total 4 volume 1,Total 5 volume 1,Total 6 volume 1
0,1.806632037606207e+18,1.8233229903794373e+19,2.563088576888768e+18,1.2087386361672243e+19,3310614722326600.5,2.3474630285872452e+16,2.8034854999390832e+17,1.4689891326250757e+18
