t(s),Total solute volume 1,Total retention volume 1,Total 1 volume 1,Total 2 volume 1
0,9.85717952218855e+16,1.2757309530061198e+17,1.2878448802488326e+16,1.6122851276236812e+16
