t(s),Total solute volume 1,Total retention volume 1,Total 1 volume 1,Total 2 volume 1
0,1.6839348350405472e+17,2.0881513035089754e+17,1.2878448802488326e+16,2.7543198044355056e+16
