t(s),Total solute volume 1,Total retention volume 1,Total 1 volume 1,Total 2 volume 1,Total 3 volume 1,Total 4 volume 1,Total 5 volume 1,Total 6 volume 1
0,5.274852243967814e+16,6.111705759332536e+16,3192384722575143.5,3244736830869188.5,3007287415927.8735,10744463066526.025,45028003426697.83,1872633846293441.8
