t(s),Total solute volume 1,Total retention volume 1,Total 1 volume 1,Total 2 volume 1,Total 3 volume 1,Total 4 volume 1,Total 5 volume 1,Total 6 volume 1
0,9.011205916778291e+16,9.910819613110218e+16,3192384722575143.5,5543091834178185.0,308282794963.08356,713923663531.4673,3718420829038.458,255919779278918.4
