t(s),Total solute volume 1,Total retention volume 1,Total 1 volume 1,Total 2 volume 1,Total 3 volume 1,Total 4 volume 1,Total 5 volume 1,Total 6 volume 1
0,3.434508319345575e+19,1.7657101997169252e+22,1.8076337742290045e+21,1.581487631351659e+22,6.983862830587796e+16,4.297100815521085e+16,3.5655508906035204e+16,9.836108513515635e+16
