t(s),Total solute volume 1,Total retention volume 1,Total 1 volume 1,Total 2 volume 1,Total 3 volume 1,Total 4 volume 1,Total 5 volume 1,Total 6 volume 1
0,2.0104438942510703e+19,1.246844370598171e+22,1.8076337742290045e+21,1.0636512866415753e+22,1.1216151919902552e+18,1.1038244369386106e+18,7.376841581444044e+17,1.2295026073593295e+18
