t(s),Total solute volume 1,Total retention volume 1,Total 1 volume 1,Total 2 volume 1,Total 3 volume 1,Total 4 volume 1,Total 5 volume 1,Total 6 volume 1
0,3.242824340493574e+18,1.763990785677277e+20,3.120606282469643e+19,1.2489632049785533e+20,3.772956577810823e+17,3.5732424848366705e+18,4.850779841855452e+18,8.252552920209983e+18
