t(s),Total solute volume 1,Total retention volume 1,Total 1 volume 1,Total 2 volume 1,Total 3 volume 1,Total 4 volume 1,Total 5 volume 1,Total 6 volume 1
0,5.5346593079818586e+17,2.4045363439054115e+19,6.045923551720415e+17,1.3452732373157307e+18,5911472730100340.0,5.204028608473026e+16,6.927674155894282e+17,2.0791312741363843e+19
