t(s),Total solute volume 1,Total retention volume 1,Total 1 volume 1,Total 2 volume 1,Total 3 volume 1,Total 4 volume 1,Total 5 volume 1,Total 6 volume 1
0,1.2796251387281995e+17,1.5884232813062938e+17,6980090150537523.0,1.3622739088267018e+16,6520210588987.351,17279973472842.385,107730631799958.39,1.014545420314414e+16
