t(s),Total solute volume 1,Total retention volume 1,Total 1 volume 1,Total 2 volume 1,Total 3 volume 1,Total 4 volume 1,Total 5 volume 1,Total 6 volume 1
0,7.49048861694545e+16,1.6571728272733853e+17,6980090150537523.0,7974287186130815.0,63556193394703.195,259791920501687.9,1303431112182643.0,7.423123999513498e+16
