t(s),Total solute volume 1,Total retention volume 1,Total 1 volume 1,Total 2 volume 1,Total 3 volume 1,Total 4 volume 1,Total 5 volume 1,Total 6 volume 1
0,1.6839348350405472e+17,2.3540448297074285e+17,1.2878448802488326e+16,2.7543198044355056e+16,10376660608653.176,30563104479813.125,219337865003037.8,2.632907498975105e+16
