t(s),Total solute volume 1,Total retention volume 1,Total 1 volume 1,Total 2 volume 1,Total 3 volume 1,Total 4 volume 1,Total 5 volume 1,Total 6 volume 1
0,9.85717952218855e+16,3.2377125727933754e+17,1.2878448802488326e+16,1.6122851276236812e+16,101173087516632.97,459656350976050.06,2654634475855181.5,1.9298269806437814e+17
