t(s),Total solute volume 1,Total retention volume 1,Total 1 volume 1,Total 2 volume 1,Total 3 volume 1,Total 4 volume 1,Total 5 volume 1,Total 6 volume 1
0,6.8888290702006904e+16,9.421679633377242e+16,5790815030907821.0,6433524569071775.0,12733969992339.525,50413484829146.06,242272479689711.8,1.2798746097274332e+16
