t(s),Total solute volume 1,Total retention volume 1,Total 1 volume 1,Total 2 volume 1,Total 3 volume 1,Total 4 volume 1,Total 5 volume 1,Total 6 volume 1
0,1.1768416328259624e+17,1.3623900065431568e+17,5790815030907821.0,1.0990603481902652e+16,1305524323150.233,3350252344213.239,20009241325262.516,1748753840915595.5
