t(s),Total solute volume 1,Total retention volume 1,Total 1 volume 1,Total 2 volume 1,Total 3 volume 1,Total 4 volume 1,Total 5 volume 1,Total 6 volume 1
0,2.3679368537431424e+18,8.904315041507323e+19,1.547610356973599e+19,5.584790903245229e+19,1.58636594975788e+17,1.8826852954628275e+18,4.783425261074541e+18,8.526453807628317e+18
