t(s),Total solute volume 1,Total retention volume 1,Total 1 volume 1,Total 2 volume 1,Total 3 volume 1,Total 4 volume 1,Total 5 volume 1,Total 6 volume 1
0,4.0452254584778307e+18,1.1589604545679363e+20,1.5476103569735987e+19,9.533228108352348e+19,1.6050113262402456e+16,1.0657148516216408e+17,2.3762939440205222e+17,6.821843522301009e+17
