t(s),Total solute volume 1,Total retention volume 1,Total 1 volume 1,Total 2 volume 1,Total 3 volume 1,Total 4 volume 1,Total 5 volume 1,Total 6 volume 1
0,5.0293829723865024e+17,1.0490531806904089e+19,4.883330109832728e+17,1.0524643962722106e+18,1848296403822207.2,1.5693507364387788e+16,2.019289291806067e+17,8.227325369461139e+18
