t(s),Total solute volume 1,Total retention volume 1,Total 1 volume 1,Total 2 volume 1,Total 3 volume 1,Total 4 volume 1,Total 5 volume 1,Total 6 volume 1
0,8.405294887353384e+16,9.194912157036446e+16,2733248773475387.0,4637024230775944.0,703742561598.2767,1586684080172.6772,7974349547084.255,515634916390477.8
