t(s),Total solute volume 1,Total retention volume 1,Total 1 volume 1,Total 2 volume 1,Total 3 volume 1,Total 4 volume 1,Total 5 volume 1,Total 6 volume 1
0,4.7566518870554744e+16,5.770055106908516e+16,2534742031225782.5,2489019978208205.5,9545152798946.027,32768771731708.266,130245776656240.75,4937710487908940.0
