t(s),Total solute volume 1,Total retention volume 1,Total 1 volume 1,Total 2 volume 1,Total 3 volume 1,Total 4 volume 1,Total 5 volume 1,Total 6 volume 1
0,8.125946973719792e+16,8.873522804629629e+16,2534742031225782.5,4252075647885005.0,978868697379.2485,2178492988528.8696,10760522601694.678,675022745700347.1
