t(s),Total solute volume 1,Total retention volume 1,Total 1 volume 1,Total 2 volume 1,Total 3 volume 1,Total 4 volume 1,Total 5 volume 1,Total 6 volume 1
0,3.563921568279588e+17,7.606142104742068e+17,6.858169948084933e+16,1.8831811750643e+17,17710280206702.734,69588460965967.99,732178359401602.4,1.465027595583957e+17
