t(s),Total solute volume 1,Total retention volume 1,Total 1 volume 1,Total 2 volume 1,Total 3 volume 1,Total 4 volume 1,Total 5 volume 1,Total 6 volume 1
0,2.0861979911880643e+17,1.543344628207741e+18,6.858169948084933e+16,1.1023516579767e+17,172764973377473.62,1047370962404064.0,8874130410587376.0,1.1458136974640396e+18
