t(s),Total solute volume 1,Total retention volume 1,Total 1 volume 1,Total 2 volume 1,Total 3 volume 1,Total 4 volume 1,Total 5 volume 1,Total 6 volume 1
0,4.0983010737537254e+17,1.393356446757402e+18,9.36616297076456e+16,2.6944503277455203e+17,66531221798382.0,275827094222375.34,3113243825931923.0,6.169640747578815e+17
