t(s),Total solute volume 1,Total retention volume 1,Total 1 volume 1,Total 2 volume 1,Total 3 volume 1,Total 4 volume 1,Total 5 volume 1,Total 6 volume 1
0,2.399005506587524e+17,5.600575099831842e+18,9.36616297076456e+16,1.5772427002204848e+17,648907944289387.4,4150645372890323.5,3.7749359978231576e+16,5.066739736147998e+18
