t(s),Total solute volume 1,Total retention volume 1,Total 1 volume 1,Total 2 volume 1
0,5.556772250990977e+17,1.3285483327762076e+18,1.8471874136236307e+17,5.881523663147372e+17
