t(s),Total solute volume 1,Total retention volume 1,Total 1 volume 1,Total 2 volume 1
0,3.2527447322874304e+17,8.542791866105449e+17,1.8471874136236307e+17,3.4428597201944646e+17
