t(s),Total solute volume 1,Total retention volume 1,Total 1 volume 1,Total 2 volume 1,Total 3 volume 1,Total 4 volume 1,Total 5 volume 1,Total 6 volume 1
0,1.6043878280498112e+17,2.3139094539933658e+17,1.1560640218829554e+16,2.4329176620616796e+16,14901878478467.334,43082450213676.26,301610463678244.4,3.4702750962537576e+16
