t(s),Total solute volume 1,Total retention volume 1,Total 1 volume 1,Total 2 volume 1,Total 3 volume 1,Total 4 volume 1,Total 5 volume 1,Total 6 volume 1
0,2.641240568788231e+18,4.069215763409055e+19,5.979897840391367e+18,3.199484310387922e+19,384133350251501.1,2902380071296396.5,1.681000561432349e+16,5.6079601995738536e+16
