t(s),Total solute volume 1,Total retention volume 1,Total 1 volume 1,Total 2 volume 1,Total 3 volume 1,Total 4 volume 1,Total 5 volume 1,Total 6 volume 1
0,1.5460920402662884e+18,2.7319823377160593e+19,5.979897840391367e+18,1.873360234042119e+19,3761856429973638.5,4.593937880449567e+16,3.097397125037538e+17,7.007902083434886e+17
