t(s),Total solute volume 1,Total retention volume 1,Total 1 volume 1,Total 2 volume 1,Total 3 volume 1,Total 4 volume 1,Total 5 volume 1,Total 6 volume 1
0,1.1300816793349946e+17,1.3509401245884442e+17,5290051337496820.0,9905407456456888.0,5451256320756.123,13772751160022.463,80564586052342.95,6790597137858660.0
