t(s),Total solute volume 1,Total retention volume 1,Total 1 volume 1,Total 2 volume 1,Total 3 volume 1,Total 4 volume 1,Total 5 volume 1,Total 6 volume 1
0,6.615112269277926e+16,1.2813921897036586e+17,5290051337496820.0,5798287762430659.0,53126901927009.12,207012119984328.5,974540085023737.0,4.966507807072414e+16
