t(s),Total solute volume 1,Total retention volume 1,Total 1 volume 1,Total 2 volume 1,Total 3 volume 1,Total 4 volume 1,Total 5 volume 1,Total 6 volume 1
0,3.434508319345575e+19,1.765696736472905e+22,1.8076337742290045e+21,1.581487631351659e+22,3.1744845241114904e+16,1.9532283828899804e+16,1.6207056069528782e+16,4.47096048311146e+16
