t(s),Total solute volume 1,Total retention volume 1,Total 1 volume 1,Total 2 volume 1,Total 3 volume 1,Total 4 volume 1,Total 5 volume 1,Total 6 volume 1
0,2.0104438942510703e+19,1.246615683286136e+22,1.8076337742290045e+21,1.0636512866415753e+22,5.0982868631349696e+17,5.017431122519787e+17,3.353136794495399e+17,5.5886779611317626e+17
