t(s),Total solute volume 1,Total retention volume 1,Total 1 volume 1,Total 2 volume 1
0,1.0575407049402066e+18,1.0696873718204848e+19,2.563088576888768e+18,7.076244436375885e+18
