t(s),Total solute volume 1,Total retention volume 1,Total 1 volume 1,Total 2 volume 1
0,1.806632037606207e+18,1.6457106976167277e+19,2.563088576888768e+18,1.2087386361672243e+19
