t(s),Total solute volume 1,Total retention volume 1,Total 1 volume 1,Total 2 volume 1,Total 3 volume 1,Total 4 volume 1,Total 5 volume 1,Total 6 volume 1
0,6.561971943550011e+17,3.36226995202922e+18,2.6766928604882394e+17,9.008356262596815e+17,224897524661601.56,1116421701863221.8,1.5762265915838322e+16,1.520464260223358e+18
