t(s),Total solute volume 1,Total retention volume 1,Total 1 volume 1,Total 2 volume 1,Total 3 volume 1,Total 4 volume 1,Total 5 volume 1,Total 6 volume 1
0,3.841154308419529e+17,1.772417026532904e+19,2.6766928604882397e+17,5.273223096638238e+17,2193725879630343.5,1.6808071415613594e+16,1.92600299096021e+17,1.6333461142383194e+19
