t(s),Total solute volume 1,Total retention volume 1,Total 1 volume 1,Total 2 volume 1,Total 3 volume 1,Total 4 volume 1,Total 5 volume 1,Total 6 volume 1
0,1.0536084069480294e+20,6.471837787770928e+22,1.961934451448198e+22,4.49934784566537e+22,5.699543076889702e+16,3.3314870253141216e+16,2.7604693597140856e+16,7.615088381677453e+16
