t(s),Total solute volume 1,Total retention volume 1,Total 1 volume 1,Total 2 volume 1,Total 3 volume 1,Total 4 volume 1,Total 5 volume 1,Total 6 volume 1
0,6.1674638455494386e+19,6.1414333668321925e+22,1.961934451448198e+22,4.172998634441791e+22,9.485299239269133e+17,8.566362245403722e+17,5.7112533725726554e+17,9.518794814685853e+17
