t(s),Total solute volume 1,Total retention volume 1,Total 1 volume 1,Total 2 volume 1,Total 3 volume 1,Total 4 volume 1,Total 5 volume 1,Total 6 volume 1
0,3.004256454956098e+17,1.5866960434409144e+19,1.5471077007747866e+17,2.808180725040099e+17,1705812962484345.2,1.1894873146038706e+16,1.2107729399903141e+17,1.4996327966224452e+19
