t(s),Total solute volume 1,Total retention volume 1,Total 1 volume 1,Total 2 volume 1,Total 3 volume 1,Total 4 volume 1,Total 5 volume 1,Total 6 volume 1
0,2.2349716812900077e+17,7.047122713404917e+18,7.99733013773092e+16,1.3153125251363437e+17,906334207450359.0,5641188400697775.0,4.950143306557609e+16,6.55607203571126e+18
