t(s),Total solute volume 1,Total retention volume 1,Total 1 volume 1,Total 2 volume 1,Total 3 volume 1,Total 4 volume 1,Total 5 volume 1,Total 6 volume 1
0,3.818076622203744e+17,1.511718330425916e+18,7.99733013773092e+16,2.2469880913100803e+17,92944240894135.16,374995329482817.44,4084914937094622.5,8.206857031897523e+17
