t(s),Total solute volume 1,Total retention volume 1,Total 1 volume 1,Total 2 volume 1,Total 3 volume 1,Total 4 volume 1,Total 5 volume 1,Total 6 volume 1
0,1.1562292854379274e+18,7.752306753287201e+18,9.470815640223638e+17,3.849586369903471e+18,1041123561119358.0,6384339837962784.0,1.0354616911521078e+17,1.6884379014091676e+18
