t(s),Total solute volume 1,Total retention volume 1,Total 1 volume 1,Total 2 volume 1,Total 3 volume 1,Total 4 volume 1,Total 5 volume 1,Total 6 volume 1
0,6.768171426953814e+17,2.613755605905156e+19,9.470815640223639e+17,2.2534875290841032e+18,1.0158540396108742e+16,9.64094247529964e+16,1.3462897466522168e+18,2.080731211144839e+19
