t(s),Total solute volume 1,Total retention volume 1,Total 1 volume 1,Total 2 volume 1
0,1.3361787230712443e+17,1.5652519497719437e+17,7687035129498279.0,1.522028754057002e+16
