t(s),Total solute volume 1,Total retention volume 1,Total 1 volume 1,Total 2 volume 1
0,7.82153398870977e+16,9.481181273739003e+16,7687035129498278.0,8909437720794750.0
