t(s),Total solute volume 1,Total retention volume 1,Total 1 volume 1,Total 2 volume 1,Total 3 volume 1,Total 4 volume 1,Total 5 volume 1,Total 6 volume 1
0,6.030890236958341e+17,3.46441037321362e+18,2.2173507663096877e+17,7.255463282409612e+17,243591725072161.1,1170933608671473.8,1.592374202097245e+16,1.896701677291138e+18
