t(s),Total solute volume 1,Total retention volume 1,Total 1 volume 1,Total 2 volume 1,Total 3 volume 1,Total 4 volume 1,Total 5 volume 1,Total 6 volume 1
0,9.566309649021271e+17,5.376328541905455e+18,6.205788698891987e+17,2.368112616809924e+18,501596034075813.1,2870054798071791.0,4.601907219652473e+16,1.3816153672755415e+18
