t(s),Total solute volume 1,Total retention volume 1,Total 1 volume 1,Total 2 volume 1,Total 3 volume 1,Total 4 volume 1,Total 5 volume 1,Total 6 volume 1
0,5.599791014061281e+17,1.989599162196229e+19,6.205788698891987e+17,1.3862391755847913e+18,4893680229294833.0,4.3271372882728504e+16,5.781989563668315e+17,1.6702830465603324e+19
