t(s),Total solute volume 1,Total retention volume 1,Total 1 volume 1,Total 2 volume 1,Total 3 volume 1,Total 4 volume 1,Total 5 volume 1,Total 6 volume 1
0,2.5932953168279194e+17,5.2214418247089715e+17,3.3743667340789536e+16,8.333962927494267e+16,27212775152102.52,94628349891986.75,847036350686939.5,1.447624766966425e+17
