t(s),Total solute volume 1,Total retention volume 1,Total 1 volume 1,Total 2 volume 1,Total 3 volume 1,Total 4 volume 1,Total 5 volume 1,Total 6 volume 1
0,1.5180265269236467e+17,1.3226494792028408e+18,3.3743667340789536e+16,4.87842065642926e+16,265370762650833.44,1423518377667303.5,1.0255767330108028e+16,1.0763742961349596e+18
