t(s),Total solute volume 1,Total retention volume 1,Total 1 volume 1,Total 2 volume 1,Total 3 volume 1,Total 4 volume 1,Total 5 volume 1,Total 6 volume 1
0,2.0408582906428972e+18,2.2265537522947523e+19,3.364073161464839e+18,1.6521366587680283e+19,868146009171690.4,6343751379929927.0,6.249018814930979e+16,2.695373976211429e+17
