t(s),Total solute volume 1,Total retention volume 1,Total 1 volume 1,Total 2 volume 1,Total 3 volume 1,Total 4 volume 1,Total 5 volume 1,Total 6 volume 1
0,1.194648755498281e+18,1.8732468139891237e+19,3.364073161464839e+18,9.67235389752105e+18,8484522558031247.0,9.76588174625203e+16,1.0293956943117345e+18,3.365853291074698e+18
