t(s),Total solute volume 1,Total retention volume 1,Total 1 volume 1,Total 2 volume 1,Total 3 volume 1,Total 4 volume 1,Total 5 volume 1,Total 6 volume 1
0,6.1674638455494386e+19,6.141153100264634e+22,1.961934451448198e+22,4.172998634441791e+22,1.497691464312382e+17,1.352598759184109e+17,9.017855225357102e+16,1.5029771639102893e+17
