t(s),Total solute volume 1,Total retention volume 1,Total 1 volume 1,Total 2 volume 1,Total 3 volume 1,Total 4 volume 1,Total 5 volume 1,Total 6 volume 1
0,1.0536084069480294e+20,6.471821445382678e+22,1.961934451448198e+22,4.49934784566537e+22,8999283351603899.0,5260245051859775.0,4358637941985122.5,1.2023830407551114e+16
