t(s),Total solute volume 1,Total retention volume 1,Total 1 volume 1,Total 2 volume 1,Total 3 volume 1,Total 4 volume 1,Total 5 volume 1,Total 6 volume 1
0,2.781149916601816e+17,8.162534338662888e+18,1.3024520054842829e+17,2.3040703518610144e+17,861638604066347.9,5833314632132343.0,5.7141902702354264e+16,7.459930255329591e+18
