t(s),Total solute volume 1,Total retention volume 1,Total 1 volume 1,Total 2 volume 1,Total 3 volume 1,Total 4 volume 1,Total 5 volume 1,Total 6 volume 1
0,4.751131107528108e+17,1.8467496915023677e+18,1.3024520054842829e+17,3.9361074833054605e+17,88337706600184.02,387598066013219.1,4706894990056436.0,8.425978011079116e+17
