t(s),Total solute volume 1,Total retention volume 1,Total 1 volume 1,Total 2 volume 1,Total 3 volume 1,Total 4 volume 1,Total 5 volume 1,Total 6 volume 1
0,2.445311007127456e+17,5.2702743616548806e+17,2.9598370758294e+16,7.168383321791444e+16,37231702689126.16,126576153589137.73,1099504823846897.2,1.799508187964032e+17
