t(s),Total solute volume 1,Total retention volume 1,Total 1 volume 1,Total 2 volume 1
0,1.3860424099942965e+19,2.405526750904275e+21,2.4107704894684447e+20,2.1505892778575064e+21
