t(s),Total solute volume 1,Total retention volume 1,Total 1 volume 1,Total 2 volume 1
0,8.113418985332498e+18,1.5306650175843276e+21,2.4107704894684447e+20,1.281474549652156e+21
