t(s),Total solute volume 1,Total retention volume 1,Total 1 volume 1,Total 2 volume 1,Total 3 volume 1,Total 4 volume 1,Total 5 volume 1,Total 6 volume 1
0,9.011205916778291e+16,1.0041143462688254e+17,3192384722575143.5,5543091834178185.0,1849623961497.4387,4283399205578.7524,22309729108193.414,1535456150070050.2
