t(s),Total solute volume 1,Total retention volume 1,Total 1 volume 1,Total 2 volume 1,Total 3 volume 1,Total 4 volume 1,Total 5 volume 1,Total 6 volume 1
0,3.434508319345575e+19,1.7657259068201948e+22,1.8076337742290042e+21,1.581487631351659e+22,1.1428133216275805e+17,7.031616410530215e+16,5.834535062940171e+16,1.609544160976865e+17
