t(s),Total solute volume 1,Total retention volume 1,Total 1 volume 1,Total 2 volume 1,Total 3 volume 1,Total 4 volume 1,Total 5 volume 1,Total 6 volume 1
0,2.7620042352160896e+18,1.2165481189480494e+20,2.1816306119850037e+19,8.283158743020675e+19,2.14635314084832e+17,2.34568622405566e+18,4.2788548141785293e+18,7.405737757212838e+18
