t(s),Total solute volume 1,Total retention volume 1,Total 1 volume 1,Total 2 volume 1,Total 3 volume 1,Total 4 volume 1,Total 5 volume 1,Total 6 volume 1
0,1.6839348350405472e+17,2.1732397385572397e+17,1.2878448802488326e+16,2.7543198044355056e+16,3320626075956.299,9780429574897.666,70189930512696.555,8425552518663163.0
