t(s),Total solute volume 1,Total retention volume 1,Total 1 volume 1,Total 2 volume 1,Total 3 volume 1,Total 4 volume 1,Total 5 volume 1,Total 6 volume 1
0,9.85717952218855e+16,1.9037800558412326e+17,1.2878448802488328e+16,1.6122851276236812e+16,32389961126063.926,147178477877606.16,849918929657089.0,6.17754229148521e+16
