t(s),Total solute volume 1,Total retention volume 1,Total 1 volume 1,Total 2 volume 1,Total 3 volume 1,Total 4 volume 1,Total 5 volume 1,Total 6 volume 1
0,4.408003339419685e+17,2.1039078237545777e+18,1.1018915844204802e+17,3.247827274525352e+17,128096949104082.78,546123956653578.94,6391596143166513.0,1.2210697868691023e+18
