t(s),Total solute volume 1,Total retention volume 1,Total 1 volume 1,Total 2 volume 1,Total 3 volume 1,Total 4 volume 1,Total 5 volume 1,Total 6 volume 1
0,1.2266054339042045e+17,1.4183206333629616e+17,6351323389472384.0,1.22219832432844e+16,409150477434.3577,1066823789375.1505,6508308117315.753,590229030734649.2
