t(s),Total solute volume 1,Total retention volume 1,Total 1 volume 1,Total 2 volume 1,Total 3 volume 1,Total 4 volume 1,Total 5 volume 1,Total 6 volume 1
0,1.0575407049402066e+18,1.876825319349989e+19,2.563088576888768e+18,7.076244436375885e+18,1.1317977032266016e+16,1.2555820788522038e+17,1.5190637189856233e+18,6.415439571391908e+18
