t(s),Total solute volume 1,Total retention volume 1,Total 1 volume 1,Total 2 volume 1,Total 3 volume 1,Total 4 volume 1,Total 5 volume 1,Total 6 volume 1
0,1.806632037606207e+18,1.7078755018546917e+19,2.563088576888768e+18,1.2087386361672243e+19,1158724395476218.8,8216176095212672.0,9.812270180628698e+16,5.141504400827489e+17
