t(s),Total solute volume 1,Total retention volume 1,Total 1 volume 1,Total 2 volume 1,Total 3 volume 1,Total 4 volume 1,Total 5 volume 1,Total 6 volume 1
0,7.158676193942945e+17,2.529664896657515e+18,3.250257609819086e+17,1.1260624170802307e+18,63029785822701.43,323412633732009.25,4735194606011583.0,3.575874621755099e+17
