t(s),Total solute volume 1,Total retention volume 1,Total 1 volume 1,Total 2 volume 1,Total 3 volume 1,Total 4 volume 1,Total 5 volume 1,Total 6 volume 1
0,4.1904446013324595e+17,5.467273308506314e+18,3.250257609819086e+17,6.591645730832125e+17,614942265298395.0,4871224690437941.0,5.807855426557709e+16,4.000473793086642e+18
