t(s),Total solute volume 1,Total retention volume 1,Total 1 volume 1,Total 2 volume 1,Total 3 volume 1,Total 4 volume 1,Total 5 volume 1,Total 6 volume 1
0,2.9302339152982e+17,6.362190693926935e+17,4.431341940307482e+16,1.1399288614301397e+17,28596729742271.547,104221494038332.98,992868272755798.8,1.8376368582024896e+17
