t(s),Total solute volume 1,Total retention volume 1,Total 1 volume 1,Total 2 volume 1,Total 3 volume 1,Total 4 volume 1,Total 5 volume 1,Total 6 volume 1
0,1.7152588772477386e+17,1.679646401991299e+18,4.431341940307482e+16,6.672760546581344e+16,278901044773415.1,1568110378734585.0,1.2025052835024026e+16,1.3832074251391112e+18
