t(s),Total solute volume 1,Total retention volume 1,Total 1 volume 1,Total 2 volume 1,Total 3 volume 1,Total 4 volume 1,Total 5 volume 1,Total 6 volume 1
0,9.011205916778291e+16,1.0154082233972326e+17,3192384722575143.5,5543091834178185.0,3185354824129.232,7376752205937.502,38421123417234.98,2644303384739193.0
