t(s),Total solute volume 1,Total retention volume 1,Total 1 volume 1,Total 2 volume 1,Total 3 volume 1,Total 4 volume 1,Total 5 volume 1,Total 6 volume 1
0,5.274852243967814e+16,7.91258515384348e+16,3192384722575143.5,3244736830869188.5,31039295790673.47,110854326782234.56,464674860561953.44,1.933363906217806e+16
