t(s),Total solute volume 1,Total retention volume 1,Total 1 volume 1,Total 2 volume 1,Total 3 volume 1,Total 4 volume 1,Total 5 volume 1,Total 6 volume 1
0,6.8888290702006904e+16,1.0170273905066344e+17,5790815030907821.0,6433524569071775.0,20007785636650.06,79206707776744.97,380654500722584.44,2.011023975454063e+16
