t(s),Total solute volume 1,Total retention volume 1,Total 1 volume 1,Total 2 volume 1,Total 3 volume 1,Total 4 volume 1,Total 5 volume 1,Total 6 volume 1
0,8.405294887353384e+16,9.214632778042531e+16,2733248773475387.0,4637024230775944.0,967638015090.5039,2181675323249.6772,10964648401774.715,708991940899897.2
