t(s),Total solute volume 1,Total retention volume 1,Total 1 volume 1,Total 2 volume 1,Total 3 volume 1,Total 4 volume 1,Total 5 volume 1,Total 6 volume 1
0,4.920172616987362e+16,6.001076475048009e+16,2733248773475387.0,2714355750467661.0,9436138005653.475,32819012053990.94,132724671051668.7,5186454235552208.0
