t(s),Total solute volume 1,Total retention volume 1,Total 1 volume 1,Total 2 volume 1,Total 3 volume 1,Total 4 volume 1,Total 5 volume 1,Total 6 volume 1
0,1.3361787230712443e+17,1.708541204919333e+17,7687035129498279.0,1.522028754057002e+16,8419287077803.88,22687193125196.566,144612377971340.38,1.4153206656566018e+16
