t(s),Total solute volume 1,Total retention volume 1,Total 1 volume 1,Total 2 volume 1,Total 3 volume 1,Total 4 volume 1,Total 5 volume 1,Total 6 volume 1
0,1.8614795258035258e+17,2.45799702991129e+17,1.6105550931134632e+16,3.561535913744106e+16,2595992030489.0957,7946619363219.621,60034634576434.67,7860263096230821.0
