t(s),Total solute volume 1,Total retention volume 1,Total 1 volume 1,Total 2 volume 1,Total 3 volume 1,Total 4 volume 1,Total 5 volume 1,Total 6 volume 1
0,1.0896465516898744e+17,2.0450022249296627e+17,1.6105550931134632e+16,2.0848021191923476e+16,25323866861920.152,119596679320331.62,727036817599024.2,5.771003783713817e+16
