t(s),Total solute volume 1,Total retention volume 1,Total 1 volume 1,Total 2 volume 1,Total 3 volume 1,Total 4 volume 1,Total 5 volume 1,Total 6 volume 1
0,6.768171426953814e+17,2.2209862720174453e+19,9.470815640223639e+17,2.2534875290841032e+18,8366191420349249.0,7.940023917707846e+16,1.1087597573246755e+18,1.7135950296450472e+19
