t(s),Total solute volume 1,Total retention volume 1,Total 1 volume 1,Total 2 volume 1,Total 3 volume 1,Total 4 volume 1,Total 5 volume 1,Total 6 volume 1
0,1.1562292854379274e+18,7.434767748433481e+18,9.470815640223638e+17,3.849586369903471e+18,857398046242792.1,5257702911491447.0,8.527351154345136e+16,1.3904819165685594e+18
