t(s),Total solute volume 1,Total retention volume 1,Total 1 volume 1,Total 2 volume 1,Total 3 volume 1,Total 4 volume 1,Total 5 volume 1,Total 6 volume 1
0,1.6839348350405472e+17,2.3646800915549686e+17,1.2878448802488326e+16,2.7543198044355056e+16,10791708932730.598,31785583515487.906,228111032873636.78,2.738219047927705e+16
