t(s),Total solute volume 1,Total retention volume 1,Total 1 volume 1,Total 2 volume 1,Total 3 volume 1,Total 4 volume 1,Total 5 volume 1,Total 6 volume 1
0,1.1768416328259624e+17,1.4333212034846245e+17,5790815030907821.0,1.0990603481902652e+16,6527225436341.192,16750400812328.713,100040703763778.81,8743220223045387.0
