t(s),Total solute volume 1,Total retention volume 1,Total 1 volume 1,Total 2 volume 1,Total 3 volume 1,Total 4 volume 1,Total 5 volume 1,Total 6 volume 1
0,8.175062817381762e+16,1.52201245300846e+17,8483748054658170.0,9978813516605722.0,37317643729097.15,157784403650341.22,827859710406269.8,5.096509379798001e+16
