t(s),Total solute volume 1,Total retention volume 1,Total 1 volume 1,Total 2 volume 1,Total 3 volume 1,Total 4 volume 1,Total 5 volume 1,Total 6 volume 1
0,1.3965732313027035e+17,1.722319292070994e+17,8483748054658170.0,1.7047137375161364e+16,3826574750463.072,10488101796409.814,68385626289771.695,6961020344171710.0
