t(s),Total solute volume 1,Total retention volume 1,Total 1 volume 1,Total 2 volume 1,Total 3 volume 1,Total 4 volume 1,Total 5 volume 1,Total 6 volume 1
0,3.5302772118780864e+17,9.673840165142856e+18,2.2173507663096877e+17,4.247125719959892e+17,1048366262093403.6,7777463794338723.0,8.563651647533045e+16,8.579902448796319e+18
