t(s),Total solute volume 1,Total retention volume 1,Total 1 volume 1,Total 2 volume 1,Total 3 volume 1,Total 4 volume 1,Total 5 volume 1,Total 6 volume 1
0,6.030890236958341e+17,2.3948109717719936e+18,2.2173507663096877e+17,7.255463282409612e+17,107468311541312.73,516593949547071.7,7025261702687262.0,8.367912192404506e+17
