t(s),Total solute volume 1,Total retention volume 1,Total 1 volume 1,Total 2 volume 1,Total 3 volume 1,Total 4 volume 1,Total 5 volume 1,Total 6 volume 1
0,1.5302805924424387e+17,1.8570766167259245e+17,1.0403170291897824e+16,2.15508874098567e+16,335237222547.97076,951718214105.4878,6503245434383.116,717754525723230.6
