t(s),Total solute volume 1,Total retention volume 1,Total 1 volume 1,Total 2 volume 1,Total 3 volume 1,Total 4 volume 1,Total 5 volume 1,Total 6 volume 1
0,8.957740053321614e+16,1.1795110442144458e+17,1.040317029189783e+16,1.2615155834536546e+16,3270522979246.5674,14325053552833.52,78761220146923.5,5259020965115924.0
