t(s),Total solute volume 1,Total retention volume 1,Total 1 volume 1,Total 2 volume 1,Total 3 volume 1,Total 4 volume 1,Total 5 volume 1,Total 6 volume 1
0,1.0438198847203212e+18,5.699055270785164e+18,7.538773491030418e+17,2.961613368357028e+18,414369669748829.1,2448443414924443.0,3.973173554385001e+16,8.971501199762537e+17
