t(s),Total solute volume 1,Total retention volume 1,Total 1 volume 1,Total 2 volume 1,Total 3 volume 1,Total 4 volume 1,Total 5 volume 1,Total 6 volume 1
0,6.110165178850669e+17,1.4609631003191781e+19,7.538773491030418e+17,1.7336694297627313e+18,4043168422735863.0,3.694133734651108e+16,5.059340756250207e+17,1.0964149125046675e+19
