t(s),Total solute volume 1,Total retention volume 1,Total 1 volume 1,Total 2 volume 1,Total 3 volume 1,Total 4 volume 1,Total 5 volume 1,Total 6 volume 1
0,1.1300816793349946e+17,1.3229491580540491e+17,5290051337496820.0,9905407456456888.0,3236777335492.786,8177771881495.751,47836480561232.516,4032038048175071.5
