t(s),Total solute volume 1,Total retention volume 1,Total 1 volume 1,Total 2 volume 1,Total 3 volume 1,Total 4 volume 1,Total 5 volume 1,Total 6 volume 1
0,6.615112269277926e+16,1.0747176341756458e+17,5290051337496820.0,5798287762430659.0,31558537645984.41,122988595688535.36,578935104852992.2,2.9498819386670076e+16
