t(s),Total solute volume 1,Total retention volume 1,Total 1 volume 1,Total 2 volume 1,Total 3 volume 1,Total 4 volume 1,Total 5 volume 1,Total 6 volume 1
0,3.434508319345575e+19,1.7657045884453102e+22,1.8076337742290045e+21,1.5814876313515406e+22,5.3966222834779416e+16,3.3204875165922484e+16,2.7551987692642228e+16,7.599042948273846e+16
