t(s),Total solute volume 1,Total retention volume 1,Total 1 volume 1,Total 2 volume 1,Total 3 volume 1,Total 4 volume 1,Total 5 volume 1,Total 6 volume 1
0,2.0104438942510703e+19,1.2467490846266012e+22,1.8076337742290045e+21,1.0636512866415753e+22,8.667051976692911e+17,8.529585984164739e+17,5.700305790677243e+17,9.500723035878747e+17
