t(s),Total solute volume 1,Total retention volume 1,Total 1 volume 1,Total 2 volume 1,Total 3 volume 1,Total 4 volume 1,Total 5 volume 1,Total 6 volume 1
0,3.563921568279588e+17,1.220980799026126e+18,6.858169948084933e+16,1.8831811750643e+17,73053114875271.62,287046442508208.1,3020168631237919.0,6.043085570222653e+17
