t(s),Total solute volume 1,Total retention volume 1,Total 1 volume 1,Total 2 volume 1,Total 3 volume 1,Total 4 volume 1,Total 5 volume 1,Total 6 volume 1
0,2.0861979911880643e+17,5.154159419653395e+18,6.858169948084933e+16,1.1023516579767e+17,712379787596519.1,4318172487457151.0,3.658964346120907e+16,4.725102559519823e+18
