t(s),Total solute volume 1,Total retention volume 1,Total 1 volume 1,Total 2 volume 1,Total 3 volume 1,Total 4 volume 1,Total 5 volume 1,Total 6 volume 1
0,4.7566518870554744e+16,5.8551854355808e+16,2534742031225782.5,2489019978208205.5,11135018446595.865,38225679738174.42,151937958412057.34,5760274819222158.0
