t(s),Total solute volume 1,Total retention volume 1,Total 1 volume 1,Total 2 volume 1,Total 3 volume 1,Total 4 volume 1,Total 5 volume 1,Total 6 volume 1
0,1.2796251387281995e+17,1.5742488767611853e+17,6980090150537523.0,1.3622739088267018e+16,5620917098163.459,14896631864227.29,92871921612239.88,8746155093921245.0
