t(s),Total solute volume 1,Total retention volume 1,Total 1 volume 1,Total 2 volume 1,Total 3 volume 1,Total 4 volume 1,Total 5 volume 1,Total 6 volume 1
0,7.49048861694545e+16,1.5526053590010064e+17,6980090150537523.0,7974287186130815.0,54796881101894.64,223997090454678.47,1123812532634644.6,6.399866588978599e+16
