t(s),Total solute volume 1,Total retention volume 1,Total 1 volume 1,Total 2 volume 1,Total 3 volume 1,Total 4 volume 1,Total 5 volume 1,Total 6 volume 1
0,3.4133172510483444e+19,3.1501483922581816e+22,5.744900751039818e+21,2.57204529767919e+22,5.6252593296699206e+17,5.1627865964771264e+17,3.443305930199051e+17,5.738870537572712e+17
