t(s),Total solute volume 1,Total retention volume 1,Total 1 volume 1,Total 2 volume 1,Total 3 volume 1,Total 4 volume 1,Total 5 volume 1,Total 6 volume 1
0,2.1836778534678442e+17,3.8454115066881024e+17,2.2995109404381096e+16,5.36299248106901e+16,22245440820992.027,72407388379838.23,593603279342765.1,8.8860074998409e+16
