t(s),Total solute volume 1,Total retention volume 1,Total 1 volume 1,Total 2 volume 1,Total 3 volume 1,Total 4 volume 1,Total 5 volume 1,Total 6 volume 1
0,1.2782504508104443e+17,8.454166929740009e+17,2.2995109404381096e+16,3.1393140520667656e+16,216895218591526.06,1088989009486660.4,7184982874528878.0,6.547125308653055e+17
