t(s),Total solute volume 1,Total retention volume 1,Total 1 volume 1,Total 2 volume 1,Total 3 volume 1,Total 4 volume 1,Total 5 volume 1,Total 6 volume 1
0,1.5180265269236467e+17,9.309470666119459e+17,3.374366734078954e+16,4.87842065642926e+16,169866995949632.03,911264635426126.0,6564999888294502.0,6.88970408494831e+17
