t(s),Total solute volume 1,Total retention volume 1,Total 1 volume 1,Total 2 volume 1,Total 3 volume 1,Total 4 volume 1,Total 5 volume 1,Total 6 volume 1
0,2.5932953168279194e+17,4.6968196325129683e+17,3.3743667340789536e+16,8.333962927494267e+16,17416369094049.352,60562712217255.11,542108708562641.8,9.26490471629015e+16
