t(s),Total solute volume 1,Total retention volume 1,Total 1 volume 1,Total 2 volume 1,Total 3 volume 1,Total 4 volume 1,Total 5 volume 1,Total 6 volume 1
0,6.110165178850669e+17,5.130085874945898e+18,7.538773491030418e+17,1.7336694297627313e+18,713571971705133.5,6519934236635165.0,8.929270658208214e+16,1.934996365404647e+18
