t(s),Total solute volume 1,Total retention volume 1,Total 1 volume 1,Total 2 volume 1,Total 3 volume 1,Total 4 volume 1,Total 5 volume 1,Total 6 volume 1
0,1.2782504508104443e+17,2.7067879078929635e+17,2.2995109404381096e+16,3.1393140520667656e+16,28935893740270.22,145309414497318.8,958621999241487.4,8.733262847572437e+16
