t(s),Total solute volume 1,Total retention volume 1,Total 1 volume 1,Total 2 volume 1,Total 3 volume 1,Total 4 volume 1,Total 5 volume 1,Total 6 volume 1
0,2.1836778534678442e+17,3.069330438091007e+17,2.2995109404381096e+16,5.36299248106901e+16,2966166166456.4644,9654614439259.13,79149700892787.58,1.1848453765748156e+16
