t(s),Total solute volume 1,Total retention volume 1,Total 1 volume 1,Total 2 volume 1,Total 3 volume 1,Total 4 volume 1,Total 5 volume 1,Total 6 volume 1
0,1.2485206491236938e+19,4.328524406423647e+21,6.290856345856501e+20,3.6814069503789776e+21,1.2423104658033068e+18,1.5377188964473034e+18,1.0373897037585029e+18,1.729195901746613e+18
