t(s),Total solute volume 1,Total retention volume 1,Total 1 volume 1,Total 2 volume 1,Total 3 volume 1,Total 4 volume 1,Total 5 volume 1,Total 6 volume 1
0,2.1328894422529733e+19,6.631465802064036e+21,6.290856345856501e+20,5.980718300898713e+21,8.439238889476349e+16,6.009845377485426e+16,5.014390685422842e+16,1.3833740765481082e+17
