t(s),Total solute volume 1,Total retention volume 1,Total 1 volume 1,Total 2 volume 1,Total 3 volume 1,Total 4 volume 1,Total 5 volume 1,Total 6 volume 1
0,9.340096063528438e+16,1.0594499328651214e+17,3458157710870755.0,6076746478966877.0,3339495555849.8604,7841077104739.269,41597182514874.42,2956350706214729.5
