t(s),Total solute volume 1,Total retention volume 1,Total 1 volume 1,Total 2 volume 1,Total 3 volume 1,Total 4 volume 1,Total 5 volume 1,Total 6 volume 1
0,5.467373305480017e+16,8.395920965118424e+16,3458157710870755.0,3557120067332162.0,32543521831527.387,117842992586557.39,503126927723500.56,2.1616685376039404e+16
