t(s),Total solute volume 1,Total retention volume 1,Total 1 volume 1,Total 2 volume 1,Total 3 volume 1,Total 4 volume 1,Total 5 volume 1,Total 6 volume 1
0,2.5932953168279194e+17,4.580235291067016e+17,3.3743667340789536e+16,8.333962927494267e+16,15239360484938.117,52992483691494.83,474346178584773.1,8.106812278541456e+16
