t(s),Total solute volume 1,Total retention volume 1,Total 1 volume 1,Total 2 volume 1,Total 3 volume 1,Total 4 volume 1,Total 5 volume 1,Total 6 volume 1
0,1.5180265269236467e+17,8.438879707118804e+17,3.3743667340789536e+16,4.87842065642926e+16,148639399217934.3,797397959931308.0,5744629452592379.0,6.028667773026991e+17
