t(s),Total solute volume 1,Total retention volume 1,Total 1 volume 1,Total 2 volume 1,Total 3 volume 1,Total 4 volume 1,Total 5 volume 1,Total 6 volume 1
0,1.2104370031327629e+17,2.0432752081254432e+17,2.036220404915564e+16,2.7298126560537492e+16,12810503581446.693,62997757658974.82,404156027749892.2,3.514352560058501e+16
