t(s),Total solute volume 1,Total retention volume 1,Total 1 volume 1,Total 2 volume 1,Total 3 volume 1,Total 4 volume 1,Total 5 volume 1,Total 6 volume 1
0,2.067829880351787e+17,2.78594072314781e+17,2.0362204049155636e+16,4.663428171230368e+16,1313130112492.3132,4185465320784.119,33368925270905.41,4775730997440938.0
