t(s),Total solute volume 1,Total retention volume 1,Total 1 volume 1,Total 2 volume 1,Total 3 volume 1,Total 4 volume 1,Total 5 volume 1,Total 6 volume 1
0,1.8614795258035258e+17,2.9338205850252384e+17,1.6105550931134632e+16,3.561535913744106e+16,18171093179680.445,55624129585317.734,420224606114016.4,5.501917602471769e+16
