t(s),Total solute volume 1,Total retention volume 1,Total 1 volume 1,Total 2 volume 1,Total 3 volume 1,Total 4 volume 1,Total 5 volume 1,Total 6 volume 1
0,1.0896465516898744e+17,5.5576186012222765e+17,1.6105550931134632e+16,2.0848021191923476e+16,177136092461037.22,836350641586595.2,5084971555766111.0,4.0374517454037216e+17
