t(s),Total solute volume 1,Total retention volume 1,Total 1 volume 1,Total 2 volume 1,Total 3 volume 1,Total 4 volume 1,Total 5 volume 1,Total 6 volume 1
0,1.6839348350405472e+17,2.2370545165797994e+17,1.2878448802488326e+16,2.7543198044355056e+16,5811037152287.764,17115605901777.133,122831258144776.12,1.4744563405883634e+16
