t(s),Total solute volume 1,Total retention volume 1,Total 1 volume 1,Total 2 volume 1,Total 3 volume 1,Total 4 volume 1,Total 5 volume 1,Total 6 volume 1
0,9.566309649021271e+17,6.23491508862968e+18,6.205788698891987e+17,2.368112616809924e+18,802547832373752.1,4592059467881618.0,7.363003143596245e+16,2.2105679982922314e+18
