t(s),Total solute volume 1,Total retention volume 1,Total 1 volume 1,Total 2 volume 1,Total 3 volume 1,Total 4 volume 1,Total 5 volume 1,Total 6 volume 1
0,1.1999214403838232e+20,1.1035014691973152e+23,6.1524972335763196e+22,4.870349495676083e+22,4.819682504290752e+17,4.339829815960535e+17,2.893241182282474e+17,4.82207817878057e+17
