t(s),Total solute volume 1,Total retention volume 1,Total 1 volume 1,Total 2 volume 1,Total 3 volume 1,Total 4 volume 1,Total 5 volume 1,Total 6 volume 1
0,3.242824340493574e+18,1.6019797085475717e+20,3.120606282469643e+19,1.2489632049785533e+20,1.8866339842152816e+16,1.7868182312978845e+17,2.4256181172942317e+17,4.126532170113951e+17
