t(s),Total solute volume 1,Total retention volume 1,Total 1 volume 1,Total 2 volume 1,Total 3 volume 1,Total 4 volume 1,Total 5 volume 1,Total 6 volume 1
0,1.0438198847203212e+18,6.804618116824695e+18,7.538773491030418e+17,2.961613368357028e+18,901855203454348.2,5328924074092651.0,8.647424168478818e+16,1.9526024936819697e+18
