t(s),Total solute volume 1,Total retention volume 1,Total 1 volume 1,Total 2 volume 1,Total 3 volume 1,Total 4 volume 1,Total 5 volume 1,Total 6 volume 1
0,6.110165178850669e+17,2.814928580826812e+19,7.538773491030418e+17,1.7336694297627313e+18,8798574850412655.0,8.038632777781398e+16,1.1009705719270541e+18,2.386056703696202e+19
