t(s),Total solute volume 1,Total retention volume 1,Total 1 volume 1,Total 2 volume 1,Total 3 volume 1,Total 4 volume 1,Total 5 volume 1,Total 6 volume 1
0,1.3361787230712443e+17,1.573681280918052e+17,7687035129498279.0,1.522028754057002e+16,495283550521.8894,1334612350237.2764,8507098767610.231,832596119944713.9
