t(s),Total solute volume 1,Total retention volume 1,Total 1 volume 1,Total 2 volume 1,Total 3 volume 1,Total 4 volume 1,Total 5 volume 1,Total 6 volume 1
0,7.82153398870977e+16,1.0103609144372248e+17,7687035129498279.0,8909437720794750.0,4831754533815.837,20087381930949.508,103024762117205.72,6096334807749461.0
