t(s),Total solute volume 1,Total retention volume 1,Total 1 volume 1,Total 2 volume 1,Total 3 volume 1,Total 4 volume 1,Total 5 volume 1,Total 6 volume 1
0,1.710368165630296e+19,3.981237092237037e+21,3.850111262848305e+20,3.5784575145071524e+21,1.496079414066185e+17,1.2383602407112352e+17,1.0410208540019522e+17,2.8722373783728925e+17
