t(s),Total solute volume 1,Total retention volume 1,Total 1 volume 1,Total 2 volume 1,Total 3 volume 1,Total 4 volume 1,Total 5 volume 1,Total 6 volume 1
0,1.001191121344553e+19,2.563982961929459e+21,3.850111262848306e+20,2.1580146193043675e+21,2.0498090211071537e+18,3.1517873872657316e+18,2.1535055529308872e+18,3.5902031655397253e+18
