t(s),Total solute volume 1,Total retention volume 1,Total 1 volume 1,Total 2 volume 1,Total 3 volume 1,Total 4 volume 1,Total 5 volume 1,Total 6 volume 1
0,7.801667161565198e+18,5.848403379946672e+20,6.696388307350977e+19,5.094009276905077e+20,4.975826737248144e+16,1.3169255510820456e+17,1.3069557131443931e+17,3.6171367529004506e+17
