t(s),Total solute volume 1,Total retention volume 1,Total 1 volume 1,Total 2 volume 1,Total 3 volume 1,Total 4 volume 1,Total 5 volume 1,Total 6 volume 1
0,2.2349716812900077e+17,5.027316091590717e+18,7.99733013773092e+16,1.3153125251363437e+17,629500760731821.4,3918340028155004.0,3.438234609054098e+16,4.5533841826913633e+18
