t(s),Total solute volume 1,Total retention volume 1,Total 1 volume 1,Total 2 volume 1,Total 3 volume 1,Total 4 volume 1,Total 5 volume 1,Total 6 volume 1
0,3.818076622203744e+17,1.2595681874387118e+18,7.99733013773092e+16,2.2469880913100803e+17,64545274467419.266,260415687441068.12,2836772880794793.5,5.699266808673173e+17
