t(s),Total solute volume 1,Total retention volume 1,Total 1 volume 1,Total 2 volume 1,Total 3 volume 1,Total 4 volume 1,Total 5 volume 1,Total 6 volume 1
0,8.553063609334184e+16,1.239224927184043e+17,9383807851828778.0,1.1205049428947024e+16,11798067311297.404,50763951636174.03,272575285691005.72,1.7467862039647552e+16
