t(s),Total solute volume 1,Total retention volume 1,Total 1 volume 1,Total 2 volume 1,Total 3 volume 1,Total 4 volume 1,Total 5 volume 1,Total 6 volume 1
0,1.4611483665945994e+17,1.7705251016778726e+17,9383807851828776.0,1.9141956437258628e+16,1209433816663.9097,3373007542491.0454,22508596799873.37,2384818181081448.5
