t(s),Total solute volume 1,Total retention volume 1,Total 1 volume 1,Total 2 volume 1,Total 3 volume 1,Total 4 volume 1,Total 5 volume 1,Total 6 volume 1
0,1.3361787230712443e+17,1.620041370063946e+17,7687035129498279.0,1.522028754057002e+16,3219272984308.999,8674820338446.533,55295050905942.74,5411752884972362.0
