t(s),Total solute volume 1,Total retention volume 1,Total 1 volume 1,Total 2 volume 1,Total 3 volume 1,Total 4 volume 1,Total 5 volume 1,Total 6 volume 1
0,7.82153398870977e+16,1.3525902304925198e+17,7687035129498278.0,8909437720794750.0,31395611654856.555,130508047608146.98,669398621534277.2,3.961590803106328e+16
