t(s),Total solute volume 1,Total retention volume 1,Total 1 volume 1,Total 2 volume 1,Total 3 volume 1,Total 4 volume 1,Total 5 volume 1,Total 6 volume 1
0,3.242824340493574e+18,1.6915153943915918e+20,3.120606282469643e+19,1.2489632049785533e+20,2.1695301297276224e+17,2.0547157681917737e+18,2.789315802677825e+18,4.745347192272289e+18
