t(s),Total solute volume 1,Total retention volume 1,Total 1 volume 1,Total 2 volume 1,Total 3 volume 1,Total 4 volume 1,Total 5 volume 1,Total 6 volume 1
0,5.539824915009872e+18,2.5037685072200352e+20,3.120606282469643e+19,2.1299199081623975e+20,2.154113443747571e+16,1.0181647913804904e+17,1.359706535108765e+17,3.796438989705805e+17
