t(s),Total solute volume 1,Total retention volume 1,Total 1 volume 1,Total 2 volume 1,Total 3 volume 1,Total 4 volume 1,Total 5 volume 1,Total 6 volume 1
0,1.5180265269236467e+17,1.3661655545726444e+18,3.3743667340789536e+16,4.87842065642926e+16,275980230281243.8,1480420687217389.2,1.0665761765082528e+16,1.1194128652926308e+18
