t(s),Total solute volume 1,Total retention volume 1,Total 1 volume 1,Total 2 volume 1,Total 3 volume 1,Total 4 volume 1,Total 5 volume 1,Total 6 volume 1
0,2.5932953168279194e+17,5.279732437559149e+17,3.3743667340789536e+16,8.333962927494267e+16,28301251311988.336,98413381281471.94,880916821758729.2,1.5055278400303664e+17
