t(s),Total solute volume 1,Total retention volume 1,Total 1 volume 1,Total 2 volume 1,Total 3 volume 1,Total 4 volume 1,Total 5 volume 1,Total 6 volume 1
0,1.5746764332366418e+19,7.373140529236424e+21,1.0530177027067483e+21,6.302159391947708e+21,5.558054641660897e+17,5.957959598488035e+17,3.993882537129131e+17,6.656805718321165e+17
