t(s),Total solute volume 1,Total retention volume 1,Total 1 volume 1,Total 2 volume 1,Total 3 volume 1,Total 4 volume 1,Total 5 volume 1,Total 6 volume 1
0,2.6900722401125917e+19,1.097307102885267e+22,1.0530177027067483e+21,9.893021029122053e+21,3.5798510673221148e+16,2.3223317146516412e+16,1.930429253038122e+16,5.324850239214608e+16
