t(s),Total solute volume 1,Total retention volume 1,Total 1 volume 1,Total 2 volume 1,Total 3 volume 1,Total 4 volume 1,Total 5 volume 1,Total 6 volume 1
0,1.3361787230712443e+17,1.645327812568568e+17,7687035129498279.0,1.522028754057002e+16,4705035407440.339,12678456072111.082,80814973843448.52,7909387814340818.0
