t(s),Total solute volume 1,Total retention volume 1,Total 1 volume 1,Total 2 volume 1,Total 3 volume 1,Total 4 volume 1,Total 5 volume 1,Total 6 volume 1
0,1.950956450790701e+17,4.603402189878059e+17,5.905751296626006e+16,9.282918675798294e+16,18596052767475.098,109873609921857.52,899700228162314.2,1.1232970429364067e+17
