t(s),Total solute volume 1,Total retention volume 1,Total 1 volume 1,Total 2 volume 1,Total 3 volume 1,Total 4 volume 1,Total 5 volume 1,Total 6 volume 1
0,3.332883936767457e+17,5.656115351388992e+17,5.905751296626006e+16,1.5858298787719715e+17,1906108142842.6855,7299216672188.001,74237960016417.27,1.4599197333868286e+16
