t(s),Total solute volume 1,Total retention volume 1,Total 1 volume 1,Total 2 volume 1,Total 3 volume 1,Total 4 volume 1,Total 5 volume 1,Total 6 volume 1
0,1.950956450790701e+17,4.19958532048217e+18,5.905751296626006e+16,9.282918675798294e+16,631927032211546.9,3733029283002165.0,3.0571124917832548e+16,3.8176668944458097e+18
