t(s),Total solute volume 1,Total retention volume 1,Total 1 volume 1,Total 2 volume 1,Total 3 volume 1,Total 4 volume 1,Total 5 volume 1,Total 6 volume 1
0,3.332883936767457e+17,1.050121155145533e+18,5.905751296626006e+16,1.5858298787719715e+17,64805476575049.234,248166232134494.25,2524012978981452.0,4.963552759376376e+17
