t(s),Total solute volume 1,Total retention volume 1,Total 1 volume 1,Total 2 volume 1,Total 3 volume 1,Total 4 volume 1,Total 5 volume 1,Total 6 volume 1
0,8.957740053321614e+16,2.9989644212869376e+17,1.040317029189783e+16,1.2615155834536546e+16,114358032973816.95,500731839724392.0,2753615775786457.0,1.8393200982055782e+17
