t(s),Total solute volume 1,Total retention volume 1,Total 1 volume 1,Total 2 volume 1,Total 3 volume 1,Total 4 volume 1,Total 5 volume 1,Total 6 volume 1
0,1.5302805924424387e+17,2.1037458033159066e+17,1.0403170291897824e+16,2.15508874098567e+16,11732586260700.22,33308414985085.03,227600993353745.22,2.5119821390992204e+16
