t(s),Total solute volume 1,Total retention volume 1,Total 1 volume 1,Total 2 volume 1,Total 3 volume 1,Total 4 volume 1,Total 5 volume 1,Total 6 volume 1
0,1.3965732313027035e+17,1.787721771499185e+17,8483748054658170.0,1.7047137375161364e+16,7379638759754.762,20226626479615.28,131883585376828.28,1.342447873921157e+16
