t(s),Total solute volume 1,Total retention volume 1,Total 1 volume 1,Total 2 volume 1,Total 3 volume 1,Total 4 volume 1,Total 5 volume 1,Total 6 volume 1
0,8.175062817381762e+16,2.0044581070902282e+17,8483748054658170.0,9978813516605722.0,71941434468044.4,304138643422400.4,1595870784328878.0,9.826067010172261e+16
