t(s),Total solute volume 1,Total retention volume 1,Total 1 volume 1,Total 2 volume 1,Total 3 volume 1,Total 4 volume 1,Total 5 volume 1,Total 6 volume 1
0,3.8340070142403466e+18,2.5178256252587436e+20,4.533611706929847e+19,1.916287548066981e+20,3.5966282527936e+17,2.7499295512319713e+18,2.9327819684013235e+18,4.941309290723642e+18
