t(s),Total solute volume 1,Total retention volume 1,Total 1 volume 1,Total 2 volume 1,Total 3 volume 1,Total 4 volume 1,Total 5 volume 1,Total 6 volume 1
0,6.549761982660554e+18,3.7907528520429896e+20,4.533611706929847e+19,3.264895769282699e+20,3.505964224143262e+16,1.2705351043553354e+17,1.4239573842036827e+17,3.953203329739897e+17
