t(s),Total solute volume 1,Total retention volume 1,Total 1 volume 1,Total 2 volume 1,Total 3 volume 1,Total 4 volume 1,Total 5 volume 1,Total 6 volume 1
0,8.125946973719792e+16,8.994075814746042e+16,2534742031225782.5,4252075647885005.0,2691729184437.9194,5990554694429.273,29589845838940.16,1856198601433967.8
