t(s),Total solute volume 1,Total retention volume 1,Total 1 volume 1,Total 2 volume 1,Total 3 volume 1,Total 4 volume 1,Total 5 volume 1,Total 6 volume 1
0,4.7566518870554744e+16,6.663342235565126e+16,2534742031225782.5,2489019978208205.5,26224610488907.73,90001539431134.14,357793924443366.06,1.3569121401299654e+16
