t(s),Total solute volume 1,Total retention volume 1,Total 1 volume 1,Total 2 volume 1,Total 3 volume 1,Total 4 volume 1,Total 5 volume 1,Total 6 volume 1
0,4.584145573095851e+17,1.1475063328643592e+19,3.971127163555371e+17,8.29827887724081e+17,1753247064129571.2,1.4371381671811002e+16,1.7815934180739744e+17,9.595424196711045e+18
