t(s),Total solute volume 1,Total retention volume 1,Total 1 volume 1,Total 2 volume 1,Total 3 volume 1,Total 4 volume 1,Total 5 volume 1,Total 6 volume 1
0,7.831248687372006e+17,3.4435217623909376e+18,3.971127163555371e+17,1.417606166617462e+18,179709548777995.2,953995698743597.1,1.4453094518052332e+16,8.300912109151437e+17
