t(s),Total solute volume 1,Total retention volume 1,Total 1 volume 1,Total 2 volume 1,Total 3 volume 1,Total 4 volume 1,Total 5 volume 1,Total 6 volume 1
0,1.001191121344553e+19,2.558370092788039e+21,3.850111262848306e+20,2.1580146193043675e+21,9.986442615801819e+17,1.5355259182863404e+18,1.0491669104090893e+18,1.749098895140868e+18
