t(s),Total solute volume 1,Total retention volume 1,Total 1 volume 1,Total 2 volume 1,Total 3 volume 1,Total 4 volume 1,Total 5 volume 1,Total 6 volume 1
0,1.710368165630296e+19,3.9808961850393357e+21,3.850111262848305e+20,3.578457514507153e+21,7.288600963653518e+16,6.033043340726617e+16,5.0716456995486664e+16,1.399296909849723e+17
