t(s),Total solute volume 1,Total retention volume 1,Total 1 volume 1,Total 2 volume 1,Total 3 volume 1,Total 4 volume 1,Total 5 volume 1,Total 6 volume 1
0,7.772197376133865e+19,5.04523826771835e+22,1.0574109797244612e+22,3.980048746435126e+22,1.859317274641276e+16,1.089993357030537e+16,9032225254143400.0,2.491649452665739e+16
