t(s),Total solute volume 1,Total retention volume 1,Total 1 volume 1,Total 2 volume 1,Total 3 volume 1,Total 4 volume 1,Total 5 volume 1,Total 6 volume 1
0,4.5495789518832886e+19,4.520178099888612e+22,1.0574109797244612e+22,3.4581088036988603e+22,3.0878274335832954e+17,2.8026401171164003e+17,1.8687290035591792e+17,3.11455478594539e+17
