t(s),Total solute volume 1,Total retention volume 1,Total 1 volume 1,Total 2 volume 1,Total 3 volume 1,Total 4 volume 1,Total 5 volume 1,Total 6 volume 1
0,1.2782504508104443e+17,4.475743476240213e+17,2.2995109404381096e+16,3.1393140520667656e+16,86792415557030.16,435825838718216.6,2875289476903217.5,2.619631448867522e+17
