t(s),Total solute volume 1,Total retention volume 1,Total 1 volume 1,Total 2 volume 1,Total 3 volume 1,Total 4 volume 1,Total 5 volume 1,Total 6 volume 1
0,2.1836778534678442e+17,3.3081307989322976e+17,2.2995109404381096e+16,5.36299248106901e+16,8898399367354.727,28963570091719.434,237446705411211.94,3.5544951656505476e+16
