t(s),Total solute volume 1,Total retention volume 1,Total 1 volume 1,Total 2 volume 1,Total 3 volume 1,Total 4 volume 1,Total 5 volume 1,Total 6 volume 1
0,3.004256454956098e+17,1.5002589225556632e+19,1.5471077007747866e+17,2.808180725040099e+17,1608376283280875.5,1.1215523292372914e+16,1.1416169423034829e+17,1.413964914367353e+19
