t(s),Total solute volume 1,Total retention volume 1,Total 1 volume 1,Total 2 volume 1,Total 3 volume 1,Total 4 volume 1,Total 5 volume 1,Total 6 volume 1
0,1.1999214403838232e+20,1.1034943926766774e+23,6.1524972335763196e+22,4.870349495676083e+22,2.79853128199418e+17,2.5199083492151187e+17,1.6799505694884835e+17,2.7999208554384864e+17
