t(s),Total solute volume 1,Total retention volume 1,Total 1 volume 1,Total 2 volume 1,Total 3 volume 1,Total 4 volume 1,Total 5 volume 1,Total 6 volume 1
0,1.1999214403838232e+20,4.346075686096449e+23,6.1524972335763196e+22,4.870349495676083e+22,9.207431276369232e+22,6.2536104362358535e+22,4.866537380115185e+22,1.2098331824588123e+23
