t(s),Total solute volume 1,Total retention volume 1,Total 1 volume 1,Total 2 volume 1,Total 3 volume 1,Total 4 volume 1,Total 5 volume 1,Total 6 volume 1
0,1.772257703331625e+18,5.225119450423693e+19,8.108748995498784e+18,2.6581741941542703e+19,7.887260554975638e+16,9.768029481392835e+17,4.879397856182139e+18,9.85337245399259e+18
