t(s),Total solute volume 1,Total retention volume 1,Total 1 volume 1,Total 2 volume 1,Total 3 volume 1,Total 4 volume 1,Total 5 volume 1,Total 6 volume 1
0,3.027606909858182e+18,5.7640933620208755e+19,8.108748995498786e+18,4.539357696078196e+19,8039658744339820.0,6.020669056427412e+16,2.5430979635431136e+17,7.88444608406756e+17
