t(s),Total solute volume 1,Total retention volume 1,Total 1 volume 1,Total 2 volume 1,Total 3 volume 1,Total 4 volume 1,Total 5 volume 1,Total 6 volume 1
0,9.688003471877627e+16,1.1195181784421858e+17,3752113566455123.5,6674159898032270.0,4831404325215.734,11504784886394.074,62188558854889.945,4566984912887200.0
