t(s),Total solute volume 1,Total retention volume 1,Total 1 volume 1,Total 2 volume 1,Total 3 volume 1,Total 4 volume 1,Total 5 volume 1,Total 6 volume 1
0,5.67102642256257e+16,9.872707226748445e+16,3752113566455123.5,3906825519925697.5,47066292279995.13,172824502143711.53,751890341275043.5,3.3386087819779264e+16
