t(s),Total solute volume 1,Total retention volume 1,Total 1 volume 1,Total 2 volume 1,Total 3 volume 1,Total 4 volume 1,Total 5 volume 1,Total 6 volume 1
0,8.70000992795148e+16,9.652656237498032e+16,2951661998355005.5,5065423436879563.0,1900020044119.1946,4341035581190.3237,22206093771296.613,1480930510834095.2
