t(s),Total solute volume 1,Total retention volume 1,Total 1 volume 1,Total 2 volume 1,Total 3 volume 1,Total 4 volume 1,Total 5 volume 1,Total 6 volume 1
0,4.443246134384989e+19,2.690922120045664e+22,3.1834588077439205e+21,2.3681226433136985e+22,2.988799066055561e+16,1.7883118685212492e+16,1.4826438594610024e+16,4.090068387544259e+16
