t(s),Total solute volume 1,Total retention volume 1,Total 1 volume 1,Total 2 volume 1,Total 3 volume 1,Total 4 volume 1,Total 5 volume 1,Total 6 volume 1
0,2.600924566469286e+19,2.0412920924688024e+22,3.1834588077439205e+21,1.7201685979806866e+22,4.8923403636330995e+17,4.596495465303873e+17,3.067512359306347e+17,5.112566540044014e+17
