t(s),Total solute volume 1,Total retention volume 1,Total 1 volume 1,Total 2 volume 1,Total 3 volume 1,Total 4 volume 1,Total 5 volume 1,Total 6 volume 1
0,2.2349716812900077e+17,6.496315537829232e+18,7.99733013773092e+16,1.3153125251363437e+17,830843074502533.9,5171394629205828.0,4.537859966249057e+16,6.009932978443088e+18
