t(s),Total solute volume 1,Total retention volume 1,Total 1 volume 1,Total 2 volume 1,Total 3 volume 1,Total 4 volume 1,Total 5 volume 1,Total 6 volume 1
0,3.818076622203744e+17,1.442950640472477e+18,7.99733013773092e+16,2.2469880913100803e+17,85199126069245.44,343746533795510.8,3744514861751568.0,7.522974072221747e+17
