t(s),Total solute volume 1,Total retention volume 1,Total 1 volume 1,Total 2 volume 1,Total 3 volume 1,Total 4 volume 1,Total 5 volume 1,Total 6 volume 1
0,1.3860424099942965e+19,2.405809255239103e+21,2.4107704894684447e+20,2.150589277857543e+21,5.298560484357714e+16,5.4561805812030744e+16,4.653411352322997e+16,1.2842281061375682e+17
