t(s),Total solute volume 1,Total retention volume 1,Total 1 volume 1,Total 2 volume 1,Total 3 volume 1,Total 4 volume 1,Total 5 volume 1,Total 6 volume 1
0,8.113418985332498e+18,1.5352772822838178e+21,2.4107704894684447e+20,1.2814745496521558e+21,6.696863287674262e+17,1.37490352475366e+18,9.625137748134161e+17,1.605161071156507e+18
