t(s),Total solute volume 1,Total retention volume 1,Total 1 volume 1,Total 2 volume 1,Total 3 volume 1,Total 4 volume 1,Total 5 volume 1,Total 6 volume 1
0,6.615112269277926e+16,1.4085047108938e+17,5290051337496820.0,5798287762430659.0,66389934022904.5,258667886434055.28,1217784272158737.2,6.206816720405608e+16
