t(s),Total solute volume 1,Total retention volume 1,Total 1 volume 1,Total 2 volume 1,Total 3 volume 1,Total 4 volume 1,Total 5 volume 1,Total 6 volume 1
0,1.1300816793349946e+17,1.3681645013022416e+17,5290051337496820.0,9905407456456888.0,6813948761244.42,17215678710660.887,100704103364785.16,8488089671934783.0
