t(s),Total solute volume 1,Total retention volume 1,Total 1 volume 1,Total 2 volume 1,Total 3 volume 1,Total 4 volume 1,Total 5 volume 1,Total 6 volume 1
0,2.445311007127456e+17,4.4339247590058976e+17,2.9598370758294e+16,7.168383321791445e+16,20048303313434.67,68157724431823.45,592053461032205.9,9.689891172285422e+16
