t(s),Total solute volume 1,Total retention volume 1,Total 1 volume 1,Total 2 volume 1,Total 3 volume 1,Total 4 volume 1,Total 5 volume 1,Total 6 volume 1
0,1.4314015651477992e+17,9.408087827468385e+17,2.9598370758294e+16,4.196129288420449e+16,195515894682557.53,1025388722916858.1,7168566215820711.0,7.177194917561379e+17
