t(s),Total solute volume 1,Total retention volume 1,Total 1 volume 1,Total 2 volume 1,Total 3 volume 1,Total 4 volume 1,Total 5 volume 1,Total 6 volume 1
0,1.2852690019555497e+18,9.203640651240861e+18,1.1991975012111887e+18,5.049221861376426e+18,1279405106728166.5,8144607871834726.0,1.2920263983160022e+17,1.531325633887492e+18
