t(s),Total solute volume 1,Total retention volume 1,Total 1 volume 1,Total 2 volume 1,Total 3 volume 1,Total 4 volume 1,Total 5 volume 1,Total 6 volume 1
0,1.2782504508104443e+17,4.033548870147691e+17,2.2995109404381096e+16,3.139314052066766e+16,72330192891331.23,363209529500719.9,2396194654531060.0,2.1830985763175235e+17
