t(s),Total solute volume 1,Total retention volume 1,Total 1 volume 1,Total 2 volume 1,Total 3 volume 1,Total 4 volume 1,Total 5 volume 1,Total 6 volume 1
0,2.445311007127456e+17,3.829869637042366e+17,2.9598370758294e+16,7.168383321791445e+16,7637576383754.752,25965214451792.31,225547587955274.53,3.691450863648927e+16
