t(s),Total solute volume 1,Total retention volume 1,Total 1 volume 1,Total 2 volume 1,Total 3 volume 1,Total 4 volume 1,Total 5 volume 1,Total 6 volume 1
0,1.4314015651477992e+17,4.913680694310239e+17,2.9598370758294e+16,4.196129288420449e+16,74501875789336.17,390761804174075.2,2731702851441964.5,2.734712827423409e+17
