t(s),Total solute volume 1,Total retention volume 1,Total 1 volume 1,Total 2 volume 1,Total 3 volume 1,Total 4 volume 1,Total 5 volume 1,Total 6 volume 1
0,2.067829880351787e+17,2.8100136076725338e+17,2.0362204049155636e+16,4.663428171230368e+16,1969692316672.337,6278190283431.909,50053322224982.07,7163585765786999.0
