t(s),Total solute volume 1,Total retention volume 1,Total 1 volume 1,Total 2 volume 1,Total 3 volume 1,Total 4 volume 1,Total 5 volume 1,Total 6 volume 1
0,1.2104370031327629e+17,2.2213833798123203e+17,2.036220404915564e+16,2.7298126560537492e+16,19215316075626.305,94493750511829.3,606218242198229.4,5.2714379749476376e+16
