t(s),Total solute volume 1,Total retention volume 1,Total 1 volume 1,Total 2 volume 1,Total 3 volume 1,Total 4 volume 1,Total 5 volume 1,Total 6 volume 1
0,1.0438198847203212e+18,6.086004617535926e+18,7.538773491030419e+17,2.961613368357028e+18,584990614348797.6,3456616688148687.0,5.609170026701192e+16,1.2665607077860308e+18
