t(s),Total solute volume 1,Total retention volume 1,Total 1 volume 1,Total 2 volume 1,Total 3 volume 1,Total 4 volume 1,Total 5 volume 1,Total 6 volume 1
0,9.402531052744658e+17,1.9983052074642973e+19,1.9718743661304886e+18,5.234982861726286e+18,1.2441918546559004e+16,1.3278800561411808e+17,1.7524387464821745e+18,9.938273070868904e+18
