t(s),Total solute volume 1,Total retention volume 1,Total 1 volume 1,Total 2 volume 1,Total 3 volume 1,Total 4 volume 1,Total 5 volume 1,Total 6 volume 1
0,1.6062657215105326e+18,1.3448042409449261e+19,1.9718743661304888e+18,8.94244010427008e+18,1274300717095068.2,8731828414264498.0,1.1992941118867856e+17,7.975266772181853e+17
