t(s),Total solute volume 1,Total retention volume 1,Total 1 volume 1,Total 2 volume 1,Total 3 volume 1,Total 4 volume 1,Total 5 volume 1,Total 6 volume 1
0,2.7620042352160896e+18,1.1008098322402568e+20,2.1816306119850037e+19,8.283158743020675e+19,4.024667061992754e+16,4.398533857449022e+17,8.023432124298377e+17,1.3886421699579645e+18
