t(s),Total solute volume 1,Total retention volume 1,Total 1 volume 1,Total 2 volume 1,Total 3 volume 1,Total 4 volume 1,Total 5 volume 1,Total 6 volume 1
0,4.718423901827473e+18,1.6805264458746865e+20,2.1816306119850037e+19,1.413400008682567e+20,4042356233359250.5,2.339119816508284e+16,3.93856518836978e+16,1.1109449125286131e+17
