t(s),Total solute volume 1,Total retention volume 1,Total 1 volume 1,Total 2 volume 1,Total 3 volume 1,Total 4 volume 1,Total 5 volume 1,Total 6 volume 1
0,2.7620042352160896e+18,1.1631322065394498e+20,2.1816306119850037e+19,8.283158743020675e+19,1.3415099306005621e+17,1.4661111470151007e+18,2.674373385292947e+18,4.628687343303782e+18
