t(s),Total solute volume 1,Total retention volume 1,Total 1 volume 1,Total 2 volume 1,Total 3 volume 1,Total 4 volume 1,Total 5 volume 1,Total 6 volume 1
0,1.4611483665945994e+17,1.8549390101206262e+17,9383807851828778.0,1.9141956437258628e+16,5442310712072.582,15178199863387.717,101286299666137.33,1.0731393253274364e+16
