t(s),Total solute volume 1,Total retention volume 1,Total 1 volume 1,Total 2 volume 1,Total 3 volume 1,Total 4 volume 1,Total 5 volume 1,Total 6 volume 1
0,8.553063609334184e+16,1.8620795557609658e+17,9383807851828778.0,1.1205049428947024e+16,53069524578449.4,228312618725403.75,1226015233588593.8,7.85810648250866e+16
