t(s),Total solute volume 1,Total retention volume 1,Total 1 volume 1,Total 2 volume 1,Total 3 volume 1,Total 4 volume 1,Total 5 volume 1,Total 6 volume 1
0,1.001191121344553e+19,2.560053977369627e+21,3.850111262848306e+20,2.1580146193043675e+21,1.313997967556595e+18,2.0204131467004861e+18,1.3804736269122793e+18,2.3014358258388867e+18
