t(s),Total solute volume 1,Total retention volume 1,Total 1 volume 1,Total 2 volume 1,Total 3 volume 1,Total 4 volume 1,Total 5 volume 1,Total 6 volume 1
0,1.710368165630296e+19,3.980998457283995e+21,3.850111262848305e+20,3.578457514507153e+21,9.590260894380027e+16,7.938212446772024e+16,6.673215798776618e+16,1.841179443171539e+17
