t(s),Total solute volume 1,Total retention volume 1,Total 1 volume 1,Total 2 volume 1,Total 3 volume 1,Total 4 volume 1,Total 5 volume 1,Total 6 volume 1
0,1.6043878280498112e+17,2.0334147135463123e+17,1.1560640218829554e+16,2.4329176620616796e+16,2980541300605.4507,8616895458964.254,60325130311882.92,6940949143131999.0
