t(s),Total solute volume 1,Total retention volume 1,Total 1 volume 1,Total 2 volume 1,Total 3 volume 1,Total 4 volume 1,Total 5 volume 1,Total 6 volume 1
0,9.391538505657402e+16,1.714742799376776e+17,1.1560640218829556e+16,1.4241472081799574e+16,29072507664790.297,129667957687849.44,730455512058376.5,5.086758660306357e+16
