t(s),Total solute volume 1,Total retention volume 1,Total 1 volume 1,Total 2 volume 1,Total 3 volume 1,Total 4 volume 1,Total 5 volume 1,Total 6 volume 1
0,4.7566518870554744e+16,6.365722581043211e+16,2534742031225782.5,2489019978208205.5,20668260324456.496,70939846365870.28,281998485243860.94,1.0693338338509356e+16
