t(s),Total solute volume 1,Total retention volume 1,Total 1 volume 1,Total 2 volume 1,Total 3 volume 1,Total 4 volume 1,Total 5 volume 1,Total 6 volume 1
0,1.3860424099942965e+19,2.4060729107336025e+21,2.4107704894684447e+20,2.1505892778574658e+21,1.0243873371555248e+17,1.0548606865667286e+17,8.996586905566926e+16,2.4826915790227968e+17
