t(s),Total solute volume 1,Total retention volume 1,Total 1 volume 1,Total 2 volume 1,Total 3 volume 1,Total 4 volume 1,Total 5 volume 1,Total 6 volume 1
0,8.113418985332498e+18,1.539581942734615e+21,2.4107704894684447e+20,1.281474549652156e+21,1.2947064846204488e+18,2.6580908146133714e+18,1.860826517937442e+18,3.103301333116146e+18
