t(s),Total solute volume 1,Total retention volume 1,Total 1 volume 1,Total 2 volume 1,Total 3 volume 1,Total 4 volume 1,Total 5 volume 1,Total 6 volume 1
0,8.405294887353384e+16,9.306657889817347e+16,2733248773475387.0,4637024230775944.0,2199092387142.515,4958190879104.271,24918783407358.73,1611280953714387.5
