t(s),Total solute volume 1,Total retention volume 1,Total 1 volume 1,Total 2 volume 1,Total 3 volume 1,Total 4 volume 1,Total 5 volume 1,Total 6 volume 1
0,4.920172616987362e+16,6.682871040964253e+16,2733248773475387.0,2714355750467661.0,21432706012744.492,74527993697618.3,301437562713822.8,1.1781981453402396e+16
