t(s),Total solute volume 1,Total retention volume 1,Total 1 volume 1,Total 2 volume 1,Total 3 volume 1,Total 4 volume 1,Total 5 volume 1,Total 6 volume 1
0,1.5460920402662884e+18,4.216159238269846e+19,5.979897840391367e+18,1.873360234042119e+19,5.642201547565047e+16,6.889955572161297e+17,4.645548376975068e+18,1.0511034211952706e+19
