t(s),Total solute volume 1,Total retention volume 1,Total 1 volume 1,Total 2 volume 1,Total 3 volume 1,Total 4 volume 1,Total 5 volume 1,Total 6 volume 1
0,2.641240568788231e+18,4.175861586139449e+19,5.979897840391367e+18,3.199484310387922e+19,5761962540146933.0,4.353545977982945e+16,2.5214858855790816e+17,8.411883374576806e+17
