t(s),Total solute volume 1,Total retention volume 1,Total 1 volume 1,Total 2 volume 1
0,4.751131107528108e+17,9.989690596317796e+17,1.3024520054842829e+17,3.9361074833054605e+17
