t(s),Total solute volume 1,Total retention volume 1,Total 1 volume 1,Total 2 volume 1
0,2.781149916601816e+17,6.387672273947082e+17,1.3024520054842829e+17,2.3040703518610144e+17
