t(s),Total solute volume 1,Total retention volume 1,Total 1 volume 1,Total 2 volume 1,Total 3 volume 1,Total 4 volume 1,Total 5 volume 1,Total 6 volume 1
0,8.553063609334184e+16,1.1057054135784822e+17,9383807851828776.0,1.1205049428947024e+16,2949776222773.291,12692478944362.627,68150653302135.016,4367255075261339.0
