t(s),Total solute volume 1,Total retention volume 1,Total 1 volume 1,Total 2 volume 1,Total 3 volume 1,Total 4 volume 1,Total 5 volume 1,Total 6 volume 1
0,1.4611483665945994e+17,1.7524358172279274e+17,9383807851828774.0,1.9141956437258628e+16,302360138301.45355,843255862845.9803,5627177604748.595,596207980639581.8
