t(s),Total solute volume 1,Total retention volume 1,Total 1 volume 1,Total 2 volume 1,Total 3 volume 1,Total 4 volume 1,Total 5 volume 1,Total 6 volume 1
0,7.523525865105635e+17,1.059154623831812e+19,1.1991975012111887e+18,2.955764414391274e+18,3405590532676333.5,3.3600124561225628e+16,4.7170179587800006e+17,5.175524225233176e+18
