t(s),Total solute volume 1,Total retention volume 1,Total 1 volume 1,Total 2 volume 1,Total 3 volume 1,Total 4 volume 1,Total 5 volume 1,Total 6 volume 1
0,1.2852690019555497e+18,7.989134277783893e+18,1.1991975012111887e+18,5.049221861376426e+18,348931943849682.75,2221274364453668.8,3.5237383624509452e+16,4.1763832330787584e+17
