t(s),Total solute volume 1,Total retention volume 1,Total 1 volume 1,Total 2 volume 1,Total 3 volume 1,Total 4 volume 1,Total 5 volume 1,Total 6 volume 1
0,2.9302339152982e+17,5.5301991914273715e+17,4.431341940307482e+16,1.1399288614301397e+17,15728361056708.775,57322314565782.94,546082574882019.2,1.0107108881632109e+17
