t(s),Total solute volume 1,Total retention volume 1,Total 1 volume 1,Total 2 volume 1,Total 3 volume 1,Total 4 volume 1,Total 5 volume 1,Total 6 volume 1
0,1.7152588772477386e+17,1.0510539957036815e+18,4.431341940307482e+16,6.672760546581344e+16,153420162582581.5,862645382618535.6,6614987574806510.0,7.608560299900164e+17
