t(s),Total solute volume 1,Total retention volume 1,Total 1 volume 1,Total 2 volume 1,Total 3 volume 1,Total 4 volume 1,Total 5 volume 1,Total 6 volume 1
0,5.599791014061281e+17,1.4351202483793824e+19,6.205788698891987e+17,1.3862391755847913e+18,3327905825335635.0,2.9426934627525492e+16,3.9320266889640704e+17,1.1358447827564433e+19
