t(s),Total solute volume 1,Total retention volume 1,Total 1 volume 1,Total 2 volume 1,Total 3 volume 1,Total 4 volume 1,Total 5 volume 1,Total 6 volume 1
0,9.566309649021271e+17,4.918410471130185e+18,6.205788698891987e+17,2.368112616809924e+18,341086622873011.0,1951643656796579.8,3.129307881920354e+16,9.395022104300791e+17
