t(s),Total solute volume 1,Total retention volume 1,Total 1 volume 1,Total 2 volume 1,Total 3 volume 1,Total 4 volume 1,Total 5 volume 1,Total 6 volume 1
0,1.0446784147997133e+17,1.1716223777196262e+17,4439458008290587.5,8097793286123659.0,142947560204.57172,350405319595.20386,1968780906352.3604,154682863790338.25
