t(s),Total solute volume 1,Total retention volume 1,Total 1 volume 1,Total 2 volume 1,Total 3 volume 1,Total 4 volume 1,Total 5 volume 1,Total 6 volume 1
0,6.1151907207788056e+16,7.14941021742472e+16,4439458008290587.5,4740171994361016.0,1394562042637.2915,5274147750898.53,23843167706914.188,1132053086308034.0
