t(s),Total solute volume 1,Total retention volume 1,Total 1 volume 1,Total 2 volume 1,Total 3 volume 1,Total 4 volume 1,Total 5 volume 1,Total 6 volume 1
0,1.0860966694806053e+17,1.2588735988082042e+17,4841705944743442.0,8946718178722158.0,2962207581156.3877,7370663857779.792,42246475259391.8,3436689462595663.0
