t(s),Total solute volume 1,Total retention volume 1,Total 1 volume 1,Total 2 volume 1,Total 3 volume 1,Total 4 volume 1,Total 5 volume 1,Total 6 volume 1
0,6.357639040862142e+16,9.944763407287235e+16,4841705944743442.0,5237103708245424.0,28880963193962.96,110847431982583.12,511271302472995.25,2.514143431361326e+16
