t(s),Total solute volume 1,Total retention volume 1,Total 1 volume 1,Total 2 volume 1,Total 3 volume 1,Total 4 volume 1,Total 5 volume 1,Total 6 volume 1
0,8.405294887353384e+16,9.273792620379098e+16,2733248773475387.0,4637024230775944.0,1759298171934.9678,3966599024675.788,19935275877773.13,1289043152931428.2
