t(s),Total solute volume 1,Total retention volume 1,Total 1 volume 1,Total 2 volume 1,Total 3 volume 1,Total 4 volume 1,Total 5 volume 1,Total 6 volume 1
0,4.920172616987362e+16,6.439446188253317e+16,2733248773475387.0,2714355750467661.0,17149895400565.965,59639720194678.31,241209856874774.3,9427131716246144.0
