t(s),Total solute volume 1,Total retention volume 1,Total 1 volume 1,Total 2 volume 1,Total 3 volume 1,Total 4 volume 1,Total 5 volume 1,Total 6 volume 1
0,3.489495779037574e+18,8.110057436446672e+19,1.1130180818752053e+19,6.530313094388769e+19,1.2375653510935758e+16,8.915487794531861e+16,2.7201024615205344e+17,8.04226045180754e+17
