t(s),Total solute volume 1,Total retention volume 1,Total 1 volume 1,Total 2 volume 1,Total 3 volume 1,Total 4 volume 1,Total 5 volume 1,Total 6 volume 1
0,2.0426316755341617e+18,6.8463867304368546e+19,1.1130180818752053e+19,3.824669850510912e+19,1.2176187304869019e+17,1.4993066694303447e+18,5.371964597361982e+18,1.0051323165131762e+19
