t(s),Total solute volume 1,Total retention volume 1,Total 1 volume 1,Total 2 volume 1,Total 3 volume 1,Total 4 volume 1,Total 5 volume 1,Total 6 volume 1
0,8.175062817381762e+16,1.9302545273713843e+17,8483748054658170.0,9978813516605722.0,66616470317724.76,281632615458762.3,1477760060769378.0,9.098625384551133e+16
