t(s),Total solute volume 1,Total retention volume 1,Total 1 volume 1,Total 2 volume 1,Total 3 volume 1,Total 4 volume 1,Total 5 volume 1,Total 6 volume 1
0,1.3965732313027035e+17,1.7776600708246896e+17,8483748054658170.0,1.7047137375161364e+16,6833025058092.075,18728418674467.56,122114855342309.16,1.243012222330245e+16
