t(s),Total solute volume 1,Total retention volume 1,Total 1 volume 1,Total 2 volume 1,Total 3 volume 1,Total 4 volume 1,Total 5 volume 1,Total 6 volume 1
0,8.394286150660815e+17,1.9096537456959947e+19,1.531053857194819e+18,3.913959566691929e+18,1.0144549907151838e+16,1.0409312492776603e+17,1.4384884805984445e+18,1.1259369262573818e+19
