t(s),Total solute volume 1,Total retention volume 1,Total 1 volume 1,Total 2 volume 1,Total 3 volume 1,Total 4 volume 1,Total 5 volume 1,Total 6 volume 1
0,1.4340238840712154e+18,1.066783520730198e+19,1.531053857194819e+18,6.68598110410038e+18,1039278198706848.1,6867159940219834.0,1.0338941809410578e+17,9.054805057024974e+17
