t(s),Total solute volume 1,Total retention volume 1,Total 1 volume 1,Total 2 volume 1,Total 3 volume 1,Total 4 volume 1,Total 5 volume 1,Total 6 volume 1
0,1.2485206491236938e+19,4.324490522499891e+21,6.290856345856501e+20,3.681406950378977e+21,3.388164304046286e+17,4.193852975748106e+17,2.829287338210081e+17,4.7160058222206906e+17
