t(s),Total solute volume 1,Total retention volume 1,Total 1 volume 1,Total 2 volume 1,Total 3 volume 1,Total 4 volume 1,Total 5 volume 1,Total 6 volume 1
0,2.1328894422529733e+19,6.631223638892312e+21,6.290856345856501e+20,5.980718300898622e+21,2.3016125359052184e+16,1.6390499027392128e+16,1.367562117085809e+16,3.772673995336444e+16
