t(s),Total solute volume 1,Total retention volume 1,Total 1 volume 1,Total 2 volume 1,Total 3 volume 1,Total 4 volume 1,Total 5 volume 1,Total 6 volume 1
0,1.710368165630296e+19,3.980776852579351e+21,3.850111262848305e+20,3.5784575145069726e+21,4.6033289019734e+16,3.810344546251862e+16,3.2031457062131924e+16,8.836193969144693e+16
