t(s),Total solute volume 1,Total retention volume 1,Total 1 volume 1,Total 2 volume 1,Total 3 volume 1,Total 4 volume 1,Total 5 volume 1,Total 6 volume 1
0,1.001191121344553e+19,2.556405534949694e+21,3.850111262848306e+20,2.1580146193043675e+21,6.307269698582254e+17,9.698146314401005e+17,6.62636856930934e+17,1.1046996888292986e+18
