t(s),Total solute volume 1,Total retention volume 1,Total 1 volume 1,Total 2 volume 1,Total 3 volume 1,Total 4 volume 1,Total 5 volume 1,Total 6 volume 1
0,4.751131107528108e+17,2.2908135358218353e+18,1.3024520054842829e+17,3.9361074833054605e+17,134608656731262.03,590621233186696.5,7172354342181011.0,1.2839468919579515e+18
