t(s),Total solute volume 1,Total retention volume 1,Total 1 volume 1,Total 2 volume 1,Total 3 volume 1,Total 4 volume 1,Total 5 volume 1,Total 6 volume 1
0,2.781149916601816e+17,1.2102351755489872e+19,1.3024520054842829e+17,2.3040703518610144e+17,1312791156583303.0,8887214959276775.0,8.705962017281627e+16,1.136632490180646e+19
