t(s),Total solute volume 1,Total retention volume 1,Total 1 volume 1,Total 2 volume 1
0,1.2796251387281995e+17,1.4856534311162246e+17,6980090150537523.0,1.3622739088267018e+16
