t(s),Total solute volume 1,Total retention volume 1,Total 1 volume 1,Total 2 volume 1
0,7.49048861694545e+16,8.98592635061234e+16,6980090150537523.0,7974287186130815.0
