t(s),Total solute volume 1,Total retention volume 1,Total 1 volume 1,Total 2 volume 1,Total 3 volume 1,Total 4 volume 1,Total 5 volume 1,Total 6 volume 1
0,2.1836778534678442e+17,3.21858130799965e+17,2.2995109404381096e+16,5.36299248106901e+16,6673827406200.966,21722754413165.33,178085703285541.34,2.6658828953007108e+16
