t(s),Total solute volume 1,Total retention volume 1,Total 1 volume 1,Total 2 volume 1,Total 3 volume 1,Total 4 volume 1,Total 5 volume 1,Total 6 volume 1
0,2.7544357765683786e+17,5.2132437999883354e+17,3.860071170759496e+16,9.727055195100427e+16,18680379197927.254,66481056252115.42,613675796412416.6,1.093107014515374e+17
