t(s),Total solute volume 1,Total retention volume 1,Total 1 volume 1,Total 2 volume 1,Total 3 volume 1,Total 4 volume 1,Total 5 volume 1,Total 6 volume 1
0,1.612352649698545e+17,1.0825180160072837e+18,3.860071170759496e+16,5.693890508297374e+16,182200822792031.75,1000361887233083.9,7432449559280010.0,8.17128121977565e+17
