t(s),Total solute volume 1,Total retention volume 1,Total 1 volume 1,Total 2 volume 1,Total 3 volume 1,Total 4 volume 1,Total 5 volume 1,Total 6 volume 1
0,5.274852243967814e+16,7.655512624581435e+16,3192384722575143.5,3244736830869188.5,27038701112416.67,96571889314364.92,404793187010239.8,1.6841078475255326e+16
