t(s),Total solute volume 1,Total retention volume 1,Total 1 volume 1,Total 2 volume 1,Total 3 volume 1,Total 4 volume 1,Total 5 volume 1,Total 6 volume 1
0,6.030890236958341e+17,3.4081163724392207e+18,2.2173507663096877e+17,7.255463282409612e+17,236427421663945.22,1136495032465468.5,1.5455406092494824e+16,1.8409176153248305e+18
