t(s),Total solute volume 1,Total retention volume 1,Total 1 volume 1,Total 2 volume 1,Total 3 volume 1,Total 4 volume 1,Total 5 volume 1,Total 6 volume 1
0,3.5302772118780864e+17,2.0080310920175165e+19,2.2173507663096877e+17,4.247125719959892e+17,2305964826688718.5,1.710605067157755e+16,1.883592762630258e+17,1.887306425859913e+19
