t(s),Total solute volume 1,Total retention volume 1,Total 1 volume 1,Total 2 volume 1,Total 3 volume 1,Total 4 volume 1,Total 5 volume 1,Total 6 volume 1
0,9.566309649021271e+17,6.177676384365373e+18,6.205788698891987e+17,2.368112616809924e+18,782484515001439.0,4477259814761153.0,7.178931211496623e+16,2.1553048763194135e+18
