t(s),Total solute volume 1,Total retention volume 1,Total 1 volume 1,Total 2 volume 1,Total 3 volume 1,Total 4 volume 1,Total 5 volume 1,Total 6 volume 1
0,5.599791014061281e+17,2.9598120308992647e+19,6.205788698891987e+17,1.3862391755847913e+18,7633325227843898.0,6.749370428082146e+16,9.018804760829161e+17,2.6054315656520995e+19
