t(s),Total solute volume 1,Total retention volume 1,Total 1 volume 1,Total 2 volume 1,Total 3 volume 1,Total 4 volume 1,Total 5 volume 1,Total 6 volume 1
0,2.0861979911880643e+17,8.20927570616393e+17,6.858169948084933e+16,1.1023516579767e+17,64791880574013.86,392804731227657.2,3328092595449414.5,4.2970521701182106e+17
