t(s),Total solute volume 1,Total retention volume 1,Total 1 volume 1,Total 2 volume 1,Total 3 volume 1,Total 4 volume 1,Total 5 volume 1,Total 6 volume 1
0,3.563921568279588e+17,6.685380925891858e+17,6.858169948084933e+16,1.8831811750643e+17,6641387641696.572,26095781209962.977,274568104831649.25,5.493881350026193e+16
