t(s),Total solute volume 1,Total retention volume 1,Total 1 volume 1,Total 2 volume 1,Total 3 volume 1,Total 4 volume 1,Total 5 volume 1,Total 6 volume 1
0,4.751131107528108e+17,2.4522892989172106e+18,1.3024520054842829e+17,3.9361074833054605e+17,151434255324900.75,664447090947353.0,8068875287882250.0,1.4444354826512773e+18
