t(s),Total solute volume 1,Total retention volume 1,Total 1 volume 1,Total 2 volume 1,Total 3 volume 1,Total 4 volume 1,Total 5 volume 1,Total 6 volume 1
0,1.1768416328259624e+17,1.3953234537428816e+17,5790815030907821.0,1.0990603481902652e+16,3729964382474.2676,9571921144247.396,57167800943180.97,4996293892412406.0
