t(s),Total solute volume 1,Total retention volume 1,Total 1 volume 1,Total 2 volume 1,Total 3 volume 1,Total 4 volume 1,Total 5 volume 1,Total 6 volume 1
0,2.2349716812900077e+17,6.129090265559773e+18,7.99733013773092e+16,1.3153125251363437e+17,780511945375275.2,4858167965819078.0,4.262981326963106e+16,5.645820050358993e+18
