t(s),Total solute volume 1,Total retention volume 1,Total 1 volume 1,Total 2 volume 1,Total 3 volume 1,Total 4 volume 1,Total 5 volume 1,Total 6 volume 1
0,3.818076622203744e+17,1.3971052926459456e+18,7.99733013773092e+16,2.2469880913100803e+17,80035692087394.9,322913921005691.75,3517580518341137.0,7.067049897858205e+17
