t(s),Total solute volume 1,Total retention volume 1,Total 1 volume 1,Total 2 volume 1,Total 3 volume 1,Total 4 volume 1,Total 5 volume 1,Total 6 volume 1
0,1.2104370031327629e+17,5.782248447575538e+17,2.036220404915564e+16,2.729812656053749e+16,147250096766378.34,724009854475408.6,4645251936610129.0,4.0400430194673446e+17
