t(s),Total solute volume 1,Total retention volume 1,Total 1 volume 1,Total 2 volume 1,Total 3 volume 1,Total 4 volume 1,Total 5 volume 1,Total 6 volume 1
0,7.772197376133865e+19,5.0452458807340875e+22,1.0574109797244612e+22,3.980048746435125e+22,4.090496985002336e+16,2.397984879524876e+16,1.9870891072154468e+16,5.481627382937765e+16
