t(s),Total solute volume 1,Total retention volume 1,Total 1 volume 1,Total 2 volume 1,Total 3 volume 1,Total 4 volume 1,Total 5 volume 1,Total 6 volume 1
0,4.5495789518832886e+19,4.520308583925747e+22,1.0574109797244612e+22,3.4581088036988603e+22,6.7931936282959e+17,6.165775851564045e+17,4.1111853693561606e+17,6.852000204384588e+17
