t(s),Total solute volume 1,Total retention volume 1,Total 1 volume 1,Total 2 volume 1,Total 3 volume 1,Total 4 volume 1,Total 5 volume 1,Total 6 volume 1
0,2.0498657939890205e+20,1.1119345167528067e+23,6.1524972335763196e+22,4.946344516545733e+22,1.3995571261068432e+16,8166422360639904.0,6766489406569881.0,1.8666177511816516e+16
