t(s),Total solute volume 1,Total retention volume 1,Total 1 volume 1,Total 2 volume 1,Total 3 volume 1,Total 4 volume 1,Total 5 volume 1,Total 6 volume 1
0,1.1999214403838232e+20,1.103492759629012e+23,6.1524972335763196e+22,4.870349495676083e+22,2.3321105472268045e+17,2.0999250023804042e+17,1.3999595918613973e+17,2.3332682436810547e+17
