t(s),Total solute volume 1,Total retention volume 1,Total 1 volume 1,Total 2 volume 1,Total 3 volume 1,Total 4 volume 1,Total 5 volume 1,Total 6 volume 1
0,1.5180265269236467e+17,2.7787868984350077e+17,3.3743667340789536e+16,4.87842065642926e+16,10619783258771.816,56976227881766.19,410448898558626.4,4.307011833635658e+16
