t(s),Total solute volume 1,Total retention volume 1,Total 1 volume 1,Total 2 volume 1,Total 3 volume 1,Total 4 volume 1,Total 5 volume 1,Total 6 volume 1
0,2.5932953168279194e+17,3.822422605158937e+17,3.3743667340789536e+16,8.333962927494267e+16,1088543172795.4595,3785228711557.9897,33882361396497.58,5790676084089547.0
