t(s),Total solute volume 1,Total retention volume 1,Total 1 volume 1,Total 2 volume 1,Total 3 volume 1,Total 4 volume 1,Total 5 volume 1,Total 6 volume 1
0,4.5495789518832886e+19,4.520188973599194e+22,1.0574109797244612e+22,3.4581088036988603e+22,3.3966090633714714e+17,3.082902778567648e+17,2.0556011356421802e+17,3.426009417675337e+17
