t(s),Total solute volume 1,Total retention volume 1,Total 1 volume 1,Total 2 volume 1,Total 3 volume 1,Total 4 volume 1,Total 5 volume 1,Total 6 volume 1
0,2.9302339152982e+17,7.748804389037523e+17,4.431341940307482e+16,1.1399288614301397e+17,50043430186135.75,182385001056630.72,1737492830958071.5,3.215808205656402e+17
