t(s),Total solute volume 1,Total retention volume 1,Total 1 volume 1,Total 2 volume 1,Total 3 volume 1,Total 4 volume 1,Total 5 volume 1,Total 6 volume 1
0,1.7152588772477386e+17,2.726961068063227e+18,4.431341940307482e+16,6.672760546581345e+16,487946493382135.56,2743214388179508.5,2.103743678804839e+16,2.420125557799969e+18
