t(s),Total solute volume 1,Total retention volume 1,Total 1 volume 1,Total 2 volume 1,Total 3 volume 1,Total 4 volume 1,Total 5 volume 1,Total 6 volume 1
0,7.49048861694545e+16,1.4741662658425245e+17,6980090150537523.0,7974287186130815.0,48225915498804.78,197142882537297.44,989063971321064.2,5.632293030877207e+16
