t(s),Total solute volume 1,Total retention volume 1,Total 1 volume 1,Total 2 volume 1,Total 3 volume 1,Total 4 volume 1,Total 5 volume 1,Total 6 volume 1
0,2.641240568788231e+18,4.1073037173170725e+19,5.979897840391367e+18,3.199484310387922e+19,2304794713825550.5,1.741424595771053e+16,1.0085982002016502e+17,3.3647679942015546e+17
