t(s),Total solute volume 1,Total retention volume 1,Total 1 volume 1,Total 2 volume 1,Total 3 volume 1,Total 4 volume 1,Total 5 volume 1,Total 6 volume 1
0,1.5460920402662884e+18,3.2620769527386923e+19,5.979897840391367e+18,1.873360234042119e+19,2.2570305528223384e+16,2.7562268235644467e+17,1.8583600818625528e+18,4.2046242365608417e+18
