t(s),Total solute volume 1,Total retention volume 1,Total 1 volume 1,Total 2 volume 1,Total 3 volume 1,Total 4 volume 1,Total 5 volume 1,Total 6 volume 1
0,1.5460920402662884e+18,4.481162006479861e+19,5.979897840391367e+18,1.873360234042119e+19,6.5824470083295064e+16,8.03808335632277e+17,5.41969243256479e+18,1.226270260543938e+19
