t(s),Total solute volume 1,Total retention volume 1,Total 1 volume 1,Total 2 volume 1,Total 3 volume 1,Total 4 volume 1,Total 5 volume 1,Total 6 volume 1
0,2.641240568788231e+18,4.1949053362412356e+19,5.979897840391367e+18,3.199484310387922e+19,6722281773226713.0,5.079131947479172e+16,2.94173041723872e+17,9.813852063815126e+17
