t(s),Total solute volume 1,Total retention volume 1,Total 1 volume 1,Total 2 volume 1,Total 3 volume 1,Total 4 volume 1,Total 5 volume 1,Total 6 volume 1
0,1.1999214403838232e+20,1.1035041909276652e+23,6.1524972335763196e+22,4.870349495676083e+22,5.597046067909859e+17,5.0397968548250746e+17,3.359889850079006e+17,5.599829267163683e+17
