t(s),Total solute volume 1,Total retention volume 1,Total 1 volume 1,Total 2 volume 1,Total 3 volume 1,Total 4 volume 1,Total 5 volume 1,Total 6 volume 1
0,1.6062657215105326e+18,1.40972584767597e+19,1.9718743661304888e+18,8.94244010427008e+18,2166301097650218.8,1.4844049576587656e+16,2.0387913575736544e+17,1.3557887984170662e+18
