t(s),Total solute volume 1,Total retention volume 1,Total 1 volume 1,Total 2 volume 1,Total 3 volume 1,Total 4 volume 1,Total 5 volume 1,Total 6 volume 1
0,9.402531052744658e+17,2.8266997367709827e+19,1.9718743661304886e+18,5.234982861726286e+18,2.114970143329428e+16,2.2571736708570515e+17,2.978895373050681e+18,1.6894124593008898e+19
