t(s),Total solute volume 1,Total retention volume 1,Total 1 volume 1,Total 2 volume 1,Total 3 volume 1,Total 4 volume 1,Total 5 volume 1,Total 6 volume 1
0,1.2485206491236938e+19,2.6789550731439904e+23,6.290856345856501e+20,3.6814069503789776e+21,5.894012682877593e+22,5.655028893593871e+22,4.390934417566879e+22,1.0417276958256261e+23
