t(s),Total solute volume 1,Total retention volume 1,Total 1 volume 1,Total 2 volume 1,Total 3 volume 1,Total 4 volume 1,Total 5 volume 1,Total 6 volume 1
0,2.1328894422529733e+19,6.631405261727416e+21,6.290856345856501e+20,5.980718300898714e+21,6.904833265930315e+16,4.9171470906660104e+16,4.102684067386141e+16,1.1318517625949138e+17
