t(s),Total solute volume 1,Total retention volume 1,Total 1 volume 1,Total 2 volume 1,Total 3 volume 1,Total 4 volume 1,Total 5 volume 1,Total 6 volume 1
0,1.2485206491236938e+19,4.3275159190255373e+21,6.290856345856501e+20,3.681406950378976e+21,1.0164391995118653e+18,1.258139204954471e+18,8.487765913070258e+17,1.414772573909128e+18
