t(s),Total solute volume 1,Total retention volume 1,Total 1 volume 1,Total 2 volume 1,Total 3 volume 1,Total 4 volume 1,Total 5 volume 1,Total 6 volume 1
0,6.639539189064714e+18,9.485173158354075e+20,1.542273968290348e+20,7.742999917924197e+20,1.4025101651484918e+18,4.0463122423367327e+18,2.9606090292962355e+18,4.940956588106601e+18
