t(s),Total solute volume 1,Total retention volume 1,Total 1 volume 1,Total 2 volume 1,Total 3 volume 1,Total 4 volume 1,Total 5 volume 1,Total 6 volume 1
0,1.1342546114652189e+19,1.4749639284127947e+21,1.542273968290348e+20,1.3085723532580747e+21,1.1969726167197522e+17,1.634704842985849e+17,1.4318235119010136e+17,3.95282113874268e+17
