t(s),Total solute volume 1,Total retention volume 1,Total 1 volume 1,Total 2 volume 1,Total 3 volume 1,Total 4 volume 1,Total 5 volume 1,Total 6 volume 1
0,1.4314015651477992e+17,5.605244931852032e+17,2.9598370758294e+16,4.196129288420449e+16,93123568857150.95,488425799497204.75,3414470738901130.5,3.418286529206731e+17
