t(s),Total solute volume 1,Total retention volume 1,Total 1 volume 1,Total 2 volume 1,Total 3 volume 1,Total 4 volume 1,Total 5 volume 1,Total 6 volume 1
0,2.445311007127456e+17,3.9228025510801574e+17,2.9598370758294e+16,7.168383321791445e+16,9546945959645.885,32456447477512.81,281933828719548.5,4.6143013196902296e+16
