t(s),Total solute volume 1,Total retention volume 1,Total 1 volume 1,Total 2 volume 1,Total 3 volume 1,Total 4 volume 1,Total 5 volume 1,Total 6 volume 1
0,2.399005506587524e+17,1.1881480810862346e+18,9.36616297076456e+16,1.5772427002204848e+17,88511000794643.47,566198364140550.5,5149202031563327.0,6.910577193012888e+17
