t(s),Total solute volume 1,Total retention volume 1,Total 1 volume 1,Total 2 volume 1,Total 3 volume 1,Total 4 volume 1,Total 5 volume 1,Total 6 volume 1
0,4.0983010737537254e+17,8.575409275213911e+17,9.36616297076456e+16,2.6944503277455203e+17,9072592287623.295,37613322524608.64,424539735177469.44,8.4132932013836e+16
