t(s),Total solute volume 1,Total retention volume 1,Total 1 volume 1,Total 2 volume 1,Total 3 volume 1,Total 4 volume 1,Total 5 volume 1,Total 6 volume 1
0,3.004256454956098e+17,5.492444514667416e+18,1.5471077007747866e+17,2.808180725040099e+17,536266074488921.9,3739817936747588.0,3.806527852209494e+16,4.714148664056977e+18
