t(s),Total solute volume 1,Total retention volume 1,Total 1 volume 1,Total 2 volume 1,Total 3 volume 1,Total 4 volume 1,Total 5 volume 1,Total 6 volume 1
0,1.454865482009603e+20,8.391700301291363e+22,3.579686312483719e+22,4.797460062369274e+22,1.5496065562841008e+16,9046476039665390.0,7495739080062263.0,2.0677901326823284e+16
