t(s),Total solute volume 1,Total retention volume 1,Total 1 volume 1,Total 2 volume 1,Total 3 volume 1,Total 4 volume 1,Total 5 volume 1,Total 6 volume 1
0,8.516285748348854e+19,8.217014440953043e+22,3.579686312483719e+22,4.628721412782856e+22,2.5812137728319658e+17,2.3262092581048688e+17,1.550837953866197e+17,2.5847328243306298e+17
