t(s),Total solute volume 1,Total retention volume 1,Total 1 volume 1,Total 2 volume 1,Total 3 volume 1,Total 4 volume 1,Total 5 volume 1,Total 6 volume 1
0,3.8340070142403466e+18,2.5015542198983075e+20,4.533611706929847e+19,1.916287548066981e+20,3.0638180464529274e+17,2.342556695338365e+18,2.4983176966771456e+18,4.209286902932461e+18
