t(s),Total solute volume 1,Total retention volume 1,Total 1 volume 1,Total 2 volume 1,Total 3 volume 1,Total 4 volume 1,Total 5 volume 1,Total 6 volume 1
0,3.2527447322874304e+17,7.458129956075893e+18,1.8471874136236307e+17,3.4428597201944646e+17,756799277786167.2,5441064220506592.0,5.758598710788971e+16,6.540066918859139e+18
