t(s),Total solute volume 1,Total retention volume 1,Total 1 volume 1,Total 2 volume 1,Total 3 volume 1,Total 4 volume 1,Total 5 volume 1,Total 6 volume 1
0,5.556772250990977e+17,2.0043246972503823e+18,1.8471874136236307e+17,5.881523663147372e+17,77579578540260.1,361434739330603.7,4732470558391612.0,6.70604879597921e+17
