t(s),Total solute volume 1,Total retention volume 1,Total 1 volume 1,Total 2 volume 1,Total 3 volume 1,Total 4 volume 1,Total 5 volume 1,Total 6 volume 1
0,1.2782504508104443e+17,4.2546498632606906e+17,2.2995109404381096e+16,3.1393140520667656e+16,79561463182091.55,399518750293407.1,2635748068584224.5,2.4013686303791456e+17
