t(s),Total solute volume 1,Total retention volume 1,Total 1 volume 1,Total 2 volume 1,Total 3 volume 1,Total 4 volume 1,Total 5 volume 1,Total 6 volume 1
0,1.827745988668061e+17,1.1125859620554561e+18,5.1059153534519e+16,7.853065002362187e+16,144658861423637.06,833502039663470.1,6602077170006779.0,7.92641321559406e+17
