t(s),Total solute volume 1,Total retention volume 1,Total 1 volume 1,Total 2 volume 1,Total 3 volume 1,Total 4 volume 1,Total 5 volume 1,Total 6 volume 1
0,3.122399397307938e+17,6.023849340721368e+17,5.1059153534519e+16,1.3415637957682182e+17,14829556497635.502,55382243274312.67,544928367401386.0,1.0431432106282803e+17
