t(s),Total solute volume 1,Total retention volume 1,Total 1 volume 1,Total 2 volume 1,Total 3 volume 1,Total 4 volume 1,Total 5 volume 1,Total 6 volume 1
0,2.781149916601816e+17,1.0311628197277843e+19,1.3024520054842829e+17,2.3040703518610144e+17,1107737316729985.0,7499218618943010.0,7.346182956461053e+16,9.590792184382847e+18
