t(s),Total solute volume 1,Total retention volume 1,Total 1 volume 1,Total 2 volume 1,Total 3 volume 1,Total 4 volume 1,Total 5 volume 1,Total 6 volume 1
0,4.751131107528108e+17,2.08896733310248e+18,1.3024520054842829e+17,3.9361074833054605e+17,113576507399418.38,498338349624961.94,6051695864237213.0,1.0833346627494367e+18
