t(s),Total solute volume 1,Total retention volume 1,Total 1 volume 1,Total 2 volume 1,Total 3 volume 1,Total 4 volume 1,Total 5 volume 1,Total 6 volume 1
0,1.2104370031327629e+17,6.138198989570989e+17,2.036220404915564e+16,2.7298126560537492e+16,160047138590041.5,786919196620109.5,5048923858692149.0,4.391199778402246e+17
