t(s),Total solute volume 1,Total retention volume 1,Total 1 volume 1,Total 2 volume 1,Total 3 volume 1,Total 4 volume 1,Total 5 volume 1,Total 6 volume 1
0,2.067829880351787e+17,3.339598840755625e+17,2.0362204049155636e+16,4.663428171230368e+16,16413579777559.08,52316841148606.7,417098977319233.1,5.969458088067722e+16
