t(s),Total solute volume 1,Total retention volume 1,Total 1 volume 1,Total 2 volume 1,Total 3 volume 1,Total 4 volume 1,Total 5 volume 1,Total 6 volume 1
0,9.566309649021271e+17,5.490807489772388e+18,6.205788698891987e+17,2.368112616809924e+18,541723192805300.3,3099656643091009.5,4.9700554404940376e+16,1.4921431039303027e+18
