t(s),Total solute volume 1,Total retention volume 1,Total 1 volume 1,Total 2 volume 1,Total 3 volume 1,Total 4 volume 1,Total 5 volume 1,Total 6 volume 1
0,1.8614795258035258e+17,2.854519857282176e+17,1.6105550931134632e+16,3.561535913744106e+16,15575344296944.781,47678140485174.53,360195067424895.0,4.715967452708305e+16
