t(s),Total solute volume 1,Total retention volume 1,Total 1 volume 1,Total 2 volume 1,Total 3 volume 1,Total 4 volume 1,Total 5 volume 1,Total 6 volume 1
0,1.0896465516898744e+17,4.9724565904389e+17,1.6105550931134632e+16,2.0848021191923476e+16,151849635669262.44,716989897676126.9,4359158927632887.5,3.460994332908689e+17
