t(s),Total solute volume 1,Total retention volume 1,Total 1 volume 1,Total 2 volume 1,Total 3 volume 1,Total 4 volume 1,Total 5 volume 1,Total 6 volume 1
0,1.8614795258035258e+17,2.981400407666806e+17,1.6105550931134632e+16,3.561535913744106e+16,19728523059035.4,60391672627722.69,456241921685619.06,5.973481600037841e+16
