t(s),Total solute volume 1,Total retention volume 1,Total 1 volume 1,Total 2 volume 1,Total 3 volume 1,Total 4 volume 1,Total 5 volume 1,Total 6 volume 1
0,1.0896465516898744e+17,5.908663222371936e+17,1.6105550931134632e+16,2.0848021191923476e+16,192304977452115.34,907948244445284.1,5520361336303065.0,4.383274803869441e+17
