t(s),Total solute volume 1,Total retention volume 1,Total 1 volume 1,Total 2 volume 1,Total 3 volume 1,Total 4 volume 1,Total 5 volume 1,Total 6 volume 1
0,3.242824340493574e+18,1.7085688931904995e+20,3.120606282469643e+19,1.2489632049785533e+20,2.5468175927677926e+17,2.4120296484134103e+18,3.2743817757924035e+18,5.570588472522876e+18
