t(s),Total solute volume 1,Total retention volume 1,Total 1 volume 1,Total 2 volume 1,Total 3 volume 1,Total 4 volume 1,Total 5 volume 1,Total 6 volume 1
0,5.539824915009872e+18,2.504879762704696e+20,3.120606282469643e+19,2.1299199081623975e+20,2.528740477394601e+16,1.1952363721521216e+17,1.5961764422169878e+17,4.456690283118986e+17
