t(s),Total solute volume 1,Total retention volume 1,Total 1 volume 1,Total 2 volume 1,Total 3 volume 1,Total 4 volume 1,Total 5 volume 1,Total 6 volume 1
0,1.4611483665945994e+17,1.933319294808985e+17,9383807851828778.0,1.9141956437258628e+16,9372642231517.799,26139698861360.434,174433700665346.56,1.848138249059429e+16
