t(s),Total solute volume 1,Total retention volume 1,Total 1 volume 1,Total 2 volume 1,Total 3 volume 1,Total 4 volume 1,Total 5 volume 1,Total 6 volume 1
0,4.7566518870554744e+16,5.386824240251448e+16,2534742031225782.5,2489019978208205.5,2387246352174.7817,8196587119589.176,32576348481356.65,1234801340572676.0
