t(s),Total solute volume 1,Total retention volume 1,Total 1 volume 1,Total 2 volume 1,Total 3 volume 1,Total 4 volume 1,Total 5 volume 1,Total 6 volume 1
0,8.125946973719792e+16,8.821852709373318e+16,2534742031225782.5,4252075647885005.0,244723398249.88235,544634976182.9103,2690192654500.7773,168760126395294.44
