t(s),Total solute volume 1,Total retention volume 1,Total 1 volume 1,Total 2 volume 1,Total 3 volume 1,Total 4 volume 1,Total 5 volume 1,Total 6 volume 1
0,8.405294887353384e+16,9.227779671609355e+16,2733248773475387.0,4637024230775944.0,1143565891109.58,2578331519687.7734,12958156055569.98,837894784841971.2
