t(s),Total solute volume 1,Total retention volume 1,Total 1 volume 1,Total 2 volume 1,Total 3 volume 1,Total 4 volume 1,Total 5 volume 1,Total 6 volume 1
0,4.920172616987362e+16,6.098514751460696e+16,2733248773475387.0,2714355750467661.0,11150828620867.562,38781595091468.016,156840863474268.06,6129043533604055.0
