t(s),Total solute volume 1,Total retention volume 1,Total 1 volume 1,Total 2 volume 1,Total 3 volume 1,Total 4 volume 1,Total 5 volume 1,Total 6 volume 1
0,3.4133172510483444e+19,3.150068511669763e+22,5.744900751039818e+21,2.57204529767919e+22,3.375163753422608e+17,3.097681957523733e+17,2.0659892491996858e+17,3.443328595818889e+17
