t(s),Total solute volume 1,Total retention volume 1,Total 1 volume 1,Total 2 volume 1,Total 3 volume 1,Total 4 volume 1,Total 5 volume 1,Total 6 volume 1
0,5.831083637207589e+19,3.810641513471445e+22,5.744900751039818e+21,3.230313354759354e+22,2.041864384007069e+16,1.2048704309714028e+16,9985663944477294.0,2.7546697507975508e+16
