t(s),Total solute volume 1,Total retention volume 1,Total 1 volume 1,Total 2 volume 1,Total 3 volume 1,Total 4 volume 1,Total 5 volume 1,Total 6 volume 1
0,4.7566518870554744e+16,1.758787905417791e+17,2534742031225782.5,2489019978208205.5,229623360297039.47,785049824680408.2,3127860147103137.0,1.1914597632970928e+17
