t(s),Total solute volume 1,Total retention volume 1,Total 1 volume 1,Total 2 volume 1
0,1.4314015651477992e+17,2.1469982015727597e+17,2.9598370758294e+16,4.196129288420449e+16
