t(s),Total solute volume 1,Total retention volume 1,Total 1 volume 1,Total 2 volume 1
0,2.445311007127456e+17,3.458133046889552e+17,2.9598370758294e+16,7.168383321791445e+16
