t(s),Total solute volume 1,Total retention volume 1,Total 1 volume 1,Total 2 volume 1,Total 3 volume 1,Total 4 volume 1,Total 5 volume 1,Total 6 volume 1
0,4.0452254584778307e+18,1.1491678833744888e+20,1.5476103569735985e+19,9.533228108352348e+19,972739332147180.2,6458907097745293.0,1.4401851180135058e+16,4.13447281019385e+16
