t(s),Total solute volume 1,Total retention volume 1,Total 1 volume 1,Total 2 volume 1,Total 3 volume 1,Total 4 volume 1,Total 5 volume 1,Total 6 volume 1
0,2.3679368537431424e+18,7.462239964030653e+19,1.5476103569735987e+19,5.584790903245229e+19,9615149824470760.0,1.141149931290016e+17,2.899324301151802e+17,5.1678761130624454e+17
