t(s),Total solute volume 1,Total retention volume 1,Total 1 volume 1,Total 2 volume 1,Total 3 volume 1,Total 4 volume 1,Total 5 volume 1,Total 6 volume 1
0,6.1674638455494386e+19,6.141126825021665e+22,1.961934451448198e+22,4.172998634441791e+22,7.488463245238214e+16,6.763000942923526e+16,4.508931678768869e+16,7.514890301578642e+16
