t(s),Total solute volume 1,Total retention volume 1,Total 1 volume 1,Total 2 volume 1,Total 3 volume 1,Total 4 volume 1,Total 5 volume 1,Total 6 volume 1
0,1.0536084069480294e+20,6.471819913283002e+22,1.961934451448198e+22,4.49934784566537e+22,4499641901230888.5,2630122637507030.5,2179319069939062.5,6011915515354274.0
