t(s),Total solute volume 1,Total retention volume 1,Total 1 volume 1,Total 2 volume 1,Total 3 volume 1,Total 4 volume 1,Total 5 volume 1,Total 6 volume 1
0,4.7566518870554744e+16,5.557178246160269e+16,2534742031225782.5,2489019978208205.5,5569247627231.599,19120811653781.844,75996019531134.11,2880815502802109.0
