t(s),Total solute volume 1,Total retention volume 1,Total 1 volume 1,Total 2 volume 1,Total 3 volume 1,Total 4 volume 1,Total 5 volume 1,Total 6 volume 1
0,1.3517038836082043e+17,5.5609872782640954e+17,2.6047523684028044e+16,3.622882322688759e+16,106517184169177.12,546488190528335.94,3710017918384757.5,3.542889692615855e+17
