t(s),Total solute volume 1,Total retention volume 1,Total 1 volume 1,Total 2 volume 1,Total 3 volume 1,Total 4 volume 1,Total 5 volume 1,Total 6 volume 1
0,2.1328894422529733e+19,6.631450659494264e+21,6.290856345856501e+20,5.980718300898606e+21,8.05563754385996e+16,5.73667084122056e+16,4.786463982904035e+16,1.3204186380514293e+17
