t(s),Total solute volume 1,Total retention volume 1,Total 1 volume 1,Total 2 volume 1,Total 3 volume 1,Total 4 volume 1,Total 5 volume 1,Total 6 volume 1
0,1.2485206491236938e+19,4.3282723175366556e+21,6.290856345856501e+20,3.6814069503789776e+21,1.185842789390143e+18,1.4678242054197248e+18,9.902365648174688e+17,1.6506225211445033e+18
