t(s),Total solute volume 1,Total retention volume 1,Total 1 volume 1,Total 2 volume 1,Total 3 volume 1,Total 4 volume 1,Total 5 volume 1,Total 6 volume 1
0,6.615112269277926e+16,1.0270029724378509e+17,5290051337496820.0,5798287762430659.0,26578418311680.715,103583958669922.11,487583011043094.56,2.484309006305328e+16
