t(s),Total solute volume 1,Total retention volume 1,Total 1 volume 1,Total 2 volume 1,Total 3 volume 1,Total 4 volume 1,Total 5 volume 1,Total 6 volume 1
0,1.1300816793349946e+17,1.3164894660934842e+17,5290051337496820.0,9905407456456890.0,2725725477350.2734,6886583780946.5,40283596449946.92,3395423976187663.5
