t(s),Total solute volume 1,Total retention volume 1,Total 1 volume 1,Total 2 volume 1,Total 3 volume 1,Total 4 volume 1,Total 5 volume 1,Total 6 volume 1
0,8.394286150660815e+17,1.84864936148579e+19,1.531053857194819e+18,3.913959566691929e+18,9661531312901240.0,9.91370662585962e+16,1.3699979538892237e+18,1.0723255024444387e+19
