t(s),Total solute volume 1,Total retention volume 1,Total 1 volume 1,Total 2 volume 1,Total 3 volume 1,Total 4 volume 1,Total 5 volume 1,Total 6 volume 1
0,1.4340238840712154e+18,1.06194176424679e+19,1.531053857194819e+18,6.685981104100383e+18,989789118936486.9,6540154328563710.0,9.846614476996277e+16,8.623627088839762e+17
