t(s),Total solute volume 1,Total retention volume 1,Total 1 volume 1,Total 2 volume 1,Total 3 volume 1,Total 4 volume 1,Total 5 volume 1,Total 6 volume 1
0,3.027606909858182e+18,5.731838651080202e+19,8.108748995498786e+18,4.539357696078196e+19,5705575156029514.0,4.272739781749412e+16,1.8047823205209946e+17,5.595424396373278e+17
