t(s),Total solute volume 1,Total retention volume 1,Total 1 volume 1,Total 2 volume 1,Total 3 volume 1,Total 4 volume 1,Total 5 volume 1,Total 6 volume 1
0,1.772257703331625e+18,4.766775946695772e+19,8.108748995498784e+18,2.6581741941542703e+19,5.5975793285318984e+16,6.932428916443596e+17,3.462917391525332e+18,6.992874750129561e+18
