t(s),Total solute volume 1,Total retention volume 1,Total 1 volume 1,Total 2 volume 1,Total 3 volume 1,Total 4 volume 1,Total 5 volume 1,Total 6 volume 1
0,8.125946973719792e+16,8.810370097693701e+16,2534742031225782.5,4252075647885005.0,81574927127.62955,181545860902.41086,896735477857.5787,56253704362356.734
