t(s),Total solute volume 1,Total retention volume 1,Total 1 volume 1,Total 2 volume 1,Total 3 volume 1,Total 4 volume 1,Total 5 volume 1,Total 6 volume 1
0,2.5802946377090512e+17,1.1601909553647993e+19,1.1018915844204802e+17,1.9011722470774906e+17,1318554937265863.2,8672693918244307.0,8.182884593641242e+16,1.0951753611935334e+19
