t(s),Total solute volume 1,Total retention volume 1,Total 1 volume 1,Total 2 volume 1,Total 3 volume 1,Total 4 volume 1,Total 5 volume 1,Total 6 volume 1
0,4.408003339419685e+17,2.1721353222915095e+18,1.1018915844204802e+17,3.247827274525352e+17,135213218523828.28,576463354252040.9,6746674519063263.0,1.2889047513631127e+18
