t(s),Total solute volume 1,Total retention volume 1,Total 1 volume 1,Total 2 volume 1,Total 3 volume 1,Total 4 volume 1,Total 5 volume 1,Total 6 volume 1
0,9.367034766423861e+18,9.198376498249105e+20,1.00671705467033e+20,8.09242238822048e+20,5.908462562329287e+16,1.1171116020980594e+17,1.0254223561903064e+17,2.8333274795504166e+17
