t(s),Total solute volume 1,Total retention volume 1,Total 1 volume 1,Total 2 volume 1,Total 3 volume 1,Total 4 volume 1,Total 5 volume 1,Total 6 volume 1
0,5.483142302296937e+18,5.920179162579852e+20,1.00671705467033e+20,4.768663777774811e+20,6.515287153140975e+17,2.6845724644046157e+18,2.1190627378451886e+18,3.5415267936073523e+18
