t(s),Total solute volume 1,Total retention volume 1,Total 1 volume 1,Total 2 volume 1,Total 3 volume 1,Total 4 volume 1,Total 5 volume 1,Total 6 volume 1
0,8.957740053321614e+16,2.8920116520200806e+17,1.040317029189783e+16,1.2615155834536546e+16,107829398574278.7,472154323448329.9,2596434009491637.5,1.734290208108425e+17
