t(s),Total solute volume 1,Total retention volume 1,Total 1 volume 1,Total 2 volume 1,Total 3 volume 1,Total 4 volume 1,Total 5 volume 1,Total 6 volume 1
0,1.5302805924424387e+17,2.0892367127149434e+17,1.0403170291897824e+16,2.15508874098567e+16,11062192498039.69,31405172515378.07,214595920917375.28,2.3684491039563524e+16
