t(s),Total solute volume 1,Total retention volume 1,Total 1 volume 1,Total 2 volume 1,Total 3 volume 1,Total 4 volume 1,Total 5 volume 1,Total 6 volume 1
0,1.0056372927748115e+17,1.1319992214085222e+17,4077840541915392.0,7344347682422831.0,1181618238838.897,2854371659988.41,15727330424186.26,1194241318708903.2
