t(s),Total solute volume 1,Total retention volume 1,Total 1 volume 1,Total 2 volume 1,Total 3 volume 1,Total 4 volume 1,Total 5 volume 1,Total 6 volume 1
0,5.88665732355986e+16,7.622634779957064e+16,4077840541915392.0,4299130609532137.0,11524264433295.662,42945817630446.734,190404222132371.16,8737929108328306.0
