t(s),Total solute volume 1,Total retention volume 1,Total 1 volume 1,Total 2 volume 1,Total 3 volume 1,Total 4 volume 1,Total 5 volume 1,Total 6 volume 1
0,1.3860424099942965e+19,2.4056774157658573e+21,2.4107704894684447e+20,2.1505892778574658e+21,2.825900336212379e+16,2.9099642062840076e+16,2.4818204448523052e+16,6.848801171362047e+16
