t(s),Total solute volume 1,Total retention volume 1,Total 1 volume 1,Total 2 volume 1,Total 3 volume 1,Total 4 volume 1,Total 5 volume 1,Total 6 volume 1
0,8.113418985332498e+18,1.5331249198458664e+21,2.4107704894684447e+20,1.281474549652156e+21,3.5716885830569434e+17,7.33289604286261e+17,5.1334529629604416e+17,8.560985026495466e+17
