t(s),Total solute volume 1,Total retention volume 1,Total 1 volume 1,Total 2 volume 1,Total 3 volume 1,Total 4 volume 1,Total 5 volume 1,Total 6 volume 1
0,7.831248687372006e+17,3.68514154585856e+18,3.971127163555371e+17,1.417606166617462e+18,231054618298856.3,1226563579590652.8,1.8582512497331772e+16,1.0672576634531332e+18
