t(s),Total solute volume 1,Total retention volume 1,Total 1 volume 1,Total 2 volume 1,Total 3 volume 1,Total 4 volume 1,Total 5 volume 1,Total 6 volume 1
0,4.584145573095851e+17,1.4271784794915465e+19,3.971127163555371e+17,8.29827887724081e+17,2254095346772201.5,1.8476620735189604e+16,2.2905280736586634e+17,1.2336646110078417e+19
