t(s),Total solute volume 1,Total retention volume 1,Total 1 volume 1,Total 2 volume 1,Total 3 volume 1,Total 4 volume 1,Total 5 volume 1,Total 6 volume 1
0,1.0357694112375635e+17,2.3194922899932864e+17,1.4382961689890436e+16,1.830613831100575e+16,45219966198964.34,209425927922430.9,1240487988636893.8,9.418805399191933e+16
