t(s),Total solute volume 1,Total retention volume 1,Total 1 volume 1,Total 2 volume 1,Total 3 volume 1,Total 4 volume 1,Total 5 volume 1,Total 6 volume 1
0,2.3091608011640064e+17,3.5974140639726586e+17,2.6047523684028044e+16,6.18908749437171e+16,9240691741332.688,30730880252518.625,259239953562554.7,4.058771612756359e+16
