t(s),Total solute volume 1,Total retention volume 1,Total 1 volume 1,Total 2 volume 1,Total 3 volume 1,Total 4 volume 1,Total 5 volume 1,Total 6 volume 1
0,1.3517038836082043e+17,5.009312275322382e+17,2.6047523684028044e+16,3.622882322688759e+16,90133732291148.72,462439177165298.44,3139397097452285.0,2.9979252225359104e+17
