t(s),Total solute volume 1,Total retention volume 1,Total 1 volume 1,Total 2 volume 1,Total 3 volume 1,Total 4 volume 1,Total 5 volume 1,Total 6 volume 1
0,3.818076622203744e+17,9.844891991606286e+17,7.99733013773092e+16,2.2469880913100803e+17,33563918682835.56,135417441905435.34,1475136872433399.0,2.9636530819891744e+17
