t(s),Total solute volume 1,Total retention volume 1,Total 1 volume 1,Total 2 volume 1,Total 3 volume 1,Total 4 volume 1,Total 5 volume 1,Total 6 volume 1
0,2.2349716812900077e+17,2.8233250374049623e+18,7.99733013773092e+16,1.3153125251363437e+17,327398280163772.94,2038018126945504.2,1.7882424054885334e+16,2.3680754749230464e+18
