t(s),Total solute volume 1,Total retention volume 1,Total 1 volume 1,Total 2 volume 1,Total 3 volume 1,Total 4 volume 1,Total 5 volume 1,Total 6 volume 1
0,8.957740053321614e+16,2.4641082480861293e+17,1.040317029189783e+16,1.2615155834536546e+16,81707459748937.73,357800988169450.9,1967503827755953.8,1.3140808587328582e+17
