t(s),Total solute volume 1,Total retention volume 1,Total 1 volume 1,Total 2 volume 1,Total 3 volume 1,Total 4 volume 1,Total 5 volume 1,Total 6 volume 1
0,1.5302805924424387e+17,2.0311992734197718e+17,1.0403170291897824e+16,2.15508874098567e+16,8380569282346.957,23792086847692.918,162574784403422.25,1.7943062955446306e+16
