t(s),Total solute volume 1,Total retention volume 1,Total 1 volume 1,Total 2 volume 1,Total 3 volume 1,Total 4 volume 1,Total 5 volume 1,Total 6 volume 1
0,2.067829880351787e+17,3.580307875202379e+17,2.0362204049155636e+16,4.663428171230368e+16,22978678974031.47,73242679598438.81,583930905972673.1,8.357116145905453e+16
