t(s),Total solute volume 1,Total retention volume 1,Total 1 volume 1,Total 2 volume 1,Total 3 volume 1,Total 4 volume 1,Total 5 volume 1,Total 6 volume 1
0,1.2104370031327629e+17,7.917581093232093e+17,2.036220404915564e+16,2.7298126560537492e+16,224014807143765.88,1101350742843593.0,7066652775012277.0,6.14662060075247e+17
