t(s),Total solute volume 1,Total retention volume 1,Total 1 volume 1,Total 2 volume 1,Total 3 volume 1,Total 4 volume 1,Total 5 volume 1,Total 6 volume 1
0,8.70000992795148e+16,9.524360205324888e+16,2951661998355005.5,5065423436879563.0,285016045225.40717,651180562373.2521,3331052165652.9917,222150089726366.03
