t(s),Total solute volume 1,Total retention volume 1,Total 1 volume 1,Total 2 volume 1,Total 3 volume 1,Total 4 volume 1,Total 5 volume 1,Total 6 volume 1
0,5.092688738313051e+16,5.8522093271574984e+16,2951661998355005.5,2965126037401479.5,2780312824657.5747,9800146562632.035,40337023598646.16,1625500369702317.8
