t(s),Total solute volume 1,Total retention volume 1,Total 1 volume 1,Total 2 volume 1,Total 3 volume 1,Total 4 volume 1,Total 5 volume 1,Total 6 volume 1
0,1.4340238840712154e+18,1.1345677357465197e+19,1.531053857194819e+18,6.68598110410038e+18,1732121553774877.2,1.1445217455911644e+16,1.7231490549157498e+17,1.5091262675974769e+18
