t(s),Total solute volume 1,Total retention volume 1,Total 1 volume 1,Total 2 volume 1,Total 3 volume 1,Total 4 volume 1,Total 5 volume 1,Total 6 volume 1
0,8.394286150660815e+17,2.7636563979364442e+19,1.531053857194819e+18,3.9139595666919296e+18,1.690623062865455e+16,1.7347000198152685e+17,2.397262166039682e+18,1.8764483541761757e+19
