t(s),Total solute volume 1,Total retention volume 1,Total 1 volume 1,Total 2 volume 1,Total 3 volume 1,Total 4 volume 1,Total 5 volume 1,Total 6 volume 1
0,8.405294887353384e+16,9.175191199235752e+16,2733248773475387.0,4637024230775944.0,439842740653.3059,991684498836.1073,4984005842700.118,322274581489916.56
