t(s),Total solute volume 1,Total retention volume 1,Total 1 volume 1,Total 2 volume 1,Total 3 volume 1,Total 4 volume 1,Total 5 volume 1,Total 6 volume 1
0,4.920172616987362e+16,5.708683487677212e+16,2733248773475387.0,2714355750467661.0,4290274229568.1855,14922939092527.883,60347363776908.42,2357943605856791.5
