t(s),Total solute volume 1,Total retention volume 1,Total 1 volume 1,Total 2 volume 1,Total 3 volume 1,Total 4 volume 1,Total 5 volume 1,Total 6 volume 1
0,2.3160815502785014e+18,3.035132996405694e+19,4.460907519859345e+18,2.284893514595476e+19,2585868075421607.0,1.9331416563459916e+16,1.4919696987525053e+17,5.542914934500368e+17
