t(s),Total solute volume 1,Total retention volume 1,Total 1 volume 1,Total 2 volume 1,Total 3 volume 1,Total 4 volume 1,Total 5 volume 1,Total 6 volume 1
0,1.355755053821572e+18,2.9054548859006747e+19,4.460907519859345e+18,1.337749223333267e+19,2.5291437011559332e+16,3.0089227272439315e+17,2.6096222408618035e+18,6.924588101395377e+18
