t(s),Total solute volume 1,Total retention volume 1,Total 1 volume 1,Total 2 volume 1,Total 3 volume 1,Total 4 volume 1,Total 5 volume 1,Total 6 volume 1
0,1.6062657215105326e+18,1.3030685968806853e+19,1.9718743661304888e+18,8.94244010427008e+18,700867499501901.5,4802517842291609.0,6.596135569939052e+16,4.386410358546436e+17
