t(s),Total solute volume 1,Total retention volume 1,Total 1 volume 1,Total 2 volume 1,Total 3 volume 1,Total 4 volume 1,Total 5 volume 1,Total 6 volume 1
0,9.402531052744658e+17,1.465713078038773e+19,1.9718743661304886e+18,5.234982861726286e+18,6843379713648374.0,7.3038029894223e+16,9.638934167125293e+17,5.466245620936091e+18
