t(s),Total solute volume 1,Total retention volume 1,Total 1 volume 1,Total 2 volume 1,Total 3 volume 1,Total 4 volume 1,Total 5 volume 1,Total 6 volume 1
0,2.9302339152982e+17,6.824400649022365e+17,4.431341940307482e+16,1.1399288614301397e+17,35745710541555.63,130276245277578.3,1241078996507363.0,2.2970326687399798e+17
