t(s),Total solute volume 1,Total retention volume 1,Total 1 volume 1,Total 2 volume 1,Total 3 volume 1,Total 4 volume 1,Total 5 volume 1,Total 6 volume 1
0,1.7152588772477386e+17,2.0287984129174525e+18,4.431341940307482e+16,6.672760546581345e+16,348595268305248.56,1959904876419378.5,1.5029790573918644e+16,1.7288932096051722e+18
