t(s),Total solute volume 1,Total retention volume 1,Total 1 volume 1,Total 2 volume 1,Total 3 volume 1,Total 4 volume 1,Total 5 volume 1,Total 6 volume 1
0,4.408003339419685e+17,1.5580792818700915e+18,1.1018915844204802e+17,3.247827274525352e+17,71165930697783.5,303405660145864.2,3550930109846360.0,6.783815603328593e+17
