t(s),Total solute volume 1,Total retention volume 1,Total 1 volume 1,Total 2 volume 1,Total 3 volume 1,Total 4 volume 1,Total 5 volume 1,Total 6 volume 1
0,2.5802946377090512e+17,6.371796507882211e+18,1.1018915844204802e+17,1.9011722470774906e+17,694142354941053.6,4566034896643841.0,4.307956245697141e+16,5.765120921252935e+18
