t(s),Total solute volume 1,Total retention volume 1,Total 1 volume 1,Total 2 volume 1,Total 3 volume 1,Total 4 volume 1,Total 5 volume 1,Total 6 volume 1
0,1.0896465516898744e+17,3.567620621176681e+17,1.6105550931134632e+16,2.0848021191923476e+16,91136719634942.97,430363837218895.9,2616376884245341.5,2.077059573845228e+17
