t(s),Total solute volume 1,Total retention volume 1,Total 1 volume 1,Total 2 volume 1,Total 3 volume 1,Total 4 volume 1,Total 5 volume 1,Total 6 volume 1
0,1.8614795258035258e+17,2.6641928914940058e+17,1.6105550931134632e+16,3.561535913744106e+16,9345381645778.977,28607338083219.777,216120709517164.47,2.8296353071224644e+16
