t(s),Total solute volume 1,Total retention volume 1,Total 1 volume 1,Total 2 volume 1,Total 3 volume 1,Total 4 volume 1,Total 5 volume 1,Total 6 volume 1
0,1.5302805924424387e+17,1.965905094585588e+17,1.0403170291897824e+16,2.15508874098567e+16,5363651045890.491,15227144018954.645,104049386330448.48,1.1483752331165166e+16
