t(s),Total solute volume 1,Total retention volume 1,Total 1 volume 1,Total 2 volume 1,Total 3 volume 1,Total 4 volume 1,Total 5 volume 1,Total 6 volume 1
0,8.957740053321614e+16,1.9825402707266685e+17,1.040317029189783e+16,1.2615155834536546e+16,52306116099287.62,229070672233480.53,1259568674377455.2,8.41173549503068e+16
