t(s),Total solute volume 1,Total retention volume 1,Total 1 volume 1,Total 2 volume 1,Total 3 volume 1,Total 4 volume 1,Total 5 volume 1,Total 6 volume 1
0,1.2104370031327629e+17,3.1118314735733606e+17,2.0362204049155644e+16,2.7298126560537492e+16,51234986384424.805,251944862059836.5,1616371353110153.2,1.4055956523281238e+17
