t(s),Total solute volume 1,Total retention volume 1,Total 1 volume 1,Total 2 volume 1,Total 3 volume 1,Total 4 volume 1,Total 5 volume 1,Total 6 volume 1
0,2.067829880351787e+17,2.9303769496482406e+17,2.0362204049155636e+16,4.663428171230368e+16,5252474817241.566,16741738119982.77,133474650188492.33,1.9102752305058268e+16
