t(s),Total solute volume 1,Total retention volume 1,Total 1 volume 1,Total 2 volume 1,Total 3 volume 1,Total 4 volume 1,Total 5 volume 1,Total 6 volume 1
0,9.340096063528438e+16,1.0574439955088011e+17,3458157710870755.0,6076746478966877.0,3116878462181.995,7318370330258.542,38824216989892.2,2759275259975827.5
