t(s),Total solute volume 1,Total retention volume 1,Total 1 volume 1,Total 2 volume 1,Total 3 volume 1,Total 4 volume 1,Total 5 volume 1,Total 6 volume 1
0,4.0452254584778307e+18,1.1592763416833112e+20,1.5476103569735987e+19,9.533228108352348e+19,1.6536477482087114e+16,1.0980090808853752e+17,2.4483024689218227e+17,7.028564241314776e+17
