t(s),Total solute volume 1,Total retention volume 1,Total 1 volume 1,Total 2 volume 1,Total 3 volume 1,Total 4 volume 1,Total 5 volume 1,Total 6 volume 1
0,1.806632037606207e+18,1.7345173952961657e+19,2.5630885768887685e+18,1.2087386361672243e+19,1655317517915927.5,1.1737376126530466e+16,1.4017505445518888e+17,7.344992286948384e+17
