t(s),Total solute volume 1,Total retention volume 1,Total 1 volume 1,Total 2 volume 1,Total 3 volume 1,Total 4 volume 1,Total 5 volume 1,Total 6 volume 1
0,1.0575407049402066e+18,2.22271356717536e+19,2.563088576888768e+18,7.076244436375885e+18,1.6168068727204496e+16,1.7936190463127088e+17,2.170019131467926e+18,9.1647128487223e+18
