t(s),Total solute volume 1,Total retention volume 1,Total 1 volume 1,Total 2 volume 1,Total 3 volume 1,Total 4 volume 1,Total 5 volume 1,Total 6 volume 1
0,6.030890236958341e+17,3.689585593470856e+18,2.2173507663096877e+17,7.255463282409612e+17,272248842286933.56,1308687521032265.5,1.779708002284435e+16,2.1198371485169306e+18
