t(s),Total solute volume 1,Total retention volume 1,Total 1 volume 1,Total 2 volume 1,Total 3 volume 1,Total 4 volume 1,Total 5 volume 1,Total 6 volume 1
0,2.3679368537431424e+18,7.415717576799896e+19,1.547610356973599e+19,5.584790903245229e+19,4807587989745070.0,5.7057703911385384e+16,1.4496666461359952e+17,2.58394355552577e+17
