t(s),Total solute volume 1,Total retention volume 1,Total 1 volume 1,Total 2 volume 1,Total 3 volume 1,Total 4 volume 1,Total 5 volume 1,Total 6 volume 1
0,4.0452254584778307e+18,1.1488519923319433e+20,1.5476103569735985e+19,9.533228108352348e+19,486369749864894.8,3229454019995390.5,7200926715761392.0,2.0672370971856932e+16
