t(s),Total solute volume 1,Total retention volume 1,Total 1 volume 1,Total 2 volume 1,Total 3 volume 1,Total 4 volume 1,Total 5 volume 1,Total 6 volume 1
0,2.3091608011640064e+17,3.7460907170231635e+17,2.6047523684028044e+16,6.18908749437171e+16,12600875846809.963,41905555893807.55,353507313061938.3,5.5346579213366264e+16
