t(s),Total solute volume 1,Total retention volume 1,Total 1 volume 1,Total 2 volume 1,Total 3 volume 1,Total 4 volume 1,Total 5 volume 1,Total 6 volume 1
0,4.751131107528108e+17,1.2815658679326646e+18,1.3024520054842829e+17,3.9361074833054605e+17,29446231257661.242,129200577912408.47,1568980886124416.2,2.8086918060558198e+17
