t(s),Total solute volume 1,Total retention volume 1,Total 1 volume 1,Total 2 volume 1,Total 3 volume 1,Total 4 volume 1,Total 5 volume 1,Total 6 volume 1
0,2.781149916601816e+17,3.1470247296508943e+18,1.3024520054842829e+17,2.3040703518610144e+17,287263541734368.8,1944896506898598.8,1.905113189730578e+16,2.4869742103102423e+18
