t(s),Total solute volume 1,Total retention volume 1,Total 1 volume 1,Total 2 volume 1,Total 3 volume 1,Total 4 volume 1,Total 5 volume 1,Total 6 volume 1
0,2.600924566469286e+19,2.0413724050634394e+22,3.1834588077439205e+21,1.7201685979806866e+22,7.116114030567519e+17,6.685789736966172e+17,4.4618237164510886e+17,7.436446706395716e+17
