t(s),Total solute volume 1,Total retention volume 1,Total 1 volume 1,Total 2 volume 1,Total 3 volume 1,Total 4 volume 1,Total 5 volume 1,Total 6 volume 1
0,4.443246134384989e+19,2.6909268245084648e+22,3.1834588077439205e+21,2.3681226433136985e+22,4.347343422560691e+16,2.6011805584234628e+16,2.1565725837006716e+16,5.949189428411025e+16
