t(s),Total solute volume 1,Total retention volume 1,Total 1 volume 1,Total 2 volume 1,Total 3 volume 1,Total 4 volume 1,Total 5 volume 1,Total 6 volume 1
0,3.489495779037574e+18,8.106692415878457e+19,1.1130180818752053e+19,6.5303130943887696e+19,1.2022065712887002e+16,8.660760976266782e+16,2.6423857071952768e+17,7.812483709118532e+17
