t(s),Total solute volume 1,Total retention volume 1,Total 1 volume 1,Total 2 volume 1,Total 3 volume 1,Total 4 volume 1,Total 5 volume 1,Total 6 volume 1
0,2.0426316755341617e+18,6.797693214501246e+19,1.1130180818752053e+19,3.824669850510911e+19,1.1828332001201238e+17,1.4564752186861745e+18,5.218497880963909e+18,9.76416472595453e+18
