t(s),Total solute volume 1,Total retention volume 1,Total 1 volume 1,Total 2 volume 1,Total 3 volume 1,Total 4 volume 1,Total 5 volume 1,Total 6 volume 1
0,1.710368165630296e+19,3.980964366543899e+21,3.850111262848306e+20,3.578457514507153e+21,8.823041105816571e+16,7.303156210102632e+16,6.139359217804221e+16,1.6938853028038125e+17
