t(s),Total solute volume 1,Total retention volume 1,Total 1 volume 1,Total 2 volume 1,Total 3 volume 1,Total 4 volume 1,Total 5 volume 1,Total 6 volume 1
0,1.001191121344553e+19,2.5594926847795486e+21,3.850111262848306e+20,2.1580146193043675e+21,1.208880473010602e+18,1.858784907505503e+18,1.2700385427290527e+18,2.117324053667554e+18
