t(s),Total solute volume 1,Total retention volume 1,Total 1 volume 1,Total 2 volume 1,Total 3 volume 1,Total 4 volume 1,Total 5 volume 1,Total 6 volume 1
0,5.67102642256257e+16,6.522915911796221e+16,3752113566455123.5,3906825519925697.5,1178462645772.869,4329468488947.6484,18830136554306.414,835617738266957.1
