t(s),Total solute volume 1,Total retention volume 1,Total 1 volume 1,Total 2 volume 1,Total 3 volume 1,Total 4 volume 1,Total 5 volume 1,Total 6 volume 1
0,3.122399397307938e+17,8.472121586487284e+17,5.1059153534519e+16,1.3415637957682182e+17,49430735946374.734,184603938748714.9,1816390625711192.8,3.4770626050618714e+17
