t(s),Total solute volume 1,Total retention volume 1,Total 1 volume 1,Total 2 volume 1,Total 3 volume 1,Total 4 volume 1,Total 5 volume 1,Total 6 volume 1
0,1.827745988668061e+17,2.9790473306474317e+18,5.1059153534519e+16,7.853065002362187e+16,482023928776140.44,2777014271169691.0,2.199796129874874e+16,2.6414259287237883e+18
