t(s),Total solute volume 1,Total retention volume 1,Total 1 volume 1,Total 2 volume 1,Total 3 volume 1,Total 4 volume 1,Total 5 volume 1,Total 6 volume 1
0,2.7620042352160896e+18,1.136423119363436e+20,2.1816306119850037e+19,8.283158743020675e+19,9.390706781719635e+16,1.0262978440279502e+18,1.872092565577105e+18,3.2401166736482975e+18
