t(s),Total solute volume 1,Total retention volume 1,Total 1 volume 1,Total 2 volume 1,Total 3 volume 1,Total 4 volume 1,Total 5 volume 1,Total 6 volume 1
0,4.718423901827473e+18,1.6828986247309797e+20,2.1816306119850037e+19,1.413400008682567e+20,9432152901310278.0,5.457940533521276e+16,9.18997516377128e+16,2.5922027329020314e+17
