t(s),Total solute volume 1,Total retention volume 1,Total 1 volume 1,Total 2 volume 1,Total 3 volume 1,Total 4 volume 1,Total 5 volume 1,Total 6 volume 1
0,4.443246134384989e+19,2.690929647185481e+22,3.1834588077439205e+21,2.3681226433136985e+22,5.162469834407822e+16,3.088901669991689e+16,2.5609297274081052e+16,7.064661766889845e+16
