t(s),Total solute volume 1,Total retention volume 1,Total 1 volume 1,Total 2 volume 1,Total 3 volume 1,Total 4 volume 1,Total 5 volume 1,Total 6 volume 1
0,2.600924566469286e+19,2.041420592423959e+22,3.1834588077439205e+21,1.7201685979806866e+22,8.450373008543567e+17,7.939359745365713e+17,5.2984067980155366e+17,8.830770691589486e+17
