t(s),Total solute volume 1,Total retention volume 1,Total 1 volume 1,Total 2 volume 1,Total 3 volume 1,Total 4 volume 1,Total 5 volume 1,Total 6 volume 1
0,1.950956450790701e+17,2.047057521907509e+18,5.905751296626006e+16,9.282918675798294e+16,278877367316258.6,1647603563411571.8,1.3492005404193654e+16,1.684656690769293e+18
