t(s),Total solute volume 1,Total retention volume 1,Total 1 volume 1,Total 2 volume 1,Total 3 volume 1,Total 4 volume 1,Total 5 volume 1,Total 6 volume 1
0,3.332883936767457e+17,7.711652245132004e+17,5.905751296626006e+16,1.5858298787719715e+17,28591210317177.793,109486914685333.95,1113554864399534.4,2.1898469700359997e+17
