t(s),Total solute volume 1,Total retention volume 1,Total 1 volume 1,Total 2 volume 1,Total 3 volume 1,Total 4 volume 1,Total 5 volume 1,Total 6 volume 1
0,1.0056372927748115e+17,1.1657187012081624e+17,4077840541915392.0,7344347682422831.0,4463620411753.116,10782628074828.031,59411093968799.39,4511295276541438.0
