t(s),Total solute volume 1,Total retention volume 1,Total 1 volume 1,Total 2 volume 1,Total 3 volume 1,Total 4 volume 1,Total 5 volume 1,Total 6 volume 1
0,5.88665732355986e+16,1.011537359644301e+17,4077840541915392.0,4299130609532137.0,43494472742462.414,162032556784630.25,718520738000347.4,3.2986143809857e+16
