t(s),Total solute volume 1,Total retention volume 1,Total 1 volume 1,Total 2 volume 1,Total 3 volume 1,Total 4 volume 1,Total 5 volume 1,Total 6 volume 1
0,5.274852243967814e+16,7.334080164678522e+16,3192384722575143.5,3244736830869188.5,22036094568755.92,78709958867797.11,329909306034355.06,1.3724502294191426e+16
