t(s),Total solute volume 1,Total retention volume 1,Total 1 volume 1,Total 2 volume 1,Total 3 volume 1,Total 4 volume 1,Total 5 volume 1,Total 6 volume 1
0,9.011205916778291e+16,1.0075894700898435e+17,3192384722575143.5,5543091834178185.0,2260627779573.5806,5235219163399.128,27267187306137.742,1876648250199284.0
