t(s),Total solute volume 1,Total retention volume 1,Total 1 volume 1,Total 2 volume 1,Total 3 volume 1,Total 4 volume 1,Total 5 volume 1,Total 6 volume 1
0,7.772197376133865e+19,5.045255396998523e+22,1.0574109797244612e+22,3.980048746435127e+22,6.879470059396522e+16,4.032973506481738e+16,3.3419216461266756e+16,9.219097628221053e+16
