t(s),Total solute volume 1,Total retention volume 1,Total 1 volume 1,Total 2 volume 1,Total 3 volume 1,Total 4 volume 1,Total 5 volume 1,Total 6 volume 1
0,4.5495789518832886e+19,4.520471687470403e+22,1.0574109797244612e+22,3.4581088036988603e+22,1.1424860372703237e+18,1.0369645806538254e+18,6.914227540698088e+17,1.152377579778853e+18
