t(s),Total solute volume 1,Total retention volume 1,Total 1 volume 1,Total 2 volume 1,Total 3 volume 1,Total 4 volume 1,Total 5 volume 1,Total 6 volume 1
0,4.0983010737537254e+17,1.3651560955617052e+18,9.36616297076456e+16,2.6944503277455203e+17,63507131702646.7,263289696851025.44,2971735132548176.5,5.889207937430353e+17
