t(s),Total solute volume 1,Total retention volume 1,Total 1 volume 1,Total 2 volume 1,Total 3 volume 1,Total 4 volume 1,Total 5 volume 1,Total 6 volume 1
0,2.399005506587524e+17,5.368386441960453e+18,9.36616297076456e+16,1.5772427002204848e+17,619420804184896.9,3962053800459139.0,3.603405530023705e+16,4.836484461667118e+18
