t(s),Total solute volume 1,Total retention volume 1,Total 1 volume 1,Total 2 volume 1,Total 3 volume 1,Total 4 volume 1,Total 5 volume 1,Total 6 volume 1
0,9.402531052744658e+17,2.412514966338135e+19,1.9718743661304886e+18,5.234982861726286e+18,1.6795970565183556e+16,1.7925497557962205e+17,2.3656928419335767e+18,1.3416295542171757e+19
