t(s),Total solute volume 1,Total retention volume 1,Total 1 volume 1,Total 2 volume 1,Total 3 volume 1,Total 4 volume 1,Total 5 volume 1,Total 6 volume 1
0,1.6062657215105326e+18,1.3772651211447558e+19,1.9718743661304888e+18,8.94244010427008e+18,1720301949273253.0,1.178794504087458e+16,1.619043623372389e+17,1.0766584102091338e+18
