t(s),Total solute volume 1,Total retention volume 1,Total 1 volume 1,Total 2 volume 1,Total 3 volume 1,Total 4 volume 1,Total 5 volume 1,Total 6 volume 1
0,3.434508319345575e+19,1.7656978584103358e+22,1.8076337742290045e+21,1.581487631351659e+22,3.49193284642015e+16,2.1485511533941076e+16,1.782776107452635e+16,4.91805634186708e+16
