t(s),Total solute volume 1,Total retention volume 1,Total 1 volume 1,Total 2 volume 1,Total 3 volume 1,Total 4 volume 1,Total 5 volume 1,Total 6 volume 1
0,2.0104438942510703e+19,1.246634740690508e+22,1.8076337742290045e+21,1.0636512866415753e+22,5.608112250302334e+17,5.519169897227692e+17,3.68844800032477e+17,6.147543030527624e+17
