t(s),Total solute volume 1,Total retention volume 1,Total 1 volume 1,Total 2 volume 1,Total 3 volume 1,Total 4 volume 1,Total 5 volume 1,Total 6 volume 1
0,2.3160815502785014e+18,2.9827426487187296e+19,4.460907519859345e+18,2.284893514595476e+19,718299085685582.0,5369853114812351.0,4.144372813310961e+16,1.539703907609719e+17
