t(s),Total solute volume 1,Total retention volume 1,Total 1 volume 1,Total 2 volume 1,Total 3 volume 1,Total 4 volume 1,Total 5 volume 1,Total 6 volume 1
0,1.355755053821572e+18,2.1933279418371834e+19,4.460907519859345e+18,1.337749223333267e+19,7025769499221209.0,8.358707271310323e+16,7.249386277091767e+17,1.9235731414367452e+18
