t(s),Total solute volume 1,Total retention volume 1,Total 1 volume 1,Total 2 volume 1,Total 3 volume 1,Total 4 volume 1,Total 5 volume 1,Total 6 volume 1
0,2.1836778534678442e+17,3.9946512078325664e+17,2.2995109404381096e+16,5.36299248106901e+16,25952833594085.45,84474788403586.11,692532789485201.8,1.0366934080992037e+17
