t(s),Total solute volume 1,Total retention volume 1,Total 1 volume 1,Total 2 volume 1,Total 3 volume 1,Total 4 volume 1,Total 5 volume 1,Total 6 volume 1
0,2.0426316755341617e+18,5.775066288189844e+19,1.1130180818752053e+19,3.824669850510912e+19,4.522884698286975e+16,5.569348221776346e+17,1.9954524445025805e+18,3.733535768839524e+18
