t(s),Total solute volume 1,Total retention volume 1,Total 1 volume 1,Total 2 volume 1,Total 3 volume 1,Total 4 volume 1,Total 5 volume 1,Total 6 volume 1
0,3.489495779037574e+18,8.036026563759879e+19,1.1130180818752053e+19,6.53031309438877e+19,4596690670239144.0,3.3114787088879292e+16,1.0103276290563472e+17,2.9871385525637414e+17
