t(s),Total solute volume 1,Total retention volume 1,Total 1 volume 1,Total 2 volume 1,Total 3 volume 1,Total 4 volume 1,Total 5 volume 1,Total 6 volume 1
0,9.402531052744658e+17,3.1816953658215813e+19,1.9718743661304886e+18,5.234982861726286e+18,2.4881215166157508e+16,2.6553863052389354e+17,3.504456506506158e+18,1.9874966972888424e+19
