t(s),Total solute volume 1,Total retention volume 1,Total 1 volume 1,Total 2 volume 1,Total 3 volume 1,Total 4 volume 1,Total 5 volume 1,Total 6 volume 1
0,9.402531052744658e+17,8.93871094183951e+22,1.9718743661304886e+18,5.234982861726286e+18,8.127250054279032e+19,7.045107504600263e+20,1.04411691261071e+22,7.815200993095142e+22
