t(s),Total solute volume 1,Total retention volume 1,Total 1 volume 1,Total 2 volume 1,Total 3 volume 1,Total 4 volume 1,Total 5 volume 1,Total 6 volume 1
0,1.0056372927748115e+17,1.1481850986498021e+17,4077840541915392.0,7344347682422831.0,2757028963058.327,6660036364468.517,36696136196977.21,2786479161635258.5
