t(s),Total solute volume 1,Total retention volume 1,Total 1 volume 1,Total 2 volume 1,Total 3 volume 1,Total 4 volume 1,Total 5 volume 1,Total 6 volume 1
0,5.88665732355986e+16,8.819605081078698e+16,4077840541915392.0,4299130609532136.5,26877599955901.43,100145438659859.6,444043923530207.75,2.038143946159459e+16
