t(s),Total solute volume 1,Total retention volume 1,Total 1 volume 1,Total 2 volume 1,Total 3 volume 1,Total 4 volume 1,Total 5 volume 1,Total 6 volume 1
0,6.561971943550011e+17,3.5396782597558543e+18,2.6766928604882394e+17,9.008356262596815e+17,250846762341964.56,1245237586709527.2,1.7580958627844808e+16,1.6958991101154552e+18
