t(s),Total solute volume 1,Total retention volume 1,Total 1 volume 1,Total 2 volume 1,Total 3 volume 1,Total 4 volume 1,Total 5 volume 1,Total 6 volume 1
0,3.841154308419529e+17,1.963279577846364e+19,2.6766928604882394e+17,5.273223096638238e+17,2446774696545938.5,1.8746713037298372e+16,2.148160644160487e+17,1.8217679199759165e+19
