t(s),Total solute volume 1,Total retention volume 1,Total 1 volume 1,Total 2 volume 1,Total 3 volume 1,Total 4 volume 1,Total 5 volume 1,Total 6 volume 1
0,2.445311007127456e+17,3.504600552388973e+17,2.9598370758294e+16,7.168383321791445e+16,954705630085.1887,3245676512245.49,28193678175406.35,4614356489622454.0
