t(s),Total solute volume 1,Total retention volume 1,Total 1 volume 1,Total 2 volume 1,Total 3 volume 1,Total 4 volume 1,Total 5 volume 1,Total 6 volume 1
0,7.180129369195402e+16,1.3168946769065034e+17,6351323389472384.0,7154332371437873.0,41883944897830.88,168454104775216.4,826990967561750.2,4.534518922055023e+16
