t(s),Total solute volume 1,Total retention volume 1,Total 1 volume 1,Total 2 volume 1,Total 3 volume 1,Total 4 volume 1,Total 5 volume 1,Total 6 volume 1
0,1.2266054339042045e+17,1.47514830452268e+17,6351323389472384.0,1.22219832432844e+16,4295908245214.735,11201270541526.74,68334759083060.766,6197148491219692.0
