t(s),Total solute volume 1,Total retention volume 1,Total 1 volume 1,Total 2 volume 1,Total 3 volume 1,Total 4 volume 1,Total 5 volume 1,Total 6 volume 1
0,4.5495789518832886e+19,4.520428193354978e+22,1.0574109797244612e+22,3.4581088036988603e+22,1.0189753695038396e+18,9.248619219418587e+17,6.166752701350323e+17,1.0277972360279905e+18
