t(s),Total solute volume 1,Total retention volume 1,Total 1 volume 1,Total 2 volume 1,Total 3 volume 1,Total 4 volume 1,Total 5 volume 1,Total 6 volume 1
0,7.772197376133865e+19,5.04525285932858e+22,1.0574109797244612e+22,3.980048746435125e+22,6.135744076092598e+16,3.5969766236168984e+16,2.980633043866287e+16,8.222439131632973e+16
