t(s),Total solute volume 1,Total retention volume 1,Total 1 volume 1,Total 2 volume 1,Total 3 volume 1,Total 4 volume 1,Total 5 volume 1,Total 6 volume 1
0,3.434508319345575e+19,1.7657236629492618e+22,1.8076337742290045e+21,1.581487631351659e+22,1.0793237730750942e+17,6.6409714734229336e+16,5.5103945982274616e+16,1.5201251581021283e+17
