t(s),Total solute volume 1,Total retention volume 1,Total 1 volume 1,Total 2 volume 1,Total 3 volume 1,Total 4 volume 1,Total 5 volume 1,Total 6 volume 1
0,1.4611483665945994e+17,1.8006734465110605e+17,9383807851828782.0,1.9141956437258628e+16,2721200825836.8467,7589207313006.735,50643916733746.555,5365789377686830.0
