t(s),Total solute volume 1,Total retention volume 1,Total 1 volume 1,Total 2 volume 1,Total 3 volume 1,Total 4 volume 1,Total 5 volume 1,Total 6 volume 1
0,8.553063609334184e+16,1.4617177048706845e+17,9383807851828778.0,1.1205049428947024e+16,26541761438469.56,114196532656546.86,613191942004359.6,3.929834687685133e+16
