t(s),Total solute volume 1,Total retention volume 1,Total 1 volume 1,Total 2 volume 1,Total 3 volume 1,Total 4 volume 1,Total 5 volume 1,Total 6 volume 1
0,1.710368165630296e+19,3.980845048889513e+21,3.850111262848306e+20,3.578457514507153e+21,6.137770362624617e+16,5.080458342161626e+16,4.27086024908492e+16,1.1783555169427682e+17
