t(s),Total solute volume 1,Total retention volume 1,Total 1 volume 1,Total 2 volume 1,Total 3 volume 1,Total 4 volume 1,Total 5 volume 1,Total 6 volume 1
0,1.001191121344553e+19,2.557528142834479e+21,3.850111262848306e+20,2.1580146193043675e+21,8.409660334518461e+17,1.2930794793707935e+18,8.835119051970895e+17,1.4729286138254784e+18
