t(s),Total solute volume 1,Total retention volume 1,Total 1 volume 1,Total 2 volume 1,Total 3 volume 1,Total 4 volume 1,Total 5 volume 1,Total 6 volume 1
0,3.5302772118780864e+17,1.577831588509401e+18,2.2173507663096877e+17,4.247125719959892e+17,69901480432076.19,518600622064454.25,5710069217152054.0,5.720576473749862e+17
