t(s),Total solute volume 1,Total retention volume 1,Total 1 volume 1,Total 2 volume 1,Total 3 volume 1,Total 4 volume 1,Total 5 volume 1,Total 6 volume 1
0,6.030890236958341e+17,1.6066670128012718e+18,2.2173507663096877e+17,7.255463282409612e+17,7164621599455.402,34439871374701.85,468354778822554.6,5.57866249617153e+16
