t(s),Total solute volume 1,Total retention volume 1,Total 1 volume 1,Total 2 volume 1,Total 3 volume 1,Total 4 volume 1,Total 5 volume 1,Total 6 volume 1
0,5.67102642256257e+16,7.296643059923414e+16,3752113566455123.5,3906825519925697.5,11780455376049.838,43274215908398.62,188225391142272.47,8353947224801269.0
