t(s),Total solute volume 1,Total retention volume 1,Total 1 volume 1,Total 2 volume 1,Total 3 volume 1,Total 4 volume 1,Total 5 volume 1,Total 6 volume 1
0,1.0056372927748115e+17,1.1697647550599547e+17,4077840541915392.0,7344347682422831.0,4857433922114.659,11733964125061.168,64652822920916.23,4909313783206899.0
