t(s),Total solute volume 1,Total retention volume 1,Total 1 volume 1,Total 2 volume 1,Total 3 volume 1,Total 4 volume 1,Total 5 volume 1,Total 6 volume 1
0,5.88665732355986e+16,1.0414257009953243e+17,4077840541915392.0,4299130609532137.0,47326788814338.91,176302528072058.06,781817357255937.8,3.589357903834349e+16
