t(s),Total solute volume 1,Total retention volume 1,Total 1 volume 1,Total 2 volume 1,Total 3 volume 1,Total 4 volume 1,Total 5 volume 1,Total 6 volume 1
0,5.5346593079818586e+17,1.3622785674090906e+19,6.045923551720415e+17,1.3452732373157307e+18,3051435089005220.0,2.6863646643117108e+16,3.576044531592813e+17,1.0731934615913568e+19
