t(s),Total solute volume 1,Total retention volume 1,Total 1 volume 1,Total 2 volume 1,Total 3 volume 1,Total 4 volume 1,Total 5 volume 1,Total 6 volume 1
0,9.455042984468884e+17,4.768076959473829e+18,6.045923551720419e+17,2.298131816040415e+18,312750433964384.8,1781754432175496.5,2.8502968266402344e+16,8.892510166819292e+17
