t(s),Total solute volume 1,Total retention volume 1,Total 1 volume 1,Total 2 volume 1,Total 3 volume 1,Total 4 volume 1,Total 5 volume 1,Total 6 volume 1
0,2.641240568788231e+18,4.141582723893353e+19,5.979897840391367e+18,3.199484310387922e+19,4033382263630902.0,3.047487613584066e+16,1.7650434851292237e+17,5.888331189621837e+17
