t(s),Total solute volume 1,Total retention volume 1,Total 1 volume 1,Total 2 volume 1,Total 3 volume 1,Total 4 volume 1,Total 5 volume 1,Total 6 volume 1
0,1.5460920402662884e+18,3.739132238098924e+19,5.979897840391367e+18,1.873360234042119e+19,3.949672271009661e+16,4.823182911378493e+17,3.252006998889731e+18,7.357908147172688e+18
