t(s),Total solute volume 1,Total retention volume 1,Total 1 volume 1,Total 2 volume 1,Total 3 volume 1,Total 4 volume 1,Total 5 volume 1,Total 6 volume 1
0,4.408003339419685e+17,2.240362583232921e+18,1.1018915844204802e+17,3.247827274525352e+17,142329463970410.78,606802665303950.9,7101751810916824.0,1.356739479456174e+18
