t(s),Total solute volume 1,Total retention volume 1,Total 1 volume 1,Total 2 volume 1,Total 3 volume 1,Total 4 volume 1,Total 5 volume 1,Total 6 volume 1
0,2.5802946377090512e+17,1.218291622299099e+19,1.1018915844204802e+17,1.901172247077491e+17,1387915670426672.0,9128827352419382.0,8.61330172467884e+16,1.1527930615800668e+19
