t(s),Total solute volume 1,Total retention volume 1,Total 1 volume 1,Total 2 volume 1,Total 3 volume 1,Total 4 volume 1,Total 5 volume 1,Total 6 volume 1
0,1.4314015651477992e+17,7.333969393927279e+17,2.9598370758294e+16,4.196129288420449e+16,139671195746685.5,732539509098668.1,5121114358829073.0,5.1270379417177043e+17
