t(s),Total solute volume 1,Total retention volume 1,Total 1 volume 1,Total 2 volume 1,Total 3 volume 1,Total 4 volume 1,Total 5 volume 1,Total 6 volume 1
0,2.445311007127456e+17,4.155132677591863e+17,2.9598370758294e+16,7.168383321791445e+16,14320326990116.852,48684406516181.26,422898282257322.5,6.921406005446731e+16
