t(s),Total solute volume 1,Total retention volume 1,Total 1 volume 1,Total 2 volume 1,Total 3 volume 1,Total 4 volume 1,Total 5 volume 1,Total 6 volume 1
0,6.768171426953814e+17,1.8936597718967476e+19,9.470815640223639e+17,2.2534875290841032e+18,6872457741302777.0,6.522452929298982e+16,9.108015519626523e+17,1.4076312944168702e+19
