t(s),Total solute volume 1,Total retention volume 1,Total 1 volume 1,Total 2 volume 1,Total 3 volume 1,Total 4 volume 1,Total 5 volume 1,Total 6 volume 1
0,1.6839348350405472e+17,2.2051472934507738e+17,1.2878448802488326e+16,2.754319804435506e+16,4565837879788.771,13448033365339.178,96510714353776.5,1.1585074408578438e+16
