t(s),Total solute volume 1,Total retention volume 1,Total 1 volume 1,Total 2 volume 1,Total 3 volume 1,Total 4 volume 1,Total 5 volume 1,Total 6 volume 1
0,9.85717952218855e+16,2.1392462892665053e+17,1.2878448802488326e+16,1.6122851276236812e+16,44532659112732.99,202348935399256.44,1168532714368584.0,8.493611931715917e+16
