t(s),Total solute volume 1,Total retention volume 1,Total 1 volume 1,Total 2 volume 1,Total 3 volume 1,Total 4 volume 1,Total 5 volume 1,Total 6 volume 1
0,3.563921568279588e+17,9.447636460270195e+17,6.8581699480849336e+16,1.8831811750643e+17,39847739700632.93,156572737016926.84,1647386668176190.5,3.2962786506689126e+17
