t(s),Total solute volume 1,Total retention volume 1,Total 1 volume 1,Total 2 volume 1,Total 3 volume 1,Total 4 volume 1,Total 5 volume 1,Total 6 volume 1
0,2.0861979911880643e+17,2.9879245992798387e+18,6.858169948084933e+16,1.1023516579767e+17,388661017384822.1,2356097372685452.0,1.9963270058924844e+16,2.577779906433525e+18
