t(s),Total solute volume 1,Total retention volume 1,Total 1 volume 1,Total 2 volume 1,Total 3 volume 1,Total 4 volume 1,Total 5 volume 1,Total 6 volume 1
0,1.0357694112375635e+17,2.797768794261049e+17,1.4382961689890436e+16,1.830613831100575e+16,67821283543061.56,314085282987188.4,1860460994802692.8,1.4126847074012016e+17
