t(s),Total solute volume 1,Total retention volume 1,Total 1 volume 1,Total 2 volume 1,Total 3 volume 1,Total 4 volume 1,Total 5 volume 1,Total 6 volume 1
0,1.0860966694806053e+17,1.2882544773689032e+17,4841705944743442.0,8946718178722158.0,5456497739890.484,13577116367337.646,77819863816345.56,6330503187439051.0
