t(s),Total solute volume 1,Total retention volume 1,Total 1 volume 1,Total 2 volume 1,Total 3 volume 1,Total 4 volume 1,Total 5 volume 1,Total 6 volume 1
0,1.612352649698545e+17,8.62354037882617e+17,3.860071170759496e+16,5.693890508297374e+16,133623886435387.08,733671692283673.5,5450925694637881.0,5.992609348488407e+17
