t(s),Total solute volume 1,Total retention volume 1,Total 1 volume 1,Total 2 volume 1,Total 3 volume 1,Total 4 volume 1,Total 5 volume 1,Total 6 volume 1
0,2.7544357765683786e+17,4.919888963665599e+17,3.860071170759496e+16,9.727055195100429e+16,13699009364398.19,48752969319260.78,450030841186197.94,8.016157223125371e+16
