t(s),Total solute volume 1,Total retention volume 1,Total 1 volume 1,Total 2 volume 1,Total 3 volume 1,Total 4 volume 1,Total 5 volume 1,Total 6 volume 1
0,8.957740053321614e+16,1.3401585015672402e+17,1.0403170291897832e+16,1.2615155834536546e+16,13080978959943.688,57293702021635.05,315014326340556.5,2.1034734489750828e+16
