t(s),Total solute volume 1,Total retention volume 1,Total 1 volume 1,Total 2 volume 1,Total 3 volume 1,Total 4 volume 1,Total 5 volume 1,Total 6 volume 1
0,1.5302805924424387e+17,1.8788427969636835e+17,1.0403170291897824e+16,2.15508874098567e+16,1340941664292.282,3806855485768.2056,26012854704067.188,2871002098515729.5
