t(s),Total solute volume 1,Total retention volume 1,Total 1 volume 1,Total 2 volume 1,Total 3 volume 1,Total 4 volume 1,Total 5 volume 1,Total 6 volume 1
0,1.827745988668061e+17,1.2014880011038275e+18,5.1059153534519e+16,7.853065002362187e+16,160729332778517.75,926092322421227.0,7335498981294246.0,8.807012780423699e+17
