t(s),Total solute volume 1,Total retention volume 1,Total 1 volume 1,Total 2 volume 1,Total 3 volume 1,Total 4 volume 1,Total 5 volume 1,Total 6 volume 1
0,5.483142302296937e+18,5.970557947786318e+20,1.00671705467033e+20,4.768663777774882e+20,1.0163635779913219e+18,4.1878162503882737e+18,3.305659213261952e+18,5.524730190175981e+18
