t(s),Total solute volume 1,Total retention volume 1,Total 1 volume 1,Total 2 volume 1,Total 3 volume 1,Total 4 volume 1,Total 5 volume 1,Total 6 volume 1
0,9.367034766423861e+18,9.201493809655552e+20,1.00671705467033e+20,8.092422388220405e+20,9.217189410155962e+16,1.7426921480198566e+17,1.5996569512894045e+17,4.419951060203397e+17
