t(s),Total solute volume 1,Total retention volume 1,Total 1 volume 1,Total 2 volume 1,Total 3 volume 1,Total 4 volume 1,Total 5 volume 1,Total 6 volume 1
0,4.0983010737537254e+17,8.011382074815912e+17,9.36616297076456e+16,2.6944503277455203e+17,3024202796026.3726,12537793015476.598,141513472648498.34,2.8044362155563364e+16
