t(s),Total solute volume 1,Total retention volume 1,Total 1 volume 1,Total 2 volume 1
0,5.599791014061281e+17,2.5667971468801034e+18,6.205788698891987e+17,1.3862391755847913e+18
