t(s),Total solute volume 1,Total retention volume 1,Total 1 volume 1,Total 2 volume 1
0,9.566309649021271e+17,3.945322451601265e+18,6.205788698891987e+17,2.368112616809924e+18
