t(s),Total solute volume 1,Total retention volume 1,Total 1 volume 1,Total 2 volume 1,Total 3 volume 1,Total 4 volume 1,Total 5 volume 1,Total 6 volume 1
0,2.1328894422529733e+19,6.631284203734228e+21,6.290856345856501e+20,5.980718300899384e+21,3.836020089248149e+16,2.7317493562027156e+16,2.279270036803614e+16,6.290343182700981e+16
