t(s),Total solute volume 1,Total retention volume 1,Total 1 volume 1,Total 2 volume 1,Total 3 volume 1,Total 4 volume 1,Total 5 volume 1,Total 6 volume 1
0,1.2485206491236938e+19,4.3254989850297615e+21,6.290856345856501e+20,3.681406950378976e+21,5.646921818277284e+17,6.989724055710422e+17,4.7154610777164704e+17,7.859828787375104e+17
