t(s),Total solute volume 1,Total retention volume 1,Total 1 volume 1,Total 2 volume 1,Total 3 volume 1,Total 4 volume 1,Total 5 volume 1,Total 6 volume 1
0,1.2485206491236938e+19,2.411091527196196e+23,6.290856345856501e+20,3.6814069503789776e+21,5.314034884949072e+22,5.213938901144368e+22,4.00132962896646e+22,9.149314077756304e+22
