t(s),Total solute volume 1,Total retention volume 1,Total 1 volume 1,Total 2 volume 1,Total 3 volume 1,Total 4 volume 1,Total 5 volume 1,Total 6 volume 1
0,6.357639040862142e+16,7.50133736783192e+16,4841705944743442.0,5237103708245424.0,1521042537646.3228,5839160916552.103,26929032294358.914,1323884380961428.0
