t(s),Total solute volume 1,Total retention volume 1,Total 1 volume 1,Total 2 volume 1,Total 3 volume 1,Total 4 volume 1,Total 5 volume 1,Total 6 volume 1
0,1.1562292854379274e+18,6.746760904543971e+18,9.470815640223638e+17,3.849586369903471e+18,459322903448273.4,2816639652938259.0,4.568246559810081e+16,7.449052570257467e+17
