t(s),Total solute volume 1,Total retention volume 1,Total 1 volume 1,Total 2 volume 1,Total 3 volume 1,Total 4 volume 1,Total 5 volume 1,Total 6 volume 1
0,6.768171426953814e+17,1.3699019681291543e+19,9.470815640223639e+17,2.2534875290841032e+18,4482276712440884.0,4.254076737293064e+16,5.940371288786926e+17,9.180573272525622e+18
