t(s),Total solute volume 1,Total retention volume 1,Total 1 volume 1,Total 2 volume 1,Total 3 volume 1,Total 4 volume 1,Total 5 volume 1,Total 6 volume 1
0,9.402531052744658e+17,2.649195038125405e+19,1.9718743661304886e+18,5.234982861726286e+18,1.9283856097806316e+16,2.05805474167381e+17,2.7161006018698916e+18,1.5403650115987745e+19
