t(s),Total solute volume 1,Total retention volume 1,Total 1 volume 1,Total 2 volume 1,Total 3 volume 1,Total 4 volume 1,Total 5 volume 1,Total 6 volume 1
0,1.6062657215105326e+18,1.3958141268183054e+19,1.9718743661304888e+18,8.94244010427008e+18,1975158860647068.5,1.3534291970367018e+16,1.858899689118367e+17,1.2361616565291643e+18
