t(s),Total solute volume 1,Total retention volume 1,Total 1 volume 1,Total 2 volume 1,Total 3 volume 1,Total 4 volume 1,Total 5 volume 1,Total 6 volume 1
0,1.806632037606207e+18,1.690114184271419e+19,2.563088576888768e+18,1.2087386361672243e+19,827661298169484.6,5868703309282579.0,7.008772209374868e+16,3.67250779845786e+17
