t(s),Total solute volume 1,Total retention volume 1,Total 1 volume 1,Total 2 volume 1,Total 3 volume 1,Total 4 volume 1,Total 5 volume 1,Total 6 volume 1
0,1.0575407049402066e+18,1.6462238160661051e+19,2.563088576888768e+18,7.076244436375885e+18,8084425946454642.0,8.968675561266698e+16,1.0850694801026661e+18,4.5825237807943736e+18
