t(s),Total solute volume 1,Total retention volume 1,Total 1 volume 1,Total 2 volume 1,Total 3 volume 1,Total 4 volume 1,Total 5 volume 1,Total 6 volume 1
0,2.0498657939890205e+20,1.1119352782670629e+23,6.1524972335763196e+22,4.946344516545733e+22,3.638847622232747e+16,2.1232693662933804e+16,1.7592868489016548e+16,4.853204903544223e+16
