t(s),Total solute volume 1,Total retention volume 1,Total 1 volume 1,Total 2 volume 1,Total 3 volume 1,Total 4 volume 1,Total 5 volume 1,Total 6 volume 1
0,1.1999214403838232e+20,1.1035058239636542e+23,6.1524972335763196e+22,4.870349495676083e+22,6.063463595120559e+17,5.4597763432037606e+17,3.639878632653666e+17,6.066479459318246e+17
