t(s),Total solute volume 1,Total retention volume 1,Total 1 volume 1,Total 2 volume 1,Total 3 volume 1,Total 4 volume 1,Total 5 volume 1,Total 6 volume 1
0,1.2796251387281995e+17,1.570705238266541e+17,6980090150537523.0,1.3622739088267018e+16,5396091430531.943,14300791311870.846,89157209701739.4,8396326622586906.0
