t(s),Total solute volume 1,Total retention volume 1,Total 1 volume 1,Total 2 volume 1,Total 3 volume 1,Total 4 volume 1,Total 5 volume 1,Total 6 volume 1
0,5.483142302296937e+18,5.91658084038287e+20,1.0067170546703298e+20,4.768663777774882e+20,6.254684993775913e+17,2.5771946999252116e+18,2.0343036946473457e+18,3.3998915975216635e+18
