t(s),Total solute volume 1,Total retention volume 1,Total 1 volume 1,Total 2 volume 1,Total 3 volume 1,Total 4 volume 1,Total 5 volume 1,Total 6 volume 1
0,9.367034766423861e+18,9.19815378264414e+20,1.00671705467033e+20,8.092422388220401e+20,5.672124595521593e+16,1.0724272236238918e+17,9.84405535482707e+16,2.7199468704743875e+17
