t(s),Total solute volume 1,Total retention volume 1,Total 1 volume 1,Total 2 volume 1,Total 3 volume 1,Total 4 volume 1,Total 5 volume 1,Total 6 volume 1
0,6.110165178850669e+17,2.544159504504223e+19,7.538773491030418e+17,1.7336694297627313e+18,7847602711357249.0,7.169866171972221e+16,9.819788415031451e+17,2.128150664235718e+19
