t(s),Total solute volume 1,Total retention volume 1,Total 1 volume 1,Total 2 volume 1,Total 3 volume 1,Total 4 volume 1,Total 5 volume 1,Total 6 volume 1
0,1.0438198847203212e+18,6.58350720092721e+18,7.538773491030419e+17,2.961613368357028e+18,804358805494903.0,4752831488631154.0,7.71258020467637e+16,1.7415136064059328e+18
