t(s),Total solute volume 1,Total retention volume 1,Total 1 volume 1,Total 2 volume 1,Total 3 volume 1,Total 4 volume 1,Total 5 volume 1,Total 6 volume 1
0,6.561971943550011e+17,1.883840298956852e+18,2.6766928604882394e+17,9.008356262596815e+17,8650041780918.339,42939872047438.22,606249697558680.2,5.848035268196458e+16
