t(s),Total solute volume 1,Total retention volume 1,Total 1 volume 1,Total 2 volume 1,Total 3 volume 1,Total 4 volume 1,Total 5 volume 1,Total 6 volume 1
0,3.841154308419529e+17,1.8155763985518659e+18,2.6766928604882394e+17,5.273223096638238e+17,84395170144352.64,646680237810257.9,7409815437673803.0,6.283284811516412e+17
