t(s),Total solute volume 1,Total retention volume 1,Total 1 volume 1,Total 2 volume 1,Total 3 volume 1,Total 4 volume 1,Total 5 volume 1,Total 6 volume 1
0,8.394286150660815e+17,2.9466427042156687e+19,1.531053857194819e+18,3.913959566691929e+18,1.8355021466795316e+16,1.8833454656742662e+17,2.6026909198110996e+18,2.0372604515358564e+19
