t(s),Total solute volume 1,Total retention volume 1,Total 1 volume 1,Total 2 volume 1,Total 3 volume 1,Total 4 volume 1,Total 5 volume 1,Total 6 volume 1
0,1.4340238840712154e+18,1.1490928331893279e+19,1.531053857194819e+18,6.685981104100381e+18,1880587073449835.8,1.2426224669196548e+16,1.8708457042853328e+17,1.6384781043556552e+18
