t(s),Total solute volume 1,Total retention volume 1,Total 1 volume 1,Total 2 volume 1,Total 3 volume 1,Total 4 volume 1,Total 5 volume 1,Total 6 volume 1
0,1.355755053821572e+18,3.5079725666077323e+19,4.460907519859345e+18,1.337749223333267e+19,4.074549789967087e+16,4.847420016713598e+17,4.2041776287767465e+18,1.115590573071595e+19
