t(s),Total solute volume 1,Total retention volume 1,Total 1 volume 1,Total 2 volume 1,Total 3 volume 1,Total 4 volume 1,Total 5 volume 1,Total 6 volume 1
0,2.3160815502785014e+18,3.079463016494517e+19,4.460907519859345e+18,2.284893514595476e+19,4166109019269645.0,3.1144985517984468e+16,2.403722805373014e+17,8.93022573777867e+17
