t(s),Total solute volume 1,Total retention volume 1,Total 1 volume 1,Total 2 volume 1,Total 3 volume 1,Total 4 volume 1,Total 5 volume 1,Total 6 volume 1
0,4.920172616987362e+16,6.828886931479905e+16,2733248773475387.0,2714355750467661.0,24001498128889.42,83456806505708.83,337559852535244.8,1.3194520463813044e+16
