t(s),Total solute volume 1,Total retention volume 1,Total 1 volume 1,Total 2 volume 1,Total 3 volume 1,Total 4 volume 1,Total 5 volume 1,Total 6 volume 1
0,8.405294887353384e+16,9.326376602483334e+16,2733248773475387.0,4637024230775944.0,2462963093783.669,5553134875354.192,27908828132842.63,1804619220946386.0
