t(s),Total solute volume 1,Total retention volume 1,Total 1 volume 1,Total 2 volume 1,Total 3 volume 1,Total 4 volume 1,Total 5 volume 1,Total 6 volume 1
0,9.85717952218855e+16,3.7867135061286163e+17,1.2878448802488328e+16,1.6122851276236812e+16,129477564477721.31,588214577758925.8,3397214700184669.5,2.4698334846983194e+17
