t(s),Total solute volume 1,Total retention volume 1,Total 1 volume 1,Total 2 volume 1,Total 3 volume 1,Total 4 volume 1,Total 5 volume 1,Total 6 volume 1
0,1.6839348350405472e+17,2.4284908885903587e+17,1.2878448802488326e+16,2.7543198044355056e+16,13281969639868.61,39120384808711.43,280749480022961.94,3.370080667366722e+16
