t(s),Total solute volume 1,Total retention volume 1,Total 1 volume 1,Total 2 volume 1,Total 3 volume 1,Total 4 volume 1,Total 5 volume 1,Total 6 volume 1
0,1.1300816793349946e+17,1.3078764045550904e+17,5290051337496820.0,9905407456456888.0,2044312355759.371,5164976874860.532,30212941739303.273,2546591497087336.0
