t(s),Total solute volume 1,Total retention volume 1,Total 1 volume 1,Total 2 volume 1,Total 3 volume 1,Total 4 volume 1,Total 5 volume 1,Total 6 volume 1
0,1.2104370031327629e+17,3.646026129732133e+17,2.036220404915564e+16,2.7298126560537492e+16,70443275562846.83,346392453158553.0,2222336880227719.5,1.9325940944129632e+17
