t(s),Total solute volume 1,Total retention volume 1,Total 1 volume 1,Total 2 volume 1,Total 3 volume 1,Total 4 volume 1,Total 5 volume 1,Total 6 volume 1
0,2.067829880351787e+17,3.002594090327171e+17,2.0362204049155636e+16,4.663428171230368e+16,7222121501615.73,23019805241242.246,183526921527307.62,2.6266166387810984e+16
