t(s),Total solute volume 1,Total retention volume 1,Total 1 volume 1,Total 2 volume 1,Total 3 volume 1,Total 4 volume 1,Total 5 volume 1,Total 6 volume 1
0,5.831083637207589e+19,3.810635291275264e+22,5.744900751039818e+21,3.230313354759354e+22,2268738667387560.5,1338745154615237.5,1109518421225146.9,3060744813632642.0
