t(s),Total solute volume 1,Total retention volume 1,Total 1 volume 1,Total 2 volume 1,Total 3 volume 1,Total 4 volume 1,Total 5 volume 1,Total 6 volume 1
0,3.4133172510483444e+19,3.149962003593926e+22,5.744900751039818e+21,2.57204529767919e+22,3.750194030716358e+16,3.441883656082309e+16,2.295552041506076e+16,3.825929955801561e+16
