t(s),Total solute volume 1,Total retention volume 1,Total 1 volume 1,Total 2 volume 1,Total 3 volume 1,Total 4 volume 1,Total 5 volume 1,Total 6 volume 1
0,2.641240568788231e+18,4.126347627501094e+19,5.979897840391367e+18,3.199484310387922e+19,3265122028323761.5,2.467015735719713e+16,1.4288459368178427e+17,4.766748888847506e+17
