t(s),Total solute volume 1,Total retention volume 1,Total 1 volume 1,Total 2 volume 1,Total 3 volume 1,Total 4 volume 1,Total 5 volume 1,Total 6 volume 1
0,1.5460920402662884e+18,3.5271111606450205e+19,5.979897840391367e+18,1.873360234042119e+19,3.1974009452753628e+16,3.904558408002924e+17,2.632621399321979e+18,5.956468135796316e+18
