t(s),Total solute volume 1,Total retention volume 1,Total 1 volume 1,Total 2 volume 1,Total 3 volume 1,Total 4 volume 1,Total 5 volume 1,Total 6 volume 1
0,8.516285748348854e+19,8.216951835665846e+22,3.579686312483719e+22,4.628721412782856e+22,7.942211184124518e+16,7.157584959236698e+16,4.7718193354146744e+16,7.953035369628026e+16
