t(s),Total solute volume 1,Total retention volume 1,Total 1 volume 1,Total 2 volume 1,Total 3 volume 1,Total 4 volume 1,Total 5 volume 1,Total 6 volume 1
0,1.454865482009603e+20,8.391696651709679e+22,3.579686312483719e+22,4.797460062369274e+22,4768020741985656.0,2783531370310226.5,2306381504750421.0,6362431962666832.0
