t(s),Total solute volume 1,Total retention volume 1,Total 1 volume 1,Total 2 volume 1,Total 3 volume 1,Total 4 volume 1,Total 5 volume 1,Total 6 volume 1
0,2.6900722401125917e+19,1.097334734866533e+22,1.0530177027067482e+21,9.893021029122271e+21,1.109752796632323e+17,7.199222635306834e+16,5.984325747724177e+16,1.6508367165561104e+17
