t(s),Total solute volume 1,Total retention volume 1,Total 1 volume 1,Total 2 volume 1,Total 3 volume 1,Total 4 volume 1,Total 5 volume 1,Total 6 volume 1
0,1.5746764332366418e+19,7.377795431435601e+21,1.0530177027067483e+21,6.302159391947708e+21,1.7229715853552072e+18,1.8469311680053202e+18,1.2380828175404677e+18,2.0635868778510828e+18
