t(s),Total solute volume 1,Total retention volume 1,Total 1 volume 1,Total 2 volume 1,Total 3 volume 1,Total 4 volume 1,Total 5 volume 1,Total 6 volume 1
0,9.367034766423861e+18,9.195927151270519e+20,1.00671705467033e+20,8.09242238822048e+20,3.308742472291552e+16,6.255830475026863e+16,5.742370603863803e+16,1.5866663603644608e+17
