t(s),Total solute volume 1,Total retention volume 1,Total 1 volume 1,Total 2 volume 1,Total 3 volume 1,Total 4 volume 1,Total 5 volume 1,Total 6 volume 1
0,5.483142302296937e+18,5.8805945773800286e+20,1.00671705467033e+20,4.768663777774811e+20,3.648620653346453e+17,1.5033935236846275e+18,1.1866973232620058e+18,1.983279278906641e+18
