t(s),Total solute volume 1,Total retention volume 1,Total 1 volume 1,Total 2 volume 1,Total 3 volume 1,Total 4 volume 1,Total 5 volume 1,Total 6 volume 1
0,4.408003339419685e+17,1.0463512129756723e+18,1.1018915844204802e+17,3.247827274525352e+17,17791707439679.48,75852226461822.84,887742691055833.6,1.6959760651416778e+17
