t(s),Total solute volume 1,Total retention volume 1,Total 1 volume 1,Total 2 volume 1,Total 3 volume 1,Total 4 volume 1,Total 5 volume 1,Total 6 volume 1
0,2.5802946377090512e+17,2.011920553372694e+18,1.1018915844204802e+17,1.9011722470774906e+17,173570202286159.16,1141812891989023.0,1.0772339506636036e+16,1.4414969838510815e+18
