t(s),Total solute volume 1,Total retention volume 1,Total 1 volume 1,Total 2 volume 1,Total 3 volume 1,Total 4 volume 1,Total 5 volume 1,Total 6 volume 1
0,1.1342546114652189e+19,1.4747996022588674e+21,1.542273968290348e+20,1.3085723532580744e+21,9.57578724245539e+16,1.3077646039478437e+17,1.1454594931727493e+17,3.162257749710959e+17
