t(s),Total solute volume 1,Total retention volume 1,Total 1 volume 1,Total 2 volume 1,Total 3 volume 1,Total 4 volume 1,Total 5 volume 1,Total 6 volume 1
0,6.639539189064714e+18,9.458473500038545e+20,1.542273968290348e+20,7.742999917924197e+20,1.122019803231264e+18,3.237094776567747e+18,2.368515308178884e+18,3.952792305350235e+18
