t(s),Total solute volume 1,Total retention volume 1,Total 1 volume 1,Total 2 volume 1,Total 3 volume 1,Total 4 volume 1,Total 5 volume 1,Total 6 volume 1
0,5.092688738313051e+16,6.5232483990003224e+16,2951661998355005.5,2965126037401479.5,13894480226859.912,48967382161054.86,201567966315201.5,8124378742413509.0
