t(s),Total solute volume 1,Total retention volume 1,Total 1 volume 1,Total 2 volume 1,Total 3 volume 1,Total 4 volume 1,Total 5 volume 1,Total 6 volume 1
0,3.8340070142403466e+18,2.473078670799611e+20,4.533611706929847e+19,1.916287548066981e+20,2.1313804263530602e+17,1.6296340154403415e+18,1.7379868546959598e+18,2.928229276951625e+18
