t(s),Total solute volume 1,Total retention volume 1,Total 1 volume 1,Total 2 volume 1,Total 3 volume 1,Total 4 volume 1,Total 5 volume 1,Total 6 volume 1
0,6.549761982660554e+18,3.787901701367231e+20,4.533611706929847e+19,3.264895769282699e+20,2.0776112175730916e+16,7.529105471470906e+16,8.438276244115386e+16,2.3426422716430717e+17
