t(s),Total solute volume 1,Total retention volume 1,Total 1 volume 1,Total 2 volume 1,Total 3 volume 1,Total 4 volume 1,Total 5 volume 1,Total 6 volume 1
0,3.8340070142403466e+18,2.46494265846414e+20,4.533611706929847e+19,1.916287548066981e+20,1.864965058649534e+17,1.4259371031343887e+18,1.5207451775251287e+18,2.5622081696518e+18
