t(s),Total solute volume 1,Total retention volume 1,Total 1 volume 1,Total 2 volume 1,Total 3 volume 1,Total 4 volume 1,Total 5 volume 1,Total 6 volume 1
0,6.549761982660554e+18,3.7873833087613266e+20,4.533611706929847e+19,3.264895769282699e+20,1.8179102589943196e+16,6.587968648816038e+16,7.383493344090294e+16,2.0498117338600947e+17
