t(s),Total solute volume 1,Total retention volume 1,Total 1 volume 1,Total 2 volume 1,Total 3 volume 1,Total 4 volume 1,Total 5 volume 1,Total 6 volume 1
0,8.957740053321614e+16,2.8385318056548464e+17,1.040317029189783e+16,1.2615155834536546e+16,104564803883542.38,457863943108594.2,2517835511195459.0,1.681771896476499e+17
