t(s),Total solute volume 1,Total retention volume 1,Total 1 volume 1,Total 2 volume 1,Total 3 volume 1,Total 4 volume 1,Total 5 volume 1,Total 6 volume 1
0,1.5302805924424387e+17,2.0819821270315357e+17,1.0403170291897824e+16,2.15508874098567e+16,10726993810542.682,30453546938489.31,208093352945734.22,2.296682186346129e+16
