t(s),Total solute volume 1,Total retention volume 1,Total 1 volume 1,Total 2 volume 1,Total 3 volume 1,Total 4 volume 1,Total 5 volume 1,Total 6 volume 1
0,1.1999214403838232e+20,1.1035036465819725e+23,6.1524972335763196e+22,4.870349495676083e+22,5.441573457012898e+17,4.899803569542257e+17,3.2665601862036294e+17,5.4442791262996397e+17
