t(s),Total solute volume 1,Total retention volume 1,Total 1 volume 1,Total 2 volume 1,Total 3 volume 1,Total 4 volume 1,Total 5 volume 1,Total 6 volume 1
0,2.0498657939890205e+20,1.1119351513480456e+23,6.1524972335763196e+22,4.946344516545733e+22,3.265632616950666e+16,1.9054982161673576e+16,1.5788472314426312e+16,4.355440484947723e+16
