t(s),Total solute volume 1,Total retention volume 1,Total 1 volume 1,Total 2 volume 1,Total 3 volume 1,Total 4 volume 1,Total 5 volume 1,Total 6 volume 1
0,8.553063609334184e+16,1.9065542767477923e+17,9383807851828774.0,1.1205049428947024e+16,56016190204757.92,240987221697844.06,1294083968673090.5,8.294484692008654e+16
