t(s),Total solute volume 1,Total retention volume 1,Total 1 volume 1,Total 2 volume 1,Total 3 volume 1,Total 4 volume 1,Total 5 volume 1,Total 6 volume 1
0,1.4611483665945994e+17,1.8609684015496045e+17,9383807851828782.0,1.9141956437258628e+16,5744650641630.072,16021408001318.146,106913136427000.33,1.1327560011343916e+16
