t(s),Total solute volume 1,Total retention volume 1,Total 1 volume 1,Total 2 volume 1,Total 3 volume 1,Total 4 volume 1,Total 5 volume 1,Total 6 volume 1
0,1.5746764332366418e+19,7.379568689977487e+21,1.0530177027067483e+21,6.302159391947708e+21,2.167597263066151e+18,2.3235411658307016e+18,1.5575781072154496e+18,2.596114454505385e+18
