t(s),Total solute volume 1,Total retention volume 1,Total 1 volume 1,Total 2 volume 1,Total 3 volume 1,Total 4 volume 1,Total 5 volume 1,Total 6 volume 1
0,1.355755053821572e+18,3.4532001736966423e+19,4.460907519859345e+18,1.337749223333267e+19,3.934064023521284e+16,4.6802929520853446e+17,4.0592247481063485e+18,1.0771252246402734e+19
