t(s),Total solute volume 1,Total retention volume 1,Total 1 volume 1,Total 2 volume 1,Total 3 volume 1,Total 4 volume 1,Total 5 volume 1,Total 6 volume 1
0,2.3160815502785014e+18,3.0754330249573708e+19,4.460907519859345e+18,2.284893514595476e+19,4022451120575829.0,3.0071027039374576e+16,2.32083635221816e+17,8.622289200991788e+17
