t(s),Total solute volume 1,Total retention volume 1,Total 1 volume 1,Total 2 volume 1,Total 3 volume 1,Total 4 volume 1,Total 5 volume 1,Total 6 volume 1
0,3.242824340493574e+18,1.7000421962575823e+20,3.120606282469643e+19,1.2489632049785533e+20,2.35817468063801e+17,2.2333737449932035e+18,3.031849991075542e+18,5.157970758581081e+18
