t(s),Total solute volume 1,Total retention volume 1,Total 1 volume 1,Total 2 volume 1,Total 3 volume 1,Total 4 volume 1,Total 5 volume 1,Total 6 volume 1
0,5.539824915009872e+18,2.504324136846012e+20,3.120606282469643e+19,2.1299199081623975e+20,2.3414270121025376e+16,1.1067006023965538e+17,1.4779415187509024e+17,4.126566464183769e+17
