t(s),Total solute volume 1,Total retention volume 1,Total 1 volume 1,Total 2 volume 1,Total 3 volume 1,Total 4 volume 1,Total 5 volume 1,Total 6 volume 1
0,1.1300816793349946e+17,1.3380214253292261e+17,5290051337496820.0,9905407456456890.0,4429205061820.949,11190487187565.803,65459520425330.086,5517436592794092.0
