t(s),Total solute volume 1,Total retention volume 1,Total 1 volume 1,Total 2 volume 1,Total 3 volume 1,Total 4 volume 1,Total 5 volume 1,Total 6 volume 1
0,6.615112269277926e+16,1.1860218952849256e+17,5290051337496820.0,5798287762430659.0,43174725332662.266,168244794676049.75,792004457752221.9,4.03593037580249e+16
