t(s),Total solute volume 1,Total retention volume 1,Total 1 volume 1,Total 2 volume 1,Total 3 volume 1,Total 4 volume 1,Total 5 volume 1,Total 6 volume 1
0,2.445311007127456e+17,4.340994558577138e+17,2.9598370758294e+16,7.168383321791445e+16,18138987679881.652,61666646693697.69,535668663919087.75,8.767067687046566e+16
