t(s),Total solute volume 1,Total retention volume 1,Total 1 volume 1,Total 2 volume 1,Total 3 volume 1,Total 4 volume 1,Total 5 volume 1,Total 6 volume 1
0,1.4314015651477992e+17,8.716757546253299e+17,2.9598370758294e+16,4.196129288420449e+16,176902504256640.88,927782890001251.6,6486145339694698.0,6.493851037341066e+17
