t(s),Total solute volume 1,Total retention volume 1,Total 1 volume 1,Total 2 volume 1,Total 3 volume 1,Total 4 volume 1,Total 5 volume 1,Total 6 volume 1
0,2.399005506587524e+17,2.1172279174247293e+18,9.36616297076456e+16,1.5772427002204848e+17,206514095779173.34,1321030620162818.0,1.2014037241297034e+16,1.612399885079053e+18
