t(s),Total solute volume 1,Total retention volume 1,Total 1 volume 1,Total 2 volume 1,Total 3 volume 1,Total 4 volume 1,Total 5 volume 1,Total 6 volume 1
0,3.2527447322874304e+17,1.3044858864298387e+19,1.8471874136236307e+17,3.4428597201944646e+17,1396994790848818.2,1.0043379130870812e+16,1.0629757614060334e+17,1.2072841727625538e+19
