t(s),Total solute volume 1,Total retention volume 1,Total 1 volume 1,Total 2 volume 1,Total 3 volume 1,Total 4 volume 1,Total 5 volume 1,Total 6 volume 1
0,5.556772250990977e+17,2.5761253472164e+18,1.8471874136236307e+17,5.881523663147372e+17,143222713159238.12,667259699350276.1,8736806577369737.0,1.2380297254503183e+18
