t(s),Total solute volume 1,Total retention volume 1,Total 1 volume 1,Total 2 volume 1,Total 3 volume 1,Total 4 volume 1,Total 5 volume 1,Total 6 volume 1
0,1.3517038836082043e+17,1.2178329363753162e+18,2.6047523684028044e+16,3.622882322688759e+16,303010704304160.4,1554337034169801.2,1.0553183954841362e+16,1.0079756694102627e+18
