t(s),Total solute volume 1,Total retention volume 1,Total 1 volume 1,Total 2 volume 1,Total 3 volume 1,Total 4 volume 1,Total 5 volume 1,Total 6 volume 1
0,2.3091608011640064e+17,4.563782910744886e+17,2.6047523684028044e+16,6.1890874943717096e+16,31081245561023.477,103364461568347.02,871961445919125.1,1.365174051772986e+17
