t(s),Total solute volume 1,Total retention volume 1,Total 1 volume 1,Total 2 volume 1,Total 3 volume 1,Total 4 volume 1,Total 5 volume 1,Total 6 volume 1
0,1.4611483665945994e+17,1.8489095955642496e+17,9383807851828780.0,1.9141956437258628e+16,5139969659860.239,14334989074179.254,95659443970315.97,1.0135224205174154e+16
