t(s),Total solute volume 1,Total retention volume 1,Total 1 volume 1,Total 2 volume 1,Total 3 volume 1,Total 4 volume 1,Total 5 volume 1,Total 6 volume 1
0,8.553063609334184e+16,1.8176028493083053e+17,9383807851828774.0,1.1205049428947024e+16,50122686270335.68,215637023634433.84,1157941951367800.8,7.421708989544056e+16
