t(s),Total solute volume 1,Total retention volume 1,Total 1 volume 1,Total 2 volume 1,Total 3 volume 1,Total 4 volume 1,Total 5 volume 1,Total 6 volume 1
0,1.612352649698545e+17,1.4677451620967107e+18,3.860071170759496e+16,5.693890508297374e+16,267193056533883.62,1466942092031338.5,1.089930700248141e+16,1.1983368381852457e+18
