t(s),Total solute volume 1,Total retention volume 1,Total 1 volume 1,Total 2 volume 1,Total 3 volume 1,Total 4 volume 1,Total 5 volume 1,Total 6 volume 1
0,2.7544357765683786e+17,5.726607880113396e+17,3.860071170759496e+16,9.72705519510043e+16,27397663325846.332,97504867606937.7,900051101457534.6,1.603209930635083e+17
