t(s),Total solute volume 1,Total retention volume 1,Total 1 volume 1,Total 2 volume 1,Total 3 volume 1,Total 4 volume 1,Total 5 volume 1,Total 6 volume 1
0,1.612352649698545e+17,5.871141001214011e+17,3.860071170759496e+16,5.693890508297374e+16,72892541275063.66,400234326232922.7,2973547724039860.5,3.268925437694347e+17
