t(s),Total solute volume 1,Total retention volume 1,Total 1 volume 1,Total 2 volume 1,Total 3 volume 1,Total 4 volume 1,Total 5 volume 1,Total 6 volume 1
0,1.0536084069480294e+20,6.471823998882025e+22,1.961934451448198e+22,4.49934784566537e+22,1.6498684766986554e+16,9643781913216032.0,7990835622299724.0,2.2043687176418824e+16
