t(s),Total solute volume 1,Total retention volume 1,Total 1 volume 1,Total 2 volume 1,Total 3 volume 1,Total 4 volume 1,Total 5 volume 1,Total 6 volume 1
0,6.1674638455494386e+19,6.141196892240044e+22,1.961934451448198e+22,4.172998634441791e+22,2.745764064555962e+17,2.4797600242368445e+17,1.6532709731551427e+17,2.7554553948232867e+17
