t(s),Total solute volume 1,Total retention volume 1,Total 1 volume 1,Total 2 volume 1,Total 3 volume 1,Total 4 volume 1,Total 5 volume 1,Total 6 volume 1
0,1.0357694112375635e+17,3.6584323606850054e+17,1.4382961689890436e+16,1.830613831100575e+16,108489105219086.84,502382132908915.06,2975957463970425.5,2.2599036624175072e+17
