t(s),Total solute volume 1,Total retention volume 1,Total 1 volume 1,Total 2 volume 1,Total 3 volume 1,Total 4 volume 1,Total 5 volume 1,Total 6 volume 1
0,1.7694394108641648e+17,2.5370399947909594e+17,1.4382961689890436e+16,3.1272978263682056e+16,11126508163066.107,33401877702653.027,245871512031571.06,3.0813718541207484e+16
