t(s),Total solute volume 1,Total retention volume 1,Total 1 volume 1,Total 2 volume 1,Total 3 volume 1,Total 4 volume 1,Total 5 volume 1,Total 6 volume 1
0,1.1342546114652189e+19,1.4744298681559915e+21,1.542273968290348e+20,1.3085723532580752e+21,4.189413128712432e+16,5.721477323956463e+16,5.011392017457332e+16,1.3834912952931952e+17
