t(s),Total solute volume 1,Total retention volume 1,Total 1 volume 1,Total 2 volume 1,Total 3 volume 1,Total 4 volume 1,Total 5 volume 1,Total 6 volume 1
0,6.639539189064714e+18,9.398397109010622e+20,1.542273968290348e+20,7.742999917924145e+20,4.9089515305314643e+17,1.4162732465315156e+18,1.0362530906682674e+18,1.7293616002929597e+18
