t(s),Total solute volume 1,Total retention volume 1,Total 1 volume 1,Total 2 volume 1,Total 3 volume 1,Total 4 volume 1,Total 5 volume 1,Total 6 volume 1
0,1.3517038836082043e+17,6.664231175029655e+17,2.6047523684028044e+16,3.622882322688759e+16,139279936080035.44,714557765953527.1,4851094718816910.0,4.6327144981038214e+17
