t(s),Total solute volume 1,Total retention volume 1,Total 1 volume 1,Total 2 volume 1,Total 3 volume 1,Total 4 volume 1,Total 5 volume 1,Total 6 volume 1
0,2.3091608011640064e+17,3.820428426788922e+17,2.6047523684028044e+16,6.18908749437171e+16,14280954412490.076,47492855734167.516,400640649914024.0,6.27259494746832e+16
