t(s),Total solute volume 1,Total retention volume 1,Total 1 volume 1,Total 2 volume 1,Total 3 volume 1,Total 4 volume 1,Total 5 volume 1,Total 6 volume 1
0,9.455042984468884e+17,3.96321033962153e+18,6.045923551720417e+17,2.298131816040415e+18,39094071176688.33,222720591728317.6,3562893079790855.5,1.1115716221947746e+17
