t(s),Total solute volume 1,Total retention volume 1,Total 1 volume 1,Total 2 volume 1,Total 3 volume 1,Total 4 volume 1,Total 5 volume 1,Total 6 volume 1
0,5.5346593079818586e+17,3.893378353043615e+18,6.045923551720415e+17,1.3452732373157307e+18,381470507426543.9,3358439458537383.0,4.47060504031346e+16,1.3416008693885645e+18
