t(s),Total solute volume 1,Total retention volume 1,Total 1 volume 1,Total 2 volume 1,Total 3 volume 1,Total 4 volume 1,Total 5 volume 1,Total 6 volume 1
0,2.5802946377090512e+17,2.3026199288845245e+18,1.1018915844204802e+17,1.9011722470774906e+17,208281473143823.06,1370151130909038.8,1.29266114549954e+16,1.729779037904777e+18
