t(s),Total solute volume 1,Total retention volume 1,Total 1 volume 1,Total 2 volume 1,Total 3 volume 1,Total 4 volume 1,Total 5 volume 1,Total 6 volume 1
0,4.408003339419685e+17,1.0804668333909952e+18,1.1018915844204802e+17,3.247827274525352e+17,21350030946184.96,91022606839511.14,1065290416170772.8,2.035169505004945e+17
