t(s),Total solute volume 1,Total retention volume 1,Total 1 volume 1,Total 2 volume 1,Total 3 volume 1,Total 4 volume 1,Total 5 volume 1,Total 6 volume 1
0,2.3091608011640064e+17,4.415115303137494e+17,2.6047523684028044e+16,6.18908749437171e+16,27721259258060.074,92190342952932.58,777699115407756.5,1.217594408519875e+17
