t(s),Total solute volume 1,Total retention volume 1,Total 1 volume 1,Total 2 volume 1,Total 3 volume 1,Total 4 volume 1,Total 5 volume 1,Total 6 volume 1
0,1.3517038836082043e+17,1.107579247438816e+18,2.6047523684028044e+16,3.622882322688759e+16,270275611497949.88,1386456952294044.0,9413205198359392.0,8.990625744049125e+17
