t(s),Total solute volume 1,Total retention volume 1,Total 1 volume 1,Total 2 volume 1,Total 3 volume 1,Total 4 volume 1,Total 5 volume 1,Total 6 volume 1
0,6.357639040862142e+16,1.048741616234453e+17,4841705944743442.0,5237103708245424.0,34956100590383.516,134157768309830.95,618805153163670.5,3.043104253977148e+16
