t(s),Total solute volume 1,Total retention volume 1,Total 1 volume 1,Total 2 volume 1,Total 3 volume 1,Total 4 volume 1,Total 5 volume 1,Total 6 volume 1
0,1.0860966694806053e+17,1.2662190273850986e+17,4841705944743442.0,8946718178722158.0,3585797300154.789,8922313182240.398,51140044440191.48,4160163512061407.5
