t(s),Total solute volume 1,Total retention volume 1,Total 1 volume 1,Total 2 volume 1,Total 3 volume 1,Total 4 volume 1,Total 5 volume 1,Total 6 volume 1
0,1.1999214403838232e+20,4.403990958450701e+23,6.1524972335763196e+22,4.870349495676083e+22,9.36355822794466e+22,6.3332633820597016e+22,4.939046924746504e+22,1.2369195106099593e+23
