t(s),Total solute volume 1,Total retention volume 1,Total 1 volume 1,Total 2 volume 1,Total 3 volume 1,Total 4 volume 1,Total 5 volume 1,Total 6 volume 1
0,2.0498657939890205e+20,1.1119353099968233e+23,6.1524972335763196e+22,4.946344516545733e+22,3.7321513687154696e+16,2.1777121514345404e+16,1.8043967511467316e+16,4.9776460015185624e+16
