t(s),Total solute volume 1,Total retention volume 1,Total 1 volume 1,Total 2 volume 1,Total 3 volume 1,Total 4 volume 1,Total 5 volume 1,Total 6 volume 1
0,1.1999214403838232e+20,1.1035063683086257e+23,6.1524972335763196e+22,4.870349495676083e+22,6.218936002364246e+17,5.5997693835069786e+17,3.733208157161484e+17,6.222029446557281e+17
