t(s),Total solute volume 1,Total retention volume 1,Total 1 volume 1,Total 2 volume 1,Total 3 volume 1,Total 4 volume 1,Total 5 volume 1,Total 6 volume 1
0,3.841154308419529e+17,1.8996596932692636e+19,2.6766928604882394e+17,5.273223096638238e+17,2362426777790475.0,1.810051642669062e+16,2.0741097813165894e+17,1.7589615984801909e+19
