t(s),Total solute volume 1,Total retention volume 1,Total 1 volume 1,Total 2 volume 1,Total 3 volume 1,Total 4 volume 1,Total 5 volume 1,Total 6 volume 1
0,3.563921568279588e+17,6.317073840770501e+17,6.858169948084933e+16,1.8831811750643e+17,2213800222486.3984,8698608183101.732,91522864285701.31,1.831297498912423e+16
