t(s),Total solute volume 1,Total retention volume 1,Total 1 volume 1,Total 2 volume 1,Total 3 volume 1,Total 4 volume 1,Total 5 volume 1,Total 6 volume 1
0,2.0861979911880643e+17,5.3193702272134176e+17,6.858169948084933e+16,1.1023516579767e+17,21597962338148.258,130940327236926.56,1109403362185484.9,1.432384166722536e+17
