t(s),Total solute volume 1,Total retention volume 1,Total 1 volume 1,Total 2 volume 1,Total 3 volume 1,Total 4 volume 1,Total 5 volume 1,Total 6 volume 1
0,8.405294887353384e+16,9.392103212761621e+16,2733248773475387.0,4637024230775944.0,3342500579035.2954,7536221318179.902,37875320024243.48,2449056207909470.0
