t(s),Total solute volume 1,Total retention volume 1,Total 1 volume 1,Total 2 volume 1,Total 3 volume 1,Total 4 volume 1,Total 5 volume 1,Total 6 volume 1
0,4.920172616987362e+16,7.315395330415723e+16,2733248773475387.0,2714355750467661.0,32559298446670.996,113197053190109.6,457889913753335.9,1.790097634494959e+16
