t(s),Total solute volume 1,Total retention volume 1,Total 1 volume 1,Total 2 volume 1,Total 3 volume 1,Total 4 volume 1,Total 5 volume 1,Total 6 volume 1
0,1.7694394108641648e+17,2.3296819800000032e+17,1.4382961689890436e+16,3.1272978263682056e+16,3708932119480.7217,11134203434532.918,81959094493586.97,1.0271514729963216e+16
