t(s),Total solute volume 1,Total retention volume 1,Total 1 volume 1,Total 2 volume 1,Total 3 volume 1,Total 4 volume 1,Total 5 volume 1,Total 6 volume 1
0,8.113418985332498e+18,1.5408118207046673e+21,2.4107704894684447e+20,1.281474549652156e+21,1.4732800512751117e+18,3.024705824031855e+18,2.1174813695237978e+18,3.5313358755088886e+18
