t(s),Total solute volume 1,Total retention volume 1,Total 1 volume 1,Total 2 volume 1,Total 3 volume 1,Total 4 volume 1,Total 5 volume 1,Total 6 volume 1
0,1.3860424099942965e+19,2.40614823676833e+21,2.4107704894684447e+20,2.150589277857464e+21,1.1656818096293051e+17,1.2003584221085728e+17,1.0237492698907646e+17,2.8250691390904774e+17
