t(s),Total solute volume 1,Total retention volume 1,Total 1 volume 1,Total 2 volume 1,Total 3 volume 1,Total 4 volume 1,Total 5 volume 1,Total 6 volume 1
0,1.0056372927748115e+17,1.1522314159551218e+17,4077840541915392.0,7344347682422831.0,3150867312644.196,7611423224979.503,41938164769631.07,3184523638385078.0
