t(s),Total solute volume 1,Total retention volume 1,Total 1 volume 1,Total 2 volume 1,Total 3 volume 1,Total 4 volume 1,Total 5 volume 1,Total 6 volume 1
0,5.88665732355986e+16,9.118716174505845e+16,4077840541915392.0,4299130609532137.0,30713730435688.11,114434380748820.44,507412357581985.94,2.3291056889244864e+16
