t(s),Total solute volume 1,Total retention volume 1,Total 1 volume 1,Total 2 volume 1,Total 3 volume 1,Total 4 volume 1,Total 5 volume 1,Total 6 volume 1
0,6.561971943550011e+17,3.184860947750278e+18,2.6766928604882394e+17,9.008356262596815e+17,198948188354327.06,987605402436470.4,1.3943566939441868e+16,1.3450287205565412e+18
