t(s),Total solute volume 1,Total retention volume 1,Total 1 volume 1,Total 2 volume 1,Total 3 volume 1,Total 4 volume 1,Total 5 volume 1,Total 6 volume 1
0,3.841154308419529e+17,1.5815457820294783e+19,2.6766928604882394e+17,5.273223096638238e+17,1940661880007942.0,1.4869274413965634e+16,1.7038301428880314e+17,1.4449157843157414e+19
