t(s),Total solute volume 1,Total retention volume 1,Total 1 volume 1,Total 2 volume 1,Total 3 volume 1,Total 4 volume 1,Total 5 volume 1,Total 6 volume 1
0,1.2104370031327629e+17,6.316164993957855e+17,2.036220404915564e+16,2.7298126560537492e+16,166445220897580.28,818370987789157.9,5250744048684823.0,4.566769082154417e+17
