t(s),Total solute volume 1,Total retention volume 1,Total 1 volume 1,Total 2 volume 1,Total 3 volume 1,Total 4 volume 1,Total 5 volume 1,Total 6 volume 1
0,2.067829880351787e+17,3.363670068359155e+17,2.0362204049155636e+16,4.663428171230368e+16,17070098252401.098,54409448084529.39,433782367207766.4,6.20822711257331e+16
