t(s),Total solute volume 1,Total retention volume 1,Total 1 volume 1,Total 2 volume 1,Total 3 volume 1,Total 4 volume 1,Total 5 volume 1,Total 6 volume 1
0,5.5346593079818586e+17,1.0148182252136649e+19,6.045923551720415e+17,1.3452732373157307e+18,2097942392077311.0,1.846970696305648e+16,2.458638520052713e+17,7.378419227490301e+18
