t(s),Total solute volume 1,Total retention volume 1,Total 1 volume 1,Total 2 volume 1,Total 3 volume 1,Total 4 volume 1,Total 5 volume 1,Total 6 volume 1
0,9.455042984468884e+17,4.480625894953485e+18,6.045923551720417e+17,2.298131816040415e+18,215016447677239.7,1224958701534485.8,1.95958339885853e+16,6.11361616156329e+17
