t(s),Total solute volume 1,Total retention volume 1,Total 1 volume 1,Total 2 volume 1,Total 3 volume 1,Total 4 volume 1,Total 5 volume 1,Total 6 volume 1
0,9.367034766423861e+18,9.2003804760785e+20,1.00671705467033e+20,8.092422388220405e+20,8.035502254641478e+16,1.5192706852553155e+17,1.3945733232863435e+17,3.8532912894719354e+17
