t(s),Total solute volume 1,Total retention volume 1,Total 1 volume 1,Total 2 volume 1,Total 3 volume 1,Total 4 volume 1,Total 5 volume 1,Total 6 volume 1
0,5.483142302296937e+18,5.952565730062719e+20,1.0067170546703298e+20,4.7686637777748827e+20,8.860671613886953e+17,3.6509530949047834e+18,2.8818812395902203e+18,4.81644596357327e+18
