t(s),Total solute volume 1,Total retention volume 1,Total 1 volume 1,Total 2 volume 1,Total 3 volume 1,Total 4 volume 1,Total 5 volume 1,Total 6 volume 1
0,1.0056372927748115e+17,1.158975143021884e+17,4077840541915392.0,7344347682422831.0,3807251823488.5293,9197041935249.25,50674725401439.125,3847917781208253.5
