t(s),Total solute volume 1,Total retention volume 1,Total 1 volume 1,Total 2 volume 1,Total 3 volume 1,Total 4 volume 1,Total 5 volume 1,Total 6 volume 1
0,5.88665732355986e+16,9.6171178598027e+16,4077840541915392.0,4299130609532137.0,37105324155598.555,138239549150816.42,612989565351243.8,2.813929977232264e+16
