t(s),Total solute volume 1,Total retention volume 1,Total 1 volume 1,Total 2 volume 1,Total 3 volume 1,Total 4 volume 1,Total 5 volume 1,Total 6 volume 1
0,7.801667161565198e+18,5.847440714817889e+20,6.696388307350977e+19,5.094009276905076e+20,4.264996182766166e+16,1.1287937410547509e+17,1.1202481885784978e+17,3.1003940141649914e+17
