t(s),Total solute volume 1,Total retention volume 1,Total 1 volume 1,Total 2 volume 1,Total 3 volume 1,Total 4 volume 1,Total 5 volume 1,Total 6 volume 1
0,4.566829557989454e+18,3.801992314393291e+20,6.696388307350977e+19,2.9943637271575534e+20,4.503292456189613e+17,2.594097789295822e+18,2.3123366415820774e+18,3.875382415579198e+18
