t(s),Total solute volume 1,Total retention volume 1,Total 1 volume 1,Total 2 volume 1,Total 3 volume 1,Total 4 volume 1,Total 5 volume 1,Total 6 volume 1
0,1.2485206491236938e+19,1.2904926859335687e+23,6.290856345856501e+20,3.6814069503789776e+21,2.8182037426542014e+22,3.0634253382884316e+22,2.2247354834629796e+22,4.366264515784508e+22
