t(s),Total solute volume 1,Total retention volume 1,Total 1 volume 1,Total 2 volume 1,Total 3 volume 1,Total 4 volume 1,Total 5 volume 1,Total 6 volume 1
0,2.1328894422529733e+19,6.631163094068465e+21,6.290856345856501e+20,5.980718300897763e+21,7672043394188543.0,5463500638701483.0,4558540664411175.0,1.2570077799067062e+16
