t(s),Total solute volume 1,Total retention volume 1,Total 1 volume 1,Total 2 volume 1,Total 3 volume 1,Total 4 volume 1,Total 5 volume 1,Total 6 volume 1
0,1.2485206491236938e+19,4.3234820245995945e+21,6.290856345856501e+20,3.681406950378961e+21,1.1293918390597678e+17,1.3979571723551635e+17,9.430993157083174e+16,1.5718831107131942e+17
