t(s),Total solute volume 1,Total retention volume 1,Total 1 volume 1,Total 2 volume 1,Total 3 volume 1,Total 4 volume 1,Total 5 volume 1,Total 6 volume 1
0,9.367034766423861e+18,9.194813808963207e+20,1.00671705467033e+20,8.09242238822048e+20,2.127049736620151e+16,4.021606913461465e+16,3.691525539157632e+16,1.020000189239236e+17
