t(s),Total solute volume 1,Total retention volume 1,Total 1 volume 1,Total 2 volume 1,Total 3 volume 1,Total 4 volume 1,Total 5 volume 1,Total 6 volume 1
0,5.483142302296937e+18,5.862601203537615e+20,1.00671705467033e+20,4.7686637777748827e+20,2.345559336929351e+17,9.664768919512645e+17,7.628833372891016e+17,1.2749786440135985e+18
