t(s),Total solute volume 1,Total retention volume 1,Total 1 volume 1,Total 2 volume 1,Total 3 volume 1,Total 4 volume 1,Total 5 volume 1,Total 6 volume 1
0,9.455042984468884e+17,5.745399776543719e+18,6.045923551720419e+17,2.298131816040415e+18,645042421976338.5,3674842716575139.0,5.878693033832034e+16,1.8340644914074916e+18
