t(s),Total solute volume 1,Total retention volume 1,Total 1 volume 1,Total 2 volume 1,Total 3 volume 1,Total 4 volume 1,Total 5 volume 1,Total 6 volume 1
0,5.5346593079818586e+17,2.5434900807908184e+19,6.045923551720415e+17,1.3452732373157307e+18,6292761173069678.0,5.539658445525587e+16,7.37449143217393e+17,2.2132430795776516e+19
