t(s),Total solute volume 1,Total retention volume 1,Total 1 volume 1,Total 2 volume 1,Total 3 volume 1,Total 4 volume 1,Total 5 volume 1,Total 6 volume 1
0,7.49048861694545e+16,1.3172533747728016e+17,6980090150537523.0,7974287186130815.0,35080173425270.51,143413664088027.38,719477766217001.0,4.096810236742662e+16
