t(s),Total solute volume 1,Total retention volume 1,Total 1 volume 1,Total 2 volume 1,Total 3 volume 1,Total 4 volume 1,Total 5 volume 1,Total 6 volume 1
0,1.2796251387281995e+17,1.5423555923340614e+17,6980090150537523.0,1.3622739088267018e+16,3597453041674.0796,9533992728432.436,59439019570418.05,5597645656443063.0
