t(s),Total solute volume 1,Total retention volume 1,Total 1 volume 1,Total 2 volume 1,Total 3 volume 1,Total 4 volume 1,Total 5 volume 1,Total 6 volume 1
0,1.454865482009603e+20,8.391704356381045e+22,3.579686312483719e+22,4.797460062369274e+22,2.741611236177206e+16,1.6005301966042492e+16,1.3261690625523934e+16,3.658397425408898e+16
