t(s),Total solute volume 1,Total retention volume 1,Total 1 volume 1,Total 2 volume 1,Total 3 volume 1,Total 4 volume 1,Total 5 volume 1,Total 6 volume 1
0,8.516285748348854e+19,8.217084002095655e+22,3.579686312483719e+22,4.628721412782856e+22,4.566753271100168e+17,4.1155894880002125e+17,2.743783679664536e+17,4.5729816269684966e+17
