t(s),Total solute volume 1,Total retention volume 1,Total 1 volume 1,Total 2 volume 1,Total 3 volume 1,Total 4 volume 1,Total 5 volume 1,Total 6 volume 1
0,2.399005506587524e+17,6.297111518282106e+18,9.36616297076456e+16,1.5772427002204848e+17,737364408884314.9,4716377752087906.0,4.28949453885674e+16,5.757476380344134e+18
