t(s),Total solute volume 1,Total retention volume 1,Total 1 volume 1,Total 2 volume 1,Total 3 volume 1,Total 4 volume 1,Total 5 volume 1,Total 6 volume 1
0,8.516285748348854e+19,8.217139650791615e+22,3.579686312483719e+22,4.628721412782856e+22,6.155178885766906e+17,5.5470864675284966e+17,3.698136161713825e+17,6.16357615120858e+17
