t(s),Total solute volume 1,Total retention volume 1,Total 1 volume 1,Total 2 volume 1,Total 3 volume 1,Total 4 volume 1,Total 5 volume 1,Total 6 volume 1
0,2.7620042352160896e+18,1.2209992953297678e+20,2.1816306119850037e+19,8.283158743020675e+19,2.2134212842546512e+17,2.418981046052109e+18,4.4125567718235807e+18,7.637151801402333e+18
