t(s),Total solute volume 1,Total retention volume 1,Total 1 volume 1,Total 2 volume 1,Total 3 volume 1,Total 4 volume 1,Total 5 volume 1,Total 6 volume 1
0,1.1999214403838232e+20,1.1034998361568718e+23,6.1524972335763196e+22,4.870349495676083e+22,4.353263755157577e+17,3.919848857700064e+17,2.6132515635003776e+17,4.3554270648747354e+17
