t(s),Total solute volume 1,Total retention volume 1,Total 1 volume 1,Total 2 volume 1,Total 3 volume 1,Total 4 volume 1,Total 5 volume 1,Total 6 volume 1
0,3.027606909858182e+18,5.72467092107521e+19,8.108748995498786e+18,4.539357696078196e+19,5186888704648705.0,3.8843102870466504e+16,1.6407118309047757e+17,5.086751699474342e+17
