t(s),Total solute volume 1,Total retention volume 1,Total 1 volume 1,Total 2 volume 1,Total 3 volume 1,Total 4 volume 1,Total 5 volume 1,Total 6 volume 1
0,1.2266054339042045e+17,1.493092909913566e+17,6351323389472384.0,1.22219832432844e+16,5523240864330.775,14401479580301.371,87857970658237.19,7967658277076412.0
