t(s),Total solute volume 1,Total retention volume 1,Total 1 volume 1,Total 2 volume 1,Total 3 volume 1,Total 4 volume 1,Total 5 volume 1,Total 6 volume 1
0,7.180129369195402e+16,1.4493254832279446e+17,6351323389472384.0,7154332371437873.0,53840059832730.59,216526232611932.06,1063032688435284.5,5.829219988904931e+16
