t(s),Total solute volume 1,Total retention volume 1,Total 1 volume 1,Total 2 volume 1,Total 3 volume 1,Total 4 volume 1,Total 5 volume 1,Total 6 volume 1
0,6.030890236958341e+17,2.732582256946742e+18,2.2173507663096877e+17,7.255463282409612e+17,150455028695701.3,723229056750001.0,9835330396410312.0,1.1715028138971218e+18
