t(s),Total solute volume 1,Total retention volume 1,Total 1 volume 1,Total 2 volume 1,Total 3 volume 1,Total 4 volume 1,Total 5 volume 1,Total 6 volume 1
0,3.5302772118780864e+17,1.3142999086988493e+19,2.2173507663096877e+17,4.247125719959892e+17,1467619220176796.0,1.0887522253275852e+16,1.1988241210651658e+17,1.2011286163593787e+19
