t(s),Total solute volume 1,Total retention volume 1,Total 1 volume 1,Total 2 volume 1,Total 3 volume 1,Total 4 volume 1,Total 5 volume 1,Total 6 volume 1
0,4.920172616987362e+16,5.611193097050813e+16,2733248773475387.0,2714355750467661.0,2574388733945.887,8954805208257.568,36212013262178.71,1414859069487444.8
