t(s),Total solute volume 1,Total retention volume 1,Total 1 volume 1,Total 2 volume 1,Total 3 volume 1,Total 4 volume 1,Total 5 volume 1,Total 6 volume 1
0,8.405294887353384e+16,9.162043706922846e+16,2733248773475387.0,4637024230775944.0,263907100273.8122,595013478825.402,2990418456115.9116,193365852408041.72
