t(s),Total solute volume 1,Total retention volume 1,Total 1 volume 1,Total 2 volume 1,Total 3 volume 1,Total 4 volume 1,Total 5 volume 1,Total 6 volume 1
0,1.4314015651477992e+17,1.3555176633499868e+18,2.9598370758294e+16,4.196129288420449e+16,307164555191090.9,1610801823062694.0,1.1261767423000026e+16,1.1276381093914596e+18
