t(s),Total solute volume 1,Total retention volume 1,Total 1 volume 1,Total 2 volume 1,Total 3 volume 1,Total 4 volume 1,Total 5 volume 1,Total 6 volume 1
0,2.445311007127456e+17,4.9914956009313075e+17,2.9598370758294e+16,7.168383321791445e+16,31503991160899.316,107103597963328.47,930356731777516.6,1.5226729108326934e+17
