t(s),Total solute volume 1,Total retention volume 1,Total 1 volume 1,Total 2 volume 1,Total 3 volume 1,Total 4 volume 1,Total 5 volume 1,Total 6 volume 1
0,3.5302772118780864e+17,1.025205660923835e+19,2.2173507663096877e+17,4.247125719959892e+17,1118245466649097.8,8295843650522728.0,9.134451135318957e+16,9.151822638953229e+18
