t(s),Total solute volume 1,Total retention volume 1,Total 1 volume 1,Total 2 volume 1,Total 3 volume 1,Total 4 volume 1,Total 5 volume 1,Total 6 volume 1
0,6.030890236958341e+17,2.451106381684459e+18,2.2173507663096877e+17,7.255463282409612e+17,114632788505758.11,551033232199673.5,7493607913029916.0,8.92576679182955e+17
