t(s),Total solute volume 1,Total retention volume 1,Total 1 volume 1,Total 2 volume 1,Total 3 volume 1,Total 4 volume 1,Total 5 volume 1,Total 6 volume 1
0,6.639539189064714e+18,9.38170879077205e+20,1.542273968290348e+20,7.742999917924142e+20,3.1557750722760915e+17,9.104692805563404e+17,6.661676381580689e+17,1.1117368407459882e+18
