t(s),Total solute volume 1,Total retention volume 1,Total 1 volume 1,Total 2 volume 1,Total 3 volume 1,Total 4 volume 1,Total 5 volume 1,Total 6 volume 1
0,1.1342546114652189e+19,1.4743271638678456e+21,1.542273968290348e+20,1.3085723532580744e+21,2.693195263127233e+16,3.6780938478142856e+16,3.2216103545013788e+16,8.893867143093234e+16
