t(s),Total solute volume 1,Total retention volume 1,Total 1 volume 1,Total 2 volume 1,Total 3 volume 1,Total 4 volume 1,Total 5 volume 1,Total 6 volume 1
0,8.175062817381762e+16,1.2621141554671613e+17,8483748054658170.0,9978813516605722.0,18662775947969.06,78914535022868.84,414029850673450.25,2.5486618639989788e+16
