t(s),Total solute volume 1,Total retention volume 1,Total 1 volume 1,Total 2 volume 1,Total 3 volume 1,Total 4 volume 1,Total 5 volume 1,Total 6 volume 1
0,1.3965732313027035e+17,1.687101177181243e+17,8483748054658170.0,1.7047137375161364e+16,1913313059096.2915,5244110507717.938,34193229116377.863,3480558505350636.5
