t(s),Total solute volume 1,Total retention volume 1,Total 1 volume 1,Total 2 volume 1
0,5.539824915009872e+18,2.4973787855594534e+20,3.120606282469643e+19,2.1299199081623975e+20
