t(s),Total solute volume 1,Total retention volume 1,Total 1 volume 1,Total 2 volume 1
0,3.242824340493574e+18,1.5934520766304535e+20,3.120606282469643e+19,1.2489632049785533e+20
