t(s),Total solute volume 1,Total retention volume 1,Total 1 volume 1,Total 2 volume 1,Total 3 volume 1,Total 4 volume 1,Total 5 volume 1,Total 6 volume 1
0,1.2266054339042045e+17,1.4841206657138256e+17,6351323389472384.0,1.22219832432844e+16,4909578428835.953,12801383614608.912,78096420718408.94,7082409165444771.0
