t(s),Total solute volume 1,Total retention volume 1,Total 1 volume 1,Total 2 volume 1,Total 3 volume 1,Total 4 volume 1,Total 5 volume 1,Total 6 volume 1
0,7.180129369195402e+16,1.3831151144472637e+17,6351323389472384.0,7154332371437873.0,47862597805129.03,192493366197318.75,945025227634227.8,5.181918080022673e+16
