t(s),Total solute volume 1,Total retention volume 1,Total 1 volume 1,Total 2 volume 1,Total 3 volume 1,Total 4 volume 1,Total 5 volume 1,Total 6 volume 1
0,2.0104438942510703e+19,1.2465585109329817e+22,1.8076337742290045e+21,1.0636512866415753e+22,3.5688071025791706e+17,3.5122100665557523e+17,2.347200478525205e+17,3.912079778352769e+17
