t(s),Total solute volume 1,Total retention volume 1,Total 1 volume 1,Total 2 volume 1,Total 3 volume 1,Total 4 volume 1,Total 5 volume 1,Total 6 volume 1
0,3.434508319345575e+19,1.765693369298455e+22,1.8076337742290045e+21,1.5814876313514462e+22,2.2221394152212532e+16,1.3672599965631962e+16,1.134493944349491e+16,3.1283114118792884e+16
