t(s),Total solute volume 1,Total retention volume 1,Total 1 volume 1,Total 2 volume 1,Total 3 volume 1,Total 4 volume 1,Total 5 volume 1,Total 6 volume 1
0,1.7152588772477386e+17,3.0759717314155796e+18,4.431341940307482e+16,6.672760546581345e+16,557603501553048.0,3134729468702761.5,2.4040345634460056e+16,2.765672140217198e+18
