t(s),Total solute volume 1,Total retention volume 1,Total 1 volume 1,Total 2 volume 1,Total 3 volume 1,Total 4 volume 1,Total 5 volume 1,Total 6 volume 1
0,2.9302339152982e+17,8.210998174146193e+17,4.431341940307482e+16,1.1399288614301397e+17,57192169034162.3,208439005603569.7,1985695941735067.0,3.6751879322233216e+17
