t(s),Total solute volume 1,Total retention volume 1,Total 1 volume 1,Total 2 volume 1,Total 3 volume 1,Total 4 volume 1,Total 5 volume 1,Total 6 volume 1
0,1.5746764332366418e+19,7.376465461374515e+21,1.0530177027067483e+21,6.302159391947702e+21,1.3894990557682486e+18,1.4894689850079923e+18,9.984586687215997e+17,1.664175678201904e+18
