t(s),Total solute volume 1,Total retention volume 1,Total 1 volume 1,Total 2 volume 1,Total 3 volume 1,Total 4 volume 1,Total 5 volume 1,Total 6 volume 1
0,2.6900722401125917e+19,1.0973268404918362e+22,1.0530177027067483e+21,9.89302102912233e+21,8.949621710737251e+16,5.805826015263496e+16,4.826070346346836e+16,1.3313550737564533e+17
