t(s),Total solute volume 1,Total retention volume 1,Total 1 volume 1,Total 2 volume 1,Total 3 volume 1,Total 4 volume 1,Total 5 volume 1,Total 6 volume 1
0,1.0536084069480294e+20,6.471838298470261e+22,1.961934451448198e+22,4.49934784566537e+22,5.8495309549115016e+16,3.4191576881565532e+16,2.833113247356105e+16,7.81548530933592e+16
