t(s),Total solute volume 1,Total retention volume 1,Total 1 volume 1,Total 2 volume 1,Total 3 volume 1,Total 4 volume 1,Total 5 volume 1,Total 6 volume 1
0,6.1674638455494386e+19,6.141442125083232e+22,1.961934451448198e+22,4.172998634441791e+22,9.734909810264211e+17,8.791789733848585e+17,5.861547752019693e+17,9.769287472886784e+17
