t(s),Total solute volume 1,Total retention volume 1,Total 1 volume 1,Total 2 volume 1,Total 3 volume 1,Total 4 volume 1,Total 5 volume 1,Total 6 volume 1
0,9.688003471877627e+16,1.0997759302930402e+17,3752113566455123.5,6674159898032270.0,2778175155115.0967,6615488575587.908,35759793948727.7,2626131388360258.0
