t(s),Total solute volume 1,Total retention volume 1,Total 1 volume 1,Total 2 volume 1,Total 3 volume 1,Total 4 volume 1,Total 5 volume 1,Total 6 volume 1
0,5.67102642256257e+16,8.413508790006269e+16,3752113566455123.5,3906825519925697.5,27081202087750.055,99462772621777.69,432666244576876.25,1.9206674368770344e+16
