t(s),Total solute volume 1,Total retention volume 1,Total 1 volume 1,Total 2 volume 1,Total 3 volume 1,Total 4 volume 1,Total 5 volume 1,Total 6 volume 1
0,5.0293829723865024e+17,7.675075082762473e+18,4.883330109832728e+17,1.0524643962722104e+18,1232238247567318.0,1.0462799276172652e+16,1.34624348271418e+17,5.485019992473191e+18
