t(s),Total solute volume 1,Total retention volume 1,Total 1 volume 1,Total 2 volume 1,Total 3 volume 1,Total 4 volume 1,Total 5 volume 1,Total 6 volume 1
0,8.591862577826981e+17,3.6198899356990356e+18,4.883330109832728e+17,1.7979335094057503e+18,126294636816736.56,694244625002651.2,1.0841715675359364e+16,4.627749025901483e+17
