t(s),Total solute volume 1,Total retention volume 1,Total 1 volume 1,Total 2 volume 1,Total 3 volume 1,Total 4 volume 1,Total 5 volume 1,Total 6 volume 1
0,2.641240568788231e+18,4.2139490466457575e+19,5.979897840391367e+18,3.199484310387922e+19,7682598761486153.0,5.804716480750086e+16,3.361974058867605e+17,1.1215817839429073e+18
