t(s),Total solute volume 1,Total retention volume 1,Total 1 volume 1,Total 2 volume 1,Total 3 volume 1,Total 4 volume 1,Total 5 volume 1,Total 6 volume 1
0,1.5460920402662884e+18,4.746156046784333e+19,5.979897840391367e+18,1.873360234042119e+19,7.522657770265498e+16,9.18615453892452e+17,6.193803920167569e+18,1.4014322295001756e+19
