t(s),Total solute volume 1,Total retention volume 1,Total 1 volume 1,Total 2 volume 1,Total 3 volume 1,Total 4 volume 1,Total 5 volume 1,Total 6 volume 1
0,8.175062817381762e+16,1.8931501705709818e+17,8483748054658170.0,9978813516605722.0,63953746558474.055,270378237175199.28,1418698588424089.2,8.73487967398589e+16
