t(s),Total solute volume 1,Total retention volume 1,Total 1 volume 1,Total 2 volume 1,Total 3 volume 1,Total 4 volume 1,Total 5 volume 1,Total 6 volume 1
0,1.3965732313027035e+17,1.7726291905919875e+17,8483748054658170.0,1.7047137375161364e+16,6559716634945.096,17979311122657.715,117230464859841.1,1.193294100649116e+16
