t(s),Total solute volume 1,Total retention volume 1,Total 1 volume 1,Total 2 volume 1,Total 3 volume 1,Total 4 volume 1,Total 5 volume 1,Total 6 volume 1
0,1.950956450790701e+17,4.0863194720489344e+18,5.905751296626006e+16,9.282918675798294e+16,613350901436930.0,3623312880532159.5,2.967252335479713e+16,3.7054279401088425e+18
