t(s),Total solute volume 1,Total retention volume 1,Total 1 volume 1,Total 2 volume 1,Total 3 volume 1,Total 4 volume 1,Total 5 volume 1,Total 6 volume 1
0,3.332883936767457e+17,1.0354395451216215e+18,5.905751296626006e+16,1.5858298787719715e+17,62899497858405.555,240867435145864.9,2449779587224937.0,4.81757104081183e+17
