t(s),Total solute volume 1,Total retention volume 1,Total 1 volume 1,Total 2 volume 1,Total 3 volume 1,Total 4 volume 1,Total 5 volume 1,Total 6 volume 1
0,5.67102642256257e+16,9.44368619090585e+16,3752113566455123.5,3906825519925697.5,41191095802924.68,151261106665214.53,658051353586358.4,2.9217155040997132e+16
