t(s),Total solute volume 1,Total retention volume 1,Total 1 volume 1,Total 2 volume 1,Total 3 volume 1,Total 4 volume 1,Total 5 volume 1,Total 6 volume 1
0,9.688003471877627e+16,1.1137118140716802e+17,3752113566455123.5,6674159898032270.0,4227531447747.0127,10066792966089.158,54415603319629.03,3996163296170149.5
