t(s),Total solute volume 1,Total retention volume 1,Total 1 volume 1,Total 2 volume 1,Total 3 volume 1,Total 4 volume 1,Total 5 volume 1,Total 6 volume 1
0,2.7544357765683786e+17,5.2865820620891354e+17,3.860071170759496e+16,9.727055195100429e+16,19925714313351.188,70913055856775.67,654586816607126.5,1.165979393066993e+17
