t(s),Total solute volume 1,Total retention volume 1,Total 1 volume 1,Total 2 volume 1,Total 3 volume 1,Total 4 volume 1,Total 5 volume 1,Total 6 volume 1
0,1.612352649698545e+17,1.1375551260767747e+18,3.860071170759496e+16,5.693890508297374e+16,194343926567803.25,1067026146658351.8,7927777965507769.0,8.71591096277617e+17
