t(s),Total solute volume 1,Total retention volume 1,Total 1 volume 1,Total 2 volume 1,Total 3 volume 1,Total 4 volume 1,Total 5 volume 1,Total 6 volume 1
0,1.3860424099942965e+19,2.405658582532903e+21,2.4107704894684447e+20,2.1505892778574658e+21,2.472662970590324e+16,2.5462188342882284e+16,2.1715930275231656e+16,5.99268803094773e+16
