t(s),Total solute volume 1,Total retention volume 1,Total 1 volume 1,Total 2 volume 1,Total 3 volume 1,Total 4 volume 1,Total 5 volume 1,Total 6 volume 1
0,8.113418985332498e+18,1.5328174391363822e+21,2.4107704894684447e+20,1.281474549652156e+21,3.1252310305782406e+17,6.41629369329731e+17,4.4917771225725734e+17,7.490913674102929e+17
