t(s),Total solute volume 1,Total retention volume 1,Total 1 volume 1,Total 2 volume 1,Total 3 volume 1,Total 4 volume 1,Total 5 volume 1,Total 6 volume 1
0,2.2349716812900077e+17,1.1699442617613414e+18,7.99733013773092e+16,1.3153125251363435e+17,100751294473107.47,627193618593165.4,5503116330599822.0,7.287114784977302e+17
