t(s),Total solute volume 1,Total retention volume 1,Total 1 volume 1,Total 2 volume 1,Total 3 volume 1,Total 4 volume 1,Total 5 volume 1,Total 6 volume 1
0,1.194648755498281e+18,1.9295122953920336e+19,3.364073161464839e+18,9.67235389752105e+18,9545045505950162.0,1.0986551810450741e+17,1.1580642956017457e+18,3.786572280223854e+18
