t(s),Total solute volume 1,Total retention volume 1,Total 1 volume 1,Total 2 volume 1,Total 3 volume 1,Total 4 volume 1,Total 5 volume 1,Total 6 volume 1
0,9.688003471877627e+16,1.1090666150558138e+17,3752113566455123.5,6674159898032270.0,3744422313039.69,8916377586372.305,48197112525536.91,3539495409893381.0
