t(s),Total solute volume 1,Total retention volume 1,Total 1 volume 1,Total 2 volume 1,Total 3 volume 1,Total 4 volume 1,Total 5 volume 1,Total 6 volume 1
0,5.67102642256257e+16,9.100376399827486e+16,3752113566455123.5,3906825519925697.5,36489276408040.555,134002243428209.0,582949902771837.9,2.5881119263660076e+16
