t(s),Total solute volume 1,Total retention volume 1,Total 1 volume 1,Total 2 volume 1,Total 3 volume 1,Total 4 volume 1,Total 5 volume 1,Total 6 volume 1
0,1.4340238840712154e+18,1.0038404080574136e+19,1.531053857194819e+18,6.685981104100379e+18,395917367246531.75,2616071353278786.5,3.938661294593428e+16,3.449466335412345e+17
