t(s),Total solute volume 1,Total retention volume 1,Total 1 volume 1,Total 2 volume 1,Total 3 volume 1,Total 4 volume 1,Total 5 volume 1,Total 6 volume 1
0,8.394286150660815e+17,1.116553119684732e+19,1.531053857194819e+18,3.913959566691929e+18,3864877556938131.5,3.965845952116537e+16,5.4804202397363386e+17,4.2895237968427976e+18
