t(s),Total solute volume 1,Total retention volume 1,Total 1 volume 1,Total 2 volume 1,Total 3 volume 1,Total 4 volume 1,Total 5 volume 1,Total 6 volume 1
0,7.831248687372006e+17,3.987164709363452e+18,3.971127163555371e+17,1.417606166617462e+18,295235632801399.75,1567271981418971.2,2.374426147338805e+16,1.3637141885656315e+18
