t(s),Total solute volume 1,Total retention volume 1,Total 1 volume 1,Total 2 volume 1,Total 3 volume 1,Total 4 volume 1,Total 5 volume 1,Total 6 volume 1
0,4.584145573095851e+17,1.776747540347427e+19,3.971127163555371e+17,8.29827887724081e+17,2880106053909911.5,2.360762597054279e+16,2.92663888436973e+17,1.5762968621623626e+19
