t(s),Total solute volume 1,Total retention volume 1,Total 1 volume 1,Total 2 volume 1,Total 3 volume 1,Total 4 volume 1,Total 5 volume 1,Total 6 volume 1
0,1.2852690019555497e+18,7.887924359013914e+18,1.1991975012111887e+18,5.049221861376426e+18,271391724372739.22,1727658984445553.5,2.7406873377024296e+16,3.2483007038485824e+17
