t(s),Total solute volume 1,Total retention volume 1,Total 1 volume 1,Total 2 volume 1,Total 3 volume 1,Total 4 volume 1,Total 5 volume 1,Total 6 volume 1
0,7.523525865105635e+17,9.328426784656374e+18,1.1991975012111887e+18,2.955764414391274e+18,2648825381114188.5,2.613386180075407e+16,3.668843448849953e+17,4.025445250476466e+18
