t(s),Total solute volume 1,Total retention volume 1,Total 1 volume 1,Total 2 volume 1,Total 3 volume 1,Total 4 volume 1,Total 5 volume 1,Total 6 volume 1
0,1.772257703331625e+18,3.748144808373863e+19,8.108748995498784e+18,2.6581741941542703e+19,5089049144048897.0,6.302771738347807e+16,3.1483469743704934e+17,6.357479794009288e+17
