t(s),Total solute volume 1,Total retention volume 1,Total 1 volume 1,Total 2 volume 1,Total 3 volume 1,Total 4 volume 1,Total 5 volume 1,Total 6 volume 1
0,3.027606909858182e+18,5.660161077041042e+19,8.108748995498785e+18,4.539357696078196e+19,518690849723853.8,3884322838014127.0,1.6407175046204382e+16,5.086771553741418e+16
