t(s),Total solute volume 1,Total retention volume 1,Total 1 volume 1,Total 2 volume 1,Total 3 volume 1,Total 4 volume 1,Total 5 volume 1,Total 6 volume 1
0,4.443246134384989e+19,2.6909447014541985e+22,3.1834588077439205e+21,2.3681226433136985e+22,9.509808138219451e+16,5.690079634963842e+16,4.717500009921054e+16,1.3013843948923701e+17
