t(s),Total solute volume 1,Total retention volume 1,Total 1 volume 1,Total 2 volume 1,Total 3 volume 1,Total 4 volume 1,Total 5 volume 1,Total 6 volume 1
0,1.612352649698545e+17,2.0729483422305313e+18,3.860071170759496e+16,5.693890508297374e+16,400707543896500.7,2199811528392298.0,1.6345145704620572e+16,1.797227795693221e+18
