t(s),Total solute volume 1,Total retention volume 1,Total 1 volume 1,Total 2 volume 1,Total 3 volume 1,Total 4 volume 1,Total 5 volume 1,Total 6 volume 1
0,9.011205916778291e+16,9.936885230172818e+16,3192384722575143.5,5543091834178185.0,616560735887.9044,1427837808435.1255,7436788598826.917,511835390048485.5
