t(s),Total solute volume 1,Total retention volume 1,Total 1 volume 1,Total 2 volume 1,Total 3 volume 1,Total 4 volume 1,Total 5 volume 1,Total 6 volume 1
0,5.274852243967814e+16,6.304810316411896e+16,3192384722575143.5,3244736830869188.5,6013827359084.183,21485358706529.66,90043248551637.86,3744916736379858.5
