t(s),Total solute volume 1,Total retention volume 1,Total 1 volume 1,Total 2 volume 1,Total 3 volume 1,Total 4 volume 1,Total 5 volume 1,Total 6 volume 1
0,2.399005506587524e+17,6.993603607292045e+18,9.36616297076456e+16,1.5772427002204848e+17,825813440630172.1,5282046632458060.0,4.804003791851481e+16,6.448169258911982e+18
