t(s),Total solute volume 1,Total retention volume 1,Total 1 volume 1,Total 2 volume 1,Total 3 volume 1,Total 4 volume 1,Total 5 volume 1,Total 6 volume 1
0,4.0983010737537254e+17,1.5625574675355233e+18,9.36616297076456e+16,2.6944503277455203e+17,84675649676305.77,351051082817634.75,3962291207115652.0,7.852226797383487e+17
