t(s),Total solute volume 1,Total retention volume 1,Total 1 volume 1,Total 2 volume 1,Total 3 volume 1,Total 4 volume 1,Total 5 volume 1,Total 6 volume 1
0,3.841154308419529e+17,1.4542934558224183e+19,2.6766928604882394e+17,5.273223096638238e+17,1771944111414377.8,1.3576656748106752e+16,1.5557064684745978e+17,1.3192908283962608e+19
