t(s),Total solute volume 1,Total retention volume 1,Total 1 volume 1,Total 2 volume 1,Total 3 volume 1,Total 4 volume 1,Total 5 volume 1,Total 6 volume 1
0,6.561971943550011e+17,3.0665878913047424e+18,2.6766928604882394e+17,9.008356262596815e+17,181648576023141.0,901727639161843.2,1.2731097474945546e+16,1.2280713109511114e+18
