t(s),Total solute volume 1,Total retention volume 1,Total 1 volume 1,Total 2 volume 1,Total 3 volume 1,Total 4 volume 1,Total 5 volume 1,Total 6 volume 1
0,1.355755053821572e+18,4.055675119534614e+19,4.460907519859345e+18,1.337749223333267e+19,5.4793448018524184e+16,6.51859109576168e+17,5.653632741995043e+18,1.5002311088742838e+19
