t(s),Total solute volume 1,Total retention volume 1,Total 1 volume 1,Total 2 volume 1,Total 3 volume 1,Total 4 volume 1,Total 5 volume 1,Total 6 volume 1
0,2.3160815502785014e+18,3.119762816469713e+19,4.460907519859345e+18,2.284893514595476e+19,5602683948014703.0,4.188454461438253e+16,3.2325852149182637e+17,1.2009581985501425e+18
