t(s),Total solute volume 1,Total retention volume 1,Total 1 volume 1,Total 2 volume 1,Total 3 volume 1,Total 4 volume 1,Total 5 volume 1,Total 6 volume 1
0,1.710368165630296e+19,3.981117774810323e+21,3.850111262848306e+20,3.578457514507153e+21,1.2275528671134034e+17,1.0160908235517242e+17,8.54171289686472e+16,2.3567086398848845e+17
