t(s),Total solute volume 1,Total retention volume 1,Total 1 volume 1,Total 2 volume 1,Total 3 volume 1,Total 4 volume 1,Total 5 volume 1,Total 6 volume 1
0,1.1300816793349946e+17,1.3487870328507568e+17,5290051337496820.0,9905407456456890.0,5280916344815.146,13342377897389.201,78047100569892.4,6578406162809863.0
