t(s),Total solute volume 1,Total retention volume 1,Total 1 volume 1,Total 2 volume 1,Total 3 volume 1,Total 4 volume 1,Total 5 volume 1,Total 6 volume 1
0,6.615112269277926e+16,1.265499278269565e+17,5290051337496820.0,5798287762430659.0,51468497737202.875,200552417626916.84,944123583093093.5,4.81143215357922e+16
