t(s),Total solute volume 1,Total retention volume 1,Total 1 volume 1,Total 2 volume 1,Total 3 volume 1,Total 4 volume 1,Total 5 volume 1,Total 6 volume 1
0,1.6839348350405472e+17,2.2689614079495616e+17,1.2878448802488326e+16,2.7543198044355056e+16,7056223893642.231,20783147184611.914,149151561888977.28,1.7904019511092552e+16
