t(s),Total solute volume 1,Total retention volume 1,Total 1 volume 1,Total 2 volume 1,Total 3 volume 1,Total 4 volume 1,Total 5 volume 1,Total 6 volume 1
0,4.566829557989454e+18,3.759679275940842e+20,6.696388307350977e+19,2.9943637271575534e+20,2.439329021617675e+17,1.405171400240911e+18,1.2525423781679675e+18,2.0991955662602038e+18
