t(s),Total solute volume 1,Total retention volume 1,Total 1 volume 1,Total 2 volume 1,Total 3 volume 1,Total 4 volume 1,Total 5 volume 1,Total 6 volume 1
0,7.801667161565198e+18,5.8447934148047556e+20,6.696388307350977e+19,5.094009276905076e+20,2.310209001370963e+16,6.1143055617447704e+16,6.068017533950683e+16,1.6793823392351462e+17
