t(s),Total solute volume 1,Total retention volume 1,Total 1 volume 1,Total 2 volume 1,Total 3 volume 1,Total 4 volume 1,Total 5 volume 1,Total 6 volume 1
0,6.357639040862142e+16,1.0216104813209928e+17,4841705944743442.0,5237103708245424.0,31918751958607.465,122503727918480.48,565042668007798.4,2.778638292260403e+16
