t(s),Total solute volume 1,Total retention volume 1,Total 1 volume 1,Total 2 volume 1,Total 3 volume 1,Total 4 volume 1,Total 5 volume 1,Total 6 volume 1
0,1.0860966694806053e+17,1.2625463305086192e+17,4841705944743442.0,8946718178722158.0,3274003872311.17,8146491536514.815,46693278353794.19,3798428205573624.0
