t(s),Total solute volume 1,Total retention volume 1,Total 1 volume 1,Total 2 volume 1,Total 3 volume 1,Total 4 volume 1,Total 5 volume 1,Total 6 volume 1
0,8.516285748348854e+19,8.216944879507611e+22,3.579686312483719e+22,4.628721412782856e+22,5.956659634764803e+16,5.368190220366927e+16,3.5788653554460036e+16,5.9647774684529384e+16
