t(s),Total solute volume 1,Total retention volume 1,Total 1 volume 1,Total 2 volume 1,Total 3 volume 1,Total 4 volume 1,Total 5 volume 1,Total 6 volume 1
0,4.584145573095851e+17,7.279699469576154e+18,3.971127163555371e+17,8.29827887724081e+17,1001908436528297.4,8212798156929246.0,1.018114744782722e+17,5.483318127115218e+18
