t(s),Total solute volume 1,Total retention volume 1,Total 1 volume 1,Total 2 volume 1,Total 3 volume 1,Total 4 volume 1,Total 5 volume 1,Total 6 volume 1
0,7.831248687372006e+17,3.081089999465079e+18,3.971127163555371e+17,1.417606166617462e+18,102691514628388.0,545141945152016.8,8258936218170744.0,4.743394780769178e+17
