t(s),Total solute volume 1,Total retention volume 1,Total 1 volume 1,Total 2 volume 1,Total 3 volume 1,Total 4 volume 1,Total 5 volume 1,Total 6 volume 1
0,5.483142302296937e+18,5.945368953736605e+20,1.00671705467033e+20,4.7686637777748827e+20,8.33948050732449e+17,3.436204838340454e+18,2.712368040043112e+18,4.5331488977292027e+18
