t(s),Total solute volume 1,Total retention volume 1,Total 1 volume 1,Total 2 volume 1,Total 3 volume 1,Total 4 volume 1,Total 5 volume 1,Total 6 volume 1
0,9.367034766423861e+18,9.199935174567027e+20,1.00671705467033e+20,8.092422388220481e+20,7.562827079955122e+16,1.4299020502247278e+17,1.3125398301577451e+17,3.6266594236134e+17
