t(s),Total solute volume 1,Total retention volume 1,Total 1 volume 1,Total 2 volume 1,Total 3 volume 1,Total 4 volume 1,Total 5 volume 1,Total 6 volume 1
0,4.1904446013324595e+17,1.4271494953384309e+19,3.250257609819086e+17,6.591645730832125e+17,1947079305288660.0,1.5423027754499556e+16,1.838898117125419e+17,1.266700024041361e+19
