t(s),Total solute volume 1,Total retention volume 1,Total 1 volume 1,Total 2 volume 1,Total 3 volume 1,Total 4 volume 1,Total 5 volume 1,Total 6 volume 1
0,1.6043878280498112e+17,2.1824315540961894e+17,1.1560640218829556e+16,2.4329176620616796e+16,9313916627201.809,26927125240132.895,188510989254435.6,2.1689803734069536e+16
