t(s),Total solute volume 1,Total retention volume 1,Total 1 volume 1,Total 2 volume 1,Total 3 volume 1,Total 4 volume 1,Total 5 volume 1,Total 6 volume 1
0,1.1300816793349946e+17,1.3530932064041075e+17,5290051337496820.0,9905407456456888.0,5621595536489.632,14203122796233.422,83082061352784.11,7002787133271716.0
