t(s),Total solute volume 1,Total retention volume 1,Total 1 volume 1,Total 2 volume 1,Total 3 volume 1,Total 4 volume 1,Total 5 volume 1,Total 6 volume 1
0,6.615112269277926e+16,1.2972842462456286e+17,5290051337496820.0,5798287762430659.0,54785189381880.61,213471215130656.53,1004954146594033.5,5.1215752280748136e+16
