t(s),Total solute volume 1,Total retention volume 1,Total 1 volume 1,Total 2 volume 1,Total 3 volume 1,Total 4 volume 1,Total 5 volume 1,Total 6 volume 1
0,1.5302805924424387e+17,1.9731601110410614e+17,1.0403170291897824e+16,2.15508874098567e+16,5698869000082.374,16178815912761.281,110552293020226.78,1.220146418017494e+16
