t(s),Total solute volume 1,Total retention volume 1,Total 1 volume 1,Total 2 volume 1,Total 3 volume 1,Total 4 volume 1,Total 5 volume 1,Total 6 volume 1
0,8.957740053321614e+16,2.0360570634667206e+17,1.0403170291897832e+16,1.2615155834536546e+16,55573672917601.664,243378373424739.9,1338248470498966.5,8.937277917017971e+16
