t(s),Total solute volume 1,Total retention volume 1,Total 1 volume 1,Total 2 volume 1,Total 3 volume 1,Total 4 volume 1,Total 5 volume 1,Total 6 volume 1
0,3.242824340493574e+18,1.6701981317923658e+20,3.120606282469643e+19,1.2489632049785533e+20,1.6979115826467747e+17,1.6080617549886364e+18,2.1829698268584284e+18,3.713782776080441e+18
