t(s),Total solute volume 1,Total retention volume 1,Total 1 volume 1,Total 2 volume 1,Total 3 volume 1,Total 4 volume 1,Total 5 volume 1,Total 6 volume 1
0,5.539824915009872e+18,2.5023794410436146e+20,3.120606282469643e+19,2.1299199081623975e+20,1.6858290719601062e+16,7.96825083402136e+16,1.0641188213054126e+17,2.9711286722428506e+17
