t(s),Total solute volume 1,Total retention volume 1,Total 1 volume 1,Total 2 volume 1,Total 3 volume 1,Total 4 volume 1,Total 5 volume 1,Total 6 volume 1
0,1.0446784147997133e+17,1.2266183013846042e+17,4439458008290587.5,8097793286123659.0,5145687000438.054,12613708981099.635,70870805842439.75,5568107162251273.0
