t(s),Total solute volume 1,Total retention volume 1,Total 1 volume 1,Total 2 volume 1,Total 3 volume 1,Total 4 volume 1,Total 5 volume 1,Total 6 volume 1
0,6.1151907207788056e+16,1.1214215870047549e+17,4439458008290587.5,4740171994361016.0,50138823747120.83,189538989150537.22,857079383684713.2,4.0713864293453304e+16
