t(s),Total solute volume 1,Total retention volume 1,Total 1 volume 1,Total 2 volume 1,Total 3 volume 1,Total 4 volume 1,Total 5 volume 1,Total 6 volume 1
0,4.751131107528108e+17,2.3715515505997665e+18,1.3024520054842829e+17,3.9361074833054605e+17,143021469458208.03,627534211965534.1,7620615463545372.0,1.3641913198230157e+18
