t(s),Total solute volume 1,Total retention volume 1,Total 1 volume 1,Total 2 volume 1,Total 3 volume 1,Total 4 volume 1,Total 5 volume 1,Total 6 volume 1
0,2.781149916601816e+17,1.2818593332549663e+19,1.3024520054842829e+17,2.3040703518610144e+17,1394805459349504.0,9442348096118166.0,9.24981896416242e+16,1.207649076195788e+19
