t(s),Total solute volume 1,Total retention volume 1,Total 1 volume 1,Total 2 volume 1,Total 3 volume 1,Total 4 volume 1,Total 5 volume 1,Total 6 volume 1
0,1.710368165630296e+19,3.9805893655974574e+21,3.850111262848305e+20,3.5784575145068153e+21,3836110008018891.5,3175288935329501.5,2669289585447708.5,7362460969099806.0
