t(s),Total solute volume 1,Total retention volume 1,Total 1 volume 1,Total 2 volume 1,Total 3 volume 1,Total 4 volume 1,Total 5 volume 1,Total 6 volume 1
0,1.001191121344553e+19,2.553318310059856e+21,3.850111262848305e+20,2.158014619304307e+21,5.256114108903104e+16,8.081903680921342e+16,5.522040771383376e+16,9.205267165003523e+16
