t(s),Total solute volume 1,Total retention volume 1,Total 1 volume 1,Total 2 volume 1,Total 3 volume 1,Total 4 volume 1,Total 5 volume 1,Total 6 volume 1
0,7.180129369195402e+16,1.66995402334556e+17,6351323389472384.0,7154332371437873.0,73756337027227.81,296589633911895.5,1456197457953859.2,7.98619094527991e+16
