t(s),Total solute volume 1,Total retention volume 1,Total 1 volume 1,Total 2 volume 1,Total 3 volume 1,Total 4 volume 1,Total 5 volume 1,Total 6 volume 1
0,1.2266054339042045e+17,1.522999545670518e+17,6351323389472384.0,1.22219832432844e+16,7568726359173.598,19735009249431.133,120395663792404.2,1.0918405144472114e+16
