t(s),Total solute volume 1,Total retention volume 1,Total 1 volume 1,Total 2 volume 1,Total 3 volume 1,Total 4 volume 1,Total 5 volume 1,Total 6 volume 1
0,1.806632037606207e+18,1.7522786025390203e+19,2.563088576888768e+18,1.2087386361672243e+19,1986378583866503.2,1.4084836715713072e+16,1.6820987827546995e+17,8.813979556479837e+17
