t(s),Total solute volume 1,Total retention volume 1,Total 1 volume 1,Total 2 volume 1,Total 3 volume 1,Total 4 volume 1,Total 5 volume 1,Total 6 volume 1
0,6.615112269277926e+16,9.474614151860011e+16,5290051337496820.0,5798287762430659.0,18275880608993.47,71230724165169.39,335280616119496.9,1.7081892504998726e+16
