t(s),Total solute volume 1,Total retention volume 1,Total 1 volume 1,Total 2 volume 1,Total 3 volume 1,Total 4 volume 1,Total 5 volume 1,Total 6 volume 1
0,5.5346593079818586e+17,1.2927881424296034e+19,6.045923551720415e+17,1.3452732373157307e+18,2860742423005639.5,2.518492777978513e+16,3.352571175857516e+17,1.006124711322153e+19
