t(s),Total solute volume 1,Total retention volume 1,Total 1 volume 1,Total 2 volume 1,Total 3 volume 1,Total 4 volume 1,Total 5 volume 1,Total 6 volume 1
0,9.455042984468884e+17,4.710586861982899e+18,6.045923551720416e+17,2.298131816040415e+18,293203674839527.4,1670395470003540.5,2.6721544560302356e+16,8.336732486183933e+17
