t(s),Total solute volume 1,Total retention volume 1,Total 1 volume 1,Total 2 volume 1,Total 3 volume 1,Total 4 volume 1,Total 5 volume 1,Total 6 volume 1
0,2.5802946377090512e+17,1.1311397445302708e+19,1.1018915844204802e+17,1.9011722470774906e+17,1283873187799037.5,8444615053874012.0,7.967666245904328e+16,1.0663656447681243e+19
