t(s),Total solute volume 1,Total retention volume 1,Total 1 volume 1,Total 2 volume 1,Total 3 volume 1,Total 4 volume 1,Total 5 volume 1,Total 6 volume 1
0,1.2852690019555497e+18,8.292763061112157e+18,1.1991975012111887e+18,5.049221861376426e+18,581551873748860.6,3702116577322509.0,5.8728847692500344e+16,6.960621804253692e+17
