t(s),Total solute volume 1,Total retention volume 1,Total 1 volume 1,Total 2 volume 1,Total 3 volume 1,Total 4 volume 1,Total 5 volume 1,Total 6 volume 1
0,1.0896465516898744e+17,6.025669333351517e+17,1.6105550931134632e+16,2.0848021191923476e+16,197360774378890.7,931810972413177.1,5665474967875933.0,4.498540593284341e+17
