t(s),Total solute volume 1,Total retention volume 1,Total 1 volume 1,Total 2 volume 1,Total 3 volume 1,Total 4 volume 1,Total 5 volume 1,Total 6 volume 1
0,1.0446784147997133e+17,1.221904732697012e+17,4439458008290587.5,8097793286123659.0,4716913153850.947,11562635902769.838,64965322288802.74,5104135623971602.0
