t(s),Total solute volume 1,Total retention volume 1,Total 1 volume 1,Total 2 volume 1,Total 3 volume 1,Total 4 volume 1,Total 5 volume 1,Total 6 volume 1
0,6.1151907207788056e+16,1.0866121501296434e+17,4439458008290587.5,4740171994361016.0,45965721652670.97,173769986588002.0,785756117084126.8,3.732418597719951e+16
