t(s),Total solute volume 1,Total retention volume 1,Total 1 volume 1,Total 2 volume 1,Total 3 volume 1,Total 4 volume 1,Total 5 volume 1,Total 6 volume 1
0,4.920172616987362e+16,6.342053477176639e+16,2733248773475387.0,2714355750467661.0,15436249282168.0,53681987798021.195,217110409076922.3,8484975431793172.0
