t(s),Total solute volume 1,Total retention volume 1,Total 1 volume 1,Total 2 volume 1,Total 3 volume 1,Total 4 volume 1,Total 5 volume 1,Total 6 volume 1
0,8.405294887353384e+16,9.260646250681498e+16,2733248773475387.0,4637024230775944.0,1583377089309.639,3569955798182.0894,17941837986244.438,1160145458156095.5
