t(s),Total solute volume 1,Total retention volume 1,Total 1 volume 1,Total 2 volume 1,Total 3 volume 1,Total 4 volume 1,Total 5 volume 1,Total 6 volume 1
0,1.355755053821572e+18,3.5627445648845586e+19,4.460907519859345e+18,1.337749223333267e+19,4.215034417233612e+16,5.0145452709400474e+17,4.349129169479191e+18,1.154055680108645e+19
