t(s),Total solute volume 1,Total retention volume 1,Total 1 volume 1,Total 2 volume 1,Total 3 volume 1,Total 4 volume 1,Total 5 volume 1,Total 6 volume 1
0,2.3160815502785014e+18,3.0834930056256328e+19,4.460907519859345e+18,2.284893514595476e+19,4309766844178005.5,3.221894352950796e+16,2.4866092199325168e+17,9.238162077966186e+17
