t(s),Total solute volume 1,Total retention volume 1,Total 1 volume 1,Total 2 volume 1,Total 3 volume 1,Total 4 volume 1,Total 5 volume 1,Total 6 volume 1
0,1.5302805924424387e+17,1.9151192255020294e+17,1.0403170291897824e+16,2.15508874098567e+16,3017091647923.5073,8565359703819.708,58528446714858.36,6459694706138191.0
