t(s),Total solute volume 1,Total retention volume 1,Total 1 volume 1,Total 2 volume 1,Total 3 volume 1,Total 4 volume 1,Total 5 volume 1,Total 6 volume 1
0,8.957740053321614e+16,1.6078580211860614e+17,1.040317029189783e+16,1.2615155834536546e+16,29428030017675.305,128886416237035.98,708667685467366.1,4.732309332723421e+16
