t(s),Total solute volume 1,Total retention volume 1,Total 1 volume 1,Total 2 volume 1,Total 3 volume 1,Total 4 volume 1,Total 5 volume 1,Total 6 volume 1
0,7.772197376133865e+19,5.0452439774804765e+22,1.0574109797244612e+22,3.980048746435127e+22,3.5327021616493004e+16,2.0709870506453604e+16,1.716122507654549e+16,4.734133044873567e+16
