t(s),Total solute volume 1,Total retention volume 1,Total 1 volume 1,Total 2 volume 1,Total 3 volume 1,Total 4 volume 1,Total 5 volume 1,Total 6 volume 1
0,4.5495789518832886e+19,4.520275963016604e+22,1.0574109797244612e+22,3.4581088036988603e+22,5.866854812899397e+17,5.324995232183937e+17,3.550573163646538e+17,5.91764092842707e+17
