t(s),Total solute volume 1,Total retention volume 1,Total 1 volume 1,Total 2 volume 1,Total 3 volume 1,Total 4 volume 1,Total 5 volume 1,Total 6 volume 1
0,2.1328894422529733e+19,6.631178241399679e+21,6.290856345856501e+20,5.980718300899338e+21,1.1508064488919024e+16,8195250613225507.0,6837812311161320.0,1.8870364757121988e+16
