t(s),Total solute volume 1,Total retention volume 1,Total 1 volume 1,Total 2 volume 1,Total 3 volume 1,Total 4 volume 1,Total 5 volume 1,Total 6 volume 1
0,1.2485206491236938e+19,4.323734163474869e+21,6.290856345856501e+20,3.6814069503789776e+21,1.694086356952871e+17,2.0969334413213418e+17,1.4146476800849493e+17,2.3580527114884166e+17
