t(s),Total solute volume 1,Total retention volume 1,Total 1 volume 1,Total 2 volume 1,Total 3 volume 1,Total 4 volume 1,Total 5 volume 1,Total 6 volume 1
0,1.194648755498281e+18,2.660924671891131e+19,3.364073161464839e+18,9.67235389752105e+18,2.3330987059910868e+16,2.6853945256573962e+17,2.8306376132360074e+18,9.255662851565322e+18
