t(s),Total solute volume 1,Total retention volume 1,Total 1 volume 1,Total 2 volume 1,Total 3 volume 1,Total 4 volume 1,Total 5 volume 1,Total 6 volume 1
0,2.0408582906428972e+18,2.285920292731244e+19,3.3640731614648397e+18,1.6521366587680283e+19,2387392128035474.5,1.744525814888627e+16,1.7184740440669088e+17,7.412248328408822e+17
