t(s),Total solute volume 1,Total retention volume 1,Total 1 volume 1,Total 2 volume 1,Total 3 volume 1,Total 4 volume 1,Total 5 volume 1,Total 6 volume 1
0,9.340096063528438e+16,1.0504230479507523e+17,3458157710870754.5,6076746478966877.0,2337700698995.403,5488860959633.129,29118635189298.895,2069494773104945.5
