t(s),Total solute volume 1,Total retention volume 1,Total 1 volume 1,Total 2 volume 1,Total 3 volume 1,Total 4 volume 1,Total 5 volume 1,Total 6 volume 1
0,5.467373305480017e+16,7.728248824458205e+16,3458157710870755.0,3557120067332162.0,22788738389757.11,82530104982543.36,352334641852048.3,1.5135823926354352e+16
