t(s),Total solute volume 1,Total retention volume 1,Total 1 volume 1,Total 2 volume 1,Total 3 volume 1,Total 4 volume 1,Total 5 volume 1,Total 6 volume 1
0,4.920172616987362e+16,6.04979724116424e+16,2733248773475387.0,2714355750467661.0,10293520633769.254,35800476915670.945,144783365596879.2,5657764354679824.0
