t(s),Total solute volume 1,Total retention volume 1,Total 1 volume 1,Total 2 volume 1,Total 3 volume 1,Total 4 volume 1,Total 5 volume 1,Total 6 volume 1
0,1.2782504508104443e+17,8.896066478788044e+17,2.2995109404381096e+16,3.1393140520667656e+16,231344733005771.06,1161520099070050.0,7663597828316795.0,6.983368902123104e+17
