t(s),Total solute volume 1,Total retention volume 1,Total 1 volume 1,Total 2 volume 1,Total 3 volume 1,Total 4 volume 1,Total 5 volume 1,Total 6 volume 1
0,2.1836778534678442e+17,3.905107644872324e+17,2.2995109404381096e+16,5.36299248106901e+16,23728404125281.465,77234365464334.56,633175233213618.2,9.478380692257246e+16
