t(s),Total solute volume 1,Total retention volume 1,Total 1 volume 1,Total 2 volume 1,Total 3 volume 1,Total 4 volume 1,Total 5 volume 1,Total 6 volume 1
0,6.8888290702006904e+16,1.447165620447522e+17,5790815030907821.0,6433524569071775.0,61793618393307.76,244563653891586.8,1175513939731411.5,6.212206053074978e+16
