t(s),Total solute volume 1,Total retention volume 1,Total 1 volume 1,Total 2 volume 1,Total 3 volume 1,Total 4 volume 1,Total 5 volume 1,Total 6 volume 1
0,1.3361787230712443e+17,1.7211834181704592e+17,7687035129498279.0,1.522028754057002e+16,9162110946711.188,24688880147201.195,157371446834791.78,1.5401924401924648e+16
