t(s),Total solute volume 1,Total retention volume 1,Total 1 volume 1,Total 2 volume 1,Total 3 volume 1,Total 4 volume 1,Total 5 volume 1,Total 6 volume 1
0,7.82153398870977e+16,2.098650194003604e+17,7687035129498279.0,8909437720794750.0,89289792975375.86,371074341283086.1,1903584461946343.0,1.1268925806676432e+17
