t(s),Total solute volume 1,Total retention volume 1,Total 1 volume 1,Total 2 volume 1,Total 3 volume 1,Total 4 volume 1,Total 5 volume 1,Total 6 volume 1
0,1.5302805924424387e+17,1.9006087348644826e+17,1.0403170291897824e+16,2.15508874098567e+16,2346635267323.4614,6661966701727.821,45522273425724.08,5024225665054711.0
