t(s),Total solute volume 1,Total retention volume 1,Total 1 volume 1,Total 2 volume 1,Total 3 volume 1,Total 4 volume 1,Total 5 volume 1,Total 6 volume 1
0,1.1999214403838232e+20,1.1034992918096898e+23,6.1524972335763196e+22,4.870349495676083e+22,4.197790736952743e+17,3.7798550824560966e+17,2.5199216208888854e+17,4.1998766167600275e+17
