t(s),Total solute volume 1,Total retention volume 1,Total 1 volume 1,Total 2 volume 1,Total 3 volume 1,Total 4 volume 1,Total 5 volume 1,Total 6 volume 1
0,2.0498657939890205e+20,1.1119348975099803e+23,6.1524972335763196e+22,4.946344516545733e+22,2.5192025134997508e+16,1.4699558700206656e+16,1.2179679558264636e+16,3.3599115195979452e+16
