t(s),Total solute volume 1,Total retention volume 1,Total 1 volume 1,Total 2 volume 1,Total 3 volume 1,Total 4 volume 1,Total 5 volume 1,Total 6 volume 1
0,1.806632037606207e+18,1.654591416999595e+19,2.563088576888768e+18,1.2087386361672243e+19,165532665909986.44,1173743101230712.2,1.401757559749441e+16,7.345034246414443e+16
