t(s),Total solute volume 1,Total retention volume 1,Total 1 volume 1,Total 2 volume 1,Total 3 volume 1,Total 4 volume 1,Total 5 volume 1,Total 6 volume 1
0,5.274852243967814e+16,7.2054786111762984e+16,3192384722575143.5,3244736830869188.5,20034472026376.26,71562421217803.12,299945858587590.56,1.2477599366809408e+16
