t(s),Total solute volume 1,Total retention volume 1,Total 1 volume 1,Total 2 volume 1,Total 3 volume 1,Total 4 volume 1,Total 5 volume 1,Total 6 volume 1
0,9.402531052744658e+17,1.761602694798709e+19,1.9718743661304888e+18,5.234982861726286e+18,9953744617928724.0,1.0623339545282821e+17,1.4019846809561692e+18,7.950744793828944e+18
