t(s),Total solute volume 1,Total retention volume 1,Total 1 volume 1,Total 2 volume 1,Total 3 volume 1,Total 4 volume 1,Total 5 volume 1,Total 6 volume 1
0,1.6062657215105326e+18,1.326255097235259e+19,1.9718743661304888e+18,8.94244010427008e+18,1019441934546270.5,6985470627608015.0,9.59436450206067e+16,6.380222228587986e+17
