t(s),Total solute volume 1,Total retention volume 1,Total 1 volume 1,Total 2 volume 1,Total 3 volume 1,Total 4 volume 1,Total 5 volume 1,Total 6 volume 1
0,1.6839348350405472e+17,2.2902324845546275e+17,1.2878448802488326e+16,2.754319804435506e+16,7886341426224.992,23228157343585.473,166698297694068.2,2.001030530809859e+16
