t(s),Total solute volume 1,Total retention volume 1,Total 1 volume 1,Total 2 volume 1,Total 3 volume 1,Total 4 volume 1,Total 5 volume 1,Total 6 volume 1
0,9.85717952218855e+16,2.7670171515306902e+17,1.2878448802488326e+16,1.6122851276236812e+16,76903758659877.67,349412936101901.6,2017887464944079.2,1.466844156927559e+17
