t(s),Total solute volume 1,Total retention volume 1,Total 1 volume 1,Total 2 volume 1,Total 3 volume 1,Total 4 volume 1,Total 5 volume 1,Total 6 volume 1
0,6.357639040862142e+16,9.401990404948248e+16,4841705944743442.0,5237103708245424.0,22804064883343.145,87528070857392.0,403701921464110.44,1.985066993066709e+16
