t(s),Total solute volume 1,Total retention volume 1,Total 1 volume 1,Total 2 volume 1,Total 3 volume 1,Total 4 volume 1,Total 5 volume 1,Total 6 volume 1
0,9.011205916778291e+16,1.0223579063601922e+17,3192384722575143.5,5543091834178185.0,4007297752321.179,9280265227380.016,48335332480777.484,3326632016021834.0
