t(s),Total solute volume 1,Total retention volume 1,Total 1 volume 1,Total 2 volume 1,Total 3 volume 1,Total 4 volume 1,Total 5 volume 1,Total 6 volume 1
0,5.274852243967814e+16,8.426534482504438e+16,3192384722575143.5,3244736830869188.5,39036513124785.97,139400267809005.83,584370445413228.2,2.431689360557505e+16
