t(s),Total solute volume 1,Total retention volume 1,Total 1 volume 1,Total 2 volume 1,Total 3 volume 1,Total 4 volume 1,Total 5 volume 1,Total 6 volume 1
0,1.454865482009603e+20,8.391705572907777e+22,3.579686312483719e+22,4.797460062369274e+22,3.099212578524728e+16,1.8092949439341492e+16,1.4991475819037022e+16,4.1355795281654584e+16
