t(s),Total solute volume 1,Total retention volume 1,Total 1 volume 1,Total 2 volume 1,Total 3 volume 1,Total 4 volume 1,Total 5 volume 1,Total 6 volume 1
0,8.516285748348854e+19,8.217104870379297e+22,3.579686312483719e+22,4.628721412782856e+22,5.162413499926405e+17,4.652401605777712e+17,3.101666287368093e+17,5.1694550441690963e+17
