t(s),Total solute volume 1,Total retention volume 1,Total 1 volume 1,Total 2 volume 1,Total 3 volume 1,Total 4 volume 1,Total 5 volume 1,Total 6 volume 1
0,3.8340070142403466e+18,2.5259612147266152e+20,4.533611706929847e+19,1.916287548066981e+20,3.863030276715706e+17,2.9536128340130514e+18,3.1500112409689334e+18,5.307315479770194e+18
