t(s),Total solute volume 1,Total retention volume 1,Total 1 volume 1,Total 2 volume 1,Total 3 volume 1,Total 4 volume 1,Total 5 volume 1,Total 6 volume 1
0,8.405294887353384e+16,9.378958190012515e+16,2733248773475387.0,4637024230775944.0,3166596963330.0835,7139611440050.94,35882061504585.44,2320171752431943.0
