t(s),Total solute volume 1,Total retention volume 1,Total 1 volume 1,Total 2 volume 1,Total 3 volume 1,Total 4 volume 1,Total 5 volume 1,Total 6 volume 1
0,4.920172616987362e+16,7.218119639280008e+16,2733248773475387.0,2714355750467661.0,30848333799016.305,107251766724523.58,433833443568732.1,1.6959932154891498e+16
