t(s),Total solute volume 1,Total retention volume 1,Total 1 volume 1,Total 2 volume 1,Total 3 volume 1,Total 4 volume 1,Total 5 volume 1,Total 6 volume 1
0,1.2485206491236938e+19,4.3270117141290806e+21,6.290856345856501e+20,3.6814069503789776e+21,9.035030057328001e+17,1.1183484322491717e+18,7.544695087509679e+17,1.257601726464683e+18
