t(s),Total solute volume 1,Total retention volume 1,Total 1 volume 1,Total 2 volume 1,Total 3 volume 1,Total 4 volume 1,Total 5 volume 1,Total 6 volume 1
0,1.950956450790701e+17,1.1404288711787884e+18,5.905751296626006e+16,9.282918675798294e+16,130159682884815.1,769015134990172.6,6297201889851835.0,7.862501496677339e+17
