t(s),Total solute volume 1,Total retention volume 1,Total 1 volume 1,Total 2 volume 1,Total 3 volume 1,Total 4 volume 1,Total 5 volume 1,Total 6 volume 1
0,3.332883936767457e+17,6.53706722988047e+17,5.905751296626006e+16,1.5858298787719715e+17,13342674634128.441,51094249623957.2,519662812923892.4,1.0219372873066382e+17
