t(s),Total solute volume 1,Total retention volume 1,Total 1 volume 1,Total 2 volume 1,Total 3 volume 1,Total 4 volume 1,Total 5 volume 1,Total 6 volume 1
0,1.4340238840712154e+18,1.0522582406830817e+19,1.531053857194819e+18,6.685981104100381e+18,890810851917478.9,5886142503891268.0,8.861958843205931e+16,7.761270196765014e+17
