t(s),Total solute volume 1,Total retention volume 1,Total 1 volume 1,Total 2 volume 1,Total 3 volume 1,Total 4 volume 1,Total 5 volume 1,Total 6 volume 1
0,8.394286150660815e+17,1.7266389150327894e+19,1.531053857194819e+18,3.913959566691929e+18,8695477562848233.0,8.922472191037883e+16,1.2330142233604047e+18,9.651012688541473e+18
