t(s),Total solute volume 1,Total retention volume 1,Total 1 volume 1,Total 2 volume 1,Total 3 volume 1,Total 4 volume 1,Total 5 volume 1,Total 6 volume 1
0,8.394286150660815e+17,1.6046262314687793e+19,1.531053857194819e+18,3.913959566691929e+18,7729401730095012.0,7.931207487077397e+16,1.0960269232351122e+18,8.57875187589904e+18
