t(s),Total solute volume 1,Total retention volume 1,Total 1 volume 1,Total 2 volume 1,Total 3 volume 1,Total 4 volume 1,Total 5 volume 1,Total 6 volume 1
0,1.4340238840712154e+18,1.0425747028258705e+19,1.531053857194819e+18,6.685981104100383e+18,791832441593837.4,5232129877404098.0,7.877301917444834e+16,6.898912013988061e+17
