t(s),Total solute volume 1,Total retention volume 1,Total 1 volume 1,Total 2 volume 1,Total 3 volume 1,Total 4 volume 1,Total 5 volume 1,Total 6 volume 1
0,2.3091608011640064e+17,3.9691026128184634e+17,2.6047523684028044e+16,6.18908749437171e+16,17641084570095.215,58667379455178.195,494906637831309.56,7.748456743584602e+16
