t(s),Total solute volume 1,Total retention volume 1,Total 1 volume 1,Total 2 volume 1,Total 3 volume 1,Total 4 volume 1,Total 5 volume 1,Total 6 volume 1
0,1.6062657215105326e+18,1.321617803504013e+19,1.9718743661304888e+18,8.94244010427008e+18,955727132591602.6,6548880564056207.0,8.994719441079706e+16,5.981460410216443e+17
