t(s),Total solute volume 1,Total retention volume 1,Total 1 volume 1,Total 2 volume 1,Total 3 volume 1,Total 4 volume 1,Total 5 volume 1,Total 6 volume 1
0,9.402531052744658e+17,1.7024257916760207e+19,1.9718743661304886e+18,5.234982861726286e+18,9331684747950742.0,9.959450926830722e+16,1.3143685332674058e+18,7.453852856345322e+18
