t(s),Total solute volume 1,Total retention volume 1,Total 1 volume 1,Total 2 volume 1,Total 3 volume 1,Total 4 volume 1,Total 5 volume 1,Total 6 volume 1
0,1.0860966694806053e+17,1.2552008322833384e+17,4841705944743442.0,8946718178722158.0,2650408426650.986,6594830145965.045,37799635156522.55,3074947283078691.5
