t(s),Total solute volume 1,Total retention volume 1,Total 1 volume 1,Total 2 volume 1,Total 3 volume 1,Total 4 volume 1,Total 5 volume 1,Total 6 volume 1
0,1.6839348350405472e+17,2.460395789513164e+17,1.2878448802488326e+16,2.7543198044355056e+16,14527081198328.664,42787738578312.945,307068343555340.06,3.6860065437083496e+16
