t(s),Total solute volume 1,Total retention volume 1,Total 1 volume 1,Total 2 volume 1,Total 3 volume 1,Total 4 volume 1,Total 5 volume 1,Total 6 volume 1
0,5.831083637207589e+19,3.810658624498424e+22,5.744900751039818e+21,3.230313354759354e+22,7.0330844872822e+16,4.150107290287019e+16,3.439504720673352e+16,9.488301411588088e+16
