t(s),Total solute volume 1,Total retention volume 1,Total 1 volume 1,Total 2 volume 1,Total 3 volume 1,Total 4 volume 1,Total 5 volume 1,Total 6 volume 1
0,3.4133172510483444e+19,3.150361405197197e+22,5.744900751039818e+21,2.57204529767919e+22,1.162546103776224e+18,1.0669667118618092e+18,7.116113315980009e+17,1.1860274823506947e+18
