t(s),Total solute volume 1,Total retention volume 1,Total 1 volume 1,Total 2 volume 1,Total 3 volume 1,Total 4 volume 1,Total 5 volume 1,Total 6 volume 1
0,7.82153398870977e+16,1.0414800833911227e+17,7687035129498279.0,8909437720794750.0,7247405307273.943,30129814995071.88,154531637741872.22,9144286743678168.0
