t(s),Total solute volume 1,Total retention volume 1,Total 1 volume 1,Total 2 volume 1,Total 3 volume 1,Total 4 volume 1,Total 5 volume 1,Total 6 volume 1
0,9.402531052744658e+17,1.524892021698494e+19,1.9718743661304886e+18,5.234982861726286e+18,7465465805589775.0,7.967728993709136e+16,1.0515137747592577e+18,5.963153353351794e+18
