t(s),Total solute volume 1,Total retention volume 1,Total 1 volume 1,Total 2 volume 1,Total 3 volume 1,Total 4 volume 1,Total 5 volume 1,Total 6 volume 1
0,1.6062657215105326e+18,1.3077059031602678e+19,1.9718743661304888e+18,8.94244010427008e+18,764582471565082.9,5239108892866710.0,7.1957820817828136e+16,4.7851732750938374e+17
