t(s),Total solute volume 1,Total retention volume 1,Total 1 volume 1,Total 2 volume 1,Total 3 volume 1,Total 4 volume 1,Total 5 volume 1,Total 6 volume 1
0,1.3517038836082043e+17,5.836811515455142e+17,2.6047523684028044e+16,3.622882322688759e+16,114708391094660.52,588509140496259.0,3995307722183660.0,3.815358910199976e+17
