t(s),Total solute volume 1,Total retention volume 1,Total 1 volume 1,Total 2 volume 1,Total 3 volume 1,Total 4 volume 1,Total 5 volume 1,Total 6 volume 1
0,3.5302772118780864e+17,2.4126456839171777e+19,2.2173507663096877e+17,4.247125719959892e+17,2794901080843858.5,2.0732547825244724e+16,2.2829492524232918e+17,2.2875159095208624e+19
