t(s),Total solute volume 1,Total retention volume 1,Total 1 volume 1,Total 2 volume 1,Total 3 volume 1,Total 4 volume 1,Total 5 volume 1,Total 6 volume 1
0,6.030890236958341e+17,3.8021727339075405e+18,2.2173507663096877e+17,7.255463282409612e+17,286577343043743.75,1377564241735624.0,1.8733745596572292e+16,2.2314044181584223e+18
