t(s),Total solute volume 1,Total retention volume 1,Total 1 volume 1,Total 2 volume 1,Total 3 volume 1,Total 4 volume 1,Total 5 volume 1,Total 6 volume 1
0,2.600924566469286e+19,2.0411957168155962e+22,3.1834588077439205e+21,1.7201685979806866e+22,2.2237976022053686e+17,2.0893243140005302e+17,1.39432846566582e+17,2.3238990251664912e+17
