t(s),Total solute volume 1,Total retention volume 1,Total 1 volume 1,Total 2 volume 1,Total 3 volume 1,Total 4 volume 1,Total 5 volume 1,Total 6 volume 1
0,4.443246134384989e+19,2.6909164737483906e+22,3.1834588077439205e+21,2.368122643313409e+22,1.35854528257964e+16,8128691586954045.0,6739290882845460.0,1.8581826778161292e+16
