t(s),Total solute volume 1,Total retention volume 1,Total 1 volume 1,Total 2 volume 1,Total 3 volume 1,Total 4 volume 1,Total 5 volume 1,Total 6 volume 1
0,2.7620042352160896e+18,1.172035060543795e+20,2.1816306119850037e+19,8.283158743020675e+19,1.4756537335975632e+17,1.612711764259859e+18,2.941794383032421e+18,5.091536748454474e+18
