t(s),Total solute volume 1,Total retention volume 1,Total 1 volume 1,Total 2 volume 1,Total 3 volume 1,Total 4 volume 1,Total 5 volume 1,Total 6 volume 1
0,8.553063609334184e+16,2.5289919714911258e+17,9383807851828774.0,1.1205049428947024e+16,97251385879944.11,418327556059142.7,2246569065567325.5,1.440175557674861e+17
