t(s),Total solute volume 1,Total retention volume 1,Total 1 volume 1,Total 2 volume 1,Total 3 volume 1,Total 4 volume 1,Total 5 volume 1,Total 6 volume 1
0,4.566829557989454e+18,3.713517735841305e+20,6.696388307350977e+19,2.9943637271575534e+20,1.8764452135223704e+16,1.0809305312650584e+17,9.635165412596552e+16,1.614790774892794e+17
