t(s),Total solute volume 1,Total retention volume 1,Total 1 volume 1,Total 2 volume 1,Total 3 volume 1,Total 4 volume 1,Total 5 volume 1,Total 6 volume 1
0,7.801667161565198e+18,5.8419054447263626e+20,6.696388307350977e+19,5.094009276905077e+20,1777086142912613.2,4703317115819963.0,4667711283548679.0,1.291843251134165e+16
