t(s),Total solute volume 1,Total retention volume 1,Total 1 volume 1,Total 2 volume 1,Total 3 volume 1,Total 4 volume 1,Total 5 volume 1,Total 6 volume 1
0,3.242824340493574e+18,1.644616764347967e+20,3.120606282469643e+19,1.2489632049785533e+20,1.1319558055642198e+17,1.0720598327429667e+18,1.455334836642573e+18,2.4758785218102825e+18
