t(s),Total solute volume 1,Total retention volume 1,Total 1 volume 1,Total 2 volume 1,Total 3 volume 1,Total 4 volume 1,Total 5 volume 1,Total 6 volume 1
0,5.539824915009872e+18,2.5007125599381822e+20,3.120606282469643e+19,2.1299199081623975e+20,1.1238869755444758e+16,5.312170935205958e+16,7.094130786245533e+16,1.9807555090119498e+17
