t(s),Total solute volume 1,Total retention volume 1,Total 1 volume 1,Total 2 volume 1,Total 3 volume 1,Total 4 volume 1,Total 5 volume 1,Total 6 volume 1
0,1.355755053821572e+18,2.1385462268284396e+19,4.460907519859345e+18,1.337749223333267e+19,5620638390168711.0,6.6870020403811416e+16,5.799535830065112e+17,1.5388632194703114e+18
