t(s),Total solute volume 1,Total retention volume 1,Total 1 volume 1,Total 2 volume 1,Total 3 volume 1,Total 4 volume 1,Total 5 volume 1,Total 6 volume 1
0,2.3160815502785014e+18,2.978712607474537e+19,4.460907519859345e+18,2.284893514595476e+19,574639416122430.8,4295883426038513.5,3.3154990222938188e+16,1.2317634558750048e+17
