t(s),Total solute volume 1,Total retention volume 1,Total 1 volume 1,Total 2 volume 1,Total 3 volume 1,Total 4 volume 1,Total 5 volume 1,Total 6 volume 1
0,7.523525865105635e+17,1.753826249055668e+19,1.1991975012111887e+18,2.955764414391274e+18,7567464445031822.0,7.466016212428235e+16,1.0481449727251044e+18,1.1500575389149223e+19
