t(s),Total solute volume 1,Total retention volume 1,Total 1 volume 1,Total 2 volume 1,Total 3 volume 1,Total 4 volume 1,Total 5 volume 1,Total 6 volume 1
0,1.2852690019555497e+18,8.54578593262518e+18,1.1991975012111887e+18,5.049221861376426e+18,775400980559896.0,4936147254867014.0,7.830499135170725e+16,9.280810284948362e+17
