t(s),Total solute volume 1,Total retention volume 1,Total 1 volume 1,Total 2 volume 1,Total 3 volume 1,Total 4 volume 1,Total 5 volume 1,Total 6 volume 1
0,9.566309649021271e+17,5.834242963325796e+18,6.205788698891987e+17,2.368112616809924e+18,662104203226481.9,3788459921444568.5,6.074496230422649e+16,1.8237249852956582e+18
