t(s),Total solute volume 1,Total retention volume 1,Total 1 volume 1,Total 2 volume 1,Total 3 volume 1,Total 4 volume 1,Total 5 volume 1,Total 6 volume 1
0,5.132271443883372e+17,2.449890082804182e+18,1.5471077007747862e+17,4.797289871713226e+17,139927824342020.4,632382307130001.6,7972727970008408.0,1.293478143065557e+18
