t(s),Total solute volume 1,Total retention volume 1,Total 1 volume 1,Total 2 volume 1,Total 3 volume 1,Total 4 volume 1,Total 5 volume 1,Total 6 volume 1
0,2.0498657939890205e+20,1.1119348023206876e+23,6.1524972335763196e+22,4.946344516545733e+22,2.2392911927758884e+16,1.3066274744393686e+16,1.0826382134804368e+16,2.986588113537949e+16
