t(s),Total solute volume 1,Total retention volume 1,Total 1 volume 1,Total 2 volume 1,Total 3 volume 1,Total 4 volume 1,Total 5 volume 1,Total 6 volume 1
0,1.1999214403838232e+20,1.1034976587670177e+23,6.1524972335763196e+22,4.870349495676083e+22,3.7313713768564954e+17,3.359873389251851e+17,2.2399315840016902e+17,3.733225041977573e+17
