t(s),Total solute volume 1,Total retention volume 1,Total 1 volume 1,Total 2 volume 1,Total 3 volume 1,Total 4 volume 1,Total 5 volume 1,Total 6 volume 1
0,4.920172616987362e+16,5.806160845793455e+16,2733248773475387.0,2714355750467661.0,6005860888023.979,20889684538639.75,84477922628952.4,3300904296062637.5
