t(s),Total solute volume 1,Total retention volume 1,Total 1 volume 1,Total 2 volume 1,Total 3 volume 1,Total 4 volume 1,Total 5 volume 1,Total 6 volume 1
0,8.405294887353384e+16,9.188338541858291e+16,2733248773475387.0,4637024230775944.0,615776439894.4961,1388351812875.7764,6977573295638.684,451181839249054.6
