t(s),Total solute volume 1,Total retention volume 1,Total 1 volume 1,Total 2 volume 1,Total 3 volume 1,Total 4 volume 1,Total 5 volume 1,Total 6 volume 1
0,4.443246134384989e+19,2.6909465820718264e+22,3.1834588077439205e+21,2.3681226433136523e+22,1.0053225123092826e+17,6.01522672650867e+16,4.987071094262519e+16,1.375632644677426e+17
