t(s),Total solute volume 1,Total retention volume 1,Total 1 volume 1,Total 2 volume 1,Total 3 volume 1,Total 4 volume 1,Total 5 volume 1,Total 6 volume 1
0,1.0575407049402066e+18,3.202638999809452e+19,2.563088576888768e+18,7.076244436375885e+18,2.99084644112766e+16,3.317830272061067e+17,4.014158588015563e+18,1.695366620025669e+19
