t(s),Total solute volume 1,Total retention volume 1,Total 1 volume 1,Total 2 volume 1,Total 3 volume 1,Total 4 volume 1,Total 5 volume 1,Total 6 volume 1
0,1.806632037606207e+18,1.8100022219230749e+19,2.563088576888768e+18,1.2087386361672243e+19,3062321436636232.0,2.171404993730508e+16,2.5932262504441264e+17,1.3588162466452047e+18
