t(s),Total solute volume 1,Total retention volume 1,Total 1 volume 1,Total 2 volume 1,Total 3 volume 1,Total 4 volume 1,Total 5 volume 1,Total 6 volume 1
0,1.001191121344553e+19,2.556686187772311e+21,3.850111262848306e+20,2.1580146193043675e+21,6.832868885527908e+17,1.050631157287005e+18,7.178558019969126e+17,1.1967571218552015e+18
