t(s),Total solute volume 1,Total retention volume 1,Total 1 volume 1,Total 2 volume 1,Total 3 volume 1,Total 4 volume 1,Total 5 volume 1,Total 6 volume 1
0,1.710368165630296e+19,3.9807938953821935e+21,3.850111262848305e+20,3.578457514506965e+21,4.986939337736124e+16,4.127873043692922e+16,3.4700743042205068e+16,9.572406723127475e+16
