t(s),Total solute volume 1,Total retention volume 1,Total 1 volume 1,Total 2 volume 1,Total 3 volume 1,Total 4 volume 1,Total 5 volume 1,Total 6 volume 1
0,1.6839348350405472e+17,2.2157830713562442e+17,1.2878448802488326e+16,2.7543198044355056e+16,4980905696316.183,14670561016799.17,105284255622844.12,1.2638241062389322e+16
