t(s),Total solute volume 1,Total retention volume 1,Total 1 volume 1,Total 2 volume 1,Total 3 volume 1,Total 4 volume 1,Total 5 volume 1,Total 6 volume 1
0,1.1477277462414928e+17,6.320239285592095e+17,1.8083672627208548e+16,2.3817359628092044e+16,187561801002011.9,903463837507660.6,5641063051007064.0,4.686180329902323e+17
