t(s),Total solute volume 1,Total retention volume 1,Total 1 volume 1,Total 2 volume 1,Total 3 volume 1,Total 4 volume 1,Total 5 volume 1,Total 6 volume 1
0,8.405294887353384e+16,9.234353062262646e+16,2733248773475387.0,4637024230775944.0,1231529101238.4307,2776658228242.3438,13954902407780.297,902345655103188.5
