t(s),Total solute volume 1,Total retention volume 1,Total 1 volume 1,Total 2 volume 1,Total 3 volume 1,Total 4 volume 1,Total 5 volume 1,Total 6 volume 1
0,4.920172616987362e+16,6.1472290062669224e+16,2733248773475387.0,2714355750467661.0,12008061976694.992,41762366641848.445,168897164861958.5,6600291775371700.0
