t(s),Total solute volume 1,Total retention volume 1,Total 1 volume 1,Total 2 volume 1,Total 3 volume 1,Total 4 volume 1,Total 5 volume 1,Total 6 volume 1
0,4.408003339419685e+17,1.933338037920602e+18,1.1018915844204802e+17,3.247827274525352e+17,110306170671347.03,470275084013864.06,5503895460703710.0,1.051481341368662e+18
