t(s),Total solute volume 1,Total retention volume 1,Total 1 volume 1,Total 2 volume 1,Total 3 volume 1,Total 4 volume 1,Total 5 volume 1,Total 6 volume 1
0,1.1300816793349946e+17,1.2949565145437054e+17,5290051337496820.0,9905407456456890.0,1022169863995.1006,2582517717346.57,15106654174740.72,1273313385160729.0
