t(s),Total solute volume 1,Total retention volume 1,Total 1 volume 1,Total 2 volume 1,Total 3 volume 1,Total 4 volume 1,Total 5 volume 1,Total 6 volume 1
0,6.615112269277926e+16,8.678984491143768e+16,5290051337496820.0,5798287762430659.0,9970418052198.645,38862264342802.305,182917057730417.22,9318633378604878.0
