t(s),Total solute volume 1,Total retention volume 1,Total 1 volume 1,Total 2 volume 1,Total 3 volume 1,Total 4 volume 1,Total 5 volume 1,Total 6 volume 1
0,3.4133172510483444e+19,3.150467910595813e+22,5.744900751039818e+21,2.57204529767919e+22,1.462553289475842e+18,1.3423071826589092e+18,8.952496774485147e+17,1.4920954661908628e+18
