t(s),Total solute volume 1,Total retention volume 1,Total 1 volume 1,Total 2 volume 1,Total 3 volume 1,Total 4 volume 1,Total 5 volume 1,Total 6 volume 1
0,5.831083637207589e+19,3.8106648466854446e+22,5.744900751039818e+21,3.230313354759354e+22,8.84807222694254e+16,5.2211018179162744e+16,4.327118041967369e+16,1.1936892804548818e+17
