t(s),Total solute volume 1,Total retention volume 1,Total 1 volume 1,Total 2 volume 1,Total 3 volume 1,Total 4 volume 1,Total 5 volume 1,Total 6 volume 1
0,6.561971943550011e+17,2.297805477847282e+18,2.6766928604882394e+17,9.008356262596815e+17,69200027394667.016,343517686525930.06,4849978090485706.0,4.678406753793761e+17
