t(s),Total solute volume 1,Total retention volume 1,Total 1 volume 1,Total 2 volume 1,Total 3 volume 1,Total 4 volume 1,Total 5 volume 1,Total 6 volume 1
0,3.841154308419529e+17,6.270591405017687e+18,2.6766928604882394e+17,5.273223096638238e+17,675114093461047.9,5172958052335208.0,5.9273792487778744e+16,5.026362513829522e+18
