t(s),Total solute volume 1,Total retention volume 1,Total 1 volume 1,Total 2 volume 1,Total 3 volume 1,Total 4 volume 1,Total 5 volume 1,Total 6 volume 1
0,7.831248687372006e+17,4.651609545130369e+18,3.971127163555371e+17,1.417606166617462e+18,436432603784578.9,2316824797393446.5,3.5100017318183e+16,2.0159125187008061e+18
