t(s),Total solute volume 1,Total retention volume 1,Total 1 volume 1,Total 2 volume 1,Total 3 volume 1,Total 4 volume 1,Total 5 volume 1,Total 6 volume 1
0,4.584145573095851e+17,2.545716873652491e+19,3.971127163555371e+17,8.29827887724081e+17,4257135472156650.5,3.489371193271098e+16,4.3258577899244954e+17,2.330007694873839e+19
