t(s),Total solute volume 1,Total retention volume 1,Total 1 volume 1,Total 2 volume 1,Total 3 volume 1,Total 4 volume 1,Total 5 volume 1,Total 6 volume 1
0,8.394286150660815e+17,7.504747897196185e+18,1.531053857194819e+18,3.913959566691929e+18,966252521614783.5,9915069069918208.0,1.3701586192368894e+17,1.0724086747281637e+18
