t(s),Total solute volume 1,Total retention volume 1,Total 1 volume 1,Total 2 volume 1,Total 3 volume 1,Total 4 volume 1,Total 5 volume 1,Total 6 volume 1
0,1.4340238840712154e+18,9.747895368733882e+18,1.531053857194819e+18,6.685981104100381e+18,98979556772026.02,654019041057993.6,9846672616343852.0,8.623685215326547e+16
