t(s),Total solute volume 1,Total retention volume 1,Total 1 volume 1,Total 2 volume 1,Total 3 volume 1,Total 4 volume 1,Total 5 volume 1,Total 6 volume 1
0,1.2104370031327629e+17,7.561754078066373e+17,2.0362204049155636e+16,2.7298126560537492e+16,211223611640665.78,1038479784180283.0,6663191062394788.0,5.795584824254575e+17
