t(s),Total solute volume 1,Total retention volume 1,Total 1 volume 1,Total 2 volume 1,Total 3 volume 1,Total 4 volume 1,Total 5 volume 1,Total 6 volume 1
0,2.067829880351787e+17,3.5321666445894445e+17,2.0362204049155636e+16,4.663428171230368e+16,21665674343818.188,69057552958678.74,550564870502206.94,7.879590256449933e+16
