t(s),Total solute volume 1,Total retention volume 1,Total 1 volume 1,Total 2 volume 1,Total 3 volume 1,Total 4 volume 1,Total 5 volume 1,Total 6 volume 1
0,3.2527447322874304e+17,2.378374865342936e+18,1.8471874136236307e+17,3.4428597201944646e+17,174665663040248.53,1255819185692153.0,1.329078070854366e+16,1.5093744131751086e+18
