t(s),Total solute volume 1,Total retention volume 1,Total 1 volume 1,Total 2 volume 1,Total 3 volume 1,Total 4 volume 1,Total 5 volume 1,Total 6 volume 1
0,5.556772250990977e+17,1.48449787459741e+18,1.8471874136236307e+17,5.881523663147372e+17,17903107408898.734,83408520729372.88,1092115652518352.2,1.5475611454055302e+17
