t(s),Total solute volume 1,Total retention volume 1,Total 1 volume 1,Total 2 volume 1,Total 3 volume 1,Total 4 volume 1,Total 5 volume 1,Total 6 volume 1
0,1.2852690019555497e+18,8.950620417654259e+18,1.1991975012111887e+18,5.049221861376426e+18,1085557972992039.1,6910587830191670.0,1.0962667674664598e+17,1.2993092305612227e+18
