t(s),Total solute volume 1,Total retention volume 1,Total 1 volume 1,Total 2 volume 1,Total 3 volume 1,Total 4 volume 1,Total 5 volume 1,Total 6 volume 1
0,2.7544357765683786e+17,5.5065957756502976e+17,3.860071170759496e+16,9.72705519510043e+16,23661702036689.664,84209001562655.44,777319352527337.9,1.3845954619346642e+17
