t(s),Total solute volume 1,Total retention volume 1,Total 1 volume 1,Total 2 volume 1,Total 3 volume 1,Total 4 volume 1,Total 5 volume 1,Total 6 volume 1
0,2.600924566469286e+19,2.0416454648270724e+22,3.1834588077439205e+21,1.7201685979806866e+22,1.4676863119656996e+18,1.3789288119070764e+18,9.20242416293953e+17,1.533757515287236e+18
