t(s),Total solute volume 1,Total retention volume 1,Total 1 volume 1,Total 2 volume 1,Total 3 volume 1,Total 4 volume 1,Total 5 volume 1,Total 6 volume 1
0,1.0056372927748115e+17,1.1387434551547795e+17,4077840541915392.0,7344347682422831.0,1838050520898.837,4440088088352.69,24464467287338.95,1857685407762079.0
