t(s),Total solute volume 1,Total retention volume 1,Total 1 volume 1,Total 2 volume 1,Total 3 volume 1,Total 4 volume 1,Total 5 volume 1,Total 6 volume 1
0,5.88665732355986e+16,8.121474699293622e+16,4077840541915391.5,4299130609532136.5,17923201980050.285,66787524328509.15,296119716140945.2,1.3590372163440338e+16
