t(s),Total solute volume 1,Total retention volume 1,Total 1 volume 1,Total 2 volume 1,Total 3 volume 1,Total 4 volume 1,Total 5 volume 1,Total 6 volume 1
0,4.584145573095851e+17,1.4970941691558089e+19,3.971127163555371e+17,8.29827887724081e+17,2379301900997827.5,1.9502870098871612e+16,2.4177553474348074e+17,1.3021928823425518e+19
