t(s),Total solute volume 1,Total retention volume 1,Total 1 volume 1,Total 2 volume 1,Total 3 volume 1,Total 4 volume 1,Total 5 volume 1,Total 6 volume 1
0,7.831248687372006e+17,3.745546317740132e+18,3.971127163555371e+17,1.417606166617462e+18,243890849856931.97,1294705388776503.0,1.9614864381252776e+16,1.1265491054100347e+18
