t(s),Total solute volume 1,Total retention volume 1,Total 1 volume 1,Total 2 volume 1,Total 3 volume 1,Total 4 volume 1,Total 5 volume 1,Total 6 volume 1
0,1.710368165630296e+19,3.9807427648728093e+21,3.850111262848305e+20,3.578457514506977e+21,3.836107889178769e+16,3.175287452012662e+16,2.6692883936694216e+16,7.363558733514266e+16
