t(s),Total solute volume 1,Total retention volume 1,Total 1 volume 1,Total 2 volume 1,Total 3 volume 1,Total 4 volume 1,Total 5 volume 1,Total 6 volume 1
0,1.001191121344553e+19,2.5558442276015057e+21,3.850111262848305e+20,2.1580146193043675e+21,5.2560682687499936e+17,8.08180952013017e+17,5.521986007976746e+17,9.205844192220644e+17
