t(s),Total solute volume 1,Total retention volume 1,Total 1 volume 1,Total 2 volume 1,Total 3 volume 1,Total 4 volume 1,Total 5 volume 1,Total 6 volume 1
0,1.7152588772477386e+17,1.6098103439129516e+18,4.431341940307482e+16,6.672760546581344e+16,264960710763364.78,1489740295598461.0,1.1424032092933322e+16,1.3140646982199974e+18
