t(s),Total solute volume 1,Total retention volume 1,Total 1 volume 1,Total 2 volume 1,Total 3 volume 1,Total 4 volume 1,Total 5 volume 1,Total 6 volume 1
0,2.9302339152982e+17,6.2697480560888e+17,4.431341940307482e+16,1.1399288614301397e+17,27166923904080.926,99010513922050.42,943225823478409.8,1.745757052716617e+17
