t(s),Total solute volume 1,Total retention volume 1,Total 1 volume 1,Total 2 volume 1,Total 3 volume 1,Total 4 volume 1,Total 5 volume 1,Total 6 volume 1
0,2.0426316755341617e+18,6.456830948038257e+19,1.1130180818752053e+19,3.824669850510911e+19,9.39328597791244e+16,1.1566453754331282e+18,4.1442012442661683e+18,7.754019001508291e+18
