t(s),Total solute volume 1,Total retention volume 1,Total 1 volume 1,Total 2 volume 1,Total 3 volume 1,Total 4 volume 1,Total 5 volume 1,Total 6 volume 1
0,3.489495779037574e+18,8.083137199974803e+19,1.1130180818752053e+19,6.53031309438877e+19,9546947334600806.0,6.877670935205523e+16,2.0983676698859142e+17,6.204040343951167e+17
