t(s),Total solute volume 1,Total retention volume 1,Total 1 volume 1,Total 2 volume 1,Total 3 volume 1,Total 4 volume 1,Total 5 volume 1,Total 6 volume 1
0,8.175062817381762e+16,2.301203991667255e+17,8483748054658170.0,9978813516605722.0,93234848304622.14,394126390062910.7,2068150791951412.0,1.2735169739132435e+17
