t(s),Total solute volume 1,Total retention volume 1,Total 1 volume 1,Total 2 volume 1,Total 3 volume 1,Total 4 volume 1,Total 5 volume 1,Total 6 volume 1
0,4.0452254584778307e+18,1.1526426785713304e+20,1.547610356973599e+19,9.533228108352348e+19,6322793676825788.0,4.1982828765754664e+16,9.361187192120224e+16,2.6874025103235085e+17
