t(s),Total solute volume 1,Total retention volume 1,Total 1 volume 1,Total 2 volume 1,Total 3 volume 1,Total 4 volume 1,Total 5 volume 1,Total 6 volume 1
0,2.3679368537431424e+18,7.973970432905247e+19,1.5476103569735987e+19,5.5847909032452284e+19,6.249660383621729e+16,7.417178060319937e+17,1.884496513782454e+18,3.3590439494701727e+18
