t(s),Total solute volume 1,Total retention volume 1,Total 1 volume 1,Total 2 volume 1,Total 3 volume 1,Total 4 volume 1,Total 5 volume 1,Total 6 volume 1
0,1.2852690019555497e+18,9.102432681267091e+18,1.1991975012111887e+18,5.049221861376426e+18,1201866344298003.2,7651000346061899.0,1.213722629318793e+17,1.438519187101645e+18
