t(s),Total solute volume 1,Total retention volume 1,Total 1 volume 1,Total 2 volume 1,Total 3 volume 1,Total 4 volume 1,Total 5 volume 1,Total 6 volume 1
0,7.523525865105635e+17,2.448423294641429e+19,1.1991975012111887e+18,2.955764414391274e+18,1.1728772497699682e+16,1.1571274211680483e+17,1.6244988047180334e+18,1.7824978124968706e+19
