t(s),Total solute volume 1,Total retention volume 1,Total 1 volume 1,Total 2 volume 1,Total 3 volume 1,Total 4 volume 1,Total 5 volume 1,Total 6 volume 1
0,1.806632037606207e+18,1.747838305151111e+19,2.563088576888768e+18,1.2087386361672243e+19,1903613393554330.2,1.3497972025793654e+16,1.6120117816711136e+17,8.446733117574541e+17
