t(s),Total solute volume 1,Total retention volume 1,Total 1 volume 1,Total 2 volume 1,Total 3 volume 1,Total 4 volume 1,Total 5 volume 1,Total 6 volume 1
0,6.110165178850669e+17,2.273378418743307e+19,7.538773491030419e+17,1.7336694297627313e+18,6896576003759040.0,6.301032972412328e+16,8.629793274247471e+17,1.870233465752958e+19
