t(s),Total solute volume 1,Total retention volume 1,Total 1 volume 1,Total 2 volume 1,Total 3 volume 1,Total 4 volume 1,Total 5 volume 1,Total 6 volume 1
0,9.85717952218855e+16,4.3355597215196883e+17,1.2878448802488326e+16,1.6122851276236812e+16,157771557716808.5,716709213510741.5,4139481418510204.0,3.0096891466162176e+17
