t(s),Total solute volume 1,Total retention volume 1,Total 1 volume 1,Total 2 volume 1,Total 3 volume 1,Total 4 volume 1,Total 5 volume 1,Total 6 volume 1
0,1.6839348350405472e+17,2.5029351413973984e+17,1.2878448802488326e+16,2.7543198044355056e+16,16187210452143.12,47677494992150.01,342159788228708.0,4.10723592951702e+16
