t(s),Total solute volume 1,Total retention volume 1,Total 1 volume 1,Total 2 volume 1,Total 3 volume 1,Total 4 volume 1,Total 5 volume 1,Total 6 volume 1
0,1.4340238840712154e+18,1.0571000043137155e+19,1.531053857194819e+18,6.685981104100379e+18,940300003340046.2,6213148516454267.0,9.354286821604742e+16,8.192448810348659e+17
