t(s),Total solute volume 1,Total retention volume 1,Total 1 volume 1,Total 2 volume 1,Total 3 volume 1,Total 4 volume 1,Total 5 volume 1,Total 6 volume 1
0,8.394286150660815e+17,1.787644417899503e+19,1.531053857194819e+18,3.913959566691929e+18,9178507198164806.0,9.418093192004434e+16,1.3015065348156603e+18,1.0187136166108355e+19
