t(s),Total solute volume 1,Total retention volume 1,Total 1 volume 1,Total 2 volume 1,Total 3 volume 1,Total 4 volume 1,Total 5 volume 1,Total 6 volume 1
0,4.566829557989454e+18,3.8635356818562174e+20,6.696388307350977e+19,2.9943637271575534e+20,7.505283317308906e+17,4.323339244507624e+18,3.853774926290093e+18,6.458840335839991e+18
