t(s),Total solute volume 1,Total retention volume 1,Total 1 volume 1,Total 2 volume 1,Total 3 volume 1,Total 4 volume 1,Total 5 volume 1,Total 6 volume 1
0,7.801667161565198e+18,5.851291322713805e+20,6.696388307350977e+19,5.094009276905076e+20,7.108314727593724e+16,1.8813201578105683e+17,1.8670773999255818e+17,5.167314427502951e+17
