t(s),Total solute volume 1,Total retention volume 1,Total 1 volume 1,Total 2 volume 1,Total 3 volume 1,Total 4 volume 1,Total 5 volume 1,Total 6 volume 1
0,1.710368165630296e+19,3.980810941252066e+21,3.850111262848305e+20,3.578457514506974e+21,5.370549726426947e+16,4.4454015086399016e+16,3.737002912751723e+16,1.0308926246791782e+17
