t(s),Total solute volume 1,Total retention volume 1,Total 1 volume 1,Total 2 volume 1,Total 3 volume 1,Total 4 volume 1,Total 5 volume 1,Total 6 volume 1
0,1.001191121344553e+19,2.556966840027324e+21,3.850111262848306e+20,2.1580146193043675e+21,7.358467053830506e+17,1.1314474738905313e+18,7.730746250630004e+17,1.2888144203629855e+18
