t(s),Total solute volume 1,Total retention volume 1,Total 1 volume 1,Total 2 volume 1,Total 3 volume 1,Total 4 volume 1,Total 5 volume 1,Total 6 volume 1
0,5.0293829723865024e+17,2.7476841862341427e+18,4.883330109832728e+17,1.0524643962722106e+18,154038672850424.03,1307950772766641.5,1.6829150993977824e+16,6.856573413004234e+17
