t(s),Total solute volume 1,Total retention volume 1,Total 1 volume 1,Total 2 volume 1,Total 3 volume 1,Total 4 volume 1,Total 5 volume 1,Total 6 volume 1
0,9.011205916778291e+16,1.0084582392803222e+17,3192384722575143.5,5543091834178185.0,2363377385939.735,5473171509108.178,28506537118835.438,1961945117482055.5
