t(s),Total solute volume 1,Total retention volume 1,Total 1 volume 1,Total 2 volume 1,Total 3 volume 1,Total 4 volume 1,Total 5 volume 1,Total 6 volume 1
0,5.274852243967814e+16,7.398374818600714e+16,3192384722575143.5,3244736830869188.5,23036781549743.69,82283134960737.73,344888908988302.1,1.4347895367386664e+16
