t(s),Total solute volume 1,Total retention volume 1,Total 1 volume 1,Total 2 volume 1,Total 3 volume 1,Total 4 volume 1,Total 5 volume 1,Total 6 volume 1
0,1.4340238840712154e+18,1.0813087686668323e+19,1.531053857194819e+18,6.685981104100381e+18,1187745223061831.2,7848175572470279.0,1.1815921868695672e+17,1.0348337018193969e+18
