t(s),Total solute volume 1,Total retention volume 1,Total 1 volume 1,Total 2 volume 1,Total 3 volume 1,Total 4 volume 1,Total 5 volume 1,Total 6 volume 1
0,8.394286150660815e+17,2.0926635428077437e+19,1.531053857194819e+18,3.913959566691929e+18,1.1593572567935862e+16,1.1896084693632421e+17,1.6439547067150205e+18,1.2867684262905377e+19
