t(s),Total solute volume 1,Total retention volume 1,Total 1 volume 1,Total 2 volume 1,Total 3 volume 1,Total 4 volume 1,Total 5 volume 1,Total 6 volume 1
0,6.030890236958341e+17,3.6332919058361846e+18,2.2173507663096877e+17,7.255463282409612e+17,265084577445914.9,1274249101811419.8,1.7328746379179724e+16,2.0640533972099804e+18
