t(s),Total solute volume 1,Total retention volume 1,Total 1 volume 1,Total 2 volume 1,Total 3 volume 1,Total 4 volume 1,Total 5 volume 1,Total 6 volume 1
0,3.5302772118780864e+17,2.239245017346667e+19,2.2173507663096877e+17,4.247125719959892e+17,2585365874134418.0,1.9178422958039756e+16,2.111804759804068e+17,2.1160030538839278e+19
