t(s),Total solute volume 1,Total retention volume 1,Total 1 volume 1,Total 2 volume 1,Total 3 volume 1,Total 4 volume 1,Total 5 volume 1,Total 6 volume 1
0,8.70000992795148e+16,9.599829926672824e+16,2951661998355005.5,5065423436879563.0,1235036293017.7786,2821718136409.2085,14434207358984.887,962623590190813.6
