t(s),Total solute volume 1,Total retention volume 1,Total 1 volume 1,Total 2 volume 1,Total 3 volume 1,Total 4 volume 1,Total 5 volume 1,Total 6 volume 1
0,1.1477277462414928e+17,5.6003755335262406e+17,1.8083672627208548e+16,2.3817359628092044e+16,159162232283145.94,766696882534595.2,4787003999386447.0,3.9765088335896557e+17
