t(s),Total solute volume 1,Total retention volume 1,Total 1 volume 1,Total 2 volume 1,Total 3 volume 1,Total 4 volume 1,Total 5 volume 1,Total 6 volume 1
0,2.5802946377090512e+17,3.4653588842427827e+18,1.1018915844204802e+17,1.9011722470774906e+17,347117325803459.8,2283422969407444.5,2.1543046170879084e+16,2.882849450855995e+18
