t(s),Total solute volume 1,Total retention volume 1,Total 1 volume 1,Total 2 volume 1,Total 3 volume 1,Total 4 volume 1,Total 5 volume 1,Total 6 volume 1
0,4.408003339419685e+17,1.2169287210151724e+18,1.1018915844204802e+17,3.247827274525352e+17,35583265034608.41,151703911969550.25,1775478606330444.2,3.391937353952862e+17
