t(s),Total solute volume 1,Total retention volume 1,Total 1 volume 1,Total 2 volume 1,Total 3 volume 1,Total 4 volume 1,Total 5 volume 1,Total 6 volume 1
0,4.566829557989454e+18,3.825071484992781e+20,6.696388307350977e+19,2.9943637271575534e+20,5.6290581634155686e+17,3.242578059406269e+18,2.8903871989169075e+18,4.844192077359794e+18
