t(s),Total solute volume 1,Total retention volume 1,Total 1 volume 1,Total 2 volume 1,Total 3 volume 1,Total 4 volume 1,Total 5 volume 1,Total 6 volume 1
0,7.801667161565198e+18,5.848884722353072e+20,6.696388307350977e+19,5.094009276905077e+20,5.33124178492186e+16,1.4109914046830237e+17,1.4003094234527557e+17,3.875518090624503e+17
