t(s),Total solute volume 1,Total retention volume 1,Total 1 volume 1,Total 2 volume 1,Total 3 volume 1,Total 4 volume 1,Total 5 volume 1,Total 6 volume 1
0,1.5746764332366418e+19,7.379125377283403e+21,1.0530177027067483e+21,6.302159391947708e+21,2.05644131096352e+18,2.2043893355961303e+18,1.47770466761468e+18,2.4629829823515643e+18
