t(s),Total solute volume 1,Total retention volume 1,Total 1 volume 1,Total 2 volume 1,Total 3 volume 1,Total 4 volume 1,Total 5 volume 1,Total 6 volume 1
0,2.6900722401125917e+19,1.0973426309107565e+22,1.0530177027067483e+21,9.89302102912253e+21,1.3245433078107946e+17,8.592618628501392e+16,7.142580736192854e+16,1.9704855274323994e+17
