t(s),Total solute volume 1,Total retention volume 1,Total 1 volume 1,Total 2 volume 1,Total 3 volume 1,Total 4 volume 1,Total 5 volume 1,Total 6 volume 1
0,2.6900722401125917e+19,1.0973242081916672e+22,1.0530177027067483e+21,9.893021029122238e+21,8.233652704654626e+16,5.341360334862424e+16,4.439985014914695e+16,1.22477706037051e+17
