t(s),Total solute volume 1,Total retention volume 1,Total 1 volume 1,Total 2 volume 1,Total 3 volume 1,Total 4 volume 1,Total 5 volume 1,Total 6 volume 1
0,1.5746764332366418e+19,7.37602215218546e+21,1.0530177027067483e+21,6.302159391947708e+21,1.2783409227942275e+18,1.370314031720504e+18,9.185834444282022e+17,1.531054799725922e+18
