t(s),Total solute volume 1,Total retention volume 1,Total 1 volume 1,Total 2 volume 1,Total 3 volume 1,Total 4 volume 1,Total 5 volume 1,Total 6 volume 1
0,3.5302772118780864e+17,1.603370868067248e+19,2.2173507663096877e+17,4.247125719959892e+17,1816955862623076.8,1.3478833116491e+16,1.4841685726023443e+17,1.4870520664618385e+19
