t(s),Total solute volume 1,Total retention volume 1,Total 1 volume 1,Total 2 volume 1,Total 3 volume 1,Total 4 volume 1,Total 5 volume 1,Total 6 volume 1
0,6.030890236958341e+17,3.014056175057221e+18,2.2173507663096877e+17,7.255463282409612e+17,186277027833621.28,895423900118643.0,1.2177038599330632e+16,1.4504270069621706e+18
