t(s),Total solute volume 1,Total retention volume 1,Total 1 volume 1,Total 2 volume 1,Total 3 volume 1,Total 4 volume 1,Total 5 volume 1,Total 6 volume 1
0,8.553063609334184e+16,2.6178798982317773e+17,9383807851828778.0,1.1205049428947024e+16,103139367879957.42,443646036124603.75,2382565691067720.5,1.527391453539892e+17
