t(s),Total solute volume 1,Total retention volume 1,Total 1 volume 1,Total 2 volume 1,Total 3 volume 1,Total 4 volume 1,Total 5 volume 1,Total 6 volume 1
0,1.4611483665945994e+17,1.9574355191961482e+17,9383807851828778.0,1.9141956437258628e+16,10581936838592.803,29512377644616.312,196939949524376.75,2.086591670706068e+16
