t(s),Total solute volume 1,Total retention volume 1,Total 1 volume 1,Total 2 volume 1,Total 3 volume 1,Total 4 volume 1,Total 5 volume 1,Total 6 volume 1
0,1.0056372927748115e+17,1.1279526000863546e+17,4077840541915392.0,7344347682422831.0,787751225689.2472,1902926167175.3594,10484956103604.139,796166873318626.8
