t(s),Total solute volume 1,Total retention volume 1,Total 1 volume 1,Total 2 volume 1,Total 3 volume 1,Total 4 volume 1,Total 5 volume 1,Total 6 volume 1
0,5.88665732355986e+16,7.323260652902534e+16,4077840541915392.0,4299130609532137.0,7683725632894.797,28634939109382.863,126952772880606.3,5825790704355434.0
