t(s),Total solute volume 1,Total retention volume 1,Total 1 volume 1,Total 2 volume 1,Total 3 volume 1,Total 4 volume 1,Total 5 volume 1,Total 6 volume 1
0,5.467373305480017e+16,7.802452968181338e+16,3458157710870755.0,3557120067332162.0,23872953090212.26,86455450705202.42,369095505146730.9,1.5856094939867544e+16
