t(s),Total solute volume 1,Total retention volume 1,Total 1 volume 1,Total 2 volume 1,Total 3 volume 1,Total 4 volume 1,Total 5 volume 1,Total 6 volume 1
0,3.4133172510483444e+19,3.1502415857703803e+22,5.744900751039818e+21,2.57204529767919e+22,8.250357091682399e+17,7.572058490881306e+17,5.0501658009377683e+17,8.416992231392346e+17
