t(s),Total solute volume 1,Total retention volume 1,Total 1 volume 1,Total 2 volume 1,Total 3 volume 1,Total 4 volume 1,Total 5 volume 1,Total 6 volume 1
0,5.831083637207589e+19,3.810651624535132e+22,5.744900751039818e+21,3.230313354759354e+22,4.991222394802414e+16,2.9452380043174052e+16,2.4409393418267376e+16,6.7336348588823064e+16
