t(s),Total solute volume 1,Total retention volume 1,Total 1 volume 1,Total 2 volume 1,Total 3 volume 1,Total 4 volume 1,Total 5 volume 1,Total 6 volume 1
0,6.768171426953814e+17,1.6972557018691949e+19,9.470815640223639e+17,2.2534875290841032e+18,5976169733378881.0,5.671849736517216e+16,7.920194072110463e+17,1.2240456708580495e+19
