t(s),Total solute volume 1,Total retention volume 1,Total 1 volume 1,Total 2 volume 1,Total 3 volume 1,Total 4 volume 1,Total 5 volume 1,Total 6 volume 1
0,8.125946973719792e+16,8.948152599240944e+16,2534742031225782.5,4252075647885005.0,2039234873488.2583,4538385883849.484,22417009116871.945,1406243946226836.5
