t(s),Total solute volume 1,Total retention volume 1,Total 1 volume 1,Total 2 volume 1,Total 3 volume 1,Total 4 volume 1,Total 5 volume 1,Total 6 volume 1
0,4.7566518870554744e+16,6.3231938420266104e+16,2534742031225782.5,2489019978208205.5,19874212990308.586,68215450714265.7,271166164723880.6,1.0282401711848418e+16
