t(s),Total solute volume 1,Total retention volume 1,Total 1 volume 1,Total 2 volume 1,Total 3 volume 1,Total 4 volume 1,Total 5 volume 1,Total 6 volume 1
0,1.612352649698545e+17,3.1183530454111616e+17,3.860071170759496e+16,5.693890508297374e+16,12149887929336.33,66714017569646.734,495643886330111.0,5.448591498886415e+16
