t(s),Total solute volume 1,Total retention volume 1,Total 1 volume 1,Total 2 volume 1,Total 3 volume 1,Total 4 volume 1,Total 5 volume 1,Total 6 volume 1
0,2.7544357765683786e+17,4.186489357193286e+17,3.860071170759496e+16,9.727055195100427e+16,1245379174108.6008,4432132378364.395,40912331890989.89,7287504560448877.0
