t(s),Total solute volume 1,Total retention volume 1,Total 1 volume 1,Total 2 volume 1,Total 3 volume 1,Total 4 volume 1,Total 5 volume 1,Total 6 volume 1
0,6.1674638455494386e+19,6.141372058940936e+22,1.961934451448198e+22,4.172998634441791e+22,7.738021556556232e+17,6.988365379420506e+17,4.6591901865069875e+17,7.765343418517315e+17
