t(s),Total solute volume 1,Total retention volume 1,Total 1 volume 1,Total 2 volume 1,Total 3 volume 1,Total 4 volume 1,Total 5 volume 1,Total 6 volume 1
0,1.0536084069480294e+20,6.471834212874975e+22,1.961934451448198e+22,4.49934784566537e+22,4.649627790469856e+16,2.7177923159914816e+16,2.25196208465333e+16,6.212309694197429e+16
