t(s),Total solute volume 1,Total retention volume 1,Total 1 volume 1,Total 2 volume 1,Total 3 volume 1,Total 4 volume 1,Total 5 volume 1,Total 6 volume 1
0,5.539824915009872e+18,2.508213517065535e+20,3.120606282469643e+19,2.1299199081623975e+20,3.652619104832846e+16,1.7264501244631187e+17,2.3055847468691053e+17,6.437434724247428e+17
