t(s),Total solute volume 1,Total retention volume 1,Total 1 volume 1,Total 2 volume 1,Total 3 volume 1,Total 4 volume 1,Total 5 volume 1,Total 6 volume 1
0,3.242824340493574e+18,1.7597276518434e+20,3.120606282469643e+19,1.2489632049785533e+20,3.678640652351246e+17,3.4839215302611604e+18,4.729522053469648e+18,8.046249872329467e+18
