t(s),Total solute volume 1,Total retention volume 1,Total 1 volume 1,Total 2 volume 1,Total 3 volume 1,Total 4 volume 1,Total 5 volume 1,Total 6 volume 1
0,9.688003471877627e+16,1.1102279237699222e+17,3752113566455123.5,6674159898032270.0,3865200499462.268,9203983251621.492,49751745754740.43,3653663264222664.5
