t(s),Total solute volume 1,Total retention volume 1,Total 1 volume 1,Total 2 volume 1,Total 3 volume 1,Total 4 volume 1,Total 5 volume 1,Total 6 volume 1
0,5.67102642256257e+16,9.186211596344694e+16,3752113566455123.5,3906825519925697.5,37664869818072.95,138317638426957.9,601727788100945.9,2.671520235509505e+16
