t(s),Total solute volume 1,Total retention volume 1,Total 1 volume 1,Total 2 volume 1,Total 3 volume 1,Total 4 volume 1,Total 5 volume 1,Total 6 volume 1
0,2.641240568788231e+18,4.103494930075138e+19,5.979897840391367e+18,3.199484310387922e+19,2112728981543343.2,1.5963061954319058e+16,9.245485460521091e+16,3.084371421513732e+17
