t(s),Total solute volume 1,Total retention volume 1,Total 1 volume 1,Total 2 volume 1,Total 3 volume 1,Total 4 volume 1,Total 5 volume 1,Total 6 volume 1
0,1.5460920402662884e+18,3.2090690635528274e+19,5.979897840391367e+18,1.873360234042119e+19,2.0689523094733308e+16,2.5265537123125875e+17,1.703503909143188e+18,3.8542496109802153e+18
