t(s),Total solute volume 1,Total retention volume 1,Total 1 volume 1,Total 2 volume 1,Total 3 volume 1,Total 4 volume 1,Total 5 volume 1,Total 6 volume 1
0,1.772257703331625e+18,5.530667821453702e+19,8.108748995498784e+18,2.6581741941542703e+19,9.413638073566405e+16,1.1658303078135337e+18,5.823664122260656e+18,1.1760298763354122e+19
