t(s),Total solute volume 1,Total retention volume 1,Total 1 volume 1,Total 2 volume 1,Total 3 volume 1,Total 4 volume 1,Total 5 volume 1,Total 6 volume 1
0,3.027606909858182e+18,5.785596430802396e+19,8.108748995498785e+18,4.539357696078196e+19,9595709521803898.0,7.185952101839863e+16,3.035306973598566e+17,9.410455139848307e+17
