t(s),Total solute volume 1,Total retention volume 1,Total 1 volume 1,Total 2 volume 1,Total 3 volume 1,Total 4 volume 1,Total 5 volume 1,Total 6 volume 1
0,5.274852243967814e+16,7.526951882748691e+16,3192384722575143.5,3244736830869188.5,25037906982762.805,89428302010166.86,374843874357929.94,1.5594564751014026e+16
