t(s),Total solute volume 1,Total retention volume 1,Total 1 volume 1,Total 2 volume 1,Total 3 volume 1,Total 4 volume 1,Total 5 volume 1,Total 6 volume 1
0,9.011205916778291e+16,1.0101957635438038e+17,3192384722575143.5,5543091834178185.0,2568874980918.2207,5949073028080.409,30985219060380.363,2132537462774545.2
