t(s),Total solute volume 1,Total retention volume 1,Total 1 volume 1,Total 2 volume 1,Total 3 volume 1,Total 4 volume 1,Total 5 volume 1,Total 6 volume 1
0,1.6062657215105326e+18,1.4190003124156297e+19,1.9718743661304888e+18,8.94244010427008e+18,2293729043020967.5,1.5717220080310336e+16,2.1587189551865494e+17,1.435540087603273e+18
