t(s),Total solute volume 1,Total retention volume 1,Total 1 volume 1,Total 2 volume 1,Total 3 volume 1,Total 4 volume 1,Total 5 volume 1,Total 6 volume 1
0,9.402531052744658e+17,2.9450336536560304e+19,1.9718743661304886e+18,5.234982861726286e+18,2.2393565556612036e+16,2.3899149524061507e+17,3.1540866261375964e+18,1.7887754516494234e+19
