t(s),Total solute volume 1,Total retention volume 1,Total 1 volume 1,Total 2 volume 1,Total 3 volume 1,Total 4 volume 1,Total 5 volume 1,Total 6 volume 1
0,9.391538505657402e+16,1.2618804007572584e+17,1.1560640218829554e+16,1.4241472081799574e+16,3634760894401.063,16212650340923.646,91326915489395.56,6359368391798314.0
