t(s),Total solute volume 1,Total retention volume 1,Total 1 volume 1,Total 2 volume 1,Total 3 volume 1,Total 4 volume 1,Total 5 volume 1,Total 6 volume 1
0,1.6043878280498112e+17,1.9720521961645306e+17,1.1560640218829554e+16,2.4329176620616796e+16,372572191141.6514,1077123018606.2468,7540724352807.979,867629552461853.1
