t(s),Total solute volume 1,Total retention volume 1,Total 1 volume 1,Total 2 volume 1,Total 3 volume 1,Total 4 volume 1,Total 5 volume 1,Total 6 volume 1
0,8.394286150660815e+17,1.665632852266837e+19,1.531053857194819e+18,3.913959566691929e+18,8212442406856368.0,8.42684362278664e+16,1.1645210195054638e+18,9.114884585575385e+18
