t(s),Total solute volume 1,Total retention volume 1,Total 1 volume 1,Total 2 volume 1,Total 3 volume 1,Total 4 volume 1,Total 5 volume 1,Total 6 volume 1
0,1.4340238840712154e+18,1.0474164734724762e+19,1.531053857194819e+18,6.685981104100382e+18,841321664668753.4,5559136290874598.0,8.369630541813659e+16,7.330091259846344e+17
