t(s),Total solute volume 1,Total retention volume 1,Total 1 volume 1,Total 2 volume 1,Total 3 volume 1,Total 4 volume 1,Total 5 volume 1,Total 6 volume 1
0,8.957740053321614e+16,1.8081631196675437e+19,1.040317029189783e+16,1.2615155834536546e+16,1.0729785696129126e+16,4.5572963097660664e+16,2.5507465732318106e+17,1.765765806389866e+19
