t(s),Total solute volume 1,Total retention volume 1,Total 1 volume 1,Total 2 volume 1,Total 3 volume 1,Total 4 volume 1,Total 5 volume 1,Total 6 volume 1
0,4.920172616987362e+16,7.120830956446925e+16,2733248773475387.0,2714355750467661.0,29137071521091.867,101305099304604.66,409772203773523.5,1.6018764496052608e+16
