t(s),Total solute volume 1,Total retention volume 1,Total 1 volume 1,Total 2 volume 1,Total 3 volume 1,Total 4 volume 1,Total 5 volume 1,Total 6 volume 1
0,8.405294887353384e+16,9.365813017612698e+16,2733248773475387.0,4637024230775944.0,2990691406984.402,6742997856755.7,33888783055915.285,2191285826022062.5
