t(s),Total solute volume 1,Total retention volume 1,Total 1 volume 1,Total 2 volume 1,Total 3 volume 1,Total 4 volume 1,Total 5 volume 1,Total 6 volume 1
0,9.455042984468884e+17,4.940546904709796e+18,6.045923551720416e+17,2.298131816040415e+18,371390596941676.3,2115830766824543.5,3.3847229936330292e+16,1.0559839837503397e+18
