t(s),Total solute volume 1,Total retention volume 1,Total 1 volume 1,Total 2 volume 1,Total 3 volume 1,Total 4 volume 1,Total 5 volume 1,Total 6 volume 1
0,5.5346593079818586e+17,1.5707449119990153e+19,6.045923551720415e+17,1.3452732373157307e+18,3623495467931254.0,3.1899596032123216e+16,4.246441060733264e+17,1.2743950399130796e+19
