t(s),Total solute volume 1,Total retention volume 1,Total 1 volume 1,Total 2 volume 1,Total 3 volume 1,Total 4 volume 1,Total 5 volume 1,Total 6 volume 1
0,2.9302339152982e+17,5.34530981913551e+17,4.431341940307482e+16,1.1399288614301397e+17,12868688082842.123,46900165162890.734,446795747616718.8,8.269472023677258e+16
