t(s),Total solute volume 1,Total retention volume 1,Total 1 volume 1,Total 2 volume 1,Total 3 volume 1,Total 4 volume 1,Total 5 volume 1,Total 6 volume 1
0,1.7152588772477386e+17,9.113460492921961e+17,4.431341940307482e+16,6.672760546581345e+16,125530058981099.45,705834353532915.6,5412482340379063.0,6.225352899456471e+17
