t(s),Total solute volume 1,Total retention volume 1,Total 1 volume 1,Total 2 volume 1,Total 3 volume 1,Total 4 volume 1,Total 5 volume 1,Total 6 volume 1
0,1.710368165630296e+19,3.980691631760083e+21,3.850111262848305e+20,3.5784575145069726e+21,2.6852760168312264e+16,2.2227015628750136e+16,1.8685021820110052e+16,5.154451434212894e+16
