t(s),Total solute volume 1,Total retention volume 1,Total 1 volume 1,Total 2 volume 1,Total 3 volume 1,Total 4 volume 1,Total 5 volume 1,Total 6 volume 1
0,1.001191121344553e+19,2.555002262322081e+21,3.850111262848306e+20,2.1580146193043675e+21,3.6792584841048685e+17,5.6572886352689824e+17,3.865403015884281e+17,6.444105059181367e+17
