t(s),Total solute volume 1,Total retention volume 1,Total 1 volume 1,Total 2 volume 1,Total 3 volume 1,Total 4 volume 1,Total 5 volume 1,Total 6 volume 1
0,3.5302772118780864e+17,1.7189927316800076e+19,2.2173507663096877e+17,4.247125719959892e+17,1956680129823318.0,1.4515254512238024e+16,1.5982966789441808e+17,1.6014150344448848e+19
