t(s),Total solute volume 1,Total retention volume 1,Total 1 volume 1,Total 2 volume 1,Total 3 volume 1,Total 4 volume 1,Total 5 volume 1,Total 6 volume 1
0,6.030890236958341e+17,3.126645194304589e+18,2.2173507663096877e+17,7.255463282409612e+17,200605759994770.5,964301562737097.0,1.3113717881999314e+16,1.5619961405320911e+18
