t(s),Total solute volume 1,Total retention volume 1,Total 1 volume 1,Total 2 volume 1,Total 3 volume 1,Total 4 volume 1,Total 5 volume 1,Total 6 volume 1
0,9.688003471877627e+16,1.0788704916548602e+17,3752113566455123.5,6674159898032270.0,603978207771.7985,1438204308015.0679,7774184220076.835,570924615486891.2
