t(s),Total solute volume 1,Total retention volume 1,Total 1 volume 1,Total 2 volume 1,Total 3 volume 1,Total 4 volume 1,Total 5 volume 1,Total 6 volume 1
0,1.1300816793349946e+17,1.2884964355672486e+17,5290051337496820.0,9905407456456888.0,511088353595.124,1291266178776.8433,7553372914476.777,636661101826239.5
