t(s),Total solute volume 1,Total retention volume 1,Total 1 volume 1,Total 2 volume 1,Total 3 volume 1,Total 4 volume 1,Total 5 volume 1,Total 6 volume 1
0,6.615112269277926e+16,8.201503896161526e+16,5290051337496820.0,5798287762430659.0,4985735945125.063,19433875825348.953,91469548904519.86,4659688008233439.0
