t(s),Total solute volume 1,Total retention volume 1,Total 1 volume 1,Total 2 volume 1,Total 3 volume 1,Total 4 volume 1,Total 5 volume 1,Total 6 volume 1
0,1.827745988668061e+17,2.712471879567983e+18,5.1059153534519e+16,7.853065002362187e+16,433843678882638.6,2499483242168051.5,1.9799317101040416e+16,2.377374833120964e+18
