t(s),Total solute volume 1,Total retention volume 1,Total 1 volume 1,Total 2 volume 1,Total 3 volume 1,Total 4 volume 1,Total 5 volume 1,Total 6 volume 1
0,3.122399397307938e+17,8.122375423989674e+17,5.1059153534519e+16,1.3415637957682182e+17,44487806226255.336,166143999859095.9,1634756354350690.5,3.129366813963969e+17
