t(s),Total solute volume 1,Total retention volume 1,Total 1 volume 1,Total 2 volume 1,Total 3 volume 1,Total 4 volume 1,Total 5 volume 1,Total 6 volume 1
0,2.9302339152982e+17,6.639517313800457e+17,4.431341940307482e+16,1.1399288614301397e+17,32886127900132.348,119854374650199.77,1141795011532585.2,2.1132749879004963e+17
