t(s),Total solute volume 1,Total retention volume 1,Total 1 volume 1,Total 2 volume 1,Total 3 volume 1,Total 4 volume 1,Total 5 volume 1,Total 6 volume 1
0,1.5180265269236467e+17,1.2356134799107604e+18,3.3743667340789536e+16,4.87842065642926e+16,244150590356468.88,1309704896424970.8,9435723966807392.0,9.902933738597377e+17
