t(s),Total solute volume 1,Total retention volume 1,Total 1 volume 1,Total 2 volume 1,Total 3 volume 1,Total 4 volume 1,Total 5 volume 1,Total 6 volume 1
0,2.5932953168279194e+17,5.104860153909616e+17,3.3743667340789536e+16,8.333962927494267e+16,25035814791127.754,87058263435230.78,779275181713250.9,1.3318181783249987e+17
