t(s),Total solute volume 1,Total retention volume 1,Total 1 volume 1,Total 2 volume 1,Total 3 volume 1,Total 4 volume 1,Total 5 volume 1,Total 6 volume 1
0,1.3517038836082043e+17,7.215800075680585e+17,2.6047523684028044e+16,3.622882322688759e+16,155659236463564.84,798578331225833.2,5421550714188959.0,5.17757484014448e+17
