t(s),Total solute volume 1,Total retention volume 1,Total 1 volume 1,Total 2 volume 1,Total 3 volume 1,Total 4 volume 1,Total 5 volume 1,Total 6 volume 1
0,3.8340070142403466e+18,2.5218933845082604e+20,4.533611706929847e+19,1.916287548066981e+20,3.7298295213560224e+17,2.851771454692928e+18,3.0413968410348795e+18,5.124308312725012e+18
