t(s),Total solute volume 1,Total retention volume 1,Total 1 volume 1,Total 2 volume 1,Total 3 volume 1,Total 4 volume 1,Total 5 volume 1,Total 6 volume 1
0,6.549761982660554e+18,3.791012049630149e+20,4.533611706929847e+19,3.264895769282699e+20,3.6358143073469816e+16,1.317591823950601e+17,1.4766963840437856e+17,4.099620189138779e+17
