t(s),Total solute volume 1,Total retention volume 1,Total 1 volume 1,Total 2 volume 1,Total 3 volume 1,Total 4 volume 1,Total 5 volume 1,Total 6 volume 1
0,9.455042984468884e+17,5.285485236132901e+18,6.045923551720417e+17,2.298131816040415e+18,488670408111032.1,2783980952731940.0,4.4535710758752696e+16,1.3894484043539464e+18
