t(s),Total solute volume 1,Total retention volume 1,Total 1 volume 1,Total 2 volume 1,Total 3 volume 1,Total 4 volume 1,Total 5 volume 1,Total 6 volume 1
0,5.5346593079818586e+17,1.9876554164090016e+19,6.045923551720415e+17,1.3452732373157307e+18,4767536946060614.0,4.197056250158132e+16,5.587128207016753e+17,1.6767771720654737e+19
