t(s),Total solute volume 1,Total retention volume 1,Total 1 volume 1,Total 2 volume 1,Total 3 volume 1,Total 4 volume 1,Total 5 volume 1,Total 6 volume 1
0,2.3679368537431424e+18,8.206565583091502e+19,1.5476103569735987e+19,5.584790903245229e+19,8.653258227160626e+16,1.0269752259569055e+18,2.609262409895441e+18,4.65093615685941e+18
