t(s),Total solute volume 1,Total retention volume 1,Total 1 volume 1,Total 2 volume 1,Total 3 volume 1,Total 4 volume 1,Total 5 volume 1,Total 6 volume 1
0,5.483142302296937e+18,5.8410086770219064e+20,1.00671705467033e+20,4.7686637777748827e+20,7.818601077640664e+16,3.2216281474695885e+17,2.542970397381048e+17,4.249962901141487e+17
