t(s),Total solute volume 1,Total retention volume 1,Total 1 volume 1,Total 2 volume 1,Total 3 volume 1,Total 4 volume 1,Total 5 volume 1,Total 6 volume 1
0,1.772257703331625e+18,4.817704252678649e+19,8.108748995498784e+18,2.6581741941542703e+19,5.851995165777866e+16,7.247506915911798e+17,3.6203089140213043e+18,7.310714329143088e+18
