t(s),Total solute volume 1,Total retention volume 1,Total 1 volume 1,Total 2 volume 1,Total 3 volume 1,Total 4 volume 1,Total 5 volume 1,Total 6 volume 1
0,3.027606909858182e+18,5.735422513525595e+19,8.108748995498785e+18,4.539357696078196e+19,5964918216783198.0,4.466954424510009e+16,1.886817518033382e+17,5.849760548516466e+17
