t(s),Total solute volume 1,Total retention volume 1,Total 1 volume 1,Total 2 volume 1,Total 3 volume 1,Total 4 volume 1,Total 5 volume 1,Total 6 volume 1
0,1.7152588772477386e+17,5.620431726814549e+17,4.431341940307482e+16,6.672760546581344e+16,55796106181665.41,313741481048309.25,2405791940627806.0,2.7670093055992902e+17
