t(s),Total solute volume 1,Total retention volume 1,Total 1 volume 1,Total 2 volume 1,Total 3 volume 1,Total 4 volume 1,Total 5 volume 1,Total 6 volume 1
0,2.9302339152982e+17,4.883082615118262e+17,4.431341940307482e+16,1.1399288614301397e+17,5719449188677.79,20844617416471.418,198576902972845.34,3.675342346633871e+16
