t(s),Total solute volume 1,Total retention volume 1,Total 1 volume 1,Total 2 volume 1,Total 3 volume 1,Total 4 volume 1,Total 5 volume 1,Total 6 volume 1
0,1.1342546114652189e+19,1.47463528116968e+21,1.542273968290348e+20,1.3085723532580817e+21,7.181845163388232e+16,9.80824000272686e+16,8.590951424721923e+16,2.3717460200572787e+17
