t(s),Total solute volume 1,Total retention volume 1,Total 1 volume 1,Total 2 volume 1,Total 3 volume 1,Total 4 volume 1,Total 5 volume 1,Total 6 volume 1
0,6.639539189064714e+18,9.431773057022535e+20,1.542273968290348e+20,7.742999917924144e+20,8.41523605939393e+17,2.427854820270045e+18,1.7764075381274102e+18,2.96459192739935e+18
