t(s),Total solute volume 1,Total retention volume 1,Total 1 volume 1,Total 2 volume 1,Total 3 volume 1,Total 4 volume 1,Total 5 volume 1,Total 6 volume 1
0,5.132271443883372e+17,2.1243396248018575e+18,1.5471077007747866e+17,4.797289871713226e+17,104946423120277.53,474288853741861.1,5979574628381437.0,9.701139132594776e+17
