t(s),Total solute volume 1,Total retention volume 1,Total 1 volume 1,Total 2 volume 1,Total 3 volume 1,Total 4 volume 1,Total 5 volume 1,Total 6 volume 1
0,3.004256454956098e+17,9.815706127558263e+18,1.5471077007747866e+17,2.8081807250400986e+17,1023658621384170.5,7138515280747218.0,7.266019997477422e+16,8.998929265604254e+18
