t(s),Total solute volume 1,Total retention volume 1,Total 1 volume 1,Total 2 volume 1,Total 3 volume 1,Total 4 volume 1,Total 5 volume 1,Total 6 volume 1
0,1.0357694112375635e+17,4.32762931651517e+17,1.4382961689890436e+16,1.830613831100575e+16,140106707198615.19,648755305309562.4,3843161683290385.5,2.91864866831065e+17
