t(s),Total solute volume 1,Total retention volume 1,Total 1 volume 1,Total 2 volume 1,Total 3 volume 1,Total 4 volume 1,Total 5 volume 1,Total 6 volume 1
0,1.7694394108641648e+17,2.6277556362609635e+17,1.4382961689890436e+16,3.1272978263682056e+16,14371576856282.777,43143678049798.56,317580775014176.94,3.9800586556187e+16
