t(s),Total solute volume 1,Total retention volume 1,Total 1 volume 1,Total 2 volume 1,Total 3 volume 1,Total 4 volume 1,Total 5 volume 1,Total 6 volume 1
0,1.612352649698545e+17,1.9079115635362941e+18,3.860071170759496e+16,5.693890508297374e+16,364299923052214.6,1999977791931972.2,1.4860169025281556e+16,1.6339122350355904e+18
