t(s),Total solute volume 1,Total retention volume 1,Total 1 volume 1,Total 2 volume 1,Total 3 volume 1,Total 4 volume 1,Total 5 volume 1,Total 6 volume 1
0,2.7544357765683786e+17,6.313298958780561e+17,3.860071170759496e+16,9.727055195100429e+16,37360097531951.84,132960120940439.84,1227331917822266.0,2.1861740242632112e+17
