t(s),Total solute volume 1,Total retention volume 1,Total 1 volume 1,Total 2 volume 1,Total 3 volume 1,Total 4 volume 1,Total 5 volume 1,Total 6 volume 1
0,4.0983010737537254e+17,1.7035568955455816e+18,9.36616297076456e+16,2.6944503277455203e+17,99795858664075.34,413737221894406.4,4669824433126118.0,9.254367681743318e+17
