t(s),Total solute volume 1,Total retention volume 1,Total 1 volume 1,Total 2 volume 1,Total 3 volume 1,Total 4 volume 1,Total 5 volume 1,Total 6 volume 1
0,2.399005506587524e+17,8.154325257285518e+18,9.36616297076456e+16,1.5772427002204848e+17,973211978641939.5,6224687020270018.0,5.661409703767134e+16,7.599226810860482e+18
