t(s),Total solute volume 1,Total retention volume 1,Total 1 volume 1,Total 2 volume 1,Total 3 volume 1,Total 4 volume 1,Total 5 volume 1,Total 6 volume 1
0,1.5460920402662884e+18,3.6861274978999755e+19,5.979897840391367e+18,1.873360234042119e+19,3.76160652186693e+16,4.593530182415364e+17,3.0971625534974454e+18,7.00755112096322e+18
