t(s),Total solute volume 1,Total retention volume 1,Total 1 volume 1,Total 2 volume 1,Total 3 volume 1,Total 4 volume 1,Total 5 volume 1,Total 6 volume 1
0,2.641240568788231e+18,4.137773952357521e+19,5.979897840391367e+18,3.199484310387922e+19,3841317339494860.0,2.902369730292364e+16,1.6809941514624096e+17,5.607935807276209e+17
