t(s),Total solute volume 1,Total retention volume 1,Total 1 volume 1,Total 2 volume 1,Total 3 volume 1,Total 4 volume 1,Total 5 volume 1,Total 6 volume 1
0,2.641240568788231e+18,4.191096594107726e+19,5.979897840391367e+18,3.199484310387922e+19,6530218106196667.0,4.9340148684796776e+16,2.857681582334972e+17,9.533459029938747e+17
