t(s),Total solute volume 1,Total retention volume 1,Total 1 volume 1,Total 2 volume 1,Total 3 volume 1,Total 4 volume 1,Total 5 volume 1,Total 6 volume 1
0,1.5460920402662884e+18,4.428162153545526e+19,5.979897840391367e+18,1.873360234042119e+19,6.394400692144406e+16,7.808462327749152e+17,5.264866226967048e+18,1.1912372847712928e+19
