t(s),Total solute volume 1,Total retention volume 1,Total 1 volume 1,Total 2 volume 1,Total 3 volume 1,Total 4 volume 1,Total 5 volume 1,Total 6 volume 1
0,9.367034766423861e+18,9.197485787557484e+20,1.00671705467033e+20,8.092422388220402e+20,4.963110427284915e+16,9.383740458117642e+16,8.613550653084088e+16,2.3799568486186717e+17
