t(s),Total solute volume 1,Total retention volume 1,Total 1 volume 1,Total 2 volume 1,Total 3 volume 1,Total 4 volume 1,Total 5 volume 1,Total 6 volume 1
0,5.483142302296937e+18,5.905785032026288e+20,1.00671705467033e+20,4.768663777774869e+20,5.472873852437666e+17,2.2550588391588744e+18,1.7800248073481277e+18,2.9749066240635633e+18
