t(s),Total solute volume 1,Total retention volume 1,Total 1 volume 1,Total 2 volume 1,Total 3 volume 1,Total 4 volume 1,Total 5 volume 1,Total 6 volume 1
0,5.483142302296937e+18,5.963361134374339e+20,1.00671705467033e+20,4.7686637777748827e+20,9.64245244498057e+17,3.9730722715544704e+18,3.1361488897330427e+18,5.241421484833652e+18
