t(s),Total solute volume 1,Total retention volume 1,Total 1 volume 1,Total 2 volume 1,Total 3 volume 1,Total 4 volume 1,Total 5 volume 1,Total 6 volume 1
0,5.467373305480017e+16,7.208691302067814e+16,3458157710870755.0,3557120067332162.0,15196784789759.129,55040833898982.6,234965412968993.03,1.0092699156016748e+16
