t(s),Total solute volume 1,Total retention volume 1,Total 1 volume 1,Total 2 volume 1,Total 3 volume 1,Total 4 volume 1,Total 5 volume 1,Total 6 volume 1
0,9.340096063528438e+16,1.0434018408980539e+17,3458157710870755.0,6076746478966877.0,1558495035235.2993,3659296116063.6343,19412738434340.13,1379688735098538.8
