t(s),Total solute volume 1,Total retention volume 1,Total 1 volume 1,Total 2 volume 1,Total 3 volume 1,Total 4 volume 1,Total 5 volume 1,Total 6 volume 1
0,1.1768416328259624e+17,1.4358542960774045e+17,5790815030907821.0,1.0990603481902652e+16,6713703039050.79,17228952069145.8,102898807451146.45,8993006349775284.0
