t(s),Total solute volume 1,Total retention volume 1,Total 1 volume 1,Total 2 volume 1,Total 3 volume 1,Total 4 volume 1,Total 5 volume 1,Total 6 volume 1
0,6.8888290702006904e+16,1.4845445289366864e+17,5790815030907821.0,6433524569071775.0,65424063679434.97,258926108493500.3,1244564822034344.2,6.577290759747425e+16
