t(s),Total solute volume 1,Total retention volume 1,Total 1 volume 1,Total 2 volume 1,Total 3 volume 1,Total 4 volume 1,Total 5 volume 1,Total 6 volume 1
0,4.408003339419685e+17,1.7627667670933348e+18,1.1018915844204802e+17,3.247827274525352e+17,92515242403700.83,394425670450152.8,4616188002863086.0,8.81891418341069e+17
