t(s),Total solute volume 1,Total retention volume 1,Total 1 volume 1,Total 2 volume 1,Total 3 volume 1,Total 4 volume 1,Total 5 volume 1,Total 6 volume 1
0,9.85717952218855e+16,2.923928263244885e+17,1.2878448802488326e+16,1.6122851276236812e+16,84994391461890.84,386165937855607.7,2230162084851693.8,1.6211840860970787e+17
