t(s),Total solute volume 1,Total retention volume 1,Total 1 volume 1,Total 2 volume 1,Total 3 volume 1,Total 4 volume 1,Total 5 volume 1,Total 6 volume 1
0,3.242824340493574e+18,1.6872520035972566e+20,3.120606282469643e+19,1.2489632049785533e+20,2.0752072397231338e+17,1.9653860022815293e+18,2.6680478099199155e+18,4.539038160507375e+18
