t(s),Total solute volume 1,Total retention volume 1,Total 1 volume 1,Total 2 volume 1,Total 3 volume 1,Total 4 volume 1,Total 5 volume 1,Total 6 volume 1
0,5.539824915009872e+18,2.5034906971908843e+20,3.120606282469643e+19,2.1299199081623975e+20,2.060456620921682e+16,9.738968704192547e+16,1.3005890229013685e+17,3.6313800759994496e+17
