t(s),Total solute volume 1,Total retention volume 1,Total 1 volume 1,Total 2 volume 1,Total 3 volume 1,Total 4 volume 1,Total 5 volume 1,Total 6 volume 1
0,1.3860424099942965e+19,2.4062800562262565e+21,2.4107704894684447e+20,2.1505892778574608e+21,1.4129469424136242e+17,1.4549792900852573e+17,1.2409076276988322e+17,3.424219359985392e+17
