t(s),Total solute volume 1,Total retention volume 1,Total 1 volume 1,Total 2 volume 1,Total 3 volume 1,Total 4 volume 1,Total 5 volume 1,Total 6 volume 1
0,8.113418985332498e+18,1.5429640770187685e+21,2.4107704894684447e+20,1.281474549652156e+21,1.7857799208580777e+18,3.666271470736803e+18,2.566621014997826e+18,4.2803870278465423e+18
