t(s),Total solute volume 1,Total retention volume 1,Total 1 volume 1,Total 2 volume 1,Total 3 volume 1,Total 4 volume 1,Total 5 volume 1,Total 6 volume 1
0,6.110165178850669e+17,2.611852899059528e+19,7.538773491030418e+17,1.7336694297627313e+18,8085350861738406.0,7.387064066289446e+16,1.0117275037968406e+18,2.192628219852295e+19
