t(s),Total solute volume 1,Total retention volume 1,Total 1 volume 1,Total 2 volume 1,Total 3 volume 1,Total 4 volume 1,Total 5 volume 1,Total 6 volume 1
0,1.0438198847203212e+18,6.638785006851846e+18,7.538773491030418e+17,2.961613368357028e+18,828732938208651.1,4896854801231646.0,7.946291484327493e+16,1.7942859020887457e+18
