t(s),Total solute volume 1,Total retention volume 1,Total 1 volume 1,Total 2 volume 1,Total 3 volume 1,Total 4 volume 1,Total 5 volume 1,Total 6 volume 1
0,5.599791014061281e+17,5.339809905597556e+18,6.205788698891987e+17,1.3862391755847913e+18,783114397906979.6,6924902870049717.0,9.25287452237673e+16,2.672775996225728e+18
