t(s),Total solute volume 1,Total retention volume 1,Total 1 volume 1,Total 2 volume 1,Total 3 volume 1,Total 4 volume 1,Total 5 volume 1,Total 6 volume 1
0,9.566309649021271e+17,4.174285821190905e+18,6.205788698891987e+17,2.368112616809924e+18,80256180566978.27,459212717014369.0,7363119323500924.0,2.210607813685826e+17
