t(s),Total solute volume 1,Total retention volume 1,Total 1 volume 1,Total 2 volume 1,Total 3 volume 1,Total 4 volume 1,Total 5 volume 1,Total 6 volume 1
0,3.8340070142403466e+18,2.4852825750159547e+20,4.533611706929847e+19,1.916287548066981e+20,2.5309996286257514e+17,1.9351754521527268e+18,2.063845792466024e+18,3.4772574038764396e+18
