t(s),Total solute volume 1,Total retention volume 1,Total 1 volume 1,Total 2 volume 1,Total 3 volume 1,Total 4 volume 1,Total 5 volume 1,Total 6 volume 1
0,6.549761982660554e+18,3.788679290337477e+20,4.533611706929847e+19,3.264895769282699e+20,2.4671624177893636e+16,8.94080997620196e+16,1.0020449721013819e+17,2.7818883236963274e+17
