t(s),Total solute volume 1,Total retention volume 1,Total 1 volume 1,Total 2 volume 1,Total 3 volume 1,Total 4 volume 1,Total 5 volume 1,Total 6 volume 1
0,9.402531052744658e+17,2.2349995571191108e+19,1.9718743661304886e+18,5.234982861726286e+18,1.4929987598112008e+16,1.5934112054726256e+17,2.10287597254637e+18,1.1925738157368142e+19
