t(s),Total solute volume 1,Total retention volume 1,Total 1 volume 1,Total 2 volume 1,Total 3 volume 1,Total 4 volume 1,Total 5 volume 1,Total 6 volume 1
0,1.6062657215105326e+18,1.3633533342323931e+19,1.9718743661304888e+18,8.94244010427008e+18,1529158819214210.0,1.0478182252849618e+16,1.4391511932214922e+17,9.570306900186956e+17
