t(s),Total solute volume 1,Total retention volume 1,Total 1 volume 1,Total 2 volume 1,Total 3 volume 1,Total 4 volume 1,Total 5 volume 1,Total 6 volume 1
0,5.5346593079818586e+17,1.1538048274226113e+19,6.045923551720415e+17,1.3452732373157307e+18,2479348281063166.5,2.1827386446232604e+16,2.9056126947345875e+17,8.71984874673942e+18
