t(s),Total solute volume 1,Total retention volume 1,Total 1 volume 1,Total 2 volume 1,Total 3 volume 1,Total 4 volume 1,Total 5 volume 1,Total 6 volume 1
0,9.455042984468884e+17,4.5956064940338473e+18,6.045923551720419e+17,2.298131816040415e+18,254110099391011.44,1447677269725464.0,2.315869242391355e+16,7.225175445814578e+17
