t(s),Total solute volume 1,Total retention volume 1,Total 1 volume 1,Total 2 volume 1,Total 3 volume 1,Total 4 volume 1,Total 5 volume 1,Total 6 volume 1
0,1.5302805924424387e+17,2.060218208448004e+17,1.0403170291897824e+16,2.15508874098567e+16,9721390523307.273,27598652839518.844,188585522015745.03,2.0813798333423424e+16
