t(s),Total solute volume 1,Total retention volume 1,Total 1 volume 1,Total 2 volume 1,Total 3 volume 1,Total 4 volume 1,Total 5 volume 1,Total 6 volume 1
0,8.957740053321614e+16,2.6780784178298762e+17,1.0403170291897832e+16,1.2615155834536546e+16,94769909658731.03,414986311809023.9,2282009549808321.0,1.5242034935206195e+17
