t(s),Total solute volume 1,Total retention volume 1,Total 1 volume 1,Total 2 volume 1,Total 3 volume 1,Total 4 volume 1,Total 5 volume 1,Total 6 volume 1
0,8.70000992795148e+16,9.53945448495209e+16,2951661998355005.5,5065423436879563.0,475024185349.427,1085295991003.0846,5551726530007.825,370248088065458.8
