t(s),Total solute volume 1,Total retention volume 1,Total 1 volume 1,Total 2 volume 1,Total 3 volume 1,Total 4 volume 1,Total 5 volume 1,Total 6 volume 1
0,5.092688738313051e+16,5.964085618606722e+16,2951661998355005.5,2965126037401479.5,4633460990770.62,16331723738906.54,67221861085900.58,2708993721365007.0
