t(s),Total solute volume 1,Total retention volume 1,Total 1 volume 1,Total 2 volume 1,Total 3 volume 1,Total 4 volume 1,Total 5 volume 1,Total 6 volume 1
0,1.7152588772477386e+17,2.3080860908932623e+18,4.431341940307482e+16,6.672760546581345e+16,404341712899578.94,2273273388929946.0,1.7433141688294614e+16,2.0054084215094802e+18
