t(s),Total solute volume 1,Total retention volume 1,Total 1 volume 1,Total 2 volume 1,Total 3 volume 1,Total 4 volume 1,Total 5 volume 1,Total 6 volume 1
0,2.9302339152982e+17,7.194164732229614e+17,4.431341940307482e+16,1.1399288614301397e+17,41464837111632.41,151119867060081.94,1439645748364836.0,2.6645454569451437e+17
