t(s),Total solute volume 1,Total retention volume 1,Total 1 volume 1,Total 2 volume 1,Total 3 volume 1,Total 4 volume 1,Total 5 volume 1,Total 6 volume 1
0,4.443246134384989e+19,2.6909418787799357e+22,3.1834588077439205e+21,2.3681226433136985e+22,8.694682534595218e+16,5.2023589328877256e+16,4.313143229558811e+16,1.1898372754608822e+17
