t(s),Total solute volume 1,Total retention volume 1,Total 1 volume 1,Total 2 volume 1,Total 3 volume 1,Total 4 volume 1,Total 5 volume 1,Total 6 volume 1
0,2.600924566469286e+19,2.0416294026188656e+22,3.1834588077439205e+21,1.7201685979806866e+22,1.4232116654636836e+18,1.3371439642696532e+18,8.923567801579155e+17,1.487280563435745e+18
