t(s),Total solute volume 1,Total retention volume 1,Total 1 volume 1,Total 2 volume 1,Total 3 volume 1,Total 4 volume 1,Total 5 volume 1,Total 6 volume 1
0,9.566309649021271e+17,6.005959931087596e+18,6.205788698891987e+17,2.368112616809924e+18,722294446444355.8,4132860291230891.5,6.626714447064624e+16,1.989515180278038e+18
