t(s),Total solute volume 1,Total retention volume 1,Total 1 volume 1,Total 2 volume 1,Total 3 volume 1,Total 4 volume 1,Total 5 volume 1,Total 6 volume 1
0,5.599791014061281e+17,2.751922689418442e+19,6.205788698891987e+17,1.3862391755847913e+18,7046307743328874.0,6.23037869628681e+16,8.325267904053295e+17,2.4050552862192804e+19
