t(s),Total solute volume 1,Total retention volume 1,Total 1 volume 1,Total 2 volume 1,Total 3 volume 1,Total 4 volume 1,Total 5 volume 1,Total 6 volume 1
0,8.113418985332498e+18,1.5371221745943186e+21,2.4107704894684447e+20,1.281474549652156e+21,9.375545237018985e+17,1.9248475552646019e+18,1.3475089108088425e+18,2.2472460202140762e+18
