t(s),Total solute volume 1,Total retention volume 1,Total 1 volume 1,Total 2 volume 1,Total 3 volume 1,Total 4 volume 1,Total 5 volume 1,Total 6 volume 1
0,1.3860424099942965e+19,2.405922248139633e+21,2.4107704894684447e+20,2.1505892778574778e+21,7.41798150277683e+16,7.638650043070834e+16,6.5147732289196024e+16,1.797831876092926e+17
