t(s),Total solute volume 1,Total retention volume 1,Total 1 volume 1,Total 2 volume 1,Total 3 volume 1,Total 4 volume 1,Total 5 volume 1,Total 6 volume 1
0,2.5802946377090512e+17,1.043982602343713e+19,1.1018915844204802e+17,1.9011722470774906e+17,1179822407411645.0,7760329866455369.0,7.321972070264195e+16,9.799330303539907e+18
