t(s),Total solute volume 1,Total retention volume 1,Total 1 volume 1,Total 2 volume 1,Total 3 volume 1,Total 4 volume 1,Total 5 volume 1,Total 6 volume 1
0,4.408003339419685e+17,2.035680087619178e+18,1.1018915844204802e+17,3.247827274525352e+17,120980655711057.14,515784472508204.3,6036516683221778.0,1.153234585971186e+18
