t(s),Total solute volume 1,Total retention volume 1,Total 1 volume 1,Total 2 volume 1,Total 3 volume 1,Total 4 volume 1,Total 5 volume 1,Total 6 volume 1
0,3.434508319345575e+19,1.7657214190780496e+22,1.8076337742290045e+21,1.581487631351659e+22,1.0158342150606422e+17,6.250326487017528e+16,5.1862540897364024e+16,1.4307061414415682e+17
