t(s),Total solute volume 1,Total retention volume 1,Total 1 volume 1,Total 2 volume 1,Total 3 volume 1,Total 4 volume 1,Total 5 volume 1,Total 6 volume 1
0,2.0104438942510703e+19,1.247034940790866e+22,1.8076337742290045e+21,1.0636512866415753e+22,1.6314306819289052e+18,1.6055501993825674e+18,1.0729879432924626e+18,1.7883594967337915e+18
