t(s),Total solute volume 1,Total retention volume 1,Total 1 volume 1,Total 2 volume 1,Total 3 volume 1,Total 4 volume 1,Total 5 volume 1,Total 6 volume 1
0,2.0426316755341617e+18,6.213349739252234e+19,1.1130180818752053e+19,3.82466985051091e+19,7.653904282781038e+16,9.424708210893201e+17,3.376814764875244e+18,6.318161764334196e+18
