t(s),Total solute volume 1,Total retention volume 1,Total 1 volume 1,Total 2 volume 1,Total 3 volume 1,Total 4 volume 1,Total 5 volume 1,Total 6 volume 1
0,3.489495779037574e+18,8.066311993895104e+19,1.1130180818752053e+19,6.53031309438877e+19,7779001573017800.0,5.604032713176328e+16,1.70978254761065e+17,5.055148138075379e+17
