t(s),Total solute volume 1,Total retention volume 1,Total 1 volume 1,Total 2 volume 1,Total 3 volume 1,Total 4 volume 1,Total 5 volume 1,Total 6 volume 1
0,1.1300816793349946e+17,1.3638584666541248e+17,5290051337496820.0,9905407456456890.0,6473280212224.378,16354956581276.906,95669285127003.48,8063722416039762.0
