t(s),Total solute volume 1,Total retention volume 1,Total 1 volume 1,Total 2 volume 1,Total 3 volume 1,Total 4 volume 1,Total 5 volume 1,Total 6 volume 1
0,6.615112269277926e+16,1.3767317080044272e+17,5290051337496820.0,5798287762430659.0,63074876063539.14,245757585691927.34,1156987859317019.0,5.8967888686662104e+16
