t(s),Total solute volume 1,Total retention volume 1,Total 1 volume 1,Total 2 volume 1,Total 3 volume 1,Total 4 volume 1,Total 5 volume 1,Total 6 volume 1
0,1.2852690019555497e+18,8.444576906513353e+18,1.1991975012111887e+18,5.049221861376426e+18,697861428901152.6,4442535474740091.0,7.047454222233063e+16,8.352736028441729e+17
