t(s),Total solute volume 1,Total retention volume 1,Total 1 volume 1,Total 2 volume 1,Total 3 volume 1,Total 4 volume 1,Total 5 volume 1,Total 6 volume 1
0,7.523525865105635e+17,1.6275278651147497e+19,1.1991975012111887e+18,2.955764414391274e+18,6810802189449763.0,6.719525550404934e+16,9.433437684831505e+17,1.0350614322857808e+19
