t(s),Total solute volume 1,Total retention volume 1,Total 1 volume 1,Total 2 volume 1,Total 3 volume 1,Total 4 volume 1,Total 5 volume 1,Total 6 volume 1
0,1.0536084069480294e+20,6.471825020281533e+22,1.961934451448198e+22,4.49934784566537e+22,1.9498444982472612e+16,1.1397196484194126e+16,9443714540508766.0,2.6051629399288084e+16
