t(s),Total solute volume 1,Total retention volume 1,Total 1 volume 1,Total 2 volume 1,Total 3 volume 1,Total 4 volume 1,Total 5 volume 1,Total 6 volume 1
0,6.1674638455494386e+19,6.141214408996676e+22,1.961934451448198e+22,4.172998634441791e+22,3.2449921831977696e+17,2.9306234185101286e+17,1.9538645209039488e+17,3.256445989987145e+17
