t(s),Total solute volume 1,Total retention volume 1,Total 1 volume 1,Total 2 volume 1,Total 3 volume 1,Total 4 volume 1,Total 5 volume 1,Total 6 volume 1
0,5.831083637207589e+19,3.8106422912458825e+22,5.744900751039818e+21,3.230313354759354e+22,2.268738146585403e+16,1.3387448943873554e+16,1.1095181904065182e+16,3.0607440867929104e+16
