t(s),Total solute volume 1,Total retention volume 1,Total 1 volume 1,Total 2 volume 1,Total 3 volume 1,Total 4 volume 1,Total 5 volume 1,Total 6 volume 1
0,3.4133172510483444e+19,3.1500818251290623e+22,5.744900751039818e+21,2.57204529767919e+22,3.75018043794414e+17,3.441866989903312e+17,2.2955425563157306e+17,3.825919500301582e+17
