t(s),Total solute volume 1,Total retention volume 1,Total 1 volume 1,Total 2 volume 1,Total 3 volume 1,Total 4 volume 1,Total 5 volume 1,Total 6 volume 1
0,1.1768416328259624e+17,1.3750569438393618e+17,5790815030907821.0,1.0990603481902652e+16,2238017439737.38,5743237022013.497,34301219632419.074,2997830114436138.0
