t(s),Total solute volume 1,Total retention volume 1,Total 1 volume 1,Total 2 volume 1,Total 3 volume 1,Total 4 volume 1,Total 5 volume 1,Total 6 volume 1
0,6.8888290702006904e+16,1.0357398024363656e+17,5790815030907821.0,6433524569071775.0,21825928466746.34,86403368658355.02,415243259601903.25,2.1937877384923084e+16
