t(s),Total solute volume 1,Total retention volume 1,Total 1 volume 1,Total 2 volume 1,Total 3 volume 1,Total 4 volume 1,Total 5 volume 1,Total 6 volume 1
0,5.483142302296937e+18,5.87339723628136e+20,1.00671705467033e+20,4.768663777774811e+20,3.127398458517385e+17,1.288628154504636e+18,1.0171725925075123e+18,1.6999574884577085e+18
