t(s),Total solute volume 1,Total retention volume 1,Total 1 volume 1,Total 2 volume 1,Total 3 volume 1,Total 4 volume 1,Total 5 volume 1,Total 6 volume 1
0,9.367034766423861e+18,9.195481814665436e+20,1.00671705467033e+20,8.09242238822048e+20,2.8360655119472516e+16,5.362141264818924e+16,4.922032789057036e+16,1.3600001538061187e+17
