t(s),Total solute volume 1,Total retention volume 1,Total 1 volume 1,Total 2 volume 1,Total 3 volume 1,Total 4 volume 1,Total 5 volume 1,Total 6 volume 1
0,6.110165178850669e+17,9.870042400434526e+18,7.538773491030419e+17,1.7336694297627313e+18,2378453796668556.0,2.1731656182823108e+16,2.9762531655120275e+17,6.449743677152999e+18
