t(s),Total solute volume 1,Total retention volume 1,Total 1 volume 1,Total 2 volume 1,Total 3 volume 1,Total 4 volume 1,Total 5 volume 1,Total 6 volume 1
0,7.772197376133865e+19,5.0452369988819895e+22,1.0574109797244612e+22,3.980048746435126e+22,1.487453881483255e+16,8719947162876156.0,7225780475251873.0,1.9933196477645644e+16
