t(s),Total solute volume 1,Total retention volume 1,Total 1 volume 1,Total 2 volume 1,Total 3 volume 1,Total 4 volume 1,Total 5 volume 1,Total 6 volume 1
0,4.5495789518832886e+19,4.52015635244527e+22,1.0574109797244612e+22,3.4581088036988603e+22,2.4702635666066486e+17,2.2421140577107242e+17,1.4949843203364595e+17,2.4916450605602915e+17
