t(s),Total solute volume 1,Total retention volume 1,Total 1 volume 1,Total 2 volume 1,Total 3 volume 1,Total 4 volume 1,Total 5 volume 1,Total 6 volume 1
0,3.489495779037574e+18,8.096597334444527e+19,1.1130180818752053e+19,6.5303130943887696e+19,1.0961301506181586e+16,7.896580025780474e+16,2.409235281793375e+17,7.123151728243055e+17
