t(s),Total solute volume 1,Total retention volume 1,Total 1 volume 1,Total 2 volume 1,Total 3 volume 1,Total 4 volume 1,Total 5 volume 1,Total 6 volume 1
0,2.0426316755341617e+18,6.651611023577923e+19,1.1130180818752053e+19,3.82466985051091e+19,1.0784753469433296e+17,1.3279787904777738e+18,4.758091384284734e+18,8.902681526926506e+18
