t(s),Total solute volume 1,Total retention volume 1,Total 1 volume 1,Total 2 volume 1,Total 3 volume 1,Total 4 volume 1,Total 5 volume 1,Total 6 volume 1
0,1.1768416328259624e+17,1.4130560544938195e+17,5790815030907821.0,1.0990603481902652e+16,5035375511139.425,12921927513858.465,77175470017373.02,6744890880934024.0
