t(s),Total solute volume 1,Total retention volume 1,Total 1 volume 1,Total 2 volume 1,Total 3 volume 1,Total 4 volume 1,Total 5 volume 1,Total 6 volume 1
0,6.8888290702006904e+16,1.3163086897039053e+17,5790815030907821.0,6433524569071775.0,49083149243367.586,194274400944086.56,933751069050723.1,4.9341130049166536e+16
