t(s),Total solute volume 1,Total retention volume 1,Total 1 volume 1,Total 2 volume 1,Total 3 volume 1,Total 4 volume 1,Total 5 volume 1,Total 6 volume 1
0,2.0498657939890205e+20,1.1119347388611744e+23,6.1524972335763196e+22,4.946344516545733e+22,2.052683635950966e+16,1.1977418726044876e+16,9924183810103730.0,2.737705829481663e+16
