t(s),Total solute volume 1,Total retention volume 1,Total 1 volume 1,Total 2 volume 1,Total 3 volume 1,Total 4 volume 1,Total 5 volume 1,Total 6 volume 1
0,1.1999214403838232e+20,1.103496570070981e+23,6.1524972335763196e+22,4.870349495676083e+22,3.42042488222401e+17,3.079885287555169e+17,2.053271385199469e+17,3.42212380009046e+17
