t(s),Total solute volume 1,Total retention volume 1,Total 1 volume 1,Total 2 volume 1,Total 3 volume 1,Total 4 volume 1,Total 5 volume 1,Total 6 volume 1
0,1.3965732313027035e+17,1.8179063952042826e+17,8483748054658170.0,1.7047137375161364e+16,9019454708126.271,24721191508134.625,161189368043427.28,1.6407500946078534e+16
