t(s),Total solute volume 1,Total retention volume 1,Total 1 volume 1,Total 2 volume 1,Total 3 volume 1,Total 4 volume 1,Total 5 volume 1,Total 6 volume 1
0,8.175062817381762e+16,2.2270277837632688e+17,8483748054658170.0,9978813516605722.0,87912461026311.86,371634906421981.0,1950105216298503.5,1.2007993604749872e+17
