t(s),Total solute volume 1,Total retention volume 1,Total 1 volume 1,Total 2 volume 1,Total 3 volume 1,Total 4 volume 1,Total 5 volume 1,Total 6 volume 1
0,9.402531052744658e+17,2.885866949106628e+19,1.9718743661304888e+18,5.234982861726286e+18,2.1771636771584844e+16,2.3235447787424077e+17,3.0664915256833085e+18,1.7390941517605906e+19
