t(s),Total solute volume 1,Total retention volume 1,Total 1 volume 1,Total 2 volume 1,Total 3 volume 1,Total 4 volume 1,Total 5 volume 1,Total 6 volume 1
0,1.6062657215105326e+18,1.4143630818278867e+19,1.9718743661304888e+18,8.94244010427008e+18,2230015091598700.2,1.52806349518246e+16,2.0987551745195635e+17,1.3956644588724723e+18
