t(s),Total solute volume 1,Total retention volume 1,Total 1 volume 1,Total 2 volume 1,Total 3 volume 1,Total 4 volume 1,Total 5 volume 1,Total 6 volume 1
0,1.772257703331625e+18,4.104679826584248e+19,8.108748995498784e+18,2.6581741941542703e+19,2.2900184579757824e+16,2.83615850497867e+17,1.4167182964128064e+18,2.8608152939789353e+18
