t(s),Total solute volume 1,Total retention volume 1,Total 1 volume 1,Total 2 volume 1,Total 3 volume 1,Total 4 volume 1,Total 5 volume 1,Total 6 volume 1
0,3.027606909858182e+18,5.685248296861705e+19,8.108748995498786e+18,4.539357696078196e+19,2334105360046042.0,1.7479430806830476e+16,7.383218842034757e+16,2.289043778907551e+17
