t(s),Total solute volume 1,Total retention volume 1,Total 1 volume 1,Total 2 volume 1,Total 3 volume 1,Total 4 volume 1,Total 5 volume 1,Total 6 volume 1
0,3.332883936767457e+17,9.033036496100955e+17,5.905751296626006e+16,1.5858298787719715e+17,45745512925604.3,175177689972357.25,1781672832203219.5,3.503721590547951e+17
