t(s),Total solute volume 1,Total retention volume 1,Total 1 volume 1,Total 2 volume 1,Total 3 volume 1,Total 4 volume 1,Total 5 volume 1,Total 6 volume 1
0,1.950956450790701e+17,3.0668014084084756e+18,5.905751296626006e+16,9.282918675798294e+16,446138575755392.06,2635651070476387.0,2.15836122169431e+16,2.6951536617419965e+18
