t(s),Total solute volume 1,Total retention volume 1,Total 1 volume 1,Total 2 volume 1,Total 3 volume 1,Total 4 volume 1,Total 5 volume 1,Total 6 volume 1
0,5.831083637207589e+19,3.810661735592205e+22,5.744900751039818e+21,3.230313354759354e+22,7.940578449699123e+16,4.68560460036428e+16,3.883311422354709e+16,1.0712597237284035e+17
