t(s),Total solute volume 1,Total retention volume 1,Total 1 volume 1,Total 2 volume 1,Total 3 volume 1,Total 4 volume 1,Total 5 volume 1,Total 6 volume 1
0,3.4133172510483444e+19,3.1504146579857068e+22,5.744900751039818e+21,2.57204529767919e+22,1.3125499382661642e+18,1.204637243533014e+18,8.034306731415939e+17,1.3390616601410332e+18
