t(s),Total solute volume 1,Total retention volume 1,Total 1 volume 1,Total 2 volume 1,Total 3 volume 1,Total 4 volume 1,Total 5 volume 1,Total 6 volume 1
0,2.5932953168279194e+17,4.4636503561314445e+17,3.3743667340789536e+16,8.333962927494267e+16,13062341153801.309,45422223594302.945,406583346155969.56,6.948713940372204e+16
