t(s),Total solute volume 1,Total retention volume 1,Total 1 volume 1,Total 2 volume 1,Total 3 volume 1,Total 4 volume 1,Total 5 volume 1,Total 6 volume 1
0,1.5180265269236467e+17,7.568237409797533e+17,3.3743667340789536e+16,4.87842065642926e+16,127410152082129.45,683519458427057.4,4924186307561069.0,5.167580984642396e+17
