t(s),Total solute volume 1,Total retention volume 1,Total 1 volume 1,Total 2 volume 1,Total 3 volume 1,Total 4 volume 1,Total 5 volume 1,Total 6 volume 1
0,6.639539189064714e+18,9.475160823304398e+20,1.542273968290348e+20,7.742999917924197e+20,1.2973269632508024e+18,3.7428583281940557e+18,2.738575528480815e+18,4.5703936999988465e+18
