t(s),Total solute volume 1,Total retention volume 1,Total 1 volume 1,Total 2 volume 1,Total 3 volume 1,Total 4 volume 1,Total 5 volume 1,Total 6 volume 1
0,1.1342546114652189e+19,1.474902306444861e+21,1.542273968290348e+20,1.3085723532580755e+21,1.1071999440069358e+17,1.5121022961028826e+17,1.3244370455464114e+17,3.656363145362506e+17
