t(s),Total solute volume 1,Total retention volume 1,Total 1 volume 1,Total 2 volume 1,Total 3 volume 1,Total 4 volume 1,Total 5 volume 1,Total 6 volume 1
0,4.0452254584778307e+18,1.1605398920458215e+20,1.547610356973599e+19,9.533228108352348e+19,1.8481932685030364e+16,1.2271859037232178e+17,2.736336344989523e+17,7.855449352888705e+17
