t(s),Total solute volume 1,Total retention volume 1,Total 1 volume 1,Total 2 volume 1,Total 3 volume 1,Total 4 volume 1,Total 5 volume 1,Total 6 volume 1
0,2.3679368537431424e+18,9.136886166579041e+19,1.547610356973599e+19,5.584790903245229e+19,1.8266995843209443e+17,2.1679012570911073e+18,5.508101269016195e+18,9.818239725319342e+18
