t(s),Total solute volume 1,Total retention volume 1,Total 1 volume 1,Total 2 volume 1,Total 3 volume 1,Total 4 volume 1,Total 5 volume 1,Total 6 volume 1
0,5.132271443883372e+17,2.868449729146229e+18,1.5471077007747862e+17,4.797289871713226e+17,184903368102302.62,835643238618475.2,1.0535325629504914e+16,1.709226955272847e+18
