t(s),Total solute volume 1,Total retention volume 1,Total 1 volume 1,Total 2 volume 1,Total 3 volume 1,Total 4 volume 1,Total 5 volume 1,Total 6 volume 1
0,3.004256454956098e+17,1.6731300417080205e+19,1.5471077007747866e+17,2.8081807250400992e+17,1803244995589624.0,1.257417973027263e+16,1.2799251786644232e+17,1.5852975986410789e+19
