t(s),Total solute volume 1,Total retention volume 1,Total 1 volume 1,Total 2 volume 1,Total 3 volume 1,Total 4 volume 1,Total 5 volume 1,Total 6 volume 1
0,2.1836778534678442e+17,3.158881217791215e+17,2.2995109404381096e+16,5.36299248106901e+16,5190769106019.601,16895515500150.932,138511452156879.62,2.0734704480502284e+16
