t(s),Total solute volume 1,Total retention volume 1,Total 1 volume 1,Total 2 volume 1,Total 3 volume 1,Total 4 volume 1,Total 5 volume 1,Total 6 volume 1
0,1.0446784147997133e+17,1.1889078218962747e+17,4439458008290587.5,8097793286123659.0,1715326178634.2466,4204771375777.285,23624814898647.836,1856144502788342.5
