t(s),Total solute volume 1,Total retention volume 1,Total 1 volume 1,Total 2 volume 1,Total 3 volume 1,Total 4 volume 1,Total 5 volume 1,Total 6 volume 1
0,6.1151907207788056e+16,8.42779433896667e+16,4439458008290587.5,4740171994361016.0,16727885930233.488,63255125689306.86,285984341211386.75,1.3580438826396032e+16
