t(s),Total solute volume 1,Total retention volume 1,Total 1 volume 1,Total 2 volume 1,Total 3 volume 1,Total 4 volume 1,Total 5 volume 1,Total 6 volume 1
0,2.3160815502785014e+18,2.9988627930521723e+19,4.460907519859345e+18,2.284893514595476e+19,1292937026069977.5,9665727198974338.0,7.45986411926889e+16,2.771464090112135e+17
