t(s),Total solute volume 1,Total retention volume 1,Total 1 volume 1,Total 2 volume 1,Total 3 volume 1,Total 4 volume 1,Total 5 volume 1,Total 6 volume 1
0,1.355755053821572e+18,2.4124509177419014e+19,4.460907519859345e+18,1.337749223333267e+19,1.2646179985630562e+16,1.5045347087192947e+17,1.3048654028910638e+18,3.462389316656795e+18
