t(s),Total solute volume 1,Total retention volume 1,Total 1 volume 1,Total 2 volume 1,Total 3 volume 1,Total 4 volume 1,Total 5 volume 1,Total 6 volume 1
0,9.340096063528438e+16,1.0664705468083621e+17,3458157710870755.0,6076746478966877.0,4118637449072.3877,9670515156715.05,51302359396666.3,3646098343711609.5
