t(s),Total solute volume 1,Total retention volume 1,Total 1 volume 1,Total 2 volume 1,Total 3 volume 1,Total 4 volume 1,Total 5 volume 1,Total 6 volume 1
0,1.0056372927748115e+17,1.1630212981989142e+17,4077840541915392.0,7344347682422831.0,4201074887119.7676,10148397527415.182,55916569589183.66,4245946276066886.5
