t(s),Total solute volume 1,Total retention volume 1,Total 1 volume 1,Total 2 volume 1,Total 3 volume 1,Total 4 volume 1,Total 5 volume 1,Total 6 volume 1
0,5.88665732355986e+16,9.91608881148951e+16,4077840541915392.0,4299130609532137.0,40939106633877.586,152516812426847.2,676313791227971.5,3.104757401756003e+16
