t(s),Total solute volume 1,Total retention volume 1,Total 1 volume 1,Total 2 volume 1,Total 3 volume 1,Total 4 volume 1,Total 5 volume 1,Total 6 volume 1
0,2.3091608011640064e+17,3.485905494842251e+17,2.6047523684028044e+16,6.18908749437171e+16,6720530059588.381,22349807055375.7,188538833860657.38,2.951846156910405e+16
