t(s),Total solute volume 1,Total retention volume 1,Total 1 volume 1,Total 2 volume 1,Total 3 volume 1,Total 4 volume 1,Total 5 volume 1,Total 6 volume 1
0,7.180129369195402e+16,9.635488643655216e+16,6351323389472384.0,7154332371437873.0,9977668723863.127,40136600500517.234,197021926810666.78,1.0800800787652908e+16
