t(s),Total solute volume 1,Total retention volume 1,Total 1 volume 1,Total 2 volume 1,Total 3 volume 1,Total 4 volume 1,Total 5 volume 1,Total 6 volume 1
0,1.6062657215105326e+18,1.3401669595751152e+19,1.9718743661304888e+18,8.94244010427008e+18,1210586085248250.0,8295239337732587.0,1.1393297508709413e+17,7.576506033300532e+17
