t(s),Total solute volume 1,Total retention volume 1,Total 1 volume 1,Total 2 volume 1,Total 3 volume 1,Total 4 volume 1,Total 5 volume 1,Total 6 volume 1
0,6.357639040862142e+16,9.809081431458026e+16,4841705944743442.0,5237103708245424.0,27361903731918.01,105018437980792.25,484382288875892.06,2.3818851622381144e+16
