t(s),Total solute volume 1,Total retention volume 1,Total 1 volume 1,Total 2 volume 1,Total 3 volume 1,Total 4 volume 1,Total 5 volume 1,Total 6 volume 1
0,6.357639040862142e+16,4.948440420041082e+18,4841705944743442.0,5237103708245424.0,5296667437576565.0,1.950652791152827e+16,9.21459371691042e+16,4.757836087461256e+18
