t(s),Total solute volume 1,Total retention volume 1,Total 1 volume 1,Total 2 volume 1,Total 3 volume 1,Total 4 volume 1,Total 5 volume 1,Total 6 volume 1
0,6.639539189064714e+18,9.395059619986013e+20,1.542273968290348e+20,7.742999917924197e+20,4.558318062580551e+17,1.3151131563166592e+18,9.622364439283392e+17,1.605852781579363e+18
