t(s),Total solute volume 1,Total retention volume 1,Total 1 volume 1,Total 2 volume 1,Total 3 volume 1,Total 4 volume 1,Total 5 volume 1,Total 6 volume 1
0,1.1342546114652189e+19,1.4744093313137136e+21,1.542273968290348e+20,1.3085723532580852e+21,3.8901696541824824e+16,5.312800743813979e+16,4.653435867557541e+16,1.2847104928591664e+17
