t(s),Total solute volume 1,Total retention volume 1,Total 1 volume 1,Total 2 volume 1,Total 3 volume 1,Total 4 volume 1,Total 5 volume 1,Total 6 volume 1
0,5.467373305480017e+16,7.579826769552704e+16,3458157710870755.0,3557120067332162.0,20620046467169.39,74678144126737.42,318808289274728.94,1.3695150382655568e+16
