t(s),Total solute volume 1,Total retention volume 1,Total 1 volume 1,Total 2 volume 1,Total 3 volume 1,Total 4 volume 1,Total 5 volume 1,Total 6 volume 1
0,9.340096063528438e+16,1.0484170152725131e+17,3458157710870755.0,6076746478966877.0,2115073356412.5117,4966133807799.583,26345553969610.42,1872409940995351.8
