t(s),Total solute volume 1,Total retention volume 1,Total 1 volume 1,Total 2 volume 1,Total 3 volume 1,Total 4 volume 1,Total 5 volume 1,Total 6 volume 1
0,8.175062817381762e+16,1.150703471006266e+17,8483748054658170.0,9978813516605722.0,10665412038979.258,45099491579720.45,236612983237849.06,1.4564779468687748e+16
