t(s),Total solute volume 1,Total retention volume 1,Total 1 volume 1,Total 2 volume 1,Total 3 volume 1,Total 4 volume 1,Total 5 volume 1,Total 6 volume 1
0,1.3965732313027035e+17,1.672007400386822e+17,8483748054658170.0,1.7047137375161364e+16,1093328038101.718,2996649174323.9565,19539089938841.297,1988902411438812.5
