t(s),Total solute volume 1,Total retention volume 1,Total 1 volume 1,Total 2 volume 1,Total 3 volume 1,Total 4 volume 1,Total 5 volume 1,Total 6 volume 1
0,5.467373305480017e+16,7.357159262104642e+16,3458157710870755.0,3557120067332162.0,17366352120164.37,62897028290365.414,268507192246505.7,1.1533811215386552e+16
