t(s),Total solute volume 1,Total retention volume 1,Total 1 volume 1,Total 2 volume 1,Total 3 volume 1,Total 4 volume 1,Total 5 volume 1,Total 6 volume 1
0,9.340096063528438e+16,1.0454079265358506e+17,3458157710870754.5,6076746478966877.0,1781128071965.7341,4182034589163.707,22185883931994.2,1576778781870446.8
