t(s),Total solute volume 1,Total retention volume 1,Total 1 volume 1,Total 2 volume 1,Total 3 volume 1,Total 4 volume 1,Total 5 volume 1,Total 6 volume 1
0,6.639539189064714e+18,9.478498260832315e+20,1.542273968290348e+20,7.742999917924197e+20,1.3323881217254781e+18,3.8440099843009444e+18,2.812586914310149e+18,4.693913252369804e+18
