t(s),Total solute volume 1,Total retention volume 1,Total 1 volume 1,Total 2 volume 1,Total 3 volume 1,Total 4 volume 1,Total 5 volume 1,Total 6 volume 1
0,1.1342546114652189e+19,1.4749228477040445e+21,1.542273968290348e+20,1.308572353258078e+21,1.1371241731733973e+17,1.5529698174465667e+17,1.360232540809209e+17,3.75518849142119e+17
