t(s),Total solute volume 1,Total retention volume 1,Total 1 volume 1,Total 2 volume 1,Total 3 volume 1,Total 4 volume 1,Total 5 volume 1,Total 6 volume 1
0,7.831248687372006e+17,4.4099942154790415e+18,3.971127163555371e+17,1.417606166617462e+18,385088451299735.75,2044261038768872.8,3.09706661772072e+16,1.7787504481015557e+18
