t(s),Total solute volume 1,Total retention volume 1,Total 1 volume 1,Total 2 volume 1,Total 3 volume 1,Total 4 volume 1,Total 5 volume 1,Total 6 volume 1
0,4.584145573095851e+17,2.2661048015159087e+19,3.971127163555371e+17,8.29827887724081e+17,3756428384124134.5,3.0790018782556884e+16,3.817086686912496e+17,2.0559437737911943e+19
