t(s),Total solute volume 1,Total retention volume 1,Total 1 volume 1,Total 2 volume 1,Total 3 volume 1,Total 4 volume 1,Total 5 volume 1,Total 6 volume 1
0,8.553063609334184e+16,1.7731241572561046e+17,9383807851828776.0,1.1205049428947024e+16,47175675265236.1,202960436308443.75,1089864121555097.1,6.985292211836321e+16
