t(s),Total solute volume 1,Total retention volume 1,Total 1 volume 1,Total 2 volume 1,Total 3 volume 1,Total 4 volume 1,Total 5 volume 1,Total 6 volume 1
0,2.0426316755341617e+18,6.115955333249058e+19,1.1130180818752053e+19,3.824669850510911e+19,6.958136879122622e+16,8.567985770766104e+17,3.0698527668902415e+18,5.743809620336686e+18
