t(s),Total solute volume 1,Total retention volume 1,Total 1 volume 1,Total 2 volume 1,Total 3 volume 1,Total 4 volume 1,Total 5 volume 1,Total 6 volume 1
0,1.194648755498281e+18,1.704447806571541e+19,3.364073161464839e+18,9.67235389752105e+18,5302897219748354.0,6.103784684121713e+16,6.433820766419108e+17,2.1036794305282404e+18
