t(s),Total solute volume 1,Total retention volume 1,Total 1 volume 1,Total 2 volume 1,Total 3 volume 1,Total 4 volume 1,Total 5 volume 1,Total 6 volume 1
0,2.0408582906428972e+18,2.2138322898094453e+19,3.364073161464839e+18,1.6521366587680283e+19,542591713389698.44,3964847444249683.0,3.905639744810036e+16,1.6846102170076304e+17
