t(s),Total solute volume 1,Total retention volume 1,Total 1 volume 1,Total 2 volume 1,Total 3 volume 1,Total 4 volume 1,Total 5 volume 1,Total 6 volume 1
0,8.591862577826981e+17,3.44197648078646e+18,4.883330109832728e+17,1.7979335094057503e+18,78934271694318.3,433903466342830.2,6776081919296874.0,2.8923478295741805e+17
