t(s),Total solute volume 1,Total retention volume 1,Total 1 volume 1,Total 2 volume 1,Total 3 volume 1,Total 4 volume 1,Total 5 volume 1,Total 6 volume 1
0,5.0293829723865024e+17,5.563389370082801e+18,4.883330109832728e+17,1.0524643962722104e+18,770167958182127.4,6539465673608467.0,8.414259070907491e+16,3.4282014412478106e+18
