t(s),Total solute volume 1,Total retention volume 1,Total 1 volume 1,Total 2 volume 1,Total 3 volume 1,Total 4 volume 1,Total 5 volume 1,Total 6 volume 1
0,3.8340070142403466e+18,2.5422321868537378e+20,4.533611706929847e+19,1.916287548066981e+20,4.395828166182231e+17,3.3609731094158444e+18,3.584464060625883e+18,6.039319808476457e+18
