t(s),Total solute volume 1,Total retention volume 1,Total 1 volume 1,Total 2 volume 1,Total 3 volume 1,Total 4 volume 1,Total 5 volume 1,Total 6 volume 1
0,6.549761982660554e+18,3.7923080219057875e+20,4.533611706929847e+19,3.264895769282699e+20,4.28506424806291e+16,1.5528752760209677e+17,1.7403912037850515e+17,4.831689198896495e+17
