t(s),Total solute volume 1,Total retention volume 1,Total 1 volume 1,Total 2 volume 1,Total 3 volume 1,Total 4 volume 1,Total 5 volume 1,Total 6 volume 1
0,2.3160815502785014e+18,2.9867726878895874e+19,4.460907519859345e+18,2.284893514595476e+19,861958681461847.0,6443822336492563.0,4.973246218512857e+16,1.847644196000459e+17
