t(s),Total solute volume 1,Total retention volume 1,Total 1 volume 1,Total 2 volume 1,Total 3 volume 1,Total 4 volume 1,Total 5 volume 1,Total 6 volume 1
0,1.355755053821572e+18,2.2481092686086406e+19,4.460907519859345e+18,1.337749223333267e+19,8430889213154901.0,1.003039439116186e+17,8.699223320313028e+17,2.3082807139167493e+18
