t(s),Total solute volume 1,Total retention volume 1,Total 1 volume 1,Total 2 volume 1,Total 3 volume 1,Total 4 volume 1,Total 5 volume 1,Total 6 volume 1
0,1.1562292854379274e+18,7.381844420253541e+18,9.470815640223638e+17,3.849586369903471e+18,826777036581909.9,5069929620407915.0,8.222806045650746e+16,1.3408224337763128e+18
