t(s),Total solute volume 1,Total retention volume 1,Total 1 volume 1,Total 2 volume 1,Total 3 volume 1,Total 4 volume 1,Total 5 volume 1,Total 6 volume 1
0,6.768171426953814e+17,2.1555223333627253e+19,9.470815640223639e+17,2.2534875290841032e+18,8067452650917406.0,7.656519819352557e+16,1.069169319777248e+18,1.6524035127203723e+19
