t(s),Total solute volume 1,Total retention volume 1,Total 1 volume 1,Total 2 volume 1,Total 3 volume 1,Total 4 volume 1,Total 5 volume 1,Total 6 volume 1
0,4.751131107528108e+17,1.5237891054492024e+18,1.3024520054842829e+17,3.9361074833054605e+17,54685596145282.57,239942957333859.8,2913808998890138.5,5.21611608265052e+17
