t(s),Total solute volume 1,Total retention volume 1,Total 1 volume 1,Total 2 volume 1,Total 3 volume 1,Total 4 volume 1,Total 5 volume 1,Total 6 volume 1
0,2.781149916601816e+17,5.296692973585399e+18,1.3024520054842829e+17,2.3040703518610144e+17,533449098445298.4,3611585840192256.0,3.5377624012656704e+16,4.618403087239389e+18
