t(s),Total solute volume 1,Total retention volume 1,Total 1 volume 1,Total 2 volume 1,Total 3 volume 1,Total 4 volume 1,Total 5 volume 1,Total 6 volume 1
0,1.0575407049402066e+18,1.9344745278957863e+19,2.563088576888768e+18,7.076244436375885e+18,1.21263452254297e+16,1.3452578080540493e+17,1.6275592831368284e+18,6.873660151585317e+18
