t(s),Total solute volume 1,Total retention volume 1,Total 1 volume 1,Total 2 volume 1,Total 3 volume 1,Total 4 volume 1,Total 5 volume 1,Total 6 volume 1
0,1.806632037606207e+18,1.7123158240404748e+19,2.563088576888768e+18,1.2087386361672243e+19,1241490042842667.0,8803043529395883.0,1.0513143699026638e+17,5.508752936750628e+17
