t(s),Total solute volume 1,Total retention volume 1,Total 1 volume 1,Total 2 volume 1,Total 3 volume 1,Total 4 volume 1,Total 5 volume 1,Total 6 volume 1
0,6.768171426953814e+17,1.8281924292615936e+19,9.470815640223639e+17,2.2534875290841032e+18,6573699055528812.0,6.238923581952977e+16,8.712081055340439e+17,1.346436701640502e+19
