t(s),Total solute volume 1,Total retention volume 1,Total 1 volume 1,Total 2 volume 1,Total 3 volume 1,Total 4 volume 1,Total 5 volume 1,Total 6 volume 1
0,4.0983010737537254e+17,1.4215567462193162e+18,9.36616297076456e+16,2.6944503277455203e+17,69555306527595.16,288364472753993.25,3254752291737669.0,6.45007304290731e+17
