t(s),Total solute volume 1,Total retention volume 1,Total 1 volume 1,Total 2 volume 1,Total 3 volume 1,Total 4 volume 1,Total 5 volume 1,Total 6 volume 1
0,2.399005506587524e+17,5.832758831736777e+18,9.36616297076456e+16,1.5772427002204848e+17,678394258417648.0,4339229888708134.5,3.946460988386962e+16,5.29699014731733e+18
