t(s),Total solute volume 1,Total retention volume 1,Total 1 volume 1,Total 2 volume 1,Total 3 volume 1,Total 4 volume 1,Total 5 volume 1,Total 6 volume 1
0,2.5802946377090512e+17,6.081179084081049e+18,1.1018915844204802e+17,1.9011722470774906e+17,659444004328108.0,4337810188502634.0,4.0926204588562904e+16,5.476919778378955e+18
