t(s),Total solute volume 1,Total retention volume 1,Total 1 volume 1,Total 2 volume 1,Total 3 volume 1,Total 4 volume 1,Total 5 volume 1,Total 6 volume 1
0,4.408003339419685e+17,1.5239644930941573e+18,1.1018915844204802e+17,3.247827274525352e+17,67607691102748.49,288235582697605.6,3373386179103692.0,6.44463043804706e+17
