t(s),Total solute volume 1,Total retention volume 1,Total 1 volume 1,Total 2 volume 1,Total 3 volume 1,Total 4 volume 1,Total 5 volume 1,Total 6 volume 1
0,5.67102642256257e+16,9.786913346228918e+16,3752113566455123.5,3906825519925697.5,45891437616899.68,168512727874198.62,733125904828965.0,3.2552400079963108e+16
