t(s),Total solute volume 1,Total retention volume 1,Total 1 volume 1,Total 2 volume 1,Total 3 volume 1,Total 4 volume 1,Total 5 volume 1,Total 6 volume 1
0,9.688003471877627e+16,1.1183569175144421e+17,3752113566455123.5,6674159898032270.0,4710630953334.912,11217188929344.629,60633981788238.336,4452821766508837.0
