t(s),Total solute volume 1,Total retention volume 1,Total 1 volume 1,Total 2 volume 1,Total 3 volume 1,Total 4 volume 1,Total 5 volume 1,Total 6 volume 1
0,1.0536084069480294e+20,6.471819402582975e+22,1.961934451448198e+22,4.49934784566537e+22,2999761317582580.5,1753415116466290.0,1452879401947464.0,4007943746142579.0
