t(s),Total solute volume 1,Total retention volume 1,Total 1 volume 1,Total 2 volume 1,Total 3 volume 1,Total 4 volume 1,Total 5 volume 1,Total 6 volume 1
0,6.1674638455494386e+19,6.141118066597722e+22,1.961934451448198e+22,4.172998634441791e+22,4.99231014653267e+16,4.508668883507545e+16,3.0059553560893092e+16,5.0099278637259064e+16
