t(s),Total solute volume 1,Total retention volume 1,Total 1 volume 1,Total 2 volume 1,Total 3 volume 1,Total 4 volume 1,Total 5 volume 1,Total 6 volume 1
0,3.563921568279588e+17,1.313051316661234e+18,6.858169948084933e+16,1.8831811750643e+17,84121356188868.77,330536955400583.1,3477754485781937.5,6.958669300486259e+17
