t(s),Total solute volume 1,Total retention volume 1,Total 1 volume 1,Total 2 volume 1,Total 3 volume 1,Total 4 volume 1,Total 5 volume 1,Total 6 volume 1
0,2.0861979911880643e+17,5.876068383169138e+18,6.858169948084933e+16,1.1023516579767e+17,820252647632083.0,4971927159960378.0,4.2129812678504776e+16,5.440709726285732e+18
