t(s),Total solute volume 1,Total retention volume 1,Total 1 volume 1,Total 2 volume 1,Total 3 volume 1,Total 4 volume 1,Total 5 volume 1,Total 6 volume 1
0,8.957740053321614e+16,1.2330625091485022e+17,1.040317029189783e+16,1.2615155834536546e+16,6540860455131.614,28649021658475.89,157517347590050.22,1.0517817025495334e+16
