t(s),Total solute volume 1,Total retention volume 1,Total 1 volume 1,Total 2 volume 1,Total 3 volume 1,Total 4 volume 1,Total 5 volume 1,Total 6 volume 1
0,8.957740053321614e+16,3.9274128456296044e+18,1.0403170291897832e+16,1.2615155834536546e+16,2318538995064037.0,1.0087281728573902e+16,5.5678899124820184e+16,3.746732399121542e+18
