t(s),Total solute volume 1,Total retention volume 1,Total 1 volume 1,Total 2 volume 1,Total 3 volume 1,Total 4 volume 1,Total 5 volume 1,Total 6 volume 1
0,1.5302805924424387e+17,1.8643320370650813e+17,1.0403170291897824e+16,2.15508874098567e+16,670473240775.016,1903433533093.207,13006469696453.127,1435506384040339.2
