t(s),Total solute volume 1,Total retention volume 1,Total 1 volume 1,Total 2 volume 1,Total 3 volume 1,Total 4 volume 1,Total 5 volume 1,Total 6 volume 1
0,1.0357694112375635e+17,1.5540565407018643e+17,1.4382961689890436e+16,1.830613831100575e+16,9045842548556.785,41896627225709.87,248155430431726.44,1.8840515045326584e+16
