t(s),Total solute volume 1,Total retention volume 1,Total 1 volume 1,Total 2 volume 1,Total 3 volume 1,Total 4 volume 1,Total 5 volume 1,Total 6 volume 1
0,2.0426316755341617e+18,5.726366761297056e+19,1.1130180818752053e+19,3.82466985051091e+19,4.174983114353613e+16,5.140957586149785e+17,1.84196245172914e+18,3.446348572087049e+18
