t(s),Total solute volume 1,Total retention volume 1,Total 1 volume 1,Total 2 volume 1,Total 3 volume 1,Total 4 volume 1,Total 5 volume 1,Total 6 volume 1
0,3.489495779037574e+18,8.032661509037259e+19,1.1130180818752053e+19,6.53031309438877e+19,4243099892791251.5,3.0567500731195624e+16,9.326102809789712e+16,2.7573591997303498e+17
