t(s),Total solute volume 1,Total retention volume 1,Total 1 volume 1,Total 2 volume 1,Total 3 volume 1,Total 4 volume 1,Total 5 volume 1,Total 6 volume 1
0,1.1477277462414928e+17,1.7108667334594285e+17,1.8083672627208548e+16,2.3817359628092044e+16,5688010502637.521,27405488467039.066,171089406192149.2,1.420868356133104e+16
