t(s),Total solute volume 1,Total retention volume 1,Total 1 volume 1,Total 2 volume 1,Total 3 volume 1,Total 4 volume 1,Total 5 volume 1,Total 6 volume 1
0,1.9607015664959024e+17,2.5679159609830922e+17,1.8083672627208548e+16,4.068797579280357e+16,583033005334.8873,1820726744905.232,14125855879603.266,1933261413075946.5
