t(s),Total solute volume 1,Total retention volume 1,Total 1 volume 1,Total 2 volume 1,Total 3 volume 1,Total 4 volume 1,Total 5 volume 1,Total 6 volume 1
0,6.8888290702006904e+16,1.11057967302056e+17,5790815030907821.0,6433524569071775.0,29097255846310.07,115183435469324.6,553571319074363.2,2.9247484989678868e+16
