t(s),Total solute volume 1,Total retention volume 1,Total 1 volume 1,Total 2 volume 1,Total 3 volume 1,Total 4 volume 1,Total 5 volume 1,Total 6 volume 1
0,7.523525865105635e+17,2.827262981528506e+19,1.1991975012111887e+18,2.955764414391274e+18,1.3998338428490044e+16,1.3810191592939664e+17,1.9388359718490289e+18,2.1274379086965105e+19
