t(s),Total solute volume 1,Total retention volume 1,Total 1 volume 1,Total 2 volume 1,Total 3 volume 1,Total 4 volume 1,Total 5 volume 1,Total 6 volume 1
0,1.2852690019555497e+18,9.406056110133613e+18,1.1991975012111887e+18,5.049221861376426e+18,1434482267332640.5,9131820959847808.0,1.448633602950304e+17,1.7169380820682012e+18
