t(s),Total solute volume 1,Total retention volume 1,Total 1 volume 1,Total 2 volume 1,Total 3 volume 1,Total 4 volume 1,Total 5 volume 1,Total 6 volume 1
0,5.0293829723865024e+17,2.3158330443133633e+19,4.883330109832728e+17,1.0524643962722104e+18,4620055249269072.0,3.92259903600326e+16,5.0473691681682e+17,2.0566011776213385e+19
