t(s),Total solute volume 1,Total retention volume 1,Total 1 volume 1,Total 2 volume 1,Total 3 volume 1,Total 4 volume 1,Total 5 volume 1,Total 6 volume 1
0,2.0104438942510703e+19,1.2466537980715468e+22,1.8076337742290042e+21,1.0636512866415753e+22,6.117937037629284e+17,6.020907883298666e+17,4.023758756408646e+17,6.706407604159346e+17
