t(s),Total solute volume 1,Total retention volume 1,Total 1 volume 1,Total 2 volume 1,Total 3 volume 1,Total 4 volume 1,Total 5 volume 1,Total 6 volume 1
0,3.434508319345575e+19,1.7656989803477285e+22,1.8076337742290045e+21,1.581487631351659e+22,3.809381145073905e+16,2.3438739115736784e+16,1.9448465970077304e+16,5.365152166158169e+16
