t(s),Total solute volume 1,Total retention volume 1,Total 1 volume 1,Total 2 volume 1,Total 3 volume 1,Total 4 volume 1,Total 5 volume 1,Total 6 volume 1
0,1.0536084069480294e+20,6.471830127278585e+22,1.961934451448198e+22,4.49934784566537e+22,3.4497243054186588e+16,2.016426785139041e+16,1.6708107812268456e+16,4.609133635925482e+16
