t(s),Total solute volume 1,Total retention volume 1,Total 1 volume 1,Total 2 volume 1,Total 3 volume 1,Total 4 volume 1,Total 5 volume 1,Total 6 volume 1
0,6.1674638455494386e+19,6.141301992491192e+22,1.961934451448198e+22,4.172998634441791e+22,5.741124878250802e+17,5.184930860666585e+17,3.456826838256231e+17,5.7613929898154726e+17
