t(s),Total solute volume 1,Total retention volume 1,Total 1 volume 1,Total 2 volume 1,Total 3 volume 1,Total 4 volume 1,Total 5 volume 1,Total 6 volume 1
0,8.591862577826981e+17,3.501281029646287e+18,4.883330109832728e+17,1.7979335094057503e+18,94721076559586.77,520683929324729.1,8131294454273767.0,3.4708155201440403e+17
