t(s),Total solute volume 1,Total retention volume 1,Total 1 volume 1,Total 2 volume 1,Total 3 volume 1,Total 4 volume 1,Total 5 volume 1,Total 6 volume 1
0,5.0293829723865024e+17,6.267293481219567e+18,4.883330109832728e+17,1.0524643962722106e+18,924193928311839.5,7847272356025159.0,1.0097015961726725e+17,4.1138161508238403e+18
