t(s),Total solute volume 1,Total retention volume 1,Total 1 volume 1,Total 2 volume 1,Total 3 volume 1,Total 4 volume 1,Total 5 volume 1,Total 6 volume 1
0,8.553063609334184e+16,2.6623208867431194e+17,9383807851828774.0,1.1205049428947024e+16,106083100236356.86,456303790887835.75,2450557194491416.0,1.5709965121457654e+17
