t(s),Total solute volume 1,Total retention volume 1,Total 1 volume 1,Total 2 volume 1,Total 3 volume 1,Total 4 volume 1,Total 5 volume 1,Total 6 volume 1
0,1.4611483665945994e+17,1.9634645174797706e+17,9383807851828782.0,1.9141956437258628e+16,10884257683974.533,30355540712735.543,202566464405558.84,2.1462044536628616e+16
