t(s),Total solute volume 1,Total retention volume 1,Total 1 volume 1,Total 2 volume 1,Total 3 volume 1,Total 4 volume 1,Total 5 volume 1,Total 6 volume 1
0,4.408003339419685e+17,1.592194011243373e+18,1.1018915844204802e+17,3.247827274525352e+17,74724164299255.8,318575715956647.56,3728473769567010.0,7.123000177570031e+17
