t(s),Total solute volume 1,Total retention volume 1,Total 1 volume 1,Total 2 volume 1,Total 3 volume 1,Total 4 volume 1,Total 5 volume 1,Total 6 volume 1
0,2.5802946377090512e+17,6.662408079318644e+18,1.1018915844204802e+17,1.901172247077491e+17,728839782955419.5,4794251498683878.0,4.523285505621855e+16,6.053316286060075e+18
