t(s),Total solute volume 1,Total retention volume 1,Total 1 volume 1,Total 2 volume 1,Total 3 volume 1,Total 4 volume 1,Total 5 volume 1,Total 6 volume 1
0,6.030890236958341e+17,2.5636969666477384e+18,2.2173507663096877e+17,7.255463282409612e+17,128961713508135.44,619911679762144.4,8430298620045747.0,1.0041473660666575e+18
