t(s),Total solute volume 1,Total retention volume 1,Total 1 volume 1,Total 2 volume 1,Total 3 volume 1,Total 4 volume 1,Total 5 volume 1,Total 6 volume 1
0,3.5302772118780864e+17,1.1408461548225194e+19,2.2173507663096877e+17,4.247125719959892e+17,1257999421768402.8,9332559225378298.0,1.0276008636664747e+17,1.0295635533396627e+19
