t(s),Total solute volume 1,Total retention volume 1,Total 1 volume 1,Total 2 volume 1,Total 3 volume 1,Total 4 volume 1,Total 5 volume 1,Total 6 volume 1
0,2.5932953168279194e+17,4.929986534954649e+17,3.3743667340789536e+16,8.333962927494267e+16,21770354146510.59,75703074555264.61,677632861173648.1,1.1581071890706195e+17
