t(s),Total solute volume 1,Total retention volume 1,Total 1 volume 1,Total 2 volume 1,Total 3 volume 1,Total 4 volume 1,Total 5 volume 1,Total 6 volume 1
0,1.5180265269236467e+17,1.1050498587379066e+18,3.3743667340789536e+16,4.87842065642926e+16,212317238970478.97,1138962515755320.2,8205522670369283.0,8.611625297153702e+17
