t(s),Total solute volume 1,Total retention volume 1,Total 1 volume 1,Total 2 volume 1,Total 3 volume 1,Total 4 volume 1,Total 5 volume 1,Total 6 volume 1
0,4.584145573095851e+17,2.895210848369648e+19,3.971127163555371e+17,8.29827887724081e+17,4882969707023576.0,4.0022785083548104e+16,4.9617641876386355e+17,2.6725671148752843e+19
