t(s),Total solute volume 1,Total retention volume 1,Total 1 volume 1,Total 2 volume 1,Total 3 volume 1,Total 4 volume 1,Total 5 volume 1,Total 6 volume 1
0,7.831248687372006e+17,4.953627141469625e+18,3.971127163555371e+17,1.417606166617462e+18,500612472000732.75,2657528046476584.5,4.026168274692929e+16,2.312363566494006e+18
