t(s),Total solute volume 1,Total retention volume 1,Total 1 volume 1,Total 2 volume 1,Total 3 volume 1,Total 4 volume 1,Total 5 volume 1,Total 6 volume 1
0,1.1342546114652189e+19,1.4747585219159342e+21,1.542273968290348e+20,1.308572353258081e+21,8.977302018408174e+16,1.2260294872248168e+17,1.0738684373845995e+17,2.964629015295716e+17
