t(s),Total solute volume 1,Total retention volume 1,Total 1 volume 1,Total 2 volume 1,Total 3 volume 1,Total 4 volume 1,Total 5 volume 1,Total 6 volume 1
0,6.639539189064714e+18,9.451798517640848e+20,1.542273968290348e+20,7.742999917924197e+20,1.0518963009819017e+18,3.034786896045465e+18,2.2204896844864463e+18,3.7057510720534917e+18
