t(s),Total solute volume 1,Total retention volume 1,Total 1 volume 1,Total 2 volume 1,Total 3 volume 1,Total 4 volume 1,Total 5 volume 1,Total 6 volume 1
0,1.827745988668061e+17,1.468180359469742e+18,5.1059153534519e+16,7.853065002362187e+16,208937465005411.44,1203837912182289.0,9535593675771394.0,1.1448675879918394e+18
