t(s),Total solute volume 1,Total retention volume 1,Total 1 volume 1,Total 2 volume 1,Total 3 volume 1,Total 4 volume 1,Total 5 volume 1,Total 6 volume 1
0,3.122399397307938e+17,6.49019574577554e+17,5.1059153534519e+16,1.3415637957682182e+17,21420378129211.63,79996281519822.64,787115676969024.9,1.5067556939880013e+17
