t(s),Total solute volume 1,Total retention volume 1,Total 1 volume 1,Total 2 volume 1,Total 3 volume 1,Total 4 volume 1,Total 5 volume 1,Total 6 volume 1
0,3.8340070142403466e+18,2.5503675678847743e+20,4.533611706929847e+19,1.916287548066981e+20,4.6622240317740883e+17,3.5646501021014385e+18,3.801687607683562e+18,6.405317785277315e+18
