t(s),Total solute volume 1,Total retention volume 1,Total 1 volume 1,Total 2 volume 1,Total 3 volume 1,Total 4 volume 1,Total 5 volume 1,Total 6 volume 1
0,6.549761982660554e+18,3.7928264072414495e+20,4.533611706929847e+19,3.264895769282699e+20,4.544764002541854e+16,1.646988588773035e+17,1.845869049076976e+17,5.1245134010666963e+17
