t(s),Total solute volume 1,Total retention volume 1,Total 1 volume 1,Total 2 volume 1,Total 3 volume 1,Total 4 volume 1,Total 5 volume 1,Total 6 volume 1
0,8.113418985332498e+18,1.5318949751720533e+21,2.4107704894684447e+20,1.281474549652156e+21,1.785852338188852e+17,3.666470091498301e+17,2.5667396675151914e+17,4.2805137800456186e+17
