t(s),Total solute volume 1,Total retention volume 1,Total 1 volume 1,Total 2 volume 1,Total 3 volume 1,Total 4 volume 1,Total 5 volume 1,Total 6 volume 1
0,1.3860424099942965e+19,2.4056020834148963e+21,2.4107704894684447e+20,2.1505892778574658e+21,1.4129505713181226e+16,1.4549824547407484e+16,1.2409105442773752e+16,3.4244074921671052e+16
