t(s),Total solute volume 1,Total retention volume 1,Total 1 volume 1,Total 2 volume 1
0,7.831248687372006e+17,2.5978437517102075e+18,3.971127163555371e+17,1.417606166617462e+18
