t(s),Total solute volume 1,Total retention volume 1,Total 1 volume 1,Total 2 volume 1,Total 3 volume 1,Total 4 volume 1,Total 5 volume 1,Total 6 volume 1
0,5.0293829723865024e+17,1.8936050251143455e+19,4.883330109832728e+17,1.0524643962722106e+18,3696227050731087.0,3.1382866160793068e+16,4.03812305853842e+17,1.6453423147583992e+19
