t(s),Total solute volume 1,Total retention volume 1,Total 1 volume 1,Total 2 volume 1,Total 3 volume 1,Total 4 volume 1,Total 5 volume 1,Total 6 volume 1
0,1.0056372927748115e+17,1.1346969351753642e+17,4077840541915392.0,7344347682422831.0,1444193062618.1099,3488662140242.571,19222208219866.688,1459620952294693.8
