t(s),Total solute volume 1,Total retention volume 1,Total 1 volume 1,Total 2 volume 1,Total 3 volume 1,Total 4 volume 1,Total 5 volume 1,Total 6 volume 1
0,5.88665732355986e+16,7.822188288963723e+16,4077840541915391.5,4299130609532136.5,14084133463786.547,52483963560945.31,232695956738822.53,1.0679074448826704e+16
