t(s),Total solute volume 1,Total retention volume 1,Total 1 volume 1,Total 2 volume 1,Total 3 volume 1,Total 4 volume 1,Total 5 volume 1,Total 6 volume 1
0,6.8888290702006904e+16,1.2789122066551221e+17,5790815030907821.0,6433524569071775.0,45450468880635.49,179900136610052.9,864651729149082.6,4.568858802888615e+16
