t(s),Total solute volume 1,Total retention volume 1,Total 1 volume 1,Total 2 volume 1,Total 3 volume 1,Total 4 volume 1,Total 5 volume 1,Total 6 volume 1
0,2.781149916601816e+17,1.3554464313825068e+18,1.3024520054842829e+17,2.3040703518610144e+17,82080469663549.5,555731496133961.1,5443571566813600.0,7.105978204551855e+17
